{
"loader": "forge:separate_transforms",
  "gui_light": "front",
  "base":
{
  "credit": "Made with Blockbench",
  "parent": "builtin/entity",
  "texture_size": [
    128,
    128
  ],
  "display": {
    "thirdperson_righthand": {
      "translation": [
        0.25,
        -4.5,
        -2
      ],
      "scale": [
        0.25,
        0.25,
        0.25
      ]
    },
    "thirdperson_lefthand": {
      "translation": [
        0.25,
        -4.5,
        -2
      ],
      "scale": [
        0.25,
        0.25,
        0.25
      ]
    },
    "firstperson_righthand": {
      "rotation": [
        2,
        1,
        3.5
      ],
      "translation": [
        2.25,
        -24,
        -16
      ]
    },
    "firstperson_lefthand": {
      "rotation": [
        2,
        1,
        3.5
      ],
      "translation": [
        2.25,
        -24,
        -16
      ]
    },
    "ground": {
      "translation": [
        0,
        -10,
        3.5
      ],
      "scale": [
        0.3,
        0.3,
        0.3
      ]
    },
    "gui": {
      "rotation": [
        44,
        50,
        -40
      ],
      "translation": [
        -3.25,
        -6.25,
        0
      ],
      "scale": [
        0.37,
        0.37,
        0.37
      ]
    },
    "head": {
      "translation": [
        0,
        -5,
        -16
      ]
    },
    "fixed": {
      "rotation": [
        86.56,
        -58.03,
        90.95
      ],
      "translation": [
        7,
        -9.5,
        1
      ],
      "scale": [
        0.62,
        0.62,
        0.62
      ]
    }
  }
},
  "perspectives": {
    "gui": {
      "parent": "item/generated",
      "textures": {
        "layer0": "pointblank:item/cogrevolver.icon"
      }
    }
  }
}