{
    "random_m82barrett": {
        "sounds": [
            {
                "name": "pointblank:random_m82barrett",
                "stream": false
            }
        ]
    },
    "random_mg42": {
        "sounds": [
            {
                "name": "pointblank:random_mg42",
                "stream": false
            }
        ]
    },
    "random_daemon": {
        "sounds": [
            {
                "name": "pointblank:random_daemon",
                "stream": false
            }
        ]
    },
    "random_m4": {
        "sounds": [
            {
                "name": "pointblank:random_m4",
                "stream": false
            }
        ]
    },
    "m4_reload": {
        "sounds": [
            {
                "name": "pointblank:m4_reload",
                "stream": false
            }
        ]
    },
    "m4_reload2": {
        "sounds": [
            {
                "name": "pointblank:m4_reload2",
                "stream": false
            }
        ]
    },
    "m4_reload3": {
        "sounds": [
            {
                "name": "pointblank:m4_reload3",
                "stream": false
            }
        ]
    },
    "random_cx9": {
        "sounds": [
            {
                "name": "pointblank:random_cx9",
                "stream": false
            }
        ]
    },
    "akmag_insert": {
        "sounds": [
            {
                "name": "pointblank:akmag_insert",
                "stream": false
            }
        ]
    },
    "akmag_touchgun": {
        "sounds": [
            {
                "name": "pointblank:akmag_touchgun",
                "stream": false
            }
        ]
    },
    "akmag_unload": {
        "sounds": [
            {
                "name": "pointblank:akmag_unload",
                "stream": false
            }
        ]
    },
    "random_pp19": {
        "sounds": [
            {
                "name": "pointblank:random_pp19",
                "stream": false
            }
        ]
    },
    "random_minigun": {
        "sounds": [
            {
                "name": "pointblank:random_minigun",
                "stream": false
            }
        ]
    },
    "random_minigun_charge": {
        "sounds": [
            {
                "name": "pointblank:random_minigun_charge",
                "stream": false
            }
        ]
    },
    "random_minigun_winddown": {
        "sounds": [
            {
                "name": "pointblank:random_minigun_winddown",
                "stream": false
            }
        ]
    },
    "m4s": {
        "sounds": [
            {
                "name": "pointblank:m4s",
                "stream": false
            }
        ]
    }
}