{
	"format_version": "1.8.0",
	"animations": {
		"animation.model.reloadempty": {
			"loop": true,
			"animation_length": 2.93333,
			"blend_weight": "1",
			"bones": {
				"main": {
					"rotation": {
						"0.0": {
							"vector": [0, 0, 0]
						},
						"0.1333": {
							"vector": [-2.60145, -4.32711, -22.2389]
						},
						"0.2333": {
							"vector": [-5.69283, -7.98575, -34.92911]
						},
						"0.2667": {
							"vector": [-7.41978, -7.58155, -31.69688]
						},
						"0.3667": {
							"vector": [-6.96274, -8.73284, -34.85933]
						},
						"0.4333": {
							"vector": [-5.71859, -9.59009, -42.66152]
						},
						"0.5": {
							"vector": [-5.30608, -9.64525, -48.26265]
						},
						"0.6667": {
							"vector": [-6.91086, -6.20829, -32.89403]
						},
						"0.8333": {
							"vector": [-6.85834, -5.521, -33.48391]
						},
						"1.0": {
							"vector": [-6.35222, -6.12887, -36.51097]
						},
						"1.1667": {
							"vector": [-4.89841, -9.37099, -46.51627]
						},
						"1.2667": {
							"vector": [-5.855, -8.80824, -40.46666]
						},
						"1.3667": {
							"vector": [-5.30445, -9.14865, -43.9933]
						},
						"1.4333": {
							"vector": [-5.31661, -8.84234, -40.71748]
						},
						"1.5333": {
							"vector": [-4.60831, -9.51602, -48.28422]
						},
						"1.6333": {
							"vector": [-5.58244, -8.98263, -42.22915]
						},
						"1.7333": {
							"vector": [-4.33949, -8.96551, -44.19374]
						},
						"1.9333": {
							"vector": [-3.70314, -4.76101, -7.98705],
							"easing": "linear"
						},
						"2.0": {
							"vector": [-4.15245, -3.60542, -9.31732]
						},
						"2.1": {
							"vector": [-5.15065, -2.90209, -0.58155]
						},
						"2.2": {
							"vector": [-2.13199, -3.32116, -10.08563]
						},
						"2.3": {
							"vector": [-2.14824, -2.83752, -5.71736]
						},
						"2.4333": {
							"vector": [-1.18792, -1.32495, 1.89176]
						},
						"2.6333": {
							"vector": [0, 0, 0]
						}
					},
					"position": {
						"0.0": {
							"vector": [0, 0, 0]
						},
						"0.1": {
							"vector": [0, -0.455, -6.155]
						},
						"0.2": {
							"vector": [0, 0.325, -4.3]
						},
						"0.2667": {
							"vector": [-0.1, 0.63, -3.105]
						},
						"0.4": {
							"vector": [0.15, 0.33, -2.13]
						},
						"0.5": {
							"vector": [0.1, -0.07, -3.955]
						},
						"0.6333": {
							"vector": [-0.4, 0.33, -3.95]
						},
						"0.8": {
							"vector": [-0.75, -0.07, -3.95]
						},
						"0.9667": {
							"vector": [-0.505, -0.06, -3.95]
						},
						"1.1": {
							"vector": [0.295, 0.48, -3.95]
						},
						"1.2667": {
							"vector": [0.375, 0.76, -4.1]
						},
						"1.4333": {
							"vector": [0.105, 0.66, -4.4]
						},
						"1.5333": {
							"vector": [-0.295, 1.36, -4.4]
						},
						"1.6333": {
							"vector": [-0.045, 1.115, -4.4]
						},
						"1.8": {
							"vector": [-0.04, -0.63, -4.4]
						},
						"1.9667": {
							"vector": [0.06, -0.63, -2.3]
						},
						"2.1": {
							"vector": [0.06, -0.63, -0.12]
						},
						"2.1667": {
							"vector": [0.06, -0.63, -2.47]
						},
						"2.3": {
							"vector": [-0.085, -0.38, -0.755]
						},
						"2.4333": {
							"vector": [-0.12, -0.44, 0.325]
						},
						"2.5667": {
							"vector": [0, 0, 0]
						}
					}
				},
				"leftarm": {
					"rotation": {
						"0.0": {
							"vector": [0, 0, 0]
						},
						"0.1667": {
							"vector": [-12.45685, -3.60238, 1.23312]
						},
						"0.2333": {
							"vector": [-17.75617, -6.61265, -2.11816]
						},
						"0.3333": {
							"vector": [-4.45685, -3.60238, 1.23312]
						},
						"0.3667": {
							"vector": [-4.45685, -3.60238, 1.23312]
						},
						"0.4333": {
							"vector": [7.29315, -3.60238, 1.23312]
						},
						"0.5333": {
							"vector": [20.41549, -2.15413, 7.31451]
						},
						"0.9667": {
							"vector": [20.41549, -2.15413, 7.31451]
						},
						"1.1667": {
							"vector": [7.29315, -3.60238, 1.23312]
						},
						"1.2667": {
							"vector": [7.33193, -0.39428, 1.80831]
						},
						"1.3333": {
							"vector": [3.83822, -1.97567, 2.55755]
						},
						"1.4": {
							"vector": [4.28758, 3.36391, 10.81984]
						},
						"1.4667": {
							"vector": [-1.83601, -0.94957, 13.35162]
						},
						"1.6": {
							"vector": [-1.83601, -0.94957, 13.35162]
						},
						"1.7": {
							"vector": [-8.61397, -8.81213, 15.72849]
						},
						"1.8333": {
							"vector": [-15.39328, -15.86282, 0.32144]
						},
						"1.9": {
							"vector": [-21.31084, -23.78577, 0.51519]
						},
						"2.0": {
							"vector": [-30.82788, -17.81995, 12.42288]
						},
						"2.1": {
							"vector": [-30.82788, -17.81995, 12.42288]
						},
						"2.1667": {
							"vector": [-49.57789, -28.01662, 20.79104]
						},
						"2.2333": {
							"vector": [-54.57789, -28.01662, 20.79104]
						},
						"2.3667": {
							"vector": [-18.03894, -14.00831, 10.39552]
						},
						"2.5": {
							"vector": [0, 0, 0]
						}
					},
					"position": {
						"0.0": {
							"vector": [0, 0, 0]
						},
						"0.1667": {
							"vector": [1.65402, -8.31779, 15.68054]
						},
						"0.2333": {
							"vector": [2.60402, -9.66779, 13.95554]
						},
						"0.3333": {
							"vector": [-0.43115, -11.8873, 12.92795]
						},
						"0.3667": {
							"vector": [-0.43115, -11.8873, 12.92795]
						},
						"0.4333": {
							"vector": [-3.3285, -15.25461, 15.5594]
						},
						"0.5333": {
							"vector": [-5.45945, -27.53977, 18.81405]
						},
						"0.9667": {
							"vector": [-5.45945, -27.53977, 18.81405]
						},
						"1.1667": {
							"vector": [-1.05966, -15.01987, 15.15883]
						},
						"1.2667": {
							"vector": [-1.35962, -14.24728, 15.25029]
						},
						"1.3333": {
							"vector": [-1.24217, -15.6032, 14.27826]
						},
						"1.4": {
							"vector": [-2.69632, -13.25837, 15.46692]
						},
						"1.4667": {
							"vector": [-3.31895, -11.81941, 14.77021]
						},
						"1.6": {
							"vector": [-3.31895, -11.81941, 14.77021]
						},
						"1.7": {
							"vector": [2, -13.88, 15.145]
						},
						"1.8333": {
							"vector": [0.00145, -0.1789, 6.67267]
						},
						"1.9": {
							"vector": [0.72645, -2.1789, 6.67267]
						},
						"2.0": {
							"vector": [1.27, -3.335, 6.29]
						},
						"2.1": {
							"vector": [1.27, -3.335, 6.29]
						},
						"2.1667": {
							"vector": [1.27, -6.08, 21.415]
						},
						"2.2333": {
							"vector": [2.32, -11.605, 34.87]
						},
						"2.3667": {
							"vector": [4.86, -16.05, 9.665]
						},
						"2.5": {
							"vector": [0, 0, 0]
						}
					}
				},
				"bolt": {
					"rotation": {
						"vector": [0, 0, 0]
					},
					"position": {
						"0.0": {
							"vector": [0, 0, 9]
						},
						"2.1333": {
							"vector": [0, 0, 9]
						},
						"2.1667": {
							"vector": [0, 0, 0]
						}
					}
				},
				"bolt2": {
					"rotation": {
						"0.0": {
							"vector": [0, 0, 0]
						},
						"1.9": {
							"vector": [0, 0, 0]
						},
						"2.0": {
							"vector": [0, -75, 0]
						},
						"2.1": {
							"vector": [0, -95, 0]
						},
						"2.1333": {
							"vector": [0, 0, 0]
						}
					},
					"position": {
						"0.0": {
							"vector": [0, 0, 0]
						},
						"1.9": {
							"vector": [0, 0, 0]
						},
						"2.1333": {
							"vector": [0, 0, 0]
						}
					}
				},
				"magazine": {
					"rotation": {
						"0.0": {
							"vector": [0, 0, 0]
						},
						"0.4": {
							"vector": [0, 0, 0]
						},
						"0.5667": {
							"vector": [9.75446, -1.72472, -8.29645]
						},
						"0.9667": {
							"vector": [9.75446, -1.72472, -8.29645]
						},
						"1.1667": {
							"vector": [-5.40608, -1.87084, -3.58694]
						},
						"1.2667": {
							"vector": [-5.21299, -2.357, -8.81797]
						},
						"1.3333": {
							"vector": [-5.18708, -1.08984, -8.6822]
						},
						"1.4": {
							"vector": [0, 0, 0]
						},
						"1.4667": {
							"vector": [0, 0, 0]
						}
					},
					"position": {
						"0.0": {
							"vector": [0, 0, 0]
						},
						"0.4": {
							"vector": [0, 0, 0]
						},
						"0.4667": {
							"vector": [0, -6, 0]
						},
						"0.5667": {
							"vector": [1.85, -21.775, 1.275]
						},
						"0.9667": {
							"vector": [1.85, -21.775, 1.275]
						},
						"1.1667": {
							"vector": [2.75, -6.395, -1.18]
						},
						"1.2667": {
							"vector": [2.175, -6.195, -1.18]
						},
						"1.3333": {
							"vector": [2.17, -5.965, -1.18]
						},
						"1.4": {
							"vector": [0, -3.85, 0]
						},
						"1.4667": {
							"vector": [0, 0, 0]
						}
					}
				},
				"bullet": {
					"position": {
						"0.0": {
							"vector": [0, -1, 0]
						},
						"0.8": {
							"vector": [0, -1, 0]
						},
						"0.9667": {
							"vector": [0, 0, 0]
						}
					}
				},
				"magazine2": {
					"scale": {
						"vector": [0, 0, 0]
					}
				}
			},
			"sound_effects": {
				"0.3": {
					"effect": "m4_magout"
				},
				"0.5": {
					"effect": "foley_start"
				},
				"1.1667": {
					"effect": "m4_magin"
				},
				"1.9667": {
					"effect": "wa2000_actionforward"
				},
				"2.0": {
					"effect": "m4_press"
				},
				"2.1333": {
					"effect": "foley_end"
				}
			}
		},
		"animation.model.reload": {
			"loop": true,
			"animation_length": 2.93333,
			"blend_weight": "1",
			"bones": {
				"main": {
					"rotation": {
						"0.0": {
							"vector": [0, 0, 0]
						},
						"0.1667": {
							"vector": [-2.60145, -4.32711, -22.2389]
						},
						"0.2667": {
							"vector": [-5.69283, -7.98575, -34.92911]
						},
						"0.3667": {
							"vector": [-7.41978, -7.58155, -31.69688]
						},
						"0.4667": {
							"vector": [-6.53527, -9.05608, -37.62351]
						},
						"0.5667": {
							"vector": [-6.32289, -8.45076, -38.96523]
						},
						"0.7": {
							"vector": [-8.17452, -6.37127, -29.07617]
						},
						"0.8333": {
							"vector": [-7.3271, -6.61025, -32.29092]
						},
						"1.0": {
							"vector": [-5.50356, -9.03093, -42.73302]
						},
						"1.0667": {
							"vector": [-5.73603, -8.57746, -37.94833]
						},
						"1.1667": {
							"vector": [-4.48258, -9.57545, -49.04235]
						},
						"1.2667": {
							"vector": [-5.38441, -9.10208, -43.48909]
						},
						"1.3667": {
							"vector": [-4.33949, -8.96551, -44.19374]
						},
						"1.5667": {
							"vector": [-1.88356, -2.30668, -3.91963]
						},
						"1.7333": {
							"vector": [0, 0, 0]
						}
					},
					"position": {
						"0.0": {
							"vector": [0, 0, 0]
						},
						"0.1333": {
							"vector": [0, -0.455, -6.155]
						},
						"0.2333": {
							"vector": [0, 0.325, -4.3]
						},
						"0.4": {
							"vector": [-0.1, 0.63, -3.105]
						},
						"0.5333": {
							"vector": [0.15, 0.48, -2.555]
						},
						"0.6333": {
							"vector": [0.1, -0.37, -3.63]
						},
						"0.7667": {
							"vector": [0.24, -0.15, -3.805]
						},
						"0.9": {
							"vector": [0.375, 0.61, -4.1]
						},
						"1.0667": {
							"vector": [0.105, 0.66, -4.4]
						},
						"1.1667": {
							"vector": [-0.295, 1.36, -4.4]
						},
						"1.2667": {
							"vector": [-0.045, 1.115, -4.4]
						},
						"1.4": {
							"vector": [-0.04, -0.63, -5.525]
						},
						"1.5333": {
							"vector": [-0.235, -0.705, -6.08]
						},
						"1.6667": {
							"vector": [0, 0, 0]
						}
					}
				},
				"leftarm": {
					"rotation": {
						"0.0": {
							"vector": [0, 0, 0]
						},
						"0.2": {
							"vector": [8.52958, -0.57558, 3.26104]
						},
						"0.4": {
							"vector": [1.05917, -1.15117, 6.52208]
						},
						"0.5333": {
							"vector": [1.05917, -1.15117, 6.52208]
						},
						"0.6667": {
							"vector": [5.60158, -4.84039, -1.32124]
						},
						"0.8": {
							"vector": [7.29315, -3.60238, 1.23312]
						},
						"0.9": {
							"vector": [7.33193, -0.39428, 1.80831]
						},
						"0.9667": {
							"vector": [3.83822, -1.97567, 2.55755]
						},
						"1.0333": {
							"vector": [4.28758, 3.36391, 10.81984]
						},
						"1.1": {
							"vector": [-1.83601, -0.94957, 13.35162]
						},
						"1.2667": {
							"vector": [-1.83601, -0.94957, 13.35162]
						},
						"1.4667": {
							"vector": [-1.05333, -6.93271, 10.49405]
						},
						"1.6333": {
							"vector": [0, 0, 0]
						}
					},
					"position": {
						"0.0": {
							"vector": [0, 0, 0]
						},
						"0.2": {
							"vector": [10.44, -32.325, 15.415]
						},
						"0.4": {
							"vector": [2.84, -13.42, 16.88]
						},
						"0.5333": {
							"vector": [2.615, -11.75, 16.31]
						},
						"0.6667": {
							"vector": [2.055, -20.755, 17.705]
						},
						"0.8": {
							"vector": [-1.05966, -15.01987, 15.15883]
						},
						"0.9": {
							"vector": [-1.35962, -14.24728, 15.25029]
						},
						"0.9667": {
							"vector": [-1.24217, -15.6032, 14.27826]
						},
						"1.0333": {
							"vector": [-2.69632, -13.25837, 15.46692]
						},
						"1.1": {
							"vector": [-3.31895, -11.81941, 14.77021]
						},
						"1.2667": {
							"vector": [-3.31895, -11.81941, 14.77021]
						},
						"1.4667": {
							"vector": [-1.01207, -23.24196, 7.44521]
						},
						"1.6333": {
							"vector": [0, 0, 0]
						}
					}
				},
				"bolt": {
					"rotation": {
						"vector": [0, 0, 0]
					},
					"position": {
						"vector": [0, 0, 0]
					}
				},
				"bolt2": {
					"rotation": {
						"vector": [0, 0, 0]
					},
					"position": {
						"vector": [0, 0, 0]
					}
				},
				"magazine": {
					"rotation": {
						"0.0": {
							"vector": [0, 0, 0]
						},
						"0.5333": {
							"vector": [0, 0, 0]
						},
						"0.7": {
							"vector": [9.75446, -1.72472, -8.29645]
						},
						"0.8333": {
							"vector": [9.75446, -1.72472, -8.29645]
						}
					},
					"position": {
						"0.0": {
							"vector": [0, 0, 0]
						},
						"0.5333": {
							"vector": [0, 0, 0]
						},
						"0.6": {
							"vector": [0, -6, 0]
						},
						"0.7": {
							"vector": [1.85, -21.775, 1.275]
						},
						"0.8333": {
							"vector": [1.85, -21.775, 1.275]
						},
						"0.9667": {
							"vector": [1.85, -33.77, 1.27]
						}
					}
				},
				"magazine2": {
					"rotation": {
						"0.0": {
							"vector": [0, 0, 0]
						},
						"0.2": {
							"vector": [0, 0, 0]
						},
						"0.4": {
							"vector": [0, 0, 0.75]
						},
						"0.5333": {
							"vector": [0, 0, 0]
						},
						"0.8": {
							"vector": [-5.40608, -1.87084, -3.58694]
						},
						"0.9": {
							"vector": [-5.21299, -2.357, -8.81797]
						},
						"0.9667": {
							"vector": [-5.18708, -1.08984, -8.6822]
						},
						"1.0333": {
							"vector": [0, 0, 0]
						},
						"1.1": {
							"vector": [0, 0, 0]
						}
					},
					"position": {
						"0.0": {
							"vector": [15, -27, 1]
						},
						"0.2": {
							"vector": [15, -27, 1]
						},
						"0.4": {
							"vector": [4.825, -1.45, 1]
						},
						"0.5333": {
							"vector": [4.825, -0.2, 1]
						},
						"0.6667": {
							"vector": [4.83, -10.925, 1]
						},
						"0.8": {
							"vector": [2.75, -6.395, -1.18]
						},
						"0.9": {
							"vector": [2.175, -6.195, -1.18]
						},
						"0.9667": {
							"vector": [2.17, -5.965, -1.18]
						},
						"1.0333": {
							"vector": [0, -3.85, 0]
						},
						"1.1": {
							"vector": [0, 0, 0]
						}
					}
				}
			},
			"sound_effects": {
				"0.1": {
					"effect": "foley_start"
				},
				"0.4333": {
					"effect": "m4_magout"
				},
				"0.8333": {
					"effect": "m4_magin"
				},
				"1.2333": {
					"effect": "foley_end"
				}
			}
		},
		"animation.model.draw": {
			"loop": true,
			"animation_length": 1.2,
			"bones": {
				"main": {
					"rotation": {
						"0.0": {
							"vector": [32.09413, -54.38778, -8.29667]
						},
						"0.35": {
							"vector": [0.50518, -5.08075, 6.8716],
							"easing": "easeOutSine"
						},
						"0.5": {
							"vector": [0.32389, -0.60235, -2.1558],
							"easing": "linear"
						},
						"0.6": {
							"vector": [0, 0, 0],
							"easing": "linear"
						}
					},
					"position": {
						"0.0": {
							"vector": [0, -17.3, 0]
						},
						"0.25": {
							"vector": [-0.4, -2.525, -1.625],
							"easing": "linear"
						},
						"0.4": {
							"vector": [-0.05, 0, -2.49],
							"easing": "linear"
						},
						"0.55": {
							"vector": [0, 0, 0],
							"easing": "linear"
						}
					}
				},
				"leftarm": {
					"rotation": {
						"0.0": {
							"vector": [0, 0, 0]
						},
						"0.2": {
							"vector": [1, 0, -22]
						},
						"0.4": {
							"vector": [0, 0, 0]
						}
					},
					"position": {
						"0.0": {
							"vector": [0, 0, 0]
						},
						"0.2": {
							"vector": [3.53901, 3.6754, 5.59783]
						},
						"0.4": {
							"vector": [0, 0, 0]
						}
					}
				}
			},
			"sound_effects": {
				"0.0": {
					"effect": "draw"
				}
			}
		},
		"animation.model.inspect": {
			"loop": true,
			"animation_length": 4.26667,
			"bones": {
				"main": {
					"rotation": {
						"0.0": {
							"vector": [0, 0, 0]
						},
						"0.1667": {
							"vector": [-8.41746, -13.59608, -21.21259],
							"easing": "linear"
						},
						"0.3": {
							"vector": [-8.39812, -20.10111, -31.77688]
						},
						"0.4333": {
							"vector": [-9.55676, -20.88889, -28.55629]
						},
						"0.5333": {
							"vector": [-8.77652, -21.21647, -30.72851]
						},
						"0.7667": {
							"vector": [-9.4227, -20.94881, -28.93303]
						},
						"1.0": {
							"vector": [-3.1216, -20.98207, -46.44405]
						},
						"1.1333": {
							"vector": [-4.564, -20.73064, -42.44007]
						},
						"1.2333": {
							"vector": [-4.86325, -20.9153, -41.60203]
						},
						"1.3333": {
							"vector": [-4.58308, -20.97575, -42.38574]
						},
						"1.4667": {
							"vector": [-4.01131, -21.08802, -43.97908]
						},
						"1.6": {
							"vector": [-4.38767, -21.01662, -42.9316]
						},
						"1.7": {
							"vector": [-4.18847, -21.05622, -43.48691],
							"easing": "linear"
						},
						"2.0333": {
							"vector": [-16.91438, 5.38499, 54.40399],
							"easing": "linear"
						},
						"2.1667": {
							"vector": [-15.22513, 5.80082, 60.04554]
						},
						"2.3": {
							"vector": [-15.70981, 5.86025, 59.48558]
						},
						"2.4333": {
							"vector": [-15.93602, 7.03904, 62.69373]
						},
						"2.5667": {
							"vector": [-15.60896, 7.75082, 65.23442]
						},
						"2.7333": {
							"vector": [-15.71675, 7.52491, 64.42194]
						},
						"2.9": {
							"vector": [-15.56389, 7.84019, 65.55973]
						},
						"3.1": {
							"vector": [-15.61778, 7.73186, 65.16659]
						},
						"3.2667": {
							"vector": [-15.9801, 6.93689, 62.33342]
						},
						"3.4": {
							"vector": [-8.86998, 2.42135, 33.56191]
						},
						"3.5333": {
							"vector": [0, -1.75, -2.75]
						},
						"3.7": {
							"vector": [0, 0, 0]
						}
					},
					"position": {
						"0.0": {
							"vector": [0, 0, 0]
						},
						"0.3": {
							"vector": [-0.475, 1.475, -8.7]
						},
						"0.4": {
							"vector": [-0.195, 1, -7.7]
						},
						"0.5333": {
							"vector": [-0.03, 0.725, -7.7]
						},
						"0.7": {
							"vector": [0, 1.125, -7.7]
						},
						"0.9": {
							"vector": [0.125, 1.4, -8.275]
						},
						"1.2": {
							"vector": [-0.02, 1.475, -8]
						},
						"1.4": {
							"vector": [0.11, 1.425, -8.175]
						},
						"1.6667": {
							"vector": [0.275, 1.25, -7.975]
						},
						"1.8": {
							"vector": [-0.13, -1.19, -8.65]
						},
						"1.9667": {
							"vector": [-0.545, -1.325, -11.15]
						},
						"2.1333": {
							"vector": [-0.415, -1.395, -10.545]
						},
						"2.2667": {
							"vector": [-0.525, -1.455, -9.17]
						},
						"2.4": {
							"vector": [-0.49, -1.43, -9.85]
						},
						"2.5667": {
							"vector": [-0.455, -1.5, -9.24]
						},
						"2.7667": {
							"vector": [-0.53, -1.5, -9.27]
						},
						"3.0": {
							"vector": [-0.49, -1.41, -9.3]
						},
						"3.2333": {
							"vector": [-0.545, -1.325, -9.325]
						},
						"3.3667": {
							"vector": [-1.005, -0.61, -7.41]
						},
						"3.6333": {
							"vector": [0, 0, 0]
						}
					}
				},
				"leftarm": {
					"rotation": {
						"0.0": {
							"vector": [0, 0, 0]
						},
						"0.1667": {
							"vector": [0, 0, -2.5]
						},
						"1.7333": {
							"vector": [0, 0, -2.5]
						},
						"2.0333": {
							"vector": [-20, 0, -45]
						},
						"3.3": {
							"vector": [-20, 0, -45]
						},
						"3.5667": {
							"vector": [0, 0, 0]
						}
					},
					"position": {
						"0.0": {
							"vector": [0, 0, 0]
						},
						"0.1667": {
							"vector": [11.23986, -30.20851, 24.64864]
						},
						"1.7333": {
							"vector": [11.23986, -30.20851, 24.64864]
						},
						"2.0333": {
							"vector": [7.35, 6.25, 2.33]
						},
						"3.3": {
							"vector": [7.35, 6.25, 2.33]
						},
						"3.5667": {
							"vector": [0, 0, 0]
						}
					}
				}
			},
			"sound_effects": {
				"0.0": {
					"effect": "inspect_up"
				},
				"0.8": {
					"effect": "inspect_foley"
				},
				"1.3667": {
					"effect": "inspect_turn"
				},
				"3.2667": {
					"effect": "inspect_down"
				}
			}
		},
		"animation.model.fire": {
			"loop": true,
			"animation_length": 0.04,
			"bones": {
				"action": {
					"position": {
						"0.0": {
							"vector": [0, 0, 0]
						},
						"0.04": {
							"vector": [0, 0, 11]
						}
					}
				},
				"bolt": {
					"position": {
						"0.0": {
							"vector": [0, 0, 0]
						},
						"0.04": {
							"vector": [0, 0, 12]
						}
					}
				}
			}
		}
	},
	"geckolib_format_version": 2
}