{
	"format_version": "1.8.0",
	"animations": {
		"animation.model.draw": {
			"loop": true,
			"animation_length": 1.2,
			"bones": {
				"main": {
					"rotation": {
						"0.0": {
							"vector": [32.09413, -54.38778, -8.29667]
						},
						"0.2833": {
							"vector": [0.10394, -5.10469, 11.38938]
						},
						"0.4333": {
							"vector": [0.19925, -1.77208, -0.66935]
						},
						"0.5": {
							"vector": [0.34213, -0.59218, -3.90586]
						},
						"0.6": {
							"vector": [0, 0, 0]
						}
					},
					"position": {
						"0.0": {
							"vector": [0, -17.3, 0]
						},
						"0.1167": {
							"vector": [-0.03, -9.09, 0.045]
						},
						"0.3333": {
							"vector": [-0.04, -1.605, -5.73]
						},
						"0.45": {
							"vector": [-0.02, -0.775, -1.3]
						},
						"0.55": {
							"vector": [0, 0, 0]
						}
					}
				},
				"leftarm": {
					"rotation": {
						"0.0": {
							"vector": [-22, 0, 0]
						},
						"0.2": {
							"vector": [-7, 0, -22]
						},
						"0.4": {
							"vector": [-6.87267, -3.78028, -12.77942]
						},
						"0.5167": {
							"vector": [0, 0, 0]
						}
					},
					"position": {
						"0.0": {
							"vector": [3.325, -2.275, 0]
						},
						"0.2": {
							"vector": [6.01401, 5.6254, 6.79783]
						},
						"0.4": {
							"vector": [3.11401, 1.8504, 3.24783]
						},
						"0.5167": {
							"vector": [0, 0, 0]
						}
					}
				}
			},
			"sound_effects": {
				"0.0": {
					"effect": "draw"
				}
			}
		},
		"animation.model.inspect": {
			"loop": true,
			"animation_length": 4.26667,
			"bones": {
				"main": {
					"rotation": {
						"0.0": {
							"vector": [0, 0, 0]
						},
						"0.2667": {
							"vector": [-8.39812, -20.10111, -31.77688]
						},
						"0.4333": {
							"vector": [-9.55676, -20.88889, -28.55629]
						},
						"0.5333": {
							"vector": [-8.77652, -21.21647, -30.72851]
						},
						"0.7667": {
							"vector": [-9.4227, -20.94881, -28.93303]
						},
						"1.0": {
							"vector": [-4.54768, -20.73118, -42.43998]
						},
						"1.1333": {
							"vector": [-3.4248, -20.93968, -45.64222]
						},
						"1.2333": {
							"vector": [-4.00192, -21.08922, -44.00496]
						},
						"1.3333": {
							"vector": [-4.58308, -20.97575, -42.38574]
						},
						"1.4667": {
							"vector": [-4.01131, -21.08802, -43.97908]
						},
						"1.6": {
							"vector": [-4.38767, -21.01662, -42.9316]
						},
						"1.7": {
							"vector": [-4.18847, -21.05622, -43.48691]
						},
						"2.0333": {
							"vector": [-17.06462, 4.87361, 52.72364]
						},
						"2.2": {
							"vector": [-15.22513, 5.80082, 60.04554]
						},
						"2.3667": {
							"vector": [-15.59606, 5.5552, 58.67804]
						},
						"2.6": {
							"vector": [-15.87201, 7.18467, 63.20915]
						},
						"2.7333": {
							"vector": [-15.71675, 7.52491, 64.42194]
						},
						"2.9": {
							"vector": [-15.81979, 7.29921, 63.61735]
						},
						"3.1": {
							"vector": [-15.61778, 7.73186, 65.16659]
						},
						"3.2333": {
							"vector": [-15.9801, 6.93689, 62.33342]
						},
						"3.5333": {
							"vector": [0.07633, -0.99883, -4.49967]
						},
						"3.6667": {
							"vector": [0, 0, 0]
						}
					},
					"position": {
						"0.0": {
							"vector": [0, 0, 0]
						},
						"0.2667": {
							"vector": [-0.475, 1.475, -7.525]
						},
						"0.4": {
							"vector": [-0.195, 0.675, -7.7]
						},
						"0.5": {
							"vector": [-0.03, 0.55, -7.7]
						},
						"0.7": {
							"vector": [0, 1.125, -7.7]
						},
						"0.9": {
							"vector": [0.125, 1.4, -8.275]
						},
						"1.2": {
							"vector": [-0.02, 1.475, -8]
						},
						"1.4": {
							"vector": [0.11, 1.425, -8.175]
						},
						"1.6667": {
							"vector": [0.275, 1.25, -7.975]
						},
						"1.8": {
							"vector": [-0.13, -1.19, -8.65]
						},
						"1.9667": {
							"vector": [-0.545, -1.325, -11.15]
						},
						"2.1333": {
							"vector": [-0.34, -1.63, -9.85]
						},
						"2.3333": {
							"vector": [-0.39, -1.63, -9.225]
						},
						"2.5667": {
							"vector": [-0.455, -1.5, -9.24]
						},
						"2.7667": {
							"vector": [-0.53, -1.5, -9.27]
						},
						"3.0": {
							"vector": [-0.49, -1.41, -9.3]
						},
						"3.2333": {
							"vector": [-0.545, -1.75, -9.8]
						},
						"3.3667": {
							"vector": [-1.005, -2.235, -8.86]
						},
						"3.5": {
							"vector": [-0.5, -1.135, -3.7]
						},
						"3.6333": {
							"vector": [0, 0, 0]
						}
					}
				},
				"leftarm": {
					"rotation": {
						"0.0": {
							"vector": [0, 0, 0]
						},
						"0.1667": {
							"vector": [0, 0, -2.5]
						},
						"1.7333": {
							"vector": [0, 0, -2.5]
						},
						"2.0333": {
							"vector": [-20, 0, -45]
						},
						"3.1667": {
							"vector": [-20, 0, -45]
						},
						"3.4": {
							"vector": [-19.48792, -2.94668, -19.09856]
						},
						"3.5667": {
							"vector": [0, 0, 0]
						}
					},
					"position": {
						"0.0": {
							"vector": [0, 0, 0]
						},
						"0.1667": {
							"vector": [11.23986, -30.20851, 24.64864]
						},
						"1.7333": {
							"vector": [11.23986, -30.20851, 24.64864]
						},
						"2.0333": {
							"vector": [7.35, 6.25, 2.33]
						},
						"3.1667": {
							"vector": [7.35, 6.25, 2.33]
						},
						"3.4": {
							"vector": [7.83, -2.295, 1.17]
						},
						"3.5667": {
							"vector": [0, 0, 0]
						}
					}
				},
				"rightarm": {
					"rotation": {
						"0.0": {
							"vector": [0, 0, 0]
						},
						"1.8333": {
							"vector": [0, 0, 0]
						},
						"2.0": {
							"vector": [-3.88273, 5.5149, 7.25988]
						},
						"2.9333": {
							"vector": [-3.88273, 5.5149, 7.25988]
						},
						"3.1333": {
							"vector": [0, 0, 0]
						}
					},
					"position": {
						"0.0": {
							"vector": [0, 0, 0]
						},
						"1.8333": {
							"vector": [0, 0, 0]
						},
						"2.0": {
							"vector": [0.8, 0, -1.025]
						},
						"2.9333": {
							"vector": [0.8, 0, -1.025]
						},
						"3.1": {
							"vector": [0, 0, 0]
						}
					}
				}
			},
			"sound_effects": {
				"0.0": {
					"effect": "inspect_up"
				},
				"0.8": {
					"effect": "inspect_foley"
				},
				"1.3667": {
					"effect": "inspect_turn"
				},
				"3.2667": {
					"effect": "inspect_down"
				}
			}
		},
		"animation.model.reloadempty": {
			"loop": true,
			"animation_length": 2.8,
			"bones": {
				"main": {
					"rotation": {
						"0.0": {
							"vector": [0, 0, 0]
						},
						"0.1333": {
							"vector": [-5.21485, -2.95862, -15.29475]
						},
						"0.2": {
							"vector": [-5.32661, -2.7519, -13.05148]
						},
						"0.3": {
							"vector": [-6.02889, 0.16976, 5.24751]
						},
						"0.4": {
							"vector": [-6.21851, -0.84167, -1.68371]
						},
						"0.5333": {
							"vector": [-6.11401, -0.24184, -2.94553]
						},
						"0.6667": {
							"vector": [-5.5641, -3.67217, -16.73407]
						},
						"0.8": {
							"vector": [-7.88595, -7.55317, -28.24841]
						},
						"0.9333": {
							"vector": [-8.4828, -8.28104, -32.98754]
						},
						"1.0667": {
							"vector": [-9.07014, -7.63227, -28.74648]
						},
						"1.1667": {
							"vector": [-6.70888, -8.74921, -39.37529]
						},
						"1.2667": {
							"vector": [-6.67274, -8.47385, -33.47033]
						},
						"1.4": {
							"vector": [-5.86289, -2.40977, -11.40369]
						},
						"1.5": {
							"vector": [-4.2087, -2.63592, -10.37925]
						},
						"1.5667": {
							"vector": [-4.58987, -3.21883, -6.56827]
						},
						"1.6333": {
							"vector": [-4.11046, -4.49378, -15.26629]
						},
						"1.7333": {
							"vector": [-4.45759, -3.23557, -8.57663]
						},
						"1.8333": {
							"vector": [-2.20403, -1.87632, -8.36146]
						},
						"2.0": {
							"vector": [0.65978, 0.18913, -3.84963]
						},
						"2.1333": {
							"vector": [0, 0, 0]
						}
					},
					"position": {
						"0.0": {
							"vector": [0, 0, 0]
						},
						"0.0667": {
							"vector": [-0.575, 0, 0]
						},
						"0.1667": {
							"vector": [-0.38, 0.875, 0.35]
						},
						"0.3": {
							"vector": [-0.705, -3.5, -0.675]
						},
						"0.4333": {
							"vector": [-1.475, -2.42, -1.475]
						},
						"0.6": {
							"vector": [-0.705, -1.725, -1.575]
						},
						"0.7333": {
							"vector": [-0.55, -1.27, -3.6]
						},
						"0.8667": {
							"vector": [-0.7, -0.55, -1.85]
						},
						"0.9667": {
							"vector": [-0.85, -0.45, -1.3]
						},
						"1.0333": {
							"vector": [-1.025, -0.3, -1.3]
						},
						"1.1333": {
							"vector": [-1.15, 0.125, -1.3]
						},
						"1.2": {
							"vector": [-1.575, 0.5, -0.775]
						},
						"1.3": {
							"vector": [-1.075, -0.55, -1.025]
						},
						"1.4333": {
							"vector": [-0.18, -0.51, -0.98]
						},
						"1.5333": {
							"vector": [-0.505, -0.985, -1.855]
						},
						"1.5667": {
							"vector": [-0.66, -0.96, -1.81]
						},
						"1.6333": {
							"vector": [-2.04, -0.92, -1.73]
						},
						"1.7333": {
							"vector": [-0.44, -0.85, -1.97]
						},
						"1.8": {
							"vector": [-0.405, -0.81, -2.13]
						},
						"1.9333": {
							"vector": [0.34, -0.865, -2.46]
						},
						"2.0667": {
							"vector": [0, 0, 0]
						}
					}
				},
				"bolt": {
					"position": {
						"vector": [0, 0, 7.6]
					}
				},
				"action": {
					"rotation": {
						"vector": [0, 0, 0]
					},
					"position": {
						"vector": [0, 0, 0]
					}
				},
				"leftarm": {
					"rotation": {
						"0.0": {
							"vector": [0, 0, 0]
						},
						"0.0667": {
							"vector": [-19.45644, -5.86858, 7.49224]
						},
						"0.1333": {
							"vector": [-19.1063, -9.63723, 4.18713]
						},
						"0.2333": {
							"vector": [-15.03103, -13.37925, 0.82083]
						},
						"0.3333": {
							"vector": [43.07804, 15.85303, 7.64839]
						},
						"0.8333": {
							"vector": [9.84584, 4.15599, 15.03241]
						},
						"0.9": {
							"vector": [9.77665, 5.80251, 14.43551]
						},
						"0.9667": {
							"vector": [6.77665, 5.80251, 14.43551]
						},
						"1.0333": {
							"vector": [6.85598, 4.18921, 15.11822]
						},
						"1.1": {
							"vector": [0.91192, 3.09309, 15.72168]
						},
						"1.3333": {
							"vector": [0.91192, 3.09309, 15.72168]
						},
						"1.4667": {
							"vector": [-50.65399, 0.98885, 28.17692]
						},
						"1.5667": {
							"vector": [-50.57817, 0.69189, 29.90321]
						},
						"1.6": {
							"vector": [-60.86554, 0.6507, 22.89744]
						},
						"1.6667": {
							"vector": [-60.78398, 0.66605, 24.89904]
						},
						"1.7667": {
							"vector": [-60.78398, 0.66605, 24.89904]
						},
						"2.0333": {
							"vector": [0, 0, 0]
						}
					},
					"position": {
						"0.0": {
							"vector": [0, 0, 0]
						},
						"0.0667": {
							"vector": [0, -8.975, 1.45]
						},
						"0.1333": {
							"vector": [0, -9.975, 4.45]
						},
						"0.2333": {
							"vector": [-0.575, -9.975, 6.425]
						},
						"0.3333": {
							"vector": [-0.58, -9.97, 13.38]
						},
						"0.7": {
							"vector": [-6.055, -20.32, 16.98]
						},
						"0.8333": {
							"vector": [-3.435, -16.77, 14.98]
						},
						"0.9": {
							"vector": [-3.78, -16.42, 14.23]
						},
						"0.9667": {
							"vector": [-3.805, -17.595, 14.755]
						},
						"1.0333": {
							"vector": [-3.9, -16.575, 14.76]
						},
						"1.1": {
							"vector": [-3.9, -13.175, 14.76]
						},
						"1.3333": {
							"vector": [-3.9, -13.175, 14.76]
						},
						"1.4667": {
							"vector": [6.35, -13.675, -3.4]
						},
						"1.5667": {
							"vector": [6.35, -10, -3.4]
						},
						"1.6": {
							"vector": [-2.35, -10.7, -3.4]
						},
						"1.6667": {
							"vector": [1.925, -10.7, -3.4]
						},
						"1.7667": {
							"vector": [1.925, -10.7, -3.4]
						},
						"1.9": {
							"vector": [5.58, -7.25, -1.7]
						},
						"2.0333": {
							"vector": [0, 0, 0]
						}
					}
				},
				"magazine": {
					"rotation": {
						"0.0": {
							"vector": [0, 0, 0]
						},
						"0.2333": {
							"vector": [0, 0, 0]
						},
						"0.6667": {
							"vector": [0, 0, 0]
						},
						"0.8": {
							"vector": [-8.5, -2, 1.25]
						},
						"0.9": {
							"vector": [-8.44764, 1.25068, -0.24794]
						},
						"0.9667": {
							"vector": [0.10142, 1.24766, 2.00259]
						},
						"1.0333": {
							"vector": [0, 0, -0.75]
						},
						"1.1": {
							"vector": [0, 0, 0]
						}
					},
					"position": {
						"0.0": {
							"vector": [0, 0, 0]
						},
						"0.2333": {
							"vector": [0, 0, 0]
						},
						"0.3333": {
							"vector": [0, -23, 0]
						},
						"0.6667": {
							"vector": [0, -23, 0]
						},
						"0.8": {
							"vector": [0.725, -7.55, -1.9]
						},
						"0.9": {
							"vector": [0.125, -7.605, -2.075]
						},
						"0.9667": {
							"vector": [-0.645, -7.1, 0]
						},
						"1.0333": {
							"vector": [0, -6.025, 0]
						},
						"1.1": {
							"vector": [0, 0, 0]
						}
					}
				},
				"bullet": {
					"position": {
						"0.0": {
							"vector": [0, -1, 0]
						},
						"0.6667": {
							"vector": [0, -1, 0]
						},
						"0.7": {
							"vector": [0, 0, 0]
						}
					}
				},
				"magazine2": {
					"scale": {
						"vector": [0, 0, 0]
					}
				}
			},
			"sound_effects": {
				"0.1667": {
					"effect": "m4_magout"
				},
				"0.3667": {
					"effect": "foley_start"
				},
				"0.8333": {
					"effect": "m4_magin"
				},
				"1.5": {
					"effect": "foley_end"
				},
				"1.5667": {
					"effect": "m4_hit"
				}
			}
		},
		"animation.model.reload": {
			"loop": true,
			"animation_length": 2.15,
			"blend_weight": "1",
			"bones": {
				"main": {
					"rotation": {
						"0.0": {
							"vector": [0, 0, 0]
						},
						"0.2": {
							"vector": [-0.71418, -2.74615, -16.5388]
						},
						"0.2667": {
							"vector": [-3.96698, -2.20561, -13.97827]
						},
						"0.3667": {
							"vector": [-6.79371, -1.69342, -11.52383]
						},
						"0.4667": {
							"vector": [-6.47396, -2.60286, -18.72595]
						},
						"0.5833": {
							"vector": [-6.82043, -2.38354, -12.6783]
						},
						"0.6667": {
							"vector": [-7.10991, -1.9155, -7.43596]
						},
						"0.75": {
							"vector": [-6.94733, -2.84951, -13.61684]
						},
						"0.8667": {
							"vector": [-6.69839, -2.8538, -16.40536]
						},
						"0.9833": {
							"vector": [-6.72979, -2.01534, -13.49879]
						},
						"1.0667": {
							"vector": [-6.26148, -3.47855, -23.14852]
						},
						"1.2": {
							"vector": [-5.46595, -2.6689, -17.37728]
						},
						"1.2833": {
							"vector": [-3.98649, -2.55368, -20.25917]
						},
						"1.35": {
							"vector": [-3.74189, -1.60213, -17.50108]
						},
						"1.5333": {
							"vector": [0, -0.75, -5.25]
						},
						"1.6333": {
							"vector": [0, 0, 2.38]
						},
						"1.7667": {
							"vector": [0, 0, 0]
						}
					},
					"position": {
						"0.0": {
							"vector": [0, 0, 0]
						},
						"0.1667": {
							"vector": [0.355, -0.42, -4.425]
						},
						"0.3333": {
							"vector": [-0.35, -1.75, -3.4]
						},
						"0.4333": {
							"vector": [-0.35, -1.17, -1.045]
						},
						"0.5167": {
							"vector": [-0.15, -0.6, -1.125]
						},
						"0.5833": {
							"vector": [-0.52, -1.22, -1.525]
						},
						"0.6833": {
							"vector": [-0.63, -1.805, -1.26]
						},
						"0.7833": {
							"vector": [-0.75, -1.65, -1]
						},
						"0.8833": {
							"vector": [-0.7, -1.825, -1]
						},
						"0.9667": {
							"vector": [-0.65, -1.475, -1]
						},
						"1.0667": {
							"vector": [-1.35, -0.725, -1.475]
						},
						"1.1667": {
							"vector": [-1.41, -1.665, -2.46]
						},
						"1.2667": {
							"vector": [-1.575, -2.775, -3.45]
						},
						"1.4167": {
							"vector": [-0.6, -3.375, -5.4]
						},
						"1.5": {
							"vector": [-0.31, -1.73, -4.445]
						},
						"1.5833": {
							"vector": [-0.02, -0.06, -2.255]
						},
						"1.7167": {
							"vector": [0, 0, 0]
						}
					}
				},
				"leftarm": {
					"rotation": {
						"0.0": {
							"vector": [0, 0, 0]
						},
						"0.0667": {
							"vector": [20.7545, 6.23781, -12.10268]
						},
						"0.1333": {
							"vector": [45.89249, 9.11862, -11.25407]
						},
						"0.25": {
							"vector": [34.00422, 19.3818, 12.82924]
						},
						"0.4": {
							"vector": [-20.96319, -3.65402, 9.67668]
						},
						"0.5": {
							"vector": [-20.96319, -3.65402, 9.67668]
						},
						"0.5667": {
							"vector": [-20.92965, -2.54227, 8.32476]
						},
						"0.75": {
							"vector": [10.45147, 11.66703, 7.23928]
						},
						"0.8833": {
							"vector": [12.52923, 11.03665, 10.52033]
						},
						"0.9833": {
							"vector": [13.90283, 13.07233, 12.18586]
						},
						"1.0667": {
							"vector": [4.45827, 10.36016, 13.50411]
						},
						"1.2167": {
							"vector": [4.45827, 10.36016, 13.50411]
						},
						"1.4667": {
							"vector": [16.95827, 10.36016, 13.50411]
						},
						"1.6667": {
							"vector": [0, 0, 0]
						}
					},
					"position": {
						"0.0": {
							"vector": [0, 0, 0]
						},
						"0.0667": {
							"vector": [4.1, -3.7, 4.5]
						},
						"0.1333": {
							"vector": [4.1, -3.7, 20.8]
						},
						"0.25": {
							"vector": [-1.25, -13.55, 18.575]
						},
						"0.3333": {
							"vector": [3.02, -18.87, 16.28]
						},
						"0.4": {
							"vector": [3.55, -19.075, 11.3]
						},
						"0.5": {
							"vector": [3.55, -19.075, 11.3]
						},
						"0.5667": {
							"vector": [4.3, -22.47, 12.55]
						},
						"0.6333": {
							"vector": [2.55, -24.105, 13.195]
						},
						"0.7": {
							"vector": [0.795, -19.38, 15.99]
						},
						"0.75": {
							"vector": [-1.475, -12.145, 14.55]
						},
						"0.8833": {
							"vector": [-1.98, -12.055, 15.12]
						},
						"0.9833": {
							"vector": [-1.48, -9.34, 15.55]
						},
						"1.0667": {
							"vector": [-1.48, -8.335, 14.55]
						},
						"1.2167": {
							"vector": [-1.48, -8.335, 14.55]
						},
						"1.4667": {
							"vector": [-3.905, -27.73, 28.3]
						},
						"1.5167": {
							"vector": [6.595, -20.8, 21.23]
						},
						"1.6667": {
							"vector": [0, 0, 0]
						}
					}
				},
				"magazine": {
					"rotation": {
						"0.0": {
							"vector": [0, 0, 0]
						},
						"0.4": {
							"vector": [0, 0, 0]
						},
						"0.5": {
							"vector": [0, 0, 0]
						},
						"0.5667": {
							"vector": [-0.26089, -1.15045, -1.56793]
						}
					},
					"position": {
						"0.0": {
							"vector": [0, 0, 0]
						},
						"0.4": {
							"vector": [0, 0, 0]
						},
						"0.5": {
							"vector": [0, 0, 0]
						},
						"0.5667": {
							"vector": [0.3, -8.425, -0.2]
						},
						"0.6167": {
							"vector": [-0.15, -12.605, 2.725]
						},
						"0.7": {
							"vector": [-2.52, -11.16, -0.625]
						},
						"0.75": {
							"vector": [-4.15, -9.605, -0.525]
						},
						"0.8667": {
							"vector": [-3.95, -10.61, -0.52]
						},
						"1.0667": {
							"vector": [-4.15, -3.61, 0.48]
						},
						"1.2167": {
							"vector": [-4.4, -5.61, 0.48]
						},
						"1.4667": {
							"vector": [-4.9, -26.21, 0.73]
						}
					}
				},
				"magazine2": {
					"rotation": {
						"0.0": {
							"vector": [0, 0, 0]
						},
						"0.25": {
							"vector": [0, 0, 0]
						},
						"0.3333": {
							"vector": [-4.24094, -8.71048, 1.38322]
						},
						"0.4": {
							"vector": [-1.34498, -8.11152, -3.05875]
						},
						"0.5": {
							"vector": [-1.34498, -8.11152, -3.05875]
						},
						"0.6333": {
							"vector": [-3.77011, -3.08819, 1.49399]
						},
						"0.75": {
							"vector": [-5.0289, -7.32168, -3.37272]
						},
						"0.8833": {
							"vector": [-2.48386, -3.68037, 0.41205]
						},
						"0.9833": {
							"vector": [-0.26089, -1.15045, -1.56793]
						},
						"1.0667": {
							"vector": [0, 0, 0]
						}
					},
					"position": {
						"0.0": {
							"vector": [0, 0, 0]
						},
						"0.25": {
							"vector": [0, -20, 0]
						},
						"0.3333": {
							"vector": [4.37, -9.26, 1.56]
						},
						"0.4": {
							"vector": [5.25, -0.675, 2.8]
						},
						"0.5": {
							"vector": [5.25, -0.675, 2.8]
						},
						"0.5667": {
							"vector": [4.8, -4.55, 4.725]
						},
						"0.6333": {
							"vector": [2.985, -8.77, 2.32]
						},
						"0.7": {
							"vector": [1.7, -8.335, 0.71]
						},
						"0.75": {
							"vector": [0, -6.675, -1.3]
						},
						"0.8833": {
							"vector": [-0.155, -7.235, -0.67]
						},
						"0.9833": {
							"vector": [0.3, -4.425, -0.2]
						},
						"1.0667": {
							"vector": [0, 0, 0]
						}
					},
					"scale": {
						"0.0": {
							"vector": [-0.01, 0, 0]
						},
						"0.25": {
							"vector": [1, 1, 1]
						}
					}
				}
			},
			"sound_effects": {
				"0.0": {
					"effect": "foley_start"
				},
				"0.4833": {
					"effect": "m4_magout"
				},
				"0.7833": {
					"effect": "m4_magin"
				},
				"1.2333": {
					"effect": "foley_end"
				}
			}
		}
	},
	"geckolib_format_version": 2
}