{
	"format_version": "1.8.0",
	"animations": {
		"animation.model.draw": {
			"loop": true,
			"animation_length": 1.2,
			"bones": {
				"main": {
					"rotation": {
						"0.0": {
							"vector": [32.09413, -54.38778, -8.29667]
						},
						"0.2833": {
							"vector": [0.10394, -5.10469, 11.38938],
							"easing": "easeOutSine"
						},
						"0.4333": {
							"vector": [0.19925, -1.77208, -0.66935]
						},
						"0.5": {
							"vector": [0.34213, -0.59218, -3.90586],
							"easing": "linear"
						},
						"0.6": {
							"vector": [0, 0, 0],
							"easing": "linear"
						}
					},
					"position": {
						"0.0": {
							"vector": [0, -17.3, 0]
						},
						"0.1167": {
							"vector": [-0.03, -9.09, 0.045]
						},
						"0.3333": {
							"vector": [-0.04, -1.605, -5.73]
						},
						"0.45": {
							"vector": [-0.02, -0.775, -1.3],
							"easing": "linear"
						},
						"0.55": {
							"vector": [0, 0, 0],
							"easing": "easeOutSine"
						}
					}
				},
				"leftarm": {
					"rotation": {
						"0.0": {
							"vector": [-22, 0, 0]
						},
						"0.2": {
							"vector": [-7, 0, -22]
						},
						"0.4": {
							"vector": [-6.87267, -3.78028, -12.77942]
						},
						"0.5167": {
							"vector": [0, 0, 0]
						}
					},
					"position": {
						"0.0": {
							"vector": [3.325, -2.275, 0]
						},
						"0.2": {
							"vector": [6.01401, 5.6254, 6.79783]
						},
						"0.4": {
							"vector": [3.11401, 1.8504, 3.24783]
						},
						"0.5167": {
							"vector": [0, 0, 0]
						}
					}
				}
			},
			"sound_effects": {
				"0.0": {
					"effect": "draw"
				}
			}
		},
		"animation.model.inspect": {
			"loop": true,
			"animation_length": 4.26667,
			"bones": {
				"main": {
					"rotation": {
						"0.0": {
							"vector": [0, 0, 0]
						},
						"0.2667": {
							"vector": [-8.39812, -20.10111, -31.77688]
						},
						"0.4333": {
							"vector": [-9.55676, -20.88889, -28.55629]
						},
						"0.5333": {
							"vector": [-8.77652, -21.21647, -30.72851]
						},
						"0.7667": {
							"vector": [-9.4227, -20.94881, -28.93303]
						},
						"1.0": {
							"vector": [-4.54768, -20.73118, -42.43998]
						},
						"1.1333": {
							"vector": [-3.4248, -20.93968, -45.64222]
						},
						"1.2333": {
							"vector": [-4.00192, -21.08922, -44.00496]
						},
						"1.3333": {
							"vector": [-4.58308, -20.97575, -42.38574]
						},
						"1.4667": {
							"vector": [-4.01131, -21.08802, -43.97908]
						},
						"1.6": {
							"vector": [-4.38767, -21.01662, -42.9316]
						},
						"1.7": {
							"vector": [-4.18847, -21.05622, -43.48691],
							"easing": "linear"
						},
						"2.0333": {
							"vector": [-17.06462, 4.87361, 52.72364],
							"easing": "linear"
						},
						"2.2": {
							"vector": [-15.22513, 5.80082, 60.04554]
						},
						"2.3667": {
							"vector": [-15.59606, 5.5552, 58.67804]
						},
						"2.6": {
							"vector": [-15.87201, 7.18467, 63.20915]
						},
						"2.7333": {
							"vector": [-15.71675, 7.52491, 64.42194]
						},
						"2.9": {
							"vector": [-15.81979, 7.29921, 63.61735]
						},
						"3.1": {
							"vector": [-15.61778, 7.73186, 65.16659]
						},
						"3.2333": {
							"vector": [-15.9801, 6.93689, 62.33342]
						},
						"3.5333": {
							"vector": [0.07633, -0.99883, -4.49967],
							"easing": "easeInOutSine"
						},
						"3.6667": {
							"vector": [0, 0, 0]
						}
					},
					"position": {
						"0.0": {
							"vector": [0, 0, 0]
						},
						"0.2667": {
							"vector": [-0.475, 1.475, -7.525],
							"easing": "linear"
						},
						"0.4": {
							"vector": [-0.195, 0.675, -7.7],
							"easing": "easeInSine"
						},
						"0.5": {
							"vector": [-0.03, 0.55, -7.7]
						},
						"0.7": {
							"vector": [0, 1.125, -7.7],
							"easing": "easeInSine"
						},
						"0.9": {
							"vector": [0.125, 1.4, -8.275]
						},
						"1.2": {
							"vector": [-0.02, 1.475, -8]
						},
						"1.4": {
							"vector": [0.11, 1.425, -8.175]
						},
						"1.6667": {
							"vector": [0.275, 1.25, -7.975]
						},
						"1.8": {
							"vector": [-0.13, -1.19, -8.65]
						},
						"1.9667": {
							"vector": [-0.545, -1.325, -11.15]
						},
						"2.1333": {
							"vector": [-0.34, -1.63, -9.85],
							"easing": "easeInSine"
						},
						"2.3333": {
							"vector": [-0.39, -1.63, -9.225],
							"easing": "easeInSine"
						},
						"2.5667": {
							"vector": [-0.455, -1.5, -9.24]
						},
						"2.7667": {
							"vector": [-0.53, -1.5, -9.27]
						},
						"3.0": {
							"vector": [-0.49, -1.41, -9.3]
						},
						"3.2333": {
							"vector": [-0.545, -1.75, -9.8]
						},
						"3.3667": {
							"vector": [-1.005, -2.235, -8.86]
						},
						"3.5": {
							"vector": [-0.5, -1.135, -3.7]
						},
						"3.6333": {
							"vector": [0, 0, 0]
						}
					}
				},
				"leftarm": {
					"rotation": {
						"0.0": {
							"vector": [0, 0, 0]
						},
						"0.1667": {
							"vector": [0, 0, -2.5]
						},
						"1.7333": {
							"vector": [0, 0, -2.5]
						},
						"2.0333": {
							"vector": [-20, 0, -45]
						},
						"3.1667": {
							"vector": [-20, 0, -45]
						},
						"3.4": {
							"vector": [-19.48792, -2.94668, -19.09856]
						},
						"3.5667": {
							"vector": [0, 0, 0]
						}
					},
					"position": {
						"0.0": {
							"vector": [0, 0, 0]
						},
						"0.1667": {
							"vector": [11.23986, -30.20851, 24.64864]
						},
						"1.7333": {
							"vector": [11.23986, -30.20851, 24.64864]
						},
						"2.0333": {
							"vector": [7.35, 6.25, 2.33]
						},
						"3.1667": {
							"vector": [7.35, 6.25, 2.33]
						},
						"3.4": {
							"vector": [7.83, -2.295, 1.17]
						},
						"3.5667": {
							"vector": [0, 0, 0]
						}
					}
				},
				"rightarm": {
					"rotation": {
						"0.0": {
							"vector": [0, 0, 0]
						},
						"1.8333": {
							"vector": [0, 0, 0]
						},
						"2.0": {
							"vector": [-3.88273, 5.5149, 7.25988]
						},
						"2.9333": {
							"vector": [-3.88273, 5.5149, 7.25988]
						},
						"3.1333": {
							"vector": [0, 0, 0],
							"easing": "easeInSine"
						}
					},
					"position": {
						"0.0": {
							"vector": [0, 0, 0]
						},
						"1.8333": {
							"vector": [0, 0, 0]
						},
						"2.0": {
							"vector": [0.8, 0, -1.025]
						},
						"2.9333": {
							"vector": [0.8, 0, -1.025]
						},
						"3.1": {
							"vector": [0, 0, 0]
						}
					}
				}
			},
			"sound_effects": {
				"0.0": {
					"effect": "inspect_up"
				},
				"0.8": {
					"effect": "inspect_foley"
				},
				"1.3667": {
					"effect": "inspect_turn"
				},
				"3.2667": {
					"effect": "inspect_down"
				}
			}
		},
		"animation.model.reloadempty": {
			"loop": true,
			"animation_length": 2.8,
			"bones": {
				"main": {
					"rotation": {
						"0.0": {
							"vector": [0, 0, 0]
						},
						"0.1333": {
							"vector": [-4.93798, -3.40132, -20.28281]
						},
						"0.2": {
							"vector": [-4.60677, -3.83841, -25.52506]
						},
						"0.3": {
							"vector": [-5.78507, 2.71665, 20.06867]
						},
						"0.4": {
							"vector": [-5.81904, 3.8344, 34.28934]
						},
						"0.5333": {
							"vector": [-5.82776, 0.86537, 24.04841]
						},
						"0.7": {
							"vector": [-5.57321, -4.91627, -16.61243]
						},
						"0.8": {
							"vector": [-7.74102, -7.96205, -37.87996]
						},
						"0.9": {
							"vector": [-6.66263, -9.80177, -44.53082]
						},
						"0.9667": {
							"vector": [-7.17519, -9.40863, -41.38858]
						},
						"1.0333": {
							"vector": [-6.79072, -9.71392, -43.77504]
						},
						"1.1": {
							"vector": [-6.64796, -9.78718, -41.78436]
						},
						"1.1667": {
							"vector": [-5.09827, -10.77511, -49.36388]
						},
						"1.2333": {
							"vector": [-6.08303, -9.67451, -43.52433]
						},
						"1.3333": {
							"vector": [-6.33508, -9.51226, -42.01198]
						},
						"1.4333": {
							"vector": [-5.99803, -9.72712, -44.02877]
						},
						"1.5": {
							"vector": [-5.4977, -8.91603, -48.44075]
						},
						"1.6333": {
							"vector": [-7.05201, -8.61893, -38.80336]
						},
						"1.7667": {
							"vector": [-1.3379, -4.37846, -1.00634]
						},
						"1.8667": {
							"vector": [0.04907, -2.88343, 16.47712]
						},
						"1.9333": {
							"vector": [-0.14314, -2.14565, 13.22413]
						},
						"2.0333": {
							"vector": [-0.14362, -2.63005, 17.10371]
						},
						"2.1333": {
							"vector": [0.54916, -2.63342, 16.47515]
						},
						"2.2667": {
							"vector": [0.57183, -1.04379, 7.11123]
						},
						"2.3667": {
							"vector": [0.65978, 0.18913, -3.84963]
						},
						"2.4667": {
							"vector": [0, 0, 0]
						}
					},
					"position": {
						"0.0": {
							"vector": [0, 0, 0]
						},
						"0.0667": {
							"vector": [-0.575, 0, 0]
						},
						"0.2": {
							"vector": [-0.38, 0.875, 0.35]
						},
						"0.3": {
							"vector": [-2.705, -3.5, -0.675]
						},
						"0.4333": {
							"vector": [-3.2, -2.62, -1.475]
						},
						"0.6": {
							"vector": [-0.705, -1.9, -1.575]
						},
						"0.7333": {
							"vector": [-0.55, -1.27, -3.6]
						},
						"0.8667": {
							"vector": [-0.7, -0.75, -1.85]
						},
						"1.0": {
							"vector": [-1.025, -0.275, -1.3]
						},
						"1.0667": {
							"vector": [-1.075, -0.025, -1.3]
						},
						"1.1333": {
							"vector": [-1.625, 0.575, -0.775]
						},
						"1.2667": {
							"vector": [-1.075, -0.225, -1.025]
						},
						"1.3667": {
							"vector": [-0.97, -0.53, -0.345]
						},
						"1.4333": {
							"vector": [-1.12, -0.45, -0.62]
						},
						"1.5": {
							"vector": [-1.62, 0.575, -0.12]
						},
						"1.6": {
							"vector": [-1.125, -0.68, -1.595]
						},
						"1.7": {
							"vector": [0.03, -3.43, -2.12]
						},
						"1.8": {
							"vector": [1.18, -2.535, -3.22]
						},
						"1.8667": {
							"vector": [1.18, -2.43, -2.83]
						},
						"1.9667": {
							"vector": [1.18, -2.28, -1.52]
						},
						"2.0333": {
							"vector": [1.18, -2.28, -1.865]
						},
						"2.1667": {
							"vector": [1.18, -2.68, -3.845]
						},
						"2.2333": {
							"vector": [0.885, -1.835, -4.855]
						},
						"2.3": {
							"vector": [0.34, -0.89, -3.435]
						},
						"2.4": {
							"vector": [0, 0, 0]
						}
					}
				},
				"magazine": {
					"rotation": {
						"0.0": {
							"vector": [0, 0, 0]
						},
						"0.2333": {
							"vector": [0, 0, 0]
						},
						"0.7": {
							"vector": [0, 0, 0]
						},
						"0.8333": {
							"vector": [-8.5, -2, 1.25]
						},
						"0.9": {
							"vector": [-8.44764, 1.25068, -0.24794]
						},
						"0.9667": {
							"vector": [0.10142, 1.24766, 2.00259]
						},
						"1.0333": {
							"vector": [0, 0, -0.75]
						},
						"1.1": {
							"vector": [0, 0, 0]
						}
					},
					"position": {
						"0.0": {
							"vector": [0, 0, 0]
						},
						"0.2333": {
							"vector": [0, 0, 0]
						},
						"0.3333": {
							"vector": [0, -23, 0]
						},
						"0.7": {
							"vector": [0, -23, 0]
						},
						"0.8333": {
							"vector": [0.725, -7.55, -1.9]
						},
						"0.9": {
							"vector": [0.125, -7.605, -2.075]
						},
						"0.9667": {
							"vector": [-0.645, -7.1, 0]
						},
						"1.0333": {
							"vector": [0, -6.025, 0]
						},
						"1.1": {
							"vector": [0, 0, 0]
						}
					}
				},
				"bolt": {
					"position": {
						"0.0": {
							"vector": [0, 0, 7.6]
						},
						"2.0667": {
							"vector": [0, 0, 7.6]
						},
						"2.1333": {
							"vector": [0, 0, 0]
						}
					}
				},
				"bullet": {
					"position": {
						"0.0": {
							"vector": [0, -1, 0]
						},
						"0.6667": {
							"vector": [0, -1, 0]
						},
						"0.7": {
							"vector": [0, 0, 0]
						}
					}
				},
				"action": {
					"rotation": {
						"0.0": {
							"vector": [0, 0, 0]
						},
						"1.8333": {
							"vector": [0, 0, 0]
						},
						"1.8667": {
							"vector": [0, 0, 0]
						},
						"2.0333": {
							"vector": [0, 0, 0]
						},
						"2.1333": {
							"vector": [0, 0, 0]
						}
					},
					"position": {
						"0.0": {
							"vector": [0, 0, 0]
						},
						"1.8333": {
							"vector": [0, 0, 0]
						},
						"1.8667": {
							"vector": [0, 0, 8]
						},
						"2.0333": {
							"vector": [0, 0, 8]
						},
						"2.1333": {
							"vector": [0, 0, 0]
						}
					}
				},
				"leftarm": {
					"rotation": {
						"0.0": {
							"vector": [0, 0, 0]
						},
						"0.1333": {
							"vector": [43.07804, 15.85303, 7.64839]
						},
						"0.8333": {
							"vector": [9.84584, 4.15599, 15.03241]
						},
						"0.9": {
							"vector": [9.77665, 5.80251, 14.43551]
						},
						"0.9667": {
							"vector": [6.77665, 5.80251, 14.43551]
						},
						"1.0333": {
							"vector": [6.85598, 4.18921, 15.11822]
						},
						"1.1": {
							"vector": [0.91192, 3.09309, 15.72168]
						},
						"1.2": {
							"vector": [0.91192, 3.09309, 15.72168]
						},
						"1.2667": {
							"vector": [33.41192, 3.09309, 15.72168]
						},
						"1.4": {
							"vector": [33.41192, 3.09309, 15.72168]
						},
						"1.4333": {
							"vector": [33.41192, 3.09309, 15.72168]
						},
						"1.4667": {
							"vector": [21.16192, 3.09309, 15.72168]
						},
						"1.5333": {
							"vector": [21.16192, 3.09309, 15.72168]
						},
						"1.6667": {
							"vector": [-0.02833, -4.4108, 8.0936]
						},
						"1.8333": {
							"vector": [-36.21858, -11.91469, 0.46553]
						},
						"1.8667": {
							"vector": [-50.96858, -11.91469, 0.46553]
						},
						"2.0333": {
							"vector": [-50.96858, -11.91469, 0.46553]
						},
						"2.1333": {
							"vector": [-36.21858, -11.91469, 0.46553]
						},
						"2.3667": {
							"vector": [0, 0, 0]
						}
					},
					"position": {
						"0.0": {
							"vector": [0, 0, 0]
						},
						"0.1333": {
							"vector": [-0.58, -9.97, 13.38]
						},
						"0.7": {
							"vector": [-6.055, -20.32, 16.98]
						},
						"0.8333": {
							"vector": [-3.435, -16.77, 14.98]
						},
						"0.9": {
							"vector": [-3.78, -16.42, 14.23]
						},
						"0.9667": {
							"vector": [-3.805, -17.595, 14.755]
						},
						"1.0333": {
							"vector": [-3.9, -16.575, 14.76]
						},
						"1.1": {
							"vector": [-3.9, -13.175, 14.76]
						},
						"1.2": {
							"vector": [-3.9, -13.175, 14.76]
						},
						"1.2667": {
							"vector": [-6.225, -14.205, 16.785]
						},
						"1.4": {
							"vector": [-6.225, -14.205, 16.785]
						},
						"1.4333": {
							"vector": [-6.225, -14.205, 16.785]
						},
						"1.4667": {
							"vector": [-6.225, -14.205, 16.785]
						},
						"1.5333": {
							"vector": [-6.225, -14.205, 16.785]
						},
						"1.6667": {
							"vector": [1.01073, -13.98283, 24.75785]
						},
						"1.8333": {
							"vector": [3.49356, -3.83978, 19.78765]
						},
						"1.8667": {
							"vector": [4.99, -3.84, 21.715]
						},
						"2.0333": {
							"vector": [4.99, -3.84, 21.715]
						},
						"2.1333": {
							"vector": [3.49356, -3.83978, 19.78765]
						},
						"2.2": {
							"vector": [5.35301, -3.34691, 9.46]
						},
						"2.2667": {
							"vector": [4.77384, -2.29631, 6.31]
						},
						"2.3667": {
							"vector": [0, 0, 0]
						}
					}
				}
			},
			"sound_effects": {
				"0.2167": {
					"effect": "m4_magout_throw"
				},
				"0.3667": {
					"effect": "foley_start"
				},
				"0.8333": {
					"effect": "m4_magin"
				},
				"1.4": {
					"effect": "m4_maghit"
				},
				"1.8": {
					"effect": "m4_actionback"
				},
				"1.8667": {
					"effect": "m4_actionforward"
				},
				"2.0": {
					"effect": "foley_end"
				}
			}
		},
		"animation.model.reload": {
			"loop": true,
			"animation_length": 2.8,
			"bones": {
				"main": {
					"rotation": {
						"0.0": {
							"vector": [0, 0, 0]
						},
						"0.1333": {
							"vector": [-4.93798, -3.40132, -20.28281]
						},
						"0.2": {
							"vector": [-4.60677, -3.83841, -25.52506]
						},
						"0.3": {
							"vector": [-6.16721, 1.67288, 10.11584]
						},
						"0.4": {
							"vector": [-6.69891, 1.91165, 16.8724]
						},
						"0.5333": {
							"vector": [-5.88933, -0.15793, 14.10058]
						},
						"0.6": {
							"vector": [-7.0755, -2.26217, 7.038]
						},
						"0.8": {
							"vector": [-8.9701, -7.74986, -29.49393]
						},
						"0.9": {
							"vector": [-6.70546, -9.77267, -44.27885]
						},
						"0.9667": {
							"vector": [-7.69719, -8.9879, -38.12393]
						},
						"1.0333": {
							"vector": [-7.37202, -9.2823, -40.25346]
						},
						"1.1": {
							"vector": [-6.08017, -10.14753, -45.06384]
						},
						"1.1333": {
							"vector": [-5.09827, -10.77511, -49.36388]
						},
						"1.2": {
							"vector": [-5.95975, -9.27358, -44.1553]
						},
						"1.2667": {
							"vector": [-4.96227, -7.03709, -46.17391]
						},
						"1.3167": {
							"vector": [-5.15176, -3.94491, -38.90474]
						},
						"1.4833": {
							"vector": [0, -0.75, -5.25],
							"easing": "linear"
						},
						"1.5833": {
							"vector": [0, 0, 2.38],
							"easing": "linear"
						},
						"1.6833": {
							"vector": [0, 0, 0],
							"easing": "easeInOutSine"
						}
					},
					"position": {
						"0.0": {
							"vector": [0, 0, 0]
						},
						"0.0667": {
							"vector": [-0.575, 0, 0]
						},
						"0.2": {
							"vector": [-0.38, 0.875, 0.35]
						},
						"0.3": {
							"vector": [-2.705, -3.5, -0.675]
						},
						"0.4333": {
							"vector": [-3.2, -2.62, -1.475]
						},
						"0.6": {
							"vector": [-0.705, -1.9, -1.575]
						},
						"0.7333": {
							"vector": [-0.55, -1.27, -3.6]
						},
						"0.8667": {
							"vector": [-0.7, -0.75, -1.85]
						},
						"1.0": {
							"vector": [-1.025, -0.275, -1.3]
						},
						"1.0667": {
							"vector": [-1.075, -0.025, -1.3]
						},
						"1.1333": {
							"vector": [-1.625, 0.575, -0.775]
						},
						"1.2": {
							"vector": [-1.25, -0.025, -0.775]
						},
						"1.2833": {
							"vector": [-0.89, -1.55, -2.665]
						},
						"1.3667": {
							"vector": [-0.6, -3.15, -5.4],
							"easing": "linear"
						},
						"1.4167": {
							"vector": [-0.31, -1.78, -4.445]
						},
						"1.5": {
							"vector": [-0.02, -0.26, -1.805]
						},
						"1.55": {
							"vector": [-0.01, -0.08, -0.8]
						},
						"1.6333": {
							"vector": [0, 0, 0],
							"easing": "easeOutSine"
						}
					}
				},
				"magazine": {
					"rotation": {
						"0.0": {
							"vector": [0, 0, 0]
						},
						"0.2333": {
							"vector": [0, 0, 0]
						},
						"0.6667": {
							"vector": [0, 0, 0]
						},
						"0.8": {
							"vector": [-8.54117, -1.81479, 2.48689]
						},
						"0.85": {
							"vector": [-8.49004, -0.39281, 0.37768]
						},
						"0.9": {
							"vector": [-8.44764, 1.25068, -0.24794]
						},
						"0.9667": {
							"vector": [0.10142, 1.24766, 2.00259]
						},
						"1.0333": {
							"vector": [0, 0, -0.75]
						},
						"1.1": {
							"vector": [0, 0, 0]
						}
					},
					"position": {
						"0.0": {
							"vector": [0, 0, 0]
						},
						"0.2333": {
							"vector": [0, 0, 0]
						},
						"0.3333": {
							"vector": [0, -23, 0]
						},
						"0.6667": {
							"vector": [0, -23, 0]
						},
						"0.8": {
							"vector": [0.725, -7.375, -1.9]
						},
						"0.85": {
							"vector": [0.43, -7.265, -1.99]
						},
						"0.9": {
							"vector": [0.125, -7.205, -2.075]
						},
						"0.9667": {
							"vector": [-0.645, -7.1, 0]
						},
						"1.0333": {
							"vector": [0, -5.15, 0]
						},
						"1.1": {
							"vector": [0, 0, 0]
						}
					}
				},
				"bolt": {
					"position": {
						"vector": [0, 0, 7.6]
					}
				},
				"action": {
					"rotation": {
						"vector": [0, 0, 0]
					},
					"position": {
						"vector": [0, 0, 0]
					}
				},
				"leftarm": {
					"rotation": {
						"0.0": {
							"vector": [0, 0, 0]
						},
						"0.1333": {
							"vector": [43.07804, 15.85303, 7.64839]
						},
						"0.85": {
							"vector": [9.84584, 4.15599, 15.03241]
						},
						"0.9": {
							"vector": [9.77665, 5.80251, 14.43551]
						},
						"0.9667": {
							"vector": [6.77665, 5.80251, 14.43551]
						},
						"1.0333": {
							"vector": [6.85598, 4.18921, 15.11822]
						},
						"1.1": {
							"vector": [0.91192, 3.09309, 15.72168]
						},
						"1.2333": {
							"vector": [0.91192, 3.09309, 15.72168]
						},
						"1.3667": {
							"vector": [-3.00825, -1.87831, 5.87206]
						},
						"1.5333": {
							"vector": [0, 0, 0]
						}
					},
					"position": {
						"0.0": {
							"vector": [0, 0, 0]
						},
						"0.1333": {
							"vector": [-0.58, -9.97, 13.38]
						},
						"0.7": {
							"vector": [-6.055, -20.32, 16.98]
						},
						"0.8": {
							"vector": [-3.565, -17.66, 15.48]
						},
						"0.85": {
							"vector": [-3.86, -17.395, 14.98]
						},
						"0.9": {
							"vector": [-3.78, -16.42, 14.23]
						},
						"0.9667": {
							"vector": [-3.805, -17.595, 14.755]
						},
						"1.0333": {
							"vector": [-3.9, -16.075, 14.76]
						},
						"1.1": {
							"vector": [-3.9, -13.175, 14.76]
						},
						"1.2333": {
							"vector": [-3.9, -13.175, 14.76]
						},
						"1.3667": {
							"vector": [3.98, -15.045, 8.2]
						},
						"1.5333": {
							"vector": [0, 0, 0]
						}
					}
				}
			},
			"sound_effects": {
				"0.2": {
					"effect": "m4_magout_throw"
				},
				"0.3667": {
					"effect": "foley_start"
				},
				"0.8333": {
					"effect": "m4_magin"
				},
				"1.1667": {
					"effect": "foley_end"
				}
			}
		}
	},
	"geckolib_format_version": 2
}