{
	"format_version": "1.8.0",
	"animations": {
		"animation.model.reloadempty": {
			"loop": true,
			"animation_length": 3.8,
			"bones": {
				"main": {
					"rotation": {
						"0.0": {
							"vector": [0, 0, 0]
						},
						"0.1": {
							"vector": [-0.0975, -0.79404, 9.00068]
						},
						"0.1667": {
							"vector": [-0.04365, -1.99952, 6.25076]
						},
						"0.2667": {
							"vector": [-0.17003, -1.99276, 9.87796]
						},
						"0.3333": {
							"vector": [-0.03492, -1.9997, 6.00061]
						},
						"0.4333": {
							"vector": [-0.54326, -1.97989, 6.25066]
						},
						"0.5667": {
							"vector": [-1.17438, -1.99239, 10.00303]
						},
						"0.6667": {
							"vector": [-1.10412, -2.03216, 8.00219]
						},
						"0.8": {
							"vector": [-9.98676, -6.89132, -14.08316]
						},
						"0.8667": {
							"vector": [-10.18022, -9.22871, -26.99844]
						},
						"0.9333": {
							"vector": [-6.92552, -10.0784, -34.56059]
						},
						"1.0667": {
							"vector": [-8.97766, -8.30715, -21.76871]
						},
						"1.2": {
							"vector": [-8.40396, -7.84901, -25.41547]
						},
						"1.3333": {
							"vector": [-8.86943, -7.07265, -20.17909]
						},
						"1.4667": {
							"vector": [-8.1199, -7.09858, -20.1753]
						},
						"1.6": {
							"vector": [-8.05341, -7.33514, -21.67254]
						},
						"1.8": {
							"vector": [-6.08328, -9.19015, -36.20121]
						},
						"1.9667": {
							"vector": [-6.5615, -9.10818, -33.15315]
						},
						"2.1": {
							"vector": [-5.43301, -10.0891, -40.18712]
						},
						"2.1667": {
							"vector": [-5.93347, -9.54189, -37.18366]
						},
						"2.2333": {
							"vector": [-5.63371, -9.4709, -38.97353]
						},
						"2.3": {
							"vector": [-5.13564, -10.14402, -46.29931]
						},
						"2.3667": {
							"vector": [-5.08495, -9.77454, -42.25551]
						},
						"2.4333": {
							"vector": [-5.32319, -9.60854, -40.74581]
						},
						"2.5": {
							"vector": [-6.55698, -8.85982, -33.18206]
						},
						"2.6": {
							"vector": [-1.06251, -2.15841, -12.75256]
						},
						"2.6667": {
							"vector": [6.62959, 8.20091, 32.8986]
						},
						"2.7": {
							"vector": [6.7717, 8.08423, 33.90189]
						},
						"2.7667": {
							"vector": [17.78491, 6.68891, 41.84806]
						},
						"2.9": {
							"vector": [14.62705, 8.13174, 32.88924]
						},
						"3.0": {
							"vector": [13.86623, 6.68512, 34.60861]
						},
						"3.1": {
							"vector": [7.30767, 2.41159, 26.25579]
						},
						"3.2667": {
							"vector": [0, 0, 3]
						},
						"3.3667": {
							"vector": [0, 0, -2.5]
						},
						"3.4667": {
							"vector": [0, 0, 0]
						}
					},
					"position": {
						"0.0": {
							"vector": [0, 0, 0]
						},
						"0.0667": {
							"vector": [0.3, -0.5, -0.9]
						},
						"0.2667": {
							"vector": [0, 0, 4.6]
						},
						"0.4": {
							"vector": [0, 0.13, 5.3]
						},
						"0.5": {
							"vector": [0, -0.1, 5.3]
						},
						"0.7": {
							"vector": [-0.51, -1.03, 1.59]
						},
						"0.9": {
							"vector": [0.1, -2, -0.1]
						},
						"1.0": {
							"vector": [-0.1, -2.6, -0.1]
						},
						"1.1667": {
							"vector": [-0.1, -2.3, -0.1]
						},
						"1.3667": {
							"vector": [-0.3, -3.1, -0.1]
						},
						"1.6667": {
							"vector": [0, -3.3, -0.1]
						},
						"1.8": {
							"vector": [-0.2, -2.15, -0.1]
						},
						"1.9": {
							"vector": [-0.2, -2.4, -0.1]
						},
						"2.0": {
							"vector": [0.1, -3.2, -0.1]
						},
						"2.1667": {
							"vector": [0.3, -2.8, -0.1]
						},
						"2.2333": {
							"vector": [-1.05, -1.75, -0.1]
						},
						"2.3333": {
							"vector": [-0.45, -2.45, -0.1]
						},
						"2.4333": {
							"vector": [-0.225, -2.97, -0.1]
						},
						"2.5667": {
							"vector": [0.2, -3.35, -0.1]
						},
						"2.7": {
							"vector": [1.2, -5.2, -0.1]
						},
						"2.8": {
							"vector": [0.9, -5.9, -1.3]
						},
						"2.9667": {
							"vector": [0.14, -6.66, -1.82]
						},
						"3.0667": {
							"vector": [-0.93, -5.08, -1.91]
						},
						"3.2": {
							"vector": [0, -0.7, -2.9]
						},
						"3.3": {
							"vector": [0, -0.15, 0.5]
						},
						"3.4": {
							"vector": [0, 0, 0]
						}
					}
				},
				"bolt": {
					"rotation": {
						"0.0": {
							"vector": [0, 0, 0]
						},
						"0.2333": {
							"vector": [0, 0, 0]
						},
						"0.3": {
							"vector": [0, 0, 0]
						},
						"0.4": {
							"vector": [0, 0, 0]
						},
						"0.5": {
							"vector": [0, 0, -35]
						},
						"2.7": {
							"vector": [0, 0, -35]
						},
						"2.7667": {
							"vector": [0, 0, 0]
						}
					},
					"position": {
						"0.0": {
							"vector": [0, 0, 0]
						},
						"0.2333": {
							"vector": [0, 0, 0]
						},
						"0.3": {
							"vector": [0, 0, 10.5]
						},
						"0.4": {
							"vector": [0, 0, 10.5]
						},
						"0.5": {
							"vector": [-0.2, 0.5, 10.5]
						},
						"2.7": {
							"vector": [-0.2, 0.5, 10.5]
						},
						"2.7667": {
							"vector": [0, 0, 0]
						}
					}
				},
				"magazine": {
					"rotation": {
						"0.0": {
							"vector": [0, 0, 0]
						},
						"0.9": {
							"vector": [0, 0, 0]
						},
						"1.0": {
							"vector": [0, 0, -1]
						},
						"1.0667": {
							"vector": [-5.90093, -0.3094, -12.4975]
						},
						"1.2": {
							"vector": [-5.9095, -1.04004, -18.94632]
						},
						"1.3": {
							"vector": [-5.73962, -1.7513, -25.9122]
						},
						"1.5": {
							"vector": [0, 0, -12]
						},
						"1.7667": {
							"vector": [0, 0, 1]
						},
						"1.8667": {
							"vector": [-1, -4, 1]
						},
						"2.0": {
							"vector": [1, 6, 3.5]
						},
						"2.1": {
							"vector": [-0.13982, -3.99756, 1.00488]
						},
						"2.2": {
							"vector": [0, 0, -1]
						},
						"2.2667": {
							"vector": [0, 0, 0]
						}
					},
					"position": {
						"0.0": {
							"vector": [0, 0, 0]
						},
						"0.9": {
							"vector": [0, 0, 0]
						},
						"1.0": {
							"vector": [0, -4.9, -1.1]
						},
						"1.0667": {
							"vector": [2.8, -5.83, -1.53]
						},
						"1.1667": {
							"vector": [5.4, -7.7, -2.4]
						},
						"1.3": {
							"vector": [0.87819, -21.88529, -5.38511]
						},
						"1.4": {
							"vector": [-4.43165, -40.7956, -1.10847]
						},
						"1.5": {
							"vector": [8.3, -26.3, 11.6]
						},
						"1.6667": {
							"vector": [3.67, -11.17, 3.13]
						},
						"1.7": {
							"vector": [3.79, -7.38, 1.01]
						},
						"1.7667": {
							"vector": [3.5, -4.3, -1.1]
						},
						"1.8667": {
							"vector": [3.9, -3.2, -1.1]
						},
						"1.9667": {
							"vector": [2.43, -6.55, -1.1]
						},
						"2.1": {
							"vector": [0, -4.9, -1.1]
						},
						"2.2": {
							"vector": [0, -4.6, -1.1]
						},
						"2.2667": {
							"vector": [0, 0, 0]
						}
					}
				},
				"leftarm": {
					"rotation": {
						"0.0": {
							"vector": [0, 0, 0]
						},
						"0.1667": {
							"vector": [-4.25958, -15.27704, -0.31176]
						},
						"0.2333": {
							"vector": [-4.25958, -15.27704, -0.31176]
						},
						"0.3": {
							"vector": [-18.65778, -18.61587, -2.59555]
						},
						"0.4": {
							"vector": [-17.68876, -22.75167, -5.56833]
						},
						"0.5": {
							"vector": [-15.36655, -25.04902, -11.35634]
						},
						"0.6": {
							"vector": [-15.36655, -25.04902, -11.35634]
						},
						"0.8": {
							"vector": [-7.37475, -5.89101, -3.92749]
						},
						"0.9": {
							"vector": [-7.37475, -5.89101, -3.92749]
						},
						"1.0": {
							"vector": [-0.07371, -8.34542, -7.1005]
						},
						"1.1667": {
							"vector": [11.48694, -6.15963, -2.5819]
						},
						"1.2667": {
							"vector": [12.07041, 3.5687, 6.03056]
						},
						"1.4": {
							"vector": [25.04057, -1.72561, 1.90934]
						},
						"1.6667": {
							"vector": [6.7788, 10.01037, 16.94311]
						},
						"1.8667": {
							"vector": [6.97433, 8.2913, 17.98383]
						},
						"1.9667": {
							"vector": [9.97433, 8.2913, 17.98383]
						},
						"2.1": {
							"vector": [8.97137, 4.51312, 10.86007]
						},
						"2.2": {
							"vector": [9.29079, 5.9441, 13.51612]
						},
						"2.2667": {
							"vector": [7.29079, 5.9441, 13.51612]
						},
						"2.4": {
							"vector": [7.29079, 5.9441, 13.51612]
						},
						"2.5667": {
							"vector": [-30.07631, -18.37551, 22.98329]
						},
						"2.6667": {
							"vector": [-47.38153, -17.72606, -7.80309]
						},
						"2.7": {
							"vector": [-50.51592, -10.75196, -7.18634]
						},
						"2.7667": {
							"vector": [50.87561, -5.24952, -26.2262]
						},
						"2.9": {
							"vector": [54.21826, -6.99874, -13.06122]
						},
						"3.0667": {
							"vector": [12.05475, -22.39115, -35.17726]
						},
						"3.3": {
							"vector": [0, 0, 0]
						}
					},
					"position": {
						"0.0": {
							"vector": [0, 0, 0]
						},
						"0.1667": {
							"vector": [1.4, 3, -7.4]
						},
						"0.2333": {
							"vector": [1.4, 3, -7.4]
						},
						"0.3": {
							"vector": [3.6, -0.3, -3.8]
						},
						"0.4": {
							"vector": [3.6, -0.3, -3.8]
						},
						"0.5": {
							"vector": [3.4, 1.8, -3.1]
						},
						"0.6": {
							"vector": [3.4, 1.8, -3.1]
						},
						"0.7": {
							"vector": [3.97, -3.99, 2.46]
						},
						"0.8": {
							"vector": [0.73736, -9.77888, 7.01904]
						},
						"0.9": {
							"vector": [0.73736, -9.77888, 7.01904]
						},
						"1.0": {
							"vector": [-0.26, -12.58, 8.42]
						},
						"1.1667": {
							"vector": [-0.26, -11.88, 11.02]
						},
						"1.2667": {
							"vector": [-0.66, -13.38, 11.02]
						},
						"1.4": {
							"vector": [7.09083, -11.23527, 33.26489]
						},
						"1.6667": {
							"vector": [0.69, -27.84, 10.76]
						},
						"1.7667": {
							"vector": [0.49, -20.94, 6.26]
						},
						"1.8667": {
							"vector": [0.69, -20.04, 6.56]
						},
						"1.9667": {
							"vector": [-1.61, -22.14, 7.06]
						},
						"2.0": {
							"vector": [-2.94, -22.14, 7.06]
						},
						"2.1": {
							"vector": [-3.21, -21.44, 7.06]
						},
						"2.2": {
							"vector": [-3.71, -20.74, 6.96]
						},
						"2.2667": {
							"vector": [-3.41, -16.94, 7.76]
						},
						"2.4": {
							"vector": [-3.41, -16.94, 7.76]
						},
						"2.6667": {
							"vector": [4.49, 14.96, 5.76],
							"easing": "easeInSine"
						},
						"2.7": {
							"vector": [4.49, 14.96, 5.76]
						},
						"2.7667": {
							"vector": [4.79, 12.46, 5.76]
						},
						"2.8667": {
							"vector": [7.41461, 7.51961, 5.08]
						},
						"3.0667": {
							"vector": [11.62496, 3.61434, 13.44868]
						},
						"3.3": {
							"vector": [0, 0, 0]
						}
					}
				},
				"action": {
					"rotation": {
						"0.0": {
							"vector": [0, 0, 0]
						},
						"2.7": {
							"vector": [0, 0, 0]
						},
						"2.7667": {
							"vector": [0, 0, 0]
						}
					},
					"position": {
						"0.0": {
							"vector": [0, 0, 4.9]
						},
						"2.7": {
							"vector": [0, 0, 4.9]
						},
						"2.7667": {
							"vector": [0, 0, 0]
						}
					}
				},
				"bullet": {
					"rotation": {
						"0.0": {
							"vector": [0, 0, 0]
						},
						"1.2": {
							"vector": [0, 0, 0]
						},
						"1.7667": {
							"vector": [0, 0, 1]
						},
						"1.8667": {
							"vector": [-1, -4, 1]
						},
						"2.0": {
							"vector": [1, 6, 3.5]
						},
						"2.1": {
							"vector": [-0.13982, -3.99756, 1.00488]
						},
						"2.2": {
							"vector": [0, 0, -1]
						},
						"2.3": {
							"vector": [0, 0, 0]
						}
					},
					"position": {
						"0.0": {
							"vector": [0, 0, 0]
						},
						"1.2": {
							"vector": [0, 0, 0]
						},
						"1.3": {
							"vector": [1.42172, -0.51568, 31.73403]
						},
						"1.3667": {
							"vector": [-7.04392, -30.7214, 21.74346]
						},
						"1.4": {
							"vector": [-5.7556, -36.03003, 6.78504]
						},
						"1.6667": {
							"vector": [2.77, -10.97, 3.13]
						},
						"1.7": {
							"vector": [3.39, -7.28, 1.01]
						},
						"1.7667": {
							"vector": [3.5, -4.3, -1.1]
						},
						"1.8667": {
							"vector": [3.9, -3.2, -1.1]
						},
						"1.9667": {
							"vector": [2.43, -6.55, -1.1]
						},
						"2.1": {
							"vector": [0, -4.9, -1.1]
						},
						"2.2": {
							"vector": [0, -4.6, -1.1]
						},
						"2.3": {
							"vector": [0, 0, 0]
						}
					}
				}
			},
			"sound_effects": {
				"0.1667": {
					"effect": "mp5_actionback"
				},
				"0.3": {
					"effect": "mp5_actionup"
				},
				"0.7": {
					"effect": "mp5_magout"
				},
				"1.1": {
					"effect": "foley_start"
				},
				"1.7667": {
					"effect": "mp5_magin"
				},
				"2.7": {
					"effect": "mp5_actionslap"
				},
				"2.8667": {
					"effect": "foley_end"
				}
			}
		},
		"animation.model.draw": {
			"loop": true,
			"animation_length": 1.2,
			"bones": {
				"main": {
					"rotation": {
						"0.0": {
							"vector": [32.09413, -54.38778, -8.29667]
						},
						"0.25": {
							"vector": [1.77698, -9.99529, -4.30852]
						},
						"0.4": {
							"vector": [0.58201, -1.04064, 2.6563]
						},
						"0.5": {
							"vector": [0.33587, 0.38756, -0.40013]
						},
						"0.6": {
							"vector": [0, 0, 0]
						}
					},
					"position": {
						"0.0": {
							"vector": [0, -17.3, 0]
						},
						"0.1": {
							"vector": [0, -7.41, -4.07]
						},
						"0.25": {
							"vector": [-0.4, -1.2, -2.75]
						},
						"0.35": {
							"vector": [0.4, 0, -1.9]
						},
						"0.5": {
							"vector": [0, 0, 0]
						}
					}
				},
				"leftarm": {
					"rotation": {
						"0.0": {
							"vector": [0, 0, 0]
						},
						"0.2": {
							"vector": [1, 0, -22]
						},
						"0.4": {
							"vector": [0, 0, 0]
						}
					},
					"position": {
						"0.0": {
							"vector": [0, 0, 0]
						},
						"0.2": {
							"vector": [3.53901, 3.6754, 5.59783]
						},
						"0.4": {
							"vector": [0, 0, 0]
						}
					}
				}
			},
			"sound_effects": {
				"0.0": {
					"effect": "draw"
				}
			}
		},
		"animation.model.reload": {
			"loop": true,
			"animation_length": 2.85,
			"bones": {
				"main": {
					"rotation": {
						"0.0": {
							"vector": [0, 0, 0]
						},
						"0.1333": {
							"vector": [-9.98676, -6.89132, -14.08316]
						},
						"0.2": {
							"vector": [-10.18022, -9.22871, -26.99844]
						},
						"0.2667": {
							"vector": [-6.92552, -10.0784, -34.56059]
						},
						"0.4": {
							"vector": [-8.97766, -8.30715, -21.76871]
						},
						"0.5333": {
							"vector": [-8.40396, -7.84901, -25.41547]
						},
						"0.6667": {
							"vector": [-8.86943, -7.07265, -20.17909]
						},
						"0.7667": {
							"vector": [-8.1199, -7.09858, -20.1753]
						},
						"0.9333": {
							"vector": [-8.05341, -7.33514, -21.67254]
						},
						"1.0667": {
							"vector": [-6.19202, -8.66174, -34.57108]
						},
						"1.1667": {
							"vector": [-5.43301, -10.0891, -40.18712]
						},
						"1.2333": {
							"vector": [-5.93347, -9.54189, -37.18366]
						},
						"1.3": {
							"vector": [-5.63371, -9.4709, -38.97353]
						},
						"1.3667": {
							"vector": [-5.13564, -10.14402, -46.29931]
						},
						"1.4333": {
							"vector": [-5.08495, -9.77454, -42.25551]
						},
						"1.5": {
							"vector": [-5.32319, -9.60854, -40.74581]
						},
						"1.5667": {
							"vector": [-6.55698, -8.85982, -33.18206]
						},
						"1.6667": {
							"vector": [-6.60899, -10.59121, -37.6]
						},
						"1.7667": {
							"vector": [-8.59134, -10.23767, -40.25062]
						},
						"1.8667": {
							"vector": [-8.55566, -9.36276, -35.75421]
						},
						"2.1": {
							"vector": [0, 0, 3]
						},
						"2.2667": {
							"vector": [0, 0, 0]
						}
					},
					"position": {
						"0.0": {
							"vector": [0, 0, 0]
						},
						"0.2333": {
							"vector": [0.1, -2, -0.1]
						},
						"0.3333": {
							"vector": [-0.1, -2.6, -0.1]
						},
						"0.4667": {
							"vector": [-0.1, -2.3, -0.1]
						},
						"0.7": {
							"vector": [-0.3, -3.1, -0.1]
						},
						"1.0": {
							"vector": [0, -3.3, -0.1]
						},
						"1.1": {
							"vector": [-0.16, -3.16, -0.1]
						},
						"1.2333": {
							"vector": [0.3, -2.8, -0.1]
						},
						"1.3": {
							"vector": [-0.675, -2.225, -0.1]
						},
						"1.3667": {
							"vector": [-0.425, -2.725, -0.1]
						},
						"1.5": {
							"vector": [-0.225, -3.32, -0.1]
						},
						"1.7": {
							"vector": [-0.47, -2.195, -0.1]
						},
						"1.7333": {
							"vector": [-1.345, -1.375, -0.1]
						},
						"1.9": {
							"vector": [-0.475, -2.845, -0.1]
						},
						"2.0333": {
							"vector": [0, -0.7, -1.75]
						},
						"2.2": {
							"vector": [0, 0, 0]
						}
					}
				},
				"bolt": {
					"rotation": {
						"vector": [0, 0, 0]
					},
					"position": {
						"vector": [0, 0, 0]
					}
				},
				"magazine": {
					"rotation": {
						"0.0": {
							"vector": [0, 0, 0]
						},
						"0.2667": {
							"vector": [0, 0, 0]
						},
						"0.3667": {
							"vector": [0, 0, -1]
						},
						"0.4": {
							"vector": [-5.90093, -0.3094, -12.4975]
						},
						"0.5667": {
							"vector": [-5.9095, -1.04004, -18.94632]
						},
						"0.6667": {
							"vector": [-5.73962, -1.7513, -25.9122]
						},
						"0.8667": {
							"vector": [0, 0, -12]
						},
						"1.1": {
							"vector": [-0.13982, -3.99756, 1.00488]
						},
						"1.2": {
							"vector": [0, 0, -1]
						},
						"1.3": {
							"vector": [0, 0, 0]
						}
					},
					"position": {
						"0.0": {
							"vector": [0, 0, 0]
						},
						"0.2667": {
							"vector": [0, 0, 0]
						},
						"0.3667": {
							"vector": [0, -4.9, -1.1]
						},
						"0.4": {
							"vector": [2.8, -5.83, -1.53]
						},
						"0.5": {
							"vector": [5.4, -7.7, -2.4]
						},
						"0.6667": {
							"vector": [0.87819, -21.88529, -5.38511]
						},
						"0.7667": {
							"vector": [-4.43165, -40.7956, -1.10847]
						},
						"0.8667": {
							"vector": [8.3, -26.3, 11.6]
						},
						"1.0": {
							"vector": [3.67, -11.17, 3.13]
						},
						"1.1": {
							"vector": [0, -4.9, -1.1]
						},
						"1.2": {
							"vector": [0, -4.6, -1.1]
						},
						"1.3": {
							"vector": [0, 0, 0]
						}
					}
				},
				"leftarm": {
					"rotation": {
						"0.0": {
							"vector": [0, 0, 0]
						},
						"0.1667": {
							"vector": [-7.37475, -5.89101, -3.92749]
						},
						"0.2667": {
							"vector": [-7.37475, -5.89101, -3.92749]
						},
						"0.3667": {
							"vector": [-0.07371, -8.34542, -7.1005]
						},
						"0.5": {
							"vector": [11.48694, -6.15963, -2.5819]
						},
						"0.6": {
							"vector": [12.07041, 3.5687, 6.03056]
						},
						"0.7667": {
							"vector": [25.04057, -1.72561, 1.90934]
						},
						"1.0": {
							"vector": [6.7788, 10.01037, 16.94311]
						},
						"1.1": {
							"vector": [8.97137, 4.51312, 10.86007]
						},
						"1.2": {
							"vector": [9.29079, 5.9441, 13.51612]
						},
						"1.3": {
							"vector": [7.29079, 5.9441, 13.51612]
						},
						"1.4": {
							"vector": [7.29079, 5.9441, 13.51612]
						},
						"1.4667": {
							"vector": [7.29079, 5.9441, 13.51612]
						},
						"1.5333": {
							"vector": [38.54079, 5.9441, 13.51612]
						},
						"1.6667": {
							"vector": [38.54079, 5.9441, 13.51612]
						},
						"1.7": {
							"vector": [24.14093, 1.56875, 14.57295]
						},
						"1.9": {
							"vector": [24.14093, 1.56875, 14.57295]
						},
						"2.2": {
							"vector": [0, 0, 0]
						}
					},
					"position": {
						"0.0": {
							"vector": [0, 0, 0]
						},
						"0.1667": {
							"vector": [0.73736, -9.77888, 7.01904]
						},
						"0.2667": {
							"vector": [0.73736, -9.77888, 7.01904]
						},
						"0.3667": {
							"vector": [-0.26, -12.58, 8.42]
						},
						"0.5": {
							"vector": [-0.26, -11.88, 11.02]
						},
						"0.6": {
							"vector": [-0.66, -13.38, 11.02]
						},
						"0.7667": {
							"vector": [7.09083, -11.23527, 33.26489]
						},
						"1.0": {
							"vector": [0.69, -27.84, 10.76]
						},
						"1.1": {
							"vector": [-3.21, -21.44, 7.06]
						},
						"1.2": {
							"vector": [-3.71, -20.74, 6.96]
						},
						"1.3": {
							"vector": [-3.41, -16.94, 7.76]
						},
						"1.4": {
							"vector": [-3.41, -16.94, 7.76]
						},
						"1.4667": {
							"vector": [-3.41, -16.94, 7.76]
						},
						"1.5333": {
							"vector": [-6.86, -16.34, 9.935]
						},
						"1.6667": {
							"vector": [-6.86, -16.34, 9.935]
						},
						"1.7": {
							"vector": [-7.385, -14.39, 9.935]
						},
						"1.9": {
							"vector": [-7.385, -14.39, 9.935]
						},
						"2.0": {
							"vector": [-2.27, -10.28, 7.1]
						},
						"2.1": {
							"vector": [1.52, -5.14, 3.55]
						},
						"2.2": {
							"vector": [0, 0, 0],
							"easing": "linear"
						}
					}
				},
				"action": {
					"rotation": {
						"vector": [0, 0, 0]
					},
					"position": {
						"vector": [0, 0, 4.9]
					}
				},
				"bullet": {
					"rotation": {
						"0.0": {
							"vector": [0, 0, 0]
						},
						"0.2667": {
							"vector": [0, 0, 0]
						},
						"0.3667": {
							"vector": [0, 0, -1]
						},
						"0.4": {
							"vector": [-5.90093, -0.3094, -12.4975]
						},
						"0.5667": {
							"vector": [-5.9095, -1.04004, -18.94632]
						},
						"0.6667": {
							"vector": [-5.73962, -1.7513, -25.9122]
						},
						"0.8667": {
							"vector": [0, 0, -12]
						},
						"1.1": {
							"vector": [-0.13982, -3.99756, 1.00488]
						},
						"1.2": {
							"vector": [0, 0, -1]
						},
						"1.3": {
							"vector": [0, 0, 0]
						}
					},
					"position": {
						"0.0": {
							"vector": [0, 0, 0]
						},
						"0.2667": {
							"vector": [0, 0, 0]
						},
						"0.3667": {
							"vector": [0, -4.9, -1.1]
						},
						"0.4": {
							"vector": [2.8, -5.83, -1.53]
						},
						"0.5": {
							"vector": [5.4, -7.7, -2.4]
						},
						"0.6667": {
							"vector": [0.87819, -21.88529, -5.38511]
						},
						"0.7667": {
							"vector": [-4.43165, -40.7956, -1.10847]
						},
						"0.8667": {
							"vector": [8.3, -26.3, 11.6]
						},
						"1.0": {
							"vector": [3.67, -11.17, 3.13]
						},
						"1.1": {
							"vector": [0, -4.9, -1.1]
						},
						"1.2": {
							"vector": [0, -4.6, -1.1]
						},
						"1.3": {
							"vector": [0, 0, 0]
						}
					}
				}
			},
			"sound_effects": {
				"0.1": {
					"effect": "mp5_magout"
				},
				"0.8": {
					"effect": "mp5_magin"
				},
				"1.7": {
					"effect": "m4_maghit"
				},
				"1.7667": {
					"effect": "foley_end"
				}
			}
		},
		"animation.model.inspect": {
			"loop": true,
			"animation_length": 4.26667,
			"bones": {
				"main": {
					"rotation": {
						"0.0": {
							"vector": [0, 0, 0]
						},
						"0.1667": {
							"vector": [-8.41746, -13.59608, -21.21259],
							"easing": "linear"
						},
						"0.3": {
							"vector": [-8.39812, -20.10111, -31.77688]
						},
						"0.4333": {
							"vector": [-9.55676, -20.88889, -28.55629]
						},
						"0.5333": {
							"vector": [-8.77652, -21.21647, -30.72851]
						},
						"0.7667": {
							"vector": [-9.4227, -20.94881, -28.93303]
						},
						"1.0": {
							"vector": [-3.1216, -20.98207, -46.44405]
						},
						"1.1333": {
							"vector": [-4.564, -20.73064, -42.44007]
						},
						"1.2333": {
							"vector": [-4.86325, -20.9153, -41.60203]
						},
						"1.3333": {
							"vector": [-4.58308, -20.97575, -42.38574]
						},
						"1.4667": {
							"vector": [-4.01131, -21.08802, -43.97908]
						},
						"1.6": {
							"vector": [-4.38767, -21.01662, -42.9316]
						},
						"1.7": {
							"vector": [-4.18847, -21.05622, -43.48691],
							"easing": "linear"
						},
						"2.0": {
							"vector": [-16.91438, 5.38499, 54.40399],
							"easing": "linear"
						},
						"2.1333": {
							"vector": [-15.22513, 5.80082, 60.04554]
						},
						"2.2667": {
							"vector": [-15.70981, 5.86025, 59.48558]
						},
						"2.4": {
							"vector": [-15.93602, 7.03904, 62.69373]
						},
						"2.5333": {
							"vector": [-15.60896, 7.75082, 65.23442]
						},
						"2.7": {
							"vector": [-15.71675, 7.52491, 64.42194]
						},
						"2.8667": {
							"vector": [-15.56389, 7.84019, 65.55973]
						},
						"3.0667": {
							"vector": [-15.61778, 7.73186, 65.16659]
						},
						"3.2333": {
							"vector": [-15.9801, 6.93689, 62.33342]
						},
						"3.3667": {
							"vector": [-8.86998, 2.42135, 33.56191]
						},
						"3.5": {
							"vector": [0, -1.75, -2.75]
						},
						"3.6667": {
							"vector": [0, 0, 0]
						}
					},
					"position": {
						"0.0": {
							"vector": [0, 0, 0]
						},
						"0.3": {
							"vector": [-0.475, 1.475, -8.7]
						},
						"0.4": {
							"vector": [-0.195, 1, -7.7]
						},
						"0.5333": {
							"vector": [-0.03, 0.725, -7.7]
						},
						"0.7": {
							"vector": [0, 1.125, -7.7]
						},
						"0.9": {
							"vector": [0.125, 1.4, -8.275]
						},
						"1.2": {
							"vector": [-0.02, 1.475, -8]
						},
						"1.4": {
							"vector": [0.11, 1.425, -8.175]
						},
						"1.6667": {
							"vector": [0.275, 1.25, -7.975]
						},
						"1.8": {
							"vector": [-0.13, -1.19, -8.65]
						},
						"1.9333": {
							"vector": [-0.545, -1.325, -11.15]
						},
						"2.1": {
							"vector": [-0.415, -1.395, -10.545]
						},
						"2.2333": {
							"vector": [-0.525, -1.455, -9.17]
						},
						"2.3667": {
							"vector": [-0.49, -1.43, -9.85]
						},
						"2.5333": {
							"vector": [-0.455, -1.5, -9.24]
						},
						"2.7333": {
							"vector": [-0.53, -1.5, -9.27]
						},
						"2.9667": {
							"vector": [-0.49, -1.41, -9.3]
						},
						"3.2": {
							"vector": [-0.545, -1.325, -9.325]
						},
						"3.3333": {
							"vector": [-1.005, -0.61, -7.41]
						},
						"3.6": {
							"vector": [0, 0, 0]
						}
					}
				},
				"leftarm": {
					"rotation": {
						"0.0": {
							"vector": [0, 0, 0]
						},
						"0.1667": {
							"vector": [0, 0, -2.5]
						},
						"1.7333": {
							"vector": [0, 0, -2.5]
						},
						"2.0": {
							"vector": [-20, 0, -45]
						},
						"3.2667": {
							"vector": [-20, 0, -45]
						},
						"3.5333": {
							"vector": [0, 0, 0]
						}
					},
					"position": {
						"0.0": {
							"vector": [0, 0, 0]
						},
						"0.1667": {
							"vector": [11.23986, -30.20851, 24.64864]
						},
						"1.7333": {
							"vector": [11.23986, -30.20851, 24.64864]
						},
						"2.0": {
							"vector": [7.35, 6.25, -0.67]
						},
						"3.2667": {
							"vector": [7.35, 6.25, -0.67]
						},
						"3.5333": {
							"vector": [0, 0, 0]
						}
					}
				}
			},
			"sound_effects": {
				"0.0": {
					"effect": "inspect_up"
				},
				"0.8": {
					"effect": "inspect_foley"
				},
				"1.3667": {
					"effect": "inspect_turn"
				},
				"3.2667": {
					"effect": "inspect_down"
				}
			}
		}
	},
	"geckolib_format_version": 2
}