{
	"format_version": "1.8.0",
	"animations": {
		"animation.model.draw": {
			"loop": true,
			"animation_length": 0.5333,
			"bones": {
				"main": {
					"rotation": {
						"0.0": {
							"vector": [55, 0, 0]
						},
						"0.4": {
							"vector": [-5, 0, -7.5]
						},
						"0.5333": {
							"vector": [0, 0, 0]
						}
					},
					"position": {
						"0.0": {
							"vector": [0, -22, 10]
						},
						"0.4": {
							"vector": [0, 0, 0]
						},
						"0.5333": {
							"vector": [0, 0, 0]
						}
					}
				},
				"gun": {
					"rotation": {
						"0.0667": {
							"vector": [0, 0, 0]
						},
						"0.4": {
							"vector": [-360, 0, 0]
						},
						"0.4333": {
							"vector": [0, 0, 0],
							"easing": "step",
							"easingArgs": [2]
						}
					}
				},
				"leftarm": {
					"rotation": {
						"0.3333": {
							"vector": [12.5, 0, 0]
						},
						"0.4667": {
							"vector": [0, 0, 0]
						}
					},
					"position": {
						"0.3333": {
							"vector": [4.97789, -0.44391, -0.08375]
						},
						"0.4667": {
							"vector": [0, 0, 0]
						}
					}
				}
			}
		},
		"animation.model.inspect": {
			"loop": true,
			"animation_length": 4,
			"bones": {
				"main": {
					"rotation": {
						"0.0": {
							"vector": [0, 0, 0]
						},
						"0.2": {
							"vector": [0, -5, -7.5]
						},
						"0.8667": {
							"vector": [0, -5, -7.5],
							"easing": "easeOutSine"
						},
						"1.2333": {
							"vector": [0, -67.5, -7.5],
							"easing": "easeInOutBack",
							"easingArgs": [0]
						},
						"1.5667": {
							"vector": [0, -67.5, -7.5],
							"easing": "easeOutSine"
						},
						"2.0": {
							"vector": [25, 50, 45],
							"easing": "easeInOutBack",
							"easingArgs": [0.2]
						},
						"2.3": {
							"vector": [25, 50, 45],
							"easing": "easeOutSine"
						},
						"2.6667": {
							"vector": [0, 0, 0],
							"easing": "easeInOutBack",
							"easingArgs": [0.2]
						},
						"3.0667": {
							"vector": [0, 0, 0]
						},
						"3.2333": {
							"vector": [5, 0, 0]
						},
						"3.4": {
							"vector": [0, 0, 0]
						}
					},
					"position": {
						"0.0": {
							"vector": [0, 0, 0]
						},
						"0.2": {
							"vector": [0, 0, 0]
						},
						"0.8667": {
							"vector": [0, 0, 0]
						},
						"1.2333": {
							"vector": [4, 0, 0]
						},
						"1.5667": {
							"vector": [4, 0, 0]
						},
						"2.0": {
							"vector": [0, 0, 0]
						},
						"2.3": {
							"vector": [0, 0, 0]
						},
						"2.6667": {
							"vector": [0, 0, 0]
						},
						"3.0667": {
							"vector": [0, 0, 0]
						},
						"3.2333": {
							"vector": [0, -1, 0]
						},
						"3.4": {
							"vector": [0, 0, 0]
						}
					}
				},
				"gun": {
					"rotation": {
						"0.0": {
							"vector": [0, 0, 0]
						},
						"0.2": {
							"vector": [0, 0, 0]
						},
						"0.7667": {
							"vector": [-360, 0, 0],
							"easing": "easeInElastic",
							"easingArgs": [1]
						},
						"3.0667": {
							"vector": [-360, 0, 0],
							"easing": "easeInElastic",
							"easingArgs": [1]
						},
						"3.5": {
							"vector": [-360, 0, 0],
							"easing": "linear"
						},
						"3.5333": {
							"vector": [0, 0, 0],
							"easing": "step",
							"easingArgs": [2]
						}
					},
					"position": {
						"0.0": {
							"vector": [0, 0, 0]
						},
						"0.2": {
							"vector": [-0.21716, -1.98811, 0.01582]
						},
						"0.2667": {
							"vector": [0.04006, -0.00711, -0.00275]
						},
						"0.7667": {
							"vector": [0.04006, -0.00711, -0.00275]
						},
						"3.0667": {
							"vector": [0.04006, -0.00711, -0.00275]
						},
						"3.5": {
							"vector": [0, 0, 0]
						}
					}
				},
				"shaft": {
					"rotation": {
						"3.0667": {
							"vector": [0, 0, 0]
						},
						"3.7": {
							"vector": [0, 0, -720],
							"easing": "easeInOutSine"
						}
					}
				},
				"rightarm": {
					"rotation": {
						"0.0": {
							"vector": [0, 0, 0]
						},
						"0.1": {
							"vector": [0, 0, 0]
						},
						"0.2667": {
							"vector": [-5, 0, 0]
						},
						"3.4": {
							"vector": [-5, 0, 0]
						},
						"3.6": {
							"vector": [0, 0, 0]
						}
					},
					"position": {
						"0.0": {
							"vector": [0, 0, 0]
						},
						"0.1": {
							"vector": [0, 0, 0]
						},
						"0.1667": {
							"vector": [-0.21716, -1.98811, 0.01582]
						},
						"0.2667": {
							"vector": [0.04006, -0.00711, -0.00275]
						},
						"3.4": {
							"vector": [0.04006, -0.00711, -0.00275]
						},
						"3.6": {
							"vector": [0, 0, 0]
						}
					}
				},
				"leftarm": {
					"rotation": {
						"0.0": {
							"vector": [0, 0, 0]
						},
						"0.1": {
							"vector": [0, 0, 0]
						},
						"0.4": {
							"vector": [17.5, 0, 0],
							"easing": "easeInOutBack",
							"easingArgs": [1.5]
						},
						"0.8667": {
							"vector": [17.5, 0, 0],
							"easing": "easeOutSine"
						},
						"1.2333": {
							"vector": [-37.5, -20, 0],
							"easing": "easeInOutSine"
						},
						"1.5667": {
							"vector": [-37.5, -20, 0]
						},
						"2.0": {
							"vector": [0, -20, -12.5]
						},
						"2.3": {
							"vector": [0, -20, -12.5],
							"easing": "easeOutSine"
						},
						"2.8": {
							"vector": [0, -45, -12.5],
							"easing": "easeInOutBack",
							"easingArgs": [2]
						},
						"3.0667": {
							"vector": [0, -45, -12.5],
							"easing": "easeOutSine"
						},
						"3.2333": {
							"vector": [0, -12.5, -12.5],
							"easing": "easeOutBack"
						},
						"3.3": {
							"vector": [0, -12.5, -12.5]
						},
						"3.5": {
							"vector": [0, 0, 0]
						}
					},
					"position": {
						"0.0": {
							"vector": [0, 0, 0]
						},
						"0.1": {
							"vector": [0, 0, 0]
						},
						"0.4": {
							"vector": [5.92603, -0.78316, -0.51846],
							"easing": "easeOutBack"
						},
						"0.8667": {
							"vector": [5.92603, -0.78316, -0.51846],
							"easing": "easeOutSine"
						},
						"1.2333": {
							"vector": [13.8976, -3.52105, -19.75549],
							"easing": "easeInOutSine"
						},
						"1.5667": {
							"vector": [13.8976, -3.52105, -19.75549]
						},
						"2.0": {
							"vector": [7.91464, -5.14101, -12.93741]
						},
						"2.3": {
							"vector": [7.91464, -5.14101, -12.93741]
						},
						"2.8": {
							"vector": [7.91, -4.14, -8.94]
						},
						"3.0667": {
							"vector": [7.91, -4.14, -8.94]
						},
						"3.3": {
							"vector": [7.91, -4.14, -8.94]
						},
						"3.4333": {
							"vector": [0, 0, 0]
						},
						"3.5": {
							"vector": [0, 0, 0]
						}
					}
				},
				"cylinder": {
					"rotation": {
						"3.0667": {
							"vector": [0, 0, 0]
						},
						"3.7": {
							"vector": [0, 0, 741],
							"easing": "easeInOutSine"
						}
					}
				}
			},
			"sound_effects": {
				"2.9667": {
					"effect": "inspect_foley"
				},
				"3.0667": {
					"effect": "inspect_foley"
				},
				"3.1667": {
					"effect": "inspect_foley"
				},
				"3.2667": {
					"effect": "inspect_foley"
				},
				"3.3667": {
					"effect": "inspect_foley"
				},
				"3.4667": {
					"effect": "inspect_foley"
				}
			}
		},
		"animation.model.fire": {
			"loop": true,
			"animation_length": 1.1,
			"bones": {
				"hammer": {
					"rotation": {
						"0.0667": {
							"vector": [-25, 0, 0]
						},
						"0.1": {
							"vector": [0, 0, 0],
							"easing": "easeInSine"
						},
						"0.7667": {
							"vector": [0, 0, 0]
						},
						"0.8": {
							"vector": [0, 0, 0]
						},
						"0.9": {
							"vector": [-25, 0, 0]
						}
					},
					"position": {
						"0.1": {
							"vector": [0, 0, 0]
						},
						"0.7667": {
							"vector": [0, 0, 0]
						},
						"0.8": {
							"vector": [0, 0, 0]
						}
					}
				},
				"shaft": {
					"rotation": {
						"0.7667": {
							"vector": [0, 0, 0]
						},
						"0.8": {
							"vector": [0, 0, 0]
						},
						"0.9": {
							"vector": [0, 0, 90]
						}
					},
					"position": {
						"0.7667": {
							"vector": [0, 0, 0]
						},
						"0.8": {
							"vector": [0, 0, 0]
						}
					}
				},
				"rightarm": {
					"rotation": {
						"0.0": {
							"vector": [0, 0, 0]
						},
						"0.5333": {
							"vector": [0, 0, 0]
						}
					},
					"position": {
						"0.0": {
							"vector": [0, 0, 0]
						},
						"0.1": {
							"vector": [0, 0, 1]
						},
						"0.2333": {
							"vector": [0, 0, 0]
						},
						"0.5333": {
							"vector": [0, 0, 0]
						}
					}
				},
				"leftarm": {
					"rotation": {
						"0.5333": {
							"vector": [0, 0, 0]
						},
						"0.7667": {
							"vector": [-2.5, -6.6, -8],
							"easing": "easeInOutBack",
							"easingArgs": [1]
						},
						"0.8": {
							"vector": [-2.5, -6.6, -8],
							"easing": "easeInBack",
							"easingArgs": [0.5]
						},
						"0.9": {
							"vector": [-2.5, -9.1, -8],
							"easing": "linear"
						},
						"1.1": {
							"vector": [0, 0, 0],
							"easing": "linear"
						}
					},
					"position": {
						"0.5333": {
							"vector": [0, 0, 0]
						},
						"0.7667": {
							"vector": [4.4, 8, 2],
							"easing": "easeOutBack",
							"easingArgs": [0.5]
						},
						"0.8": {
							"vector": [4.4, 8, 2]
						},
						"0.9": {
							"vector": [4.4, 6, 3],
							"easing": "linear"
						},
						"1.1": {
							"vector": [0, 0, 0],
							"easing": "easeOutBack",
							"easingArgs": [0.5]
						}
					}
				},
				"cylinder": {
					"rotation": {
						"0.7667": {
							"vector": [0, 0, 0]
						},
						"0.8": {
							"vector": [0, 0, 0]
						},
						"0.9": {
							"vector": [0, 0, -45]
						}
					},
					"position": {
						"0.7667": {
							"vector": [0, 0, 0]
						},
						"0.8": {
							"vector": [0, 0, 0]
						}
					}
				}
			},
			"sound_effects": {
				"0.8": {
					"effect": "click"
				},
				"0.8667": {
					"effect": "inspect_foley"
				}
			}
		},
		"animation.model.prepare": {
			"loop": true,
			"animation_length": 0.4,
			"bones": {
				"main": {
					"rotation": {
						"0.0": {
							"vector": [0, 0, 0]
						},
						"0.1333": {
							"vector": [0, 0, -10]
						},
						"0.2667": {
							"vector": [0, 0, 7.5]
						},
						"0.4": {
							"vector": [0, -2.5, -2.5]
						}
					},
					"position": {
						"0.0": {
							"vector": [0, 0, 0]
						},
						"0.1333": {
							"vector": [0, 0, 0]
						},
						"0.2667": {
							"vector": [0, 0, 0]
						},
						"0.4": {
							"vector": [0, 0, 0]
						}
					}
				},
				"magazine": {
					"rotation": {
						"0.1333": {
							"vector": [0, 0, 0]
						},
						"0.3": {
							"vector": [0, 0, 45],
							"easing": "easeOutSine"
						}
					}
				},
				"rightarm": {
					"rotation": {
						"0.0": {
							"vector": [0, 0, 0]
						},
						"0.1333": {
							"vector": [-12.50285, 9.56583, -2.918]
						},
						"0.2": {
							"vector": [-12.44049, 4.78293, -1.45888]
						},
						"0.2333": {
							"vector": [-12.44049, 4.78293, -1.45888]
						},
						"0.4": {
							"vector": [0, 0, 0]
						}
					},
					"position": {
						"0.0": {
							"vector": [0, 0, 0]
						},
						"0.1333": {
							"vector": [0, 2, -4]
						},
						"0.2": {
							"vector": [0, 2, -4]
						},
						"0.2333": {
							"vector": [0, 2, -4]
						},
						"0.4": {
							"vector": [0, 0, 0]
						}
					}
				}
			},
			"sound_effects": {
				"0.0333": {
					"effect": "revolver_open"
				}
			}
		},
		"animation.model.iterativereload": {
			"loop": true,
			"animation_length": 1.2667,
			"bones": {
				"main": {
					"rotation": {
						"0.6": {
							"vector": [0, -2.5, -2.5]
						},
						"0.7667": {
							"vector": [2, -2.5, -2.5]
						},
						"0.9": {
							"vector": [0, 0, 0]
						},
						"1.2": {
							"vector": [0, -2.5, -2.5]
						}
					},
					"position": {
						"0.6": {
							"vector": [0, 0, 0]
						},
						"0.7667": {
							"vector": [0, 0, -0.4]
						},
						"0.9": {
							"vector": [0, 0, 0]
						},
						"1.2": {
							"vector": [0, 0, 0]
						}
					}
				},
				"shaft": {
					"rotation": {
						"0.9333": {
							"vector": [0, 0, 0]
						},
						"1.1333": {
							"vector": [0, 0, -90],
							"easing": "easeOutBack"
						}
					},
					"position": {
						"vector": [0, 0, 0]
					}
				},
				"bullet": {
					"rotation": {
						"0.1333": {
							"vector": [0, 0, 0]
						},
						"0.1667": {
							"vector": [0, 0, -45]
						},
						"0.2": {
							"vector": [0, 0, -45]
						}
					},
					"position": {
						"0.1333": {
							"vector": [0, 0, 0]
						},
						"0.1667": {
							"vector": [28.93199, -27.63656, 28.98001]
						},
						"0.2": {
							"vector": [17.67767, -17.67767, 2]
						},
						"0.4667": {
							"vector": [-0.70478, -0.70944, 11]
						},
						"0.7": {
							"vector": [-1.41421, 0, 0]
						}
					}
				},
				"magazine": {
					"rotation": {
						"vector": [0, 0, 45]
					}
				},
				"leftarm": {
					"rotation": {
						"0.0": {
							"vector": [0, 0, 0]
						},
						"0.2": {
							"vector": [0, 22.5, 0],
							"easing": "easeOutSine"
						},
						"0.4667": {
							"vector": [0, -40, 12.5],
							"easing": "easeInSine"
						},
						"0.7": {
							"vector": [0, -30, 12.5],
							"easing": "easeOutSine"
						},
						"0.8": {
							"vector": [7.5, -25, 10.42],
							"easing": "easeInSine"
						},
						"0.9": {
							"vector": [0, -20, 8.33],
							"easing": "easeInSine"
						},
						"1.0333": {
							"vector": [0, -5, 8.33]
						},
						"1.2333": {
							"vector": [0, 0, 0]
						}
					},
					"position": {
						"0.0": {
							"vector": [0, 0, 0]
						},
						"0.2": {
							"vector": [0, -9, 0],
							"easing": "easeOutSine"
						},
						"0.4667": {
							"vector": [2, -9, 3],
							"easing": "easeOutSine"
						},
						"0.7": {
							"vector": [2, -6, -2],
							"easing": "linear"
						},
						"0.9": {
							"vector": [6.33, 0, -5.33]
						},
						"1.0333": {
							"vector": [6.33, 0, -5.33]
						},
						"1.2333": {
							"vector": [0, 0, 0]
						}
					}
				},
				"cylinder": {
					"rotation": {
						"0.9333": {
							"vector": [0, 0, 0]
						},
						"1.1333": {
							"vector": [0, 0, 45],
							"easing": "easeOutBack",
							"easingArgs": [1]
						}
					},
					"position": {
						"vector": [0, 0, 0]
					}
				}
			},
			"sound_effects": {
				"0.5667": {
					"effect": "bulletinsert"
				},
				"1.0": {
					"effect": "inspect_foley"
				}
			}
		},
		"animation.model.finish": {
			"loop": true,
			"animation_length": 0.5667,
			"bones": {
				"main": {
					"rotation": {
						"0.2667": {
							"vector": [0, -2.5, -2.5]
						},
						"0.4": {
							"vector": [0, 0, -10]
						},
						"0.5667": {
							"vector": [0, 0, 0]
						}
					},
					"position": {
						"0.2667": {
							"vector": [0, 0, 0]
						},
						"0.4": {
							"vector": [-1, 0, 0]
						},
						"0.5667": {
							"vector": [0, 0, 0]
						}
					}
				},
				"magazine": {
					"rotation": {
						"0.3": {
							"vector": [0, 0, 45]
						},
						"0.4": {
							"vector": [0, 0, 0],
							"easing": "easeOutSine"
						}
					}
				},
				"leftarm": {
					"rotation": {
						"0.0": {
							"vector": [0, 0, 0]
						},
						"0.1": {
							"vector": [12.5, -7.5, 2.5]
						},
						"0.2": {
							"vector": [7.5, -17.5, 2.5]
						},
						"0.3": {
							"vector": [0, -17.5, 2.5]
						},
						"0.3667": {
							"vector": [0, -17.5, 2.5]
						},
						"0.4667": {
							"vector": [12.5, -7.5, 2.5]
						},
						"0.5667": {
							"vector": [0, 0, 0]
						}
					},
					"position": {
						"0.0": {
							"vector": [0, 0, 0]
						},
						"0.1": {
							"vector": [7, 1, 0]
						},
						"0.2": {
							"vector": [7, 1, 0]
						},
						"0.3": {
							"vector": [6, 1, 0]
						},
						"0.3667": {
							"vector": [6, 1, 0]
						},
						"0.4667": {
							"vector": [3.02191, 1.41811, 0]
						},
						"0.5667": {
							"vector": [0, 0, 0]
						}
					}
				}
			},
			"sound_effects": {
				"0.4": {
					"effect": "revolver_close"
				}
			}
		}
	},
	"geckolib_format_version": 2
}