{
	"format_version": "1.8.0",
	"animations": {
		"animation.model.draw": {
			"loop": true,
			"animation_length": 1.6,
			"bones": {
				"main": {
					"rotation": {
						"0.0": {
							"vector": [29.17077, -24.33723, -18.47028]
						},
						"0.2667": {
							"vector": [-2.5001, 0.49952, -0.02181],
							"easing": "easeInOutSine"
						},
						"0.3333": {
							"vector": [-0.49583, 1.59795, -0.23536],
							"easing": "easeInOutSine"
						},
						"0.4667": {
							"vector": [0, 0, 0]
						},
						"1.5": {
							"vector": [0, 0, 0]
						}
					},
					"position": {
						"0.0": {
							"vector": [0, -8.69333, 2.32937]
						},
						"0.2667": {
							"vector": [-1, 0, -2]
						},
						"0.4667": {
							"vector": [0, 0, 0],
							"easing": "easeInOutSine"
						},
						"0.6333": {
							"vector": [0, -0.5, 0.3],
							"easing": "easeInOutSine"
						},
						"1.0": {
							"vector": [0, 0, 0],
							"easing": "easeInOutSine"
						},
						"1.5": {
							"vector": [0, 0, 0]
						}
					},
					"scale": {
						"0.0": {
							"vector": [1, 1, 1]
						},
						"1.5": {
							"vector": [1, 1, 1]
						}
					}
				},
				"cog": {
					"rotation": {
						"vector": [0, 0, 0]
					}
				},
				"cog2": {
					"rotation": {
						"vector": [0, 0, 0]
					}
				},
				"cog3": {
					"rotation": {
						"vector": [0, 0, 0]
					}
				},
				"gyro": {
					"rotation": {
						"0.0667": {
							"vector": [0, 0, 0]
						},
						"0.2": {
							"vector": [0, 60, 0]
						},
						"0.3": {
							"vector": [0, 120, 0]
						},
						"0.4": {
							"vector": [0, 180, 0]
						},
						"0.4667": {
							"vector": [0, 240, 0]
						},
						"0.5333": {
							"vector": [0, 300, 0]
						},
						"0.6": {
							"vector": [0, 360, 0]
						},
						"0.6333": {
							"vector": [0, 0, 0]
						},
						"0.6667": {
							"vector": [0, 60, 0]
						},
						"0.7": {
							"vector": [0, 120, 0]
						},
						"0.7333": {
							"vector": [0, 180, 0]
						},
						"0.7667": {
							"vector": [0, 240, 0]
						},
						"0.8333": {
							"vector": [0, 300, 0]
						},
						"0.9": {
							"vector": [0, 360, 0]
						},
						"0.9333": {
							"vector": [0, 0, 0]
						},
						"1.0": {
							"vector": [0, 60, 0]
						},
						"1.0667": {
							"vector": [0, 120, 0]
						},
						"1.1333": {
							"vector": [0, 180, 0],
							"easing": "linear"
						},
						"1.2333": {
							"vector": [0, 240, 0],
							"easing": "linear"
						},
						"1.3333": {
							"vector": [0, 300, 0],
							"easing": "linear"
						},
						"1.4667": {
							"vector": [0, 360, 0],
							"easing": "linear"
						}
					}
				},
				"gyro2": {
					"rotation": {
						"0.0667": {
							"vector": [0, 0, 0]
						},
						"0.2": {
							"vector": [0, -60, 0]
						},
						"0.3": {
							"vector": [0, -120, 0]
						},
						"0.4": {
							"vector": [0, -180, 0]
						},
						"0.4667": {
							"vector": [0, -240, 0]
						},
						"0.5333": {
							"vector": [0, -300, 0]
						},
						"0.6": {
							"vector": [0, -360, 0]
						},
						"0.6333": {
							"vector": [0, 0, 0]
						},
						"0.6667": {
							"vector": [0, -60, 0]
						},
						"0.7": {
							"vector": [0, -120, 0]
						},
						"0.7333": {
							"vector": [0, -180, 0]
						},
						"0.7667": {
							"vector": [0, -240, 0]
						},
						"0.8333": {
							"vector": [0, -300, 0]
						},
						"0.9": {
							"vector": [0, -360, 0],
							"easing": "linear"
						},
						"0.9333": {
							"vector": [0, 0, 0]
						},
						"1.0": {
							"vector": [0, -60, 0]
						},
						"1.0667": {
							"vector": [0, -120, 0]
						},
						"1.1333": {
							"vector": [0, -180, 0],
							"easing": "linear"
						},
						"1.2333": {
							"vector": [0, -240, 0],
							"easing": "linear"
						},
						"1.3333": {
							"vector": [0, -300, 0],
							"easing": "linear"
						},
						"1.4667": {
							"vector": [0, -360, 0],
							"easing": "linear"
						}
					}
				},
				"leftarm": {
					"rotation": {
						"vector": [0, 0, 0]
					}
				}
			}
		},
		"animation.model.inspect": {
			"loop": true,
			"animation_length": 4.3,
			"bones": {
				"main": {
					"rotation": {
						"0.0": {
							"vector": [0, 0, 0]
						},
						"0.4": {
							"vector": [10.5879, -40.91565, -22.60471],
							"easing": "easeInOutSine"
						},
						"0.4667": {
							"vector": [10.5879, -40.91565, -22.60471],
							"easing": "easeInOutSine"
						},
						"0.9333": {
							"vector": [19.73841, -39.81818, -29.00881],
							"easing": "easeInOutSine"
						},
						"1.1": {
							"vector": [19.73841, -39.81818, -29.00881],
							"easing": "easeInOutSine"
						},
						"1.5333": {
							"vector": [24.53379, -40.24939, -36.28834],
							"easing": "easeInOutSine"
						},
						"1.7667": {
							"vector": [24.53379, -40.24939, -36.28834],
							"easing": "easeInSine"
						},
						"2.0333": {
							"vector": [10.5879, -40.91565, -22.60471],
							"easing": "easeInOutSine"
						},
						"2.6": {
							"vector": [21.05073, 24.88301, 41.99824],
							"easing": "easeInSine"
						},
						"2.8667": {
							"vector": [25.05073, 29.88301, 47.99824],
							"easing": "easeInSine"
						},
						"3.0667": {
							"vector": [26.05073, 29.88301, 47.99824],
							"easing": "easeOutSine"
						},
						"3.2333": {
							"vector": [26.05073, 29.88301, 47.99824],
							"easing": "easeOutSine"
						},
						"3.4667": {
							"vector": [28.48934, 27.59042, 53.06682],
							"easing": "easeInOutSine"
						},
						"3.5667": {
							"vector": [28.48934, 27.59042, 53.06682],
							"easing": "easeInOutSine"
						},
						"3.7333": {
							"vector": [28.48934, 27.59042, 53.06682],
							"easing": "easeInOutSine"
						},
						"4.1": {
							"vector": [0, 0, 0],
							"easing": "easeInOutSine"
						}
					},
					"position": {
						"0.0": {
							"vector": [0, 0, 0]
						},
						"0.4": {
							"vector": [0, 2, -3],
							"easing": "easeInOutSine"
						},
						"0.5": {
							"vector": [0, 2, -3],
							"easing": "easeInOutSine"
						},
						"0.6667": {
							"vector": [0, 3, -3],
							"easing": "easeInOutSine"
						},
						"1.7667": {
							"vector": [0, 3, -3],
							"easing": "easeInOutSine"
						},
						"2.0333": {
							"vector": [0, 2, -2],
							"easing": "easeInSine"
						},
						"2.6": {
							"vector": [0, 0, 0],
							"easing": "easeOutSine"
						},
						"2.8667": {
							"vector": [0.74825, 1.07752, -1.55792],
							"easing": "easeInOutSine"
						},
						"3.0667": {
							"vector": [0.74825, 1.07752, -1.55792],
							"easing": "easeInOutSine"
						},
						"3.4667": {
							"vector": [0.74825, 1.07752, -1.55792]
						},
						"3.7667": {
							"vector": [0.7465, 1.47601, -1.04815],
							"easing": "easeInOutSine"
						},
						"4.1": {
							"vector": [0, 0, 0],
							"easing": "easeInOutSine"
						}
					},
					"scale": {
						"0.0": {
							"vector": [1, 1, 1]
						},
						"4.1": {
							"vector": [1, 1, 1]
						}
					}
				},
				"gyro": {
					"rotation": {
						"0.4": {
							"vector": [0, 0, 0]
						},
						"0.9": {
							"vector": [0, 90, 0],
							"easing": "easeInBack"
						},
						"1.0": {
							"vector": [0, 180, 0],
							"easing": "linear"
						},
						"1.1": {
							"vector": [0, 270, 0],
							"easing": "linear"
						},
						"1.2": {
							"vector": [0, 360, 0],
							"easing": "linear"
						},
						"1.3": {
							"vector": [0, 30, 0],
							"easing": "linear"
						},
						"1.4333": {
							"vector": [0, 360, 0],
							"easing": "easeOutBack"
						},
						"2.7": {
							"vector": [0, 0, 0]
						},
						"2.8667": {
							"vector": [0, 0, 0]
						},
						"3.3667": {
							"vector": [0, -90, 0],
							"easing": "easeInBack"
						},
						"3.4667": {
							"vector": [0, -180, 0],
							"easing": "linear"
						},
						"3.5667": {
							"vector": [0, -270, 0],
							"easing": "linear"
						},
						"3.6667": {
							"vector": [0, -360, 0],
							"easing": "linear"
						},
						"3.7333": {
							"vector": [0, -30, 0],
							"easing": "linear"
						},
						"3.8667": {
							"vector": [0, -360, 0],
							"easing": "easeOutBack"
						}
					}
				},
				"gyro2": {
					"rotation": {
						"0.4": {
							"vector": [0, 0, 0]
						},
						"0.9": {
							"vector": [0, -90, 0],
							"easing": "easeInBack"
						},
						"1.0": {
							"vector": [0, -180, 0],
							"easing": "linear"
						},
						"1.1": {
							"vector": [0, -270, 0],
							"easing": "linear"
						},
						"1.2": {
							"vector": [0, -360, 0],
							"easing": "linear"
						},
						"1.3": {
							"vector": [0, -30, 0],
							"easing": "linear"
						},
						"1.4333": {
							"vector": [0, -360, 0],
							"easing": "easeOutBack"
						},
						"2.7": {
							"vector": [0, 0, 0]
						},
						"2.8667": {
							"vector": [0, 0, 0]
						},
						"3.3667": {
							"vector": [0, 90, 0],
							"easing": "easeInBack"
						},
						"3.4667": {
							"vector": [0, 180, 0],
							"easing": "linear"
						},
						"3.5667": {
							"vector": [0, 270, 0],
							"easing": "linear"
						},
						"3.6667": {
							"vector": [0, 360, 0],
							"easing": "linear"
						},
						"3.7333": {
							"vector": [0, 30, 0],
							"easing": "linear"
						},
						"3.8667": {
							"vector": [0, 360, 0],
							"easing": "easeOutBack"
						}
					}
				}
			}
		},
		"animation.model.reload": {
			"loop": true,
			"animation_length": 2.6667,
			"bones": {
				"main": {
					"rotation": {
						"0.0": {
							"vector": [0, 0, 0]
						},
						"0.2667": {
							"vector": [0, -5, -17.5],
							"easing": "easeInOutSine"
						},
						"0.5333": {
							"vector": [0, -5, -17.5],
							"easing": "easeOutSine"
						},
						"0.7333": {
							"vector": [2.5, -5, -17.5],
							"easing": "easeInOutSine"
						},
						"0.9": {
							"vector": [0, -5, -17.5],
							"easing": "easeInSine"
						},
						"1.6333": {
							"vector": [0, -5, -17.5],
							"easing": "easeOutSine"
						},
						"1.7333": {
							"vector": [-5, -5, -17.5],
							"easing": "easeInOutSine"
						},
						"1.8": {
							"vector": [-5, -5, -17.5],
							"easing": "easeInOutSine"
						},
						"1.9667": {
							"vector": [0, -5, -17.5],
							"easing": "easeInOutSine"
						},
						"2.0667": {
							"vector": [0, -5, -17.5]
						},
						"2.3333": {
							"vector": [0, 0, 0]
						}
					},
					"position": {
						"0.0": {
							"vector": [0, 0, 0]
						},
						"0.5333": {
							"vector": [0, 0, 0],
							"easing": "easeOutSine"
						},
						"0.7333": {
							"vector": [0.30071, -0.95372, 0],
							"easing": "easeInOutSine"
						},
						"0.9": {
							"vector": [0, 0, 0],
							"easing": "easeInSine"
						},
						"1.6333": {
							"vector": [0, 0, 0],
							"easing": "easeOutSine"
						},
						"1.7333": {
							"vector": [-0.30071, 0.95372, 0],
							"easing": "easeInOutSine"
						},
						"1.8": {
							"vector": [-0.30071, 0.95372, 0],
							"easing": "easeInOutSine"
						},
						"2.3333": {
							"vector": [0, 0, 0],
							"easing": "easeInSine"
						}
					}
				},
				"gyro": {
					"rotation": {
						"1.6333": {
							"vector": [0, 0, 0]
						},
						"1.7667": {
							"vector": [0, -90, 0]
						},
						"1.9": {
							"vector": [0, -180, 0]
						},
						"2.0333": {
							"vector": [0, -270, 0]
						},
						"2.1667": {
							"vector": [0, -360, 0]
						}
					}
				},
				"gyro2": {
					"rotation": {
						"1.6333": {
							"vector": [0, 0, 0]
						},
						"1.7667": {
							"vector": [0, 90, 0]
						},
						"1.9": {
							"vector": [0, 180, 0]
						},
						"2.0333": {
							"vector": [0, 270, 0]
						},
						"2.1667": {
							"vector": [0, 360, 0]
						}
					}
				},
				"magazine": {
					"rotation": {
						"0.6667": {
							"vector": [0, 0, 0]
						},
						"1.5": {
							"vector": [-17.5, 0, 0]
						},
						"1.6333": {
							"vector": [0, 0, 0]
						}
					},
					"position": {
						"0.6667": {
							"vector": [0, 0, 0]
						},
						"0.7667": {
							"vector": [1.66, -10.63, 0.29]
						},
						"0.9": {
							"vector": [-7.7886, -24.79664, 0.68141]
						},
						"1.2667": {
							"vector": [-7.7886, -24.79664, 0.68141]
						},
						"1.3": {
							"vector": [3.35, -19.51, 1.68]
						},
						"1.5": {
							"vector": [3.35, -4.50461, -3.73628]
						},
						"1.6333": {
							"vector": [0, 0, 0]
						}
					}
				},
				"leftarm": {
					"rotation": {
						"0.6667": {
							"vector": [0, 0, 0]
						},
						"0.7667": {
							"vector": [17.5, 0, 0],
							"easing": "easeInOutSine"
						},
						"0.8": {
							"vector": [17.5, 0, 0],
							"easing": "easeInOutSine"
						},
						"1.0333": {
							"vector": [35.23277, 14.93172, 1.45248],
							"easing": "easeInOutSine"
						},
						"1.3": {
							"vector": [35.23277, 14.93172, 1.45248],
							"easing": "easeInOutSine"
						},
						"1.5": {
							"vector": [0, 0, 0],
							"easing": "easeInSine"
						},
						"1.5333": {
							"vector": [0, 0, 0]
						},
						"1.7": {
							"vector": [0, 0, 0]
						}
					},
					"position": {
						"0.2667": {
							"vector": [0, 0, 0]
						},
						"0.4333": {
							"vector": [0.27243, -1.90743, 10.01436]
						},
						"0.5": {
							"vector": [0.27243, -1.90743, 10.01436]
						},
						"0.5333": {
							"vector": [0.35959, -1.90743, 11.01056]
						},
						"0.5667": {
							"vector": [0.27243, -1.90743, 10.01436]
						},
						"0.6667": {
							"vector": [-0.19291, -4.77115, 15.0696]
						},
						"0.7667": {
							"vector": [0.86525, -6.1522, 14.08209]
						},
						"0.8": {
							"vector": [0.86525, -6.1522, 14.08209]
						},
						"1.0333": {
							"vector": [1.17511, -6.44388, 16.03462]
						},
						"1.3": {
							"vector": [1.17511, -6.44388, 16.03462]
						},
						"1.5": {
							"vector": [-0.19291, -4.77115, 15.0696]
						},
						"1.5333": {
							"vector": [-0.19291, -4.77115, 15.0696]
						},
						"1.7": {
							"vector": [0, 0, 0]
						}
					}
				}
			},
			"sound_effects": {
				"0.5": {
					"effect": "click"
				},
				"0.6": {
					"effect": "ak_magout"
				},
				"1.5667": {
					"effect": "ak_magin"
				}
			}
		}
	},
	"geckolib_format_version": 2
}