{
	"format_version": "1.8.0",
	"animations": {
		"animation.model.draw": {
			"loop": true,
			"animation_length": 1.2,
			"bones": {
				"main": {
					"rotation": {
						"0.0": {
							"vector": [22.5, -55, 0]
						},
						"0.4667": {
							"vector": [-3.4905, 1.78218, 0.00473],
							"easing": "easeInOutQuad"
						},
						"0.6667": {
							"vector": [0, -1.21782, -0.99527],
							"easing": "easeInOutQuad"
						},
						"0.9333": {
							"vector": [0, 0, 0],
							"easing": "easeInOutQuad"
						}
					},
					"position": {
						"0.0": {
							"vector": [0, -10, 0]
						},
						"0.3": {
							"vector": [-1, -3, -1],
							"easing": "easeInOutSine"
						},
						"0.4667": {
							"vector": [0, 0, 0],
							"easing": "easeInOutQuad"
						},
						"0.7667": {
							"vector": [0, 0, 0],
							"easing": "easeInOutQuad"
						}
					}
				}
			}
		},
		"animation.model.inspect": {
			"loop": true,
			"animation_length": 4.8,
			"bones": {
				"main": {
					"rotation": {
						"0.0667": {
							"vector": [0, 0, 0]
						},
						"0.3": {
							"vector": [-2.5, 0, 0],
							"easing": "easeInOutSine"
						},
						"0.6333": {
							"vector": [3.5, -2.5, -5],
							"easing": "easeInOutSine"
						},
						"0.9333": {
							"vector": [35.96065, -37.42655, -50.04719],
							"easing": "easeInOutSine"
						},
						"1.3": {
							"vector": [35.96065, -37.42655, -50.04719]
						},
						"1.7": {
							"vector": [35.96065, -37.42655, -50.04719],
							"easing": "easeInOutSine"
						},
						"2.1667": {
							"vector": [1, -1, 0],
							"easing": "easeInOutSine"
						},
						"2.6333": {
							"vector": [36.77809, 40.53233, 48.99626],
							"easing": "easeInOutBack",
							"easingArgs": [0.5]
						},
						"2.9": {
							"vector": [36.77809, 40.53233, 48.99626],
							"easing": "easeOutSine"
						},
						"3.1333": {
							"vector": [50.99742, 42.80378, 61.17643],
							"easing": "easeInOutSine"
						},
						"3.4333": {
							"vector": [50.99742, 42.80378, 61.17643],
							"easing": "easeOutSine"
						},
						"3.7333": {
							"vector": [53.84159, 49.50092, 60.43241],
							"easing": "easeInSine"
						},
						"4.0333": {
							"vector": [53.84159, 49.50092, 60.43241],
							"easing": "easeInOutSine"
						},
						"4.3333": {
							"vector": [26.02706, 33.12258, 40.43718],
							"easing": "easeInSine"
						},
						"4.6": {
							"vector": [0, 0, 0],
							"easing": "easeOutSine"
						}
					},
					"position": {
						"0.0667": {
							"vector": [0, 0, 0]
						},
						"0.3": {
							"vector": [0, 1, 0],
							"easing": "easeOutBack",
							"easingArgs": [10]
						},
						"0.5667": {
							"vector": [0, 0, 0],
							"easing": "easeOutBack",
							"easingArgs": [10]
						},
						"0.6333": {
							"vector": [0, 0, 0],
							"easing": "easeOutSine"
						},
						"0.9333": {
							"vector": [0, 0, -10],
							"easing": "easeInOutSine"
						},
						"1.3": {
							"vector": [0, -0.5, -10],
							"easing": "easeInOutSine"
						},
						"1.7": {
							"vector": [0, 0, -10],
							"easing": "easeInOutSine"
						},
						"2.1667": {
							"vector": [0, 0, 0],
							"easing": "easeInOutSine"
						},
						"2.6333": {
							"vector": [9, 0, -14],
							"easing": "easeInOutSine"
						},
						"2.9": {
							"vector": [9, -0.6, -14],
							"easing": "easeInOutSine"
						},
						"3.1333": {
							"vector": [9, 0, -14],
							"easing": "easeInOutSine"
						},
						"3.4333": {
							"vector": [9, 0.5, -14],
							"easing": "easeInOutSine"
						},
						"3.7333": {
							"vector": [9, 0, -14],
							"easing": "easeInSine"
						},
						"4.0333": {
							"vector": [9, -0.5, -14],
							"easing": "easeInSine"
						},
						"4.5333": {
							"vector": [0, 0, 0],
							"easing": "easeInSine"
						}
					}
				},
				"rightarm": {
					"rotation": {
						"2.1667": {
							"vector": [0, 0, 0]
						},
						"2.6333": {
							"vector": [-10.24518, -42.15812, -11.71403],
							"easing": "easeInOutSine"
						},
						"2.9": {
							"vector": [-10.24518, -42.15812, -11.71403],
							"easing": "easeOutSine"
						},
						"3.1333": {
							"vector": [-30.72746, -37.20758, -16.26593],
							"easing": "easeInOutSine"
						},
						"4.0333": {
							"vector": [-30.72746, -37.20758, -16.26593],
							"easing": "easeOutSine"
						},
						"4.6": {
							"vector": [0, 0, 0],
							"easing": "easeInSine"
						}
					},
					"position": {
						"2.1667": {
							"vector": [0, 0, 0]
						},
						"2.6333": {
							"vector": [-5.63656, -3.94676, -7.32477],
							"easing": "easeInOutSine"
						},
						"2.9": {
							"vector": [-5.63656, -3.94676, -7.32477],
							"easing": "easeOutSine"
						},
						"3.1333": {
							"vector": [0.14509, -10.8444, -7.32],
							"easing": "easeInOutSine"
						},
						"4.0333": {
							"vector": [0.14509, -10.8444, -7.32],
							"easing": "easeOutSine"
						},
						"4.6": {
							"vector": [0, 0, 0],
							"easing": "easeInSine"
						}
					}
				},
				"leftarm": {
					"rotation": {
						"0.0667": {
							"vector": [0, 0, 0]
						},
						"0.3": {
							"vector": [5.91425, 4.63257, 0.41253]
						},
						"0.5667": {
							"vector": [0, 0, 0]
						},
						"0.9333": {
							"vector": [-24.73222, -5.96035, -0.39984]
						},
						"1.7": {
							"vector": [-24.73222, -5.96035, -0.39984]
						},
						"2.1667": {
							"vector": [0, 0, 0]
						},
						"2.7667": {
							"vector": [0, 0, 0]
						},
						"4.0333": {
							"vector": [0, 0, 0]
						},
						"4.6": {
							"vector": [0, 0, 0]
						}
					},
					"position": {
						"0.0667": {
							"vector": [0, 0, 0]
						},
						"0.3": {
							"vector": [0, -2, 0],
							"easing": "easeInOutSine"
						},
						"0.5667": {
							"vector": [0, 0, 0],
							"easing": "easeInOutSine"
						},
						"0.9333": {
							"vector": [4.55229, -7.27451, 0.21934],
							"easing": "easeInOutSine"
						},
						"1.7": {
							"vector": [4.55229, -7.27451, 0.21934],
							"easing": "easeOutSine"
						},
						"2.1667": {
							"vector": [0, 0, 0],
							"easing": "easeInOutSine"
						},
						"2.7667": {
							"vector": [0, 0, 0],
							"easing": "easeOutSine"
						},
						"3.0667": {
							"vector": [1.06116, 0.89042, 2.66103],
							"easing": "easeInOutSine"
						},
						"4.0333": {
							"vector": [1.06116, 0.89042, 2.66103],
							"easing": "easeOutSine"
						},
						"4.6": {
							"vector": [0, 0, 0],
							"easing": "easeInOutSine"
						}
					}
				}
			}
		},
		"animation.model.reload": {
			"loop": true,
			"animation_length": 3.1,
			"bones": {
				"main": {
					"rotation": {
						"0.0": {
							"vector": [0, 0, 0]
						},
						"0.2667": {
							"vector": [0, 0, -7.5],
							"easing": "easeInOutSine"
						},
						"0.6333": {
							"vector": [0, 0, -7.5]
						},
						"0.7667": {
							"vector": [2, 0, -7.5],
							"easing": "easeInOutSine"
						},
						"0.9": {
							"vector": [0, 0, -7.5],
							"easing": "easeInOutBack"
						},
						"1.7667": {
							"vector": [0.3, 0, -7.5],
							"easing": "easeInOutSine"
						},
						"2.1667": {
							"vector": [-1.5, 0, -7.5],
							"easing": "easeInOutSine"
						},
						"2.2667": {
							"vector": [-1.5, 0, -7.5],
							"easing": "easeOutSine"
						},
						"2.5": {
							"vector": [-0.5, 0, -7.5],
							"easing": "easeInOutSine"
						},
						"2.6667": {
							"vector": [-4.9997, -0.0349, -8.49939],
							"easing": "easeInOutSine"
						},
						"3.1": {
							"vector": [0, 0, 0],
							"easing": "easeInSine"
						}
					},
					"position": {
						"0.0": {
							"vector": [0, 0, 0]
						},
						"0.6333": {
							"vector": [0, 0, 0]
						},
						"0.7333": {
							"vector": [0, -1, 0],
							"easing": "easeInOutSine"
						},
						"0.9": {
							"vector": [0, 0, 0],
							"easing": "easeInOutBack",
							"easingArgs": [0.75]
						},
						"1.4": {
							"vector": [-0.2, 0.2, 0],
							"easing": "easeInOutSine"
						},
						"1.7667": {
							"vector": [0, 0, 0],
							"easing": "easeInOutSine"
						},
						"2.0333": {
							"vector": [0, 0, 0],
							"easing": "easeInOutSine"
						},
						"2.1667": {
							"vector": [-0.1, 0.3, 0],
							"easing": "easeInOutSine"
						},
						"2.2667": {
							"vector": [-0.1, 0.3, 0]
						},
						"2.5": {
							"vector": [-0.1, 0.3, 0],
							"easing": "easeOutSine"
						},
						"2.6667": {
							"vector": [-0.4, 0.7, 0],
							"easing": "easeInOutSine"
						},
						"3.1": {
							"vector": [0, 0, 0],
							"easing": "easeInSine"
						}
					}
				},
				"magazine": {
					"rotation": {
						"0.6": {
							"vector": [0, 0, 0]
						},
						"0.8": {
							"vector": [0, 0, 0],
							"easing": "easeOutSine"
						},
						"1.2333": {
							"vector": [13.86344, 20.42282, -24.48486],
							"easing": "easeInOutSine"
						},
						"1.4": {
							"vector": [13.86344, 20.42282, -24.48486],
							"easing": "easeOutSine"
						},
						"1.7667": {
							"vector": [0, 0, 0],
							"easing": "easeInOutSine"
						},
						"2.1667": {
							"vector": [0, 0, 0]
						}
					},
					"position": {
						"0.6": {
							"vector": [0, 0, 0]
						},
						"0.8": {
							"vector": [0, -5, 0],
							"easing": "easeInOutSine"
						},
						"1.2667": {
							"vector": [9.26182, -11.26249, 2],
							"easing": "easeInOutSine"
						},
						"1.4": {
							"vector": [9.26182, -11.26249, 2],
							"easing": "easeOutSine"
						},
						"1.7667": {
							"vector": [0, -6, 0],
							"easing": "easeInSine"
						},
						"2.1667": {
							"vector": [0, 0, 0],
							"easing": "easeOutSine"
						}
					}
				},
				"leftarm": {
					"rotation": {
						"0.2": {
							"vector": [0, 0, 0]
						},
						"0.6": {
							"vector": [0, 2.5, 0]
						},
						"0.8667": {
							"vector": [0, 2.5, 0]
						},
						"1.2667": {
							"vector": [27.68088, 17.36896, 7.73793]
						},
						"1.4": {
							"vector": [27.68088, 17.36896, 7.73793]
						},
						"1.7667": {
							"vector": [0, 2.5, 0]
						},
						"2.1667": {
							"vector": [0, 2.5, 0]
						},
						"2.2667": {
							"vector": [0, 2.5, 0]
						},
						"2.5": {
							"vector": [5, 2.5, 0]
						},
						"2.6667": {
							"vector": [0, 2.5, 0]
						},
						"3.1": {
							"vector": [0, 0, 0]
						}
					},
					"position": {
						"0.2": {
							"vector": [0, 0, 0]
						},
						"0.6": {
							"vector": [-0.39158, -2.97433, 16],
							"easing": "easeInOutSine"
						},
						"0.8667": {
							"vector": [-1.04263, -7.92722, 16],
							"easing": "easeInOutSine"
						},
						"1.2667": {
							"vector": [-1.04263, -7.92722, 16]
						},
						"1.4": {
							"vector": [-1.04263, -7.92722, 16]
						},
						"1.7667": {
							"vector": [-1.04263, -7.92722, 16],
							"easing": "easeOutSine"
						},
						"2.1667": {
							"vector": [-0.39158, -2.97433, 16],
							"easing": "easeInOutSine"
						},
						"2.2667": {
							"vector": [-0.39158, -2.97433, 16],
							"easing": "easeOutSine"
						},
						"2.5": {
							"vector": [-0.52053, -3.96144, 16],
							"easing": "easeInOutSine"
						},
						"2.6667": {
							"vector": [-0.39158, -2.97433, 16],
							"easing": "easeInOutSine"
						},
						"3.1": {
							"vector": [0, 0, 0],
							"easing": "easeInOutSine"
						}
					}
				}
			},
			"sound_effects": {
				"0.6": {
					"effect": "ak_magin"
				},
				"2.1333": {
					"effect": "ak_magout"
				},
				"2.6667": {
					"effect": "ak_actionforward"
				}
			}
		}
	},
	"geckolib_format_version": 2
}