{
	"format_version": "1.12.0",
	"minecraft:geometry": [
		{
			"description": {
				"identifier": "geometry.unknown",
				"texture_width": 128,
				"texture_height": 128,
				"visible_bounds_width": 9,
				"visible_bounds_height": 5,
				"visible_bounds_offset": [0, 0.5, 0]
			},
			"bones": [
				{
					"name": "main",
					"pivot": [0, 20, 0]
				},
				{
					"name": "1p87",
					"parent": "main",
					"pivot": [0.2, 29.5, -13.35],
					"cubes": [
						{
							"origin": [-1.0474, 27.3958, -15.48412],
							"size": [2.2554, 0.5628, 8.232],
							"uv": {
								"north": {"uv": [47, 30], "uv_size": [4, 1]},
								"east": {"uv": [47, 30], "uv_size": [4, 1]},
								"south": {"uv": [47, 30], "uv_size": [4, 1]},
								"west": {"uv": [47, 30], "uv_size": [4, 1]},
								"up": {"uv": [51, 31], "uv_size": [-4, -1]},
								"down": {"uv": [51, 31], "uv_size": [-4, -1]}
							}
						},
						{
							"origin": [-1.533, 27.9208, -16.84913],
							"size": [3.256, 0.525, 11.382],
							"uv": {
								"north": {"uv": [79, 7], "uv_size": [10, 2]},
								"east": {"uv": [79, 7], "uv_size": [10, 2]},
								"south": {"uv": [79, 7], "uv_size": [10, 2]},
								"west": {"uv": [79, 7], "uv_size": [10, 2]},
								"up": {"uv": [89, 9], "uv_size": [-10, -2]},
								"down": {"uv": [89, 9], "uv_size": [-10, -2]}
							}
						},
						{
							"origin": [-1.323, 28.4458, -16.84913],
							"size": [2.836, 1.26, 11.382],
							"uv": {
								"north": {"uv": [79, 7], "uv_size": [10, 2]},
								"east": {"uv": [79, 7], "uv_size": [10, 2]},
								"south": {"uv": [79, 7], "uv_size": [10, 2]},
								"west": {"uv": [79, 7], "uv_size": [10, 2]},
								"up": {"uv": [89, 9], "uv_size": [-10, -2]},
								"down": {"uv": [89, 9], "uv_size": [-10, -2]}
							}
						},
						{
							"origin": [-1.323, 29.4958, -9.18413],
							"size": [2.836, 0.945, 3.717],
							"uv": {
								"north": {"uv": [79, 7], "uv_size": [10, 2]},
								"east": {"uv": [79, 7], "uv_size": [10, 2]},
								"south": {"uv": [79, 7], "uv_size": [10, 2]},
								"west": {"uv": [79, 7], "uv_size": [10, 2]},
								"up": {"uv": [89, 9], "uv_size": [-10, -2]},
								"down": {"uv": [89, 9], "uv_size": [-10, -2]}
							}
						},
						{
							"origin": [-1.01, 32.5408, -9.235],
							"size": [2.22, 0.2415, 3.57],
							"uv": {
								"north": {"uv": [79, 7], "uv_size": [10, 2]},
								"east": {"uv": [79, 7], "uv_size": [10, 2]},
								"south": {"uv": [79, 7], "uv_size": [10, 2]},
								"west": {"uv": [79, 7], "uv_size": [10, 2]},
								"up": {"uv": [89, 9], "uv_size": [-10, -2]},
								"down": {"uv": [89, 9], "uv_size": [-10, -2]}
							}
						},
						{
							"origin": [1.282, 30.4408, -9.18413],
							"size": [0.231, 1.89, 3.517],
							"uv": {
								"north": {"uv": [79, 7], "uv_size": [10, 2]},
								"east": {"uv": [79, 7], "uv_size": [10, 2]},
								"south": {"uv": [79, 7], "uv_size": [10, 2]},
								"west": {"uv": [79, 7], "uv_size": [10, 2]},
								"up": {"uv": [89, 9], "uv_size": [-10, -2]},
								"down": {"uv": [89, 9], "uv_size": [-10, -2]}
							}
						},
						{
							"origin": [-1.323, 30.4408, -9.18413],
							"size": [0.231, 1.89, 3.517],
							"uv": {
								"north": {"uv": [79, 7], "uv_size": [10, 2]},
								"east": {"uv": [79, 7], "uv_size": [10, 2]},
								"south": {"uv": [79, 7], "uv_size": [10, 2]},
								"west": {"uv": [79, 7], "uv_size": [10, 2]},
								"up": {"uv": [89, 9], "uv_size": [-10, -2]},
								"down": {"uv": [89, 9], "uv_size": [-10, -2]}
							}
						},
						{
							"origin": [-1.323, 30.3408, -9.18413],
							"size": [2.831, 0.175, 3.81],
							"uv": {
								"north": {"uv": [79, 7], "uv_size": [10, 2]},
								"east": {"uv": [79, 7], "uv_size": [10, 2]},
								"south": {"uv": [79, 7], "uv_size": [10, 2]},
								"west": {"uv": [79, 7], "uv_size": [10, 2]},
								"up": {"uv": [89, 9], "uv_size": [-10, -2]},
								"down": {"uv": [89, 9], "uv_size": [-10, -2]}
							}
						},
						{
							"origin": [-1.323, 31.9408, -5.67],
							"size": [0.231, 0.39, 1.84],
							"pivot": [-1.1, 32.328, -5.66583],
							"rotation": [-81, 0, 0],
							"uv": {
								"north": {"uv": [79, 7], "uv_size": [10, 2]},
								"east": {"uv": [79, 7], "uv_size": [10, 2]},
								"south": {"uv": [79, 7], "uv_size": [10, 2]},
								"west": {"uv": [79, 7], "uv_size": [10, 2]},
								"up": {"uv": [89, 9], "uv_size": [-10, -2]},
								"down": {"uv": [89, 9], "uv_size": [-10, -2]}
							}
						},
						{
							"origin": [-1.106, 31.9408, -3.97],
							"size": [0.131, 0.39, 0.14],
							"pivot": [-0.9, 32.328, -5.66583],
							"rotation": [-81, 0, 0],
							"uv": {
								"north": {"uv": [79, 7], "uv_size": [10, 2]},
								"east": {"uv": [79, 7], "uv_size": [10, 2]},
								"south": {"uv": [79, 7], "uv_size": [10, 2]},
								"west": {"uv": [79, 7], "uv_size": [10, 2]},
								"up": {"uv": [89, 9], "uv_size": [-10, -2]},
								"down": {"uv": [89, 9], "uv_size": [-10, -2]}
							}
						},
						{
							"origin": [1.282, 31.9408, -5.67],
							"size": [0.231, 0.39, 1.84],
							"pivot": [-0.7, 32.328, -5.66583],
							"rotation": [-81, 0, 0],
							"uv": {
								"north": {"uv": [79, 7], "uv_size": [10, 2]},
								"east": {"uv": [79, 7], "uv_size": [10, 2]},
								"south": {"uv": [79, 7], "uv_size": [10, 2]},
								"west": {"uv": [79, 7], "uv_size": [10, 2]},
								"up": {"uv": [89, 9], "uv_size": [-10, -2]},
								"down": {"uv": [89, 9], "uv_size": [-10, -2]}
							}
						},
						{
							"origin": [1.282, 31.9408, -11.07],
							"size": [0.231, 0.39, 1.84],
							"pivot": [-0.7, 32.328, -9.23417],
							"rotation": [81, 0, 0],
							"uv": {
								"north": {"uv": [89, 7], "uv_size": [-10, 2]},
								"east": {"uv": [89, 7], "uv_size": [-10, 2]},
								"south": {"uv": [89, 7], "uv_size": [-10, 2]},
								"west": {"uv": [89, 7], "uv_size": [-10, 2]},
								"up": {"uv": [89, 7], "uv_size": [-10, 2]},
								"down": {"uv": [89, 7], "uv_size": [-10, 2]}
							}
						},
						{
							"origin": [-1.323, 31.9408, -11.07],
							"size": [0.231, 0.39, 1.84],
							"pivot": [-1.1, 32.328, -9.23417],
							"rotation": [81, 0, 0],
							"uv": {
								"north": {"uv": [89, 7], "uv_size": [-10, 2]},
								"east": {"uv": [89, 7], "uv_size": [-10, 2]},
								"south": {"uv": [89, 7], "uv_size": [-10, 2]},
								"west": {"uv": [89, 7], "uv_size": [-10, 2]},
								"up": {"uv": [89, 7], "uv_size": [-10, 2]},
								"down": {"uv": [89, 7], "uv_size": [-10, 2]}
							}
						},
						{
							"origin": [-1.323, 30.1408, -9.52587],
							"size": [2.831, 0.375, 0.41],
							"uv": {
								"north": {"uv": [89, 7], "uv_size": [-10, 2]},
								"east": {"uv": [89, 7], "uv_size": [-10, 2]},
								"south": {"uv": [89, 7], "uv_size": [-10, 2]},
								"west": {"uv": [89, 7], "uv_size": [-10, 2]},
								"up": {"uv": [89, 7], "uv_size": [-10, 2]},
								"down": {"uv": [89, 7], "uv_size": [-10, 2]}
							}
						},
						{
							"origin": [1.3135, 30.2308, -9.38413],
							"size": [0.273, 0.63, 3.717],
							"pivot": [1.282, 30.8608, -5.46082],
							"rotation": [0, 0, 44],
							"uv": {
								"north": {"uv": [79, 7], "uv_size": [10, 2]},
								"east": {"uv": [79, 7], "uv_size": [10, 2]},
								"south": {"uv": [79, 7], "uv_size": [10, 2]},
								"west": {"uv": [79, 7], "uv_size": [10, 2]},
								"up": {"uv": [89, 9], "uv_size": [-10, -2]},
								"down": {"uv": [89, 9], "uv_size": [-10, -2]}
							}
						},
						{
							"origin": [-1.3965, 30.2308, -9.38413],
							"size": [0.273, 0.63, 3.717],
							"pivot": [-1.092, 30.8608, -5.46082],
							"rotation": [0, 0, -44],
							"uv": {
								"north": {"uv": [79, 7], "uv_size": [10, 2]},
								"east": {"uv": [79, 7], "uv_size": [10, 2]},
								"south": {"uv": [79, 7], "uv_size": [10, 2]},
								"west": {"uv": [79, 7], "uv_size": [10, 2]},
								"up": {"uv": [89, 9], "uv_size": [-10, -2]},
								"down": {"uv": [89, 9], "uv_size": [-10, -2]}
							}
						},
						{
							"origin": [-0.97064, 30.295, -5.701],
							"size": [0.125, 0.45, 0.31],
							"pivot": [-1.092, 30.4608, -5.36082],
							"rotation": [6.5, 1.04196, -44.83393],
							"uv": {
								"north": {"uv": [79, 7], "uv_size": [10, 2]},
								"east": {"uv": [79, 7], "uv_size": [10, 2]},
								"south": {"uv": [79, 7], "uv_size": [10, 2]},
								"west": {"uv": [79, 7], "uv_size": [10, 2]},
								"up": {"uv": [89, 9], "uv_size": [-10, -2]},
								"down": {"uv": [89, 9], "uv_size": [-10, -2]}
							}
						},
						{
							"origin": [1.04564, 30.295, -5.701],
							"size": [0.125, 0.45, 0.31],
							"pivot": [1.292, 30.4608, -5.36082],
							"rotation": [6.5, -1.04196, 44.83393],
							"uv": {
								"north": {"uv": [89, 7], "uv_size": [-10, 2]},
								"east": {"uv": [89, 7], "uv_size": [-10, 2]},
								"south": {"uv": [89, 7], "uv_size": [-10, 2]},
								"west": {"uv": [89, 7], "uv_size": [-10, 2]},
								"up": {"uv": [79, 9], "uv_size": [10, -2]},
								"down": {"uv": [79, 9], "uv_size": [10, -2]}
							}
						},
						{
							"origin": [1.175, 31.9408, -3.97],
							"size": [0.131, 0.39, 0.14],
							"pivot": [1.1, 32.328, -5.66583],
							"rotation": [-81, 0, 0],
							"uv": {
								"north": {"uv": [89, 7], "uv_size": [-10, 2]},
								"east": {"uv": [89, 7], "uv_size": [-10, 2]},
								"south": {"uv": [89, 7], "uv_size": [-10, 2]},
								"west": {"uv": [89, 7], "uv_size": [-10, 2]},
								"up": {"uv": [79, 9], "uv_size": [10, -2]},
								"down": {"uv": [79, 9], "uv_size": [10, -2]}
							}
						},
						{
							"origin": [1.04564, 30.295, -9.509],
							"size": [0.125, 0.45, 0.31],
							"pivot": [1.292, 30.4608, -9.53918],
							"rotation": [-6.5, 1.04196, 44.83393],
							"uv": {
								"north": {"uv": [79, 7], "uv_size": [10, 2]},
								"east": {"uv": [79, 7], "uv_size": [10, 2]},
								"south": {"uv": [79, 7], "uv_size": [10, 2]},
								"west": {"uv": [79, 7], "uv_size": [10, 2]},
								"up": {"uv": [79, 7], "uv_size": [10, 2]},
								"down": {"uv": [79, 7], "uv_size": [10, 2]}
							}
						},
						{
							"origin": [1.175, 31.9408, -11.07],
							"size": [0.131, 0.39, 0.14],
							"pivot": [1.1, 32.328, -9.23417],
							"rotation": [81, 0, 0],
							"uv": {
								"north": {"uv": [79, 7], "uv_size": [10, 2]},
								"east": {"uv": [79, 7], "uv_size": [10, 2]},
								"south": {"uv": [79, 7], "uv_size": [10, 2]},
								"west": {"uv": [79, 7], "uv_size": [10, 2]},
								"up": {"uv": [79, 7], "uv_size": [10, 2]},
								"down": {"uv": [79, 7], "uv_size": [10, 2]}
							}
						},
						{
							"origin": [-1.106, 31.9408, -11.07],
							"size": [0.131, 0.39, 0.14],
							"pivot": [-0.9, 32.328, -9.23417],
							"rotation": [81, 0, 0],
							"uv": {
								"north": {"uv": [89, 7], "uv_size": [-10, 2]},
								"east": {"uv": [89, 7], "uv_size": [-10, 2]},
								"south": {"uv": [89, 7], "uv_size": [-10, 2]},
								"west": {"uv": [89, 7], "uv_size": [-10, 2]},
								"up": {"uv": [89, 7], "uv_size": [-10, 2]},
								"down": {"uv": [89, 7], "uv_size": [-10, 2]}
							}
						},
						{
							"origin": [-0.97064, 30.295, -9.509],
							"size": [0.125, 0.45, 0.31],
							"pivot": [-1.092, 30.4608, -9.53918],
							"rotation": [-6.5, -1.04196, -44.83393],
							"uv": {
								"north": {"uv": [89, 7], "uv_size": [-10, 2]},
								"east": {"uv": [89, 7], "uv_size": [-10, 2]},
								"south": {"uv": [89, 7], "uv_size": [-10, 2]},
								"west": {"uv": [89, 7], "uv_size": [-10, 2]},
								"up": {"uv": [89, 7], "uv_size": [-10, 2]},
								"down": {"uv": [89, 7], "uv_size": [-10, 2]}
							}
						},
						{
							"origin": [1.29, 32.32, -9.235],
							"size": [0.22, 0.33, 3.57],
							"pivot": [1.482, 32.3292, -5.76082],
							"rotation": [0, 0, -21],
							"uv": {
								"north": {"uv": [79, 7], "uv_size": [10, 2]},
								"east": {"uv": [79, 7], "uv_size": [10, 2]},
								"south": {"uv": [79, 7], "uv_size": [10, 2]},
								"west": {"uv": [79, 7], "uv_size": [10, 2]},
								"up": {"uv": [89, 9], "uv_size": [-10, -2]},
								"down": {"uv": [89, 9], "uv_size": [-10, -2]}
							}
						},
						{
							"origin": [0.8837, 32.64, -9.235],
							"size": [0.22, 0.23, 3.57],
							"pivot": [1.082, 32.6292, -5.76082],
							"rotation": [0, 0, 127],
							"uv": {
								"north": {"uv": [79, 7], "uv_size": [10, 2]},
								"east": {"uv": [79, 7], "uv_size": [10, 2]},
								"south": {"uv": [79, 7], "uv_size": [10, 2]},
								"west": {"uv": [79, 7], "uv_size": [10, 2]},
								"up": {"uv": [89, 9], "uv_size": [-10, -2]},
								"down": {"uv": [89, 9], "uv_size": [-10, -2]}
							}
						},
						{
							"origin": [-0.9037, 32.64, -9.235],
							"size": [0.22, 0.23, 3.57],
							"pivot": [-0.882, 32.6292, -5.76082],
							"rotation": [0, 0, -127],
							"uv": {
								"north": {"uv": [89, 7], "uv_size": [-10, 2]},
								"east": {"uv": [89, 7], "uv_size": [-10, 2]},
								"south": {"uv": [89, 7], "uv_size": [-10, 2]},
								"west": {"uv": [89, 7], "uv_size": [-10, 2]},
								"up": {"uv": [79, 9], "uv_size": [10, -2]},
								"down": {"uv": [79, 9], "uv_size": [10, -2]}
							}
						},
						{
							"origin": [-1.31, 32.32, -9.235],
							"size": [0.22, 0.33, 3.57],
							"pivot": [-1.282, 32.3292, -5.76082],
							"rotation": [0, 0, 21],
							"uv": {
								"north": {"uv": [89, 7], "uv_size": [-10, 2]},
								"east": {"uv": [89, 7], "uv_size": [-10, 2]},
								"south": {"uv": [89, 7], "uv_size": [-10, 2]},
								"west": {"uv": [89, 7], "uv_size": [-10, 2]},
								"up": {"uv": [79, 9], "uv_size": [10, -2]},
								"down": {"uv": [79, 9], "uv_size": [10, -2]}
							}
						},
						{
							"origin": [-1.008, 28.4458, -12.12412],
							"size": [2.521, 1.26, 3.087],
							"pivot": [0.2, 29.71, -12.12412],
							"rotation": [10, 0, 0],
							"uv": {
								"north": {"uv": [79, 7], "uv_size": [10, 2]},
								"east": {"uv": [79, 7], "uv_size": [10, 2]},
								"south": {"uv": [79, 7], "uv_size": [10, 2]},
								"west": {"uv": [79, 7], "uv_size": [10, 2]},
								"up": {"uv": [89, 9], "uv_size": [-10, -2]},
								"down": {"uv": [89, 9], "uv_size": [-10, -2]}
							}
						},
						{
							"origin": [-1.123, 28.4458, -10.96912],
							"size": [0.336, 1.26, 1.932],
							"pivot": [-0.115, 29.71, -12.12412],
							"rotation": [10, 0, 0],
							"uv": {
								"north": {"uv": [79, 7], "uv_size": [10, 2]},
								"east": {"uv": [79, 7], "uv_size": [10, 2]},
								"south": {"uv": [79, 7], "uv_size": [10, 2]},
								"west": {"uv": [79, 7], "uv_size": [10, 2]},
								"up": {"uv": [89, 9], "uv_size": [-10, -2]},
								"down": {"uv": [89, 9], "uv_size": [-10, -2]}
							}
						},
						{
							"origin": [1.2526, 28.45, -16.84913],
							"size": [0.4704, 0.42, 11.382],
							"pivot": [1.723, 28.45, -3.88582],
							"rotation": [0, 0, -38],
							"uv": {
								"north": {"uv": [79, 7], "uv_size": [10, 2]},
								"east": {"uv": [79, 7], "uv_size": [10, 2]},
								"south": {"uv": [79, 7], "uv_size": [10, 2]},
								"west": {"uv": [79, 7], "uv_size": [10, 2]},
								"up": {"uv": [89, 9], "uv_size": [-10, -2]},
								"down": {"uv": [89, 9], "uv_size": [-10, -2]}
							}
						},
						{
							"origin": [-1.533, 28.45, -16.84913],
							"size": [0.4704, 0.42, 11.382],
							"pivot": [-1.533, 28.45, -3.88582],
							"rotation": [0, 0, 38],
							"uv": {
								"north": {"uv": [79, 7], "uv_size": [10, 2]},
								"east": {"uv": [79, 7], "uv_size": [10, 2]},
								"south": {"uv": [79, 7], "uv_size": [10, 2]},
								"west": {"uv": [79, 7], "uv_size": [10, 2]},
								"up": {"uv": [89, 9], "uv_size": [-10, -2]},
								"down": {"uv": [89, 9], "uv_size": [-10, -2]}
							}
						},
						{
							"origin": [0.9652, 29.5675, -12.17422],
							"size": [0.9192, 1.0872, 1.0872],
							"inflate": -0.3,
							"pivot": [1.8238, 29.3131, -12.42862],
							"rotation": [-45, 0, 0],
							"uv": {
								"north": {"uv": [116, 20], "uv_size": [1, 1]},
								"east": {"uv": [116, 20], "uv_size": [1, 1]},
								"south": {"uv": [116, 20], "uv_size": [1, 1]},
								"west": {"uv": [116, 20], "uv_size": [1, 1]},
								"up": {"uv": [117, 21], "uv_size": [-1, -1]},
								"down": {"uv": [117, 21], "uv_size": [-1, -1]}
							}
						},
						{
							"origin": [0.9652, 29.4625, -14.48422],
							"size": [0.9192, 1.0872, 1.0872],
							"inflate": -0.3,
							"pivot": [1.8238, 29.2081, -14.73862],
							"rotation": [-45, 0, 0],
							"uv": {
								"north": {"uv": [116, 20], "uv_size": [1, 1]},
								"east": {"uv": [116, 20], "uv_size": [1, 1]},
								"south": {"uv": [116, 20], "uv_size": [1, 1]},
								"west": {"uv": [116, 20], "uv_size": [1, 1]},
								"up": {"uv": [117, 21], "uv_size": [-1, -1]},
								"down": {"uv": [117, 21], "uv_size": [-1, -1]}
							}
						}
					]
				},
				{
					"name": "pso4",
					"parent": "1p87",
					"pivot": [-0.8521, 29.25325, -16.17397],
					"rotation": [-17.5, 90, 0],
					"cubes": [
						{
							"origin": [-3.43352, 25.54502, -20.3777],
							"size": [7.1368, 7.73725, 7.73725],
							"inflate": -3.4,
							"pivot": [1.20498, 29.44195, -17.07868],
							"rotation": [-27.5, 0, 0],
							"uv": {
								"north": {"uv": [116, 20], "uv_size": [1, 1]},
								"east": {"uv": [116, 20], "uv_size": [1, 1]},
								"south": {"uv": [116, 20], "uv_size": [1, 1]},
								"west": {"uv": [116, 20], "uv_size": [1, 1]},
								"up": {"uv": [117, 21], "uv_size": [-1, -1]},
								"down": {"uv": [117, 21], "uv_size": [-1, -1]}
							}
						},
						{
							"origin": [-7.55895, 28.84197, -17.64633],
							"size": [7.80384, 1.5958, 1.5958],
							"inflate": -0.2,
							"pivot": [1.00766, 28.81173, -17.67658],
							"rotation": [-27.5, 0, 0],
							"uv": {
								"north": {"uv": [79, 7], "uv_size": [10, 2]},
								"east": {"uv": [79, 7], "uv_size": [10, 2]},
								"south": {"uv": [79, 7], "uv_size": [10, 2]},
								"west": {"uv": [79, 7], "uv_size": [10, 2]},
								"up": {"uv": [89, 9], "uv_size": [-10, -2]},
								"down": {"uv": [89, 9], "uv_size": [-10, -2]}
							}
						},
						{
							"origin": [0.0252, 28.92702, -17.56128],
							"size": [0.90009, 1.4257, 1.4257],
							"inflate": -0.2,
							"pivot": [3.81431, 28.81173, -17.67658],
							"rotation": [-27.5, 0, 0],
							"uv": {
								"north": {"uv": [79, 7], "uv_size": [10, 2]},
								"east": {"uv": [79, 7], "uv_size": [10, 2]},
								"south": {"uv": [79, 7], "uv_size": [10, 2]},
								"west": {"uv": [79, 7], "uv_size": [10, 2]},
								"up": {"uv": [89, 9], "uv_size": [-10, -2]},
								"down": {"uv": [89, 9], "uv_size": [-10, -2]}
							}
						},
						{
							"origin": [-3.65167, 26.07979, -18.25021],
							"size": [7.10312, 7.64353, 7.64353],
							"inflate": -3.4,
							"pivot": [0.86298, 29.79975, -15.06836],
							"rotation": [-27.5, 0, 0],
							"uv": {
								"north": {"uv": [116, 20], "uv_size": [1, 1]},
								"east": {"uv": [116, 20], "uv_size": [1, 1]},
								"south": {"uv": [116, 20], "uv_size": [1, 1]},
								"west": {"uv": [116, 20], "uv_size": [1, 1]},
								"up": {"uv": [117, 21], "uv_size": [-1, -1]},
								"down": {"uv": [117, 21], "uv_size": [-1, -1]}
							}
						},
						{
							"origin": [-0.21882, 29.4436, -15.39542],
							"size": [0.85008, 1.32313, 1.32313],
							"inflate": -0.2,
							"pivot": [3.21138, 29.23255, -15.60647],
							"rotation": [-27.5, 0, 0],
							"uv": {
								"north": {"uv": [79, 7], "uv_size": [10, 2]},
								"east": {"uv": [79, 7], "uv_size": [10, 2]},
								"south": {"uv": [79, 7], "uv_size": [10, 2]},
								"west": {"uv": [79, 7], "uv_size": [10, 2]},
								"up": {"uv": [89, 9], "uv_size": [-10, -2]},
								"down": {"uv": [89, 9], "uv_size": [-10, -2]}
							}
						},
						{
							"origin": [0.45045, 28.84197, -17.64633],
							"size": [0.81504, 1.5958, 1.5958],
							"inflate": -0.2,
							"pivot": [4.23956, 28.81173, -17.67658],
							"rotation": [-27.5, 0, 0],
							"uv": {
								"north": {"uv": [79, 7], "uv_size": [10, 2]},
								"east": {"uv": [79, 7], "uv_size": [10, 2]},
								"south": {"uv": [79, 7], "uv_size": [10, 2]},
								"west": {"uv": [79, 7], "uv_size": [10, 2]},
								"up": {"uv": [89, 9], "uv_size": [-10, -2]},
								"down": {"uv": [89, 9], "uv_size": [-10, -2]}
							}
						}
					]
				},
				{
					"name": "pso3",
					"parent": "1p87",
					"pivot": [-3.0571, 30.61825, -11.44897],
					"rotation": [0, 0, -180],
					"cubes": [
						{
							"origin": [-8.50055, 27.82036, -14.45682],
							"size": [7.85588, 8.30381, 8.30381],
							"inflate": -3.4,
							"pivot": [-2.44264, 30.89661, -10.79051],
							"rotation": [-27.5, 0, 0],
							"uv": {
								"north": {"uv": [79, 7], "uv_size": [10, 2]},
								"east": {"uv": [79, 7], "uv_size": [10, 2]},
								"south": {"uv": [79, 7], "uv_size": [10, 2]},
								"west": {"uv": [79, 7], "uv_size": [10, 2]},
								"up": {"uv": [89, 9], "uv_size": [-10, -2]},
								"down": {"uv": [89, 9], "uv_size": [-10, -2]}
							}
						},
						{
							"origin": [-4.2352, 31.26753, -11.77773],
							"size": [0.73264, 2.02393, 2.02393],
							"inflate": -0.2,
							"pivot": [-2.8261, 30.04075, -11.60247],
							"rotation": [-27.5, 0, 0],
							"uv": {
								"north": {"uv": [116, 20], "uv_size": [1, 1]},
								"east": {"uv": [116, 20], "uv_size": [1, 1]},
								"south": {"uv": [116, 20], "uv_size": [1, 1]},
								"west": {"uv": [116, 20], "uv_size": [1, 1]},
								"up": {"uv": [117, 21], "uv_size": [-1, -1]},
								"down": {"uv": [117, 21], "uv_size": [-1, -1]}
							}
						}
					]
				},
				{
					"name": "scope",
					"parent": "main",
					"pivot": [0.06, 31.38, 2.39],
					"cubes": [
						{
							"origin": [-0.44, 31, 2.21],
							"size": [0.96, 0.96, 0.96],
							"inflate": -0.4,
							"uv": {
								"north": {"uv": [60, 19], "uv_size": [1, 1]},
								"east": {"uv": [23, 56], "uv_size": [1, 1]},
								"south": {"uv": [58, 18], "uv_size": [1, 1]},
								"west": {"uv": [24, 57], "uv_size": [1, 1]},
								"up": {"uv": [58, 23], "uv_size": [1, 1]},
								"down": {"uv": [26, 60], "uv_size": [1, -1]}
							}
						}
					]
				},
				{
					"name": "_ca_scope",
					"parent": "main",
					"pivot": [-0.1, 28.98, -10.67],
					"cubes": [
						{
							"origin": [-0.18, 27.486, -10.9565],
							"size": [0.76, 0.76, 0.76],
							"uv": {
								"north": {"uv": [53, 14], "uv_size": [1, 1]},
								"east": {"uv": [15, 53], "uv_size": [1, 1]},
								"south": {"uv": [53, 15], "uv_size": [1, 1]},
								"west": {"uv": [16, 53], "uv_size": [1, 1]},
								"up": {"uv": [53, 16], "uv_size": [1, 1]},
								"down": {"uv": [17, 54], "uv_size": [1, -1]}
							}
						}
					]
				}
			]
		}
	]
}