{
	"format_version": "1.12.0",
	"minecraft:geometry": [
		{
			"description": {
				"identifier": "geometry.unknown",
				"texture_width": 128,
				"texture_height": 128,
				"visible_bounds_width": 9,
				"visible_bounds_height": 5,
				"visible_bounds_offset": [0, 0.5, 0]
			},
			"bones": [
				{
					"name": "main",
					"pivot": [0, 20, 0]
				},
				{
					"name": "gun",
					"parent": "main",
					"pivot": [1, 11, -1]
				},
				{
					"name": "handguard",
					"parent": "gun",
					"pivot": [-0.9, 23.9, -52.65],
					"cubes": [
						{
							"origin": [-1.85, 19.1, -32.05],
							"size": [3.9, 4.4, 5.4],
							"uv": {
								"north": {"uv": [82, 36], "uv_size": [4, 5]},
								"east": {"uv": [73, 36], "uv_size": [5, 5]},
								"south": {"uv": [52, 83], "uv_size": [4, 5]},
								"west": {"uv": [75, 74], "uv_size": [5, 5]},
								"up": {"uv": [69, 83], "uv_size": [4, 5]},
								"down": {"uv": [83, 76], "uv_size": [4, -5]}
							}
						},
						{
							"origin": [-1.55, 23.5, -31.15],
							"size": [3.2, 3.6, 4.5],
							"uv": {
								"north": {"uv": [86, 36], "uv_size": [4, 4]},
								"east": {"uv": [79, 11], "uv_size": [5, 4]},
								"south": {"uv": [86, 65], "uv_size": [4, 4]},
								"west": {"uv": [82, 20], "uv_size": [5, 4]},
								"up": {"uv": [81, 83], "uv_size": [4, 5]},
								"down": {"uv": [0, 89], "uv_size": [4, -5]}
							}
						},
						{
							"origin": [-1.55, 23.5, -31.75],
							"size": [3.2, 3.6, 0.6],
							"uv": {
								"north": {"uv": [79, 11], "uv_size": [5, 4]},
								"east": {"uv": [79, 11], "uv_size": [5, 4]},
								"south": {"uv": [79, 11], "uv_size": [5, 4]},
								"west": {"uv": [79, 11], "uv_size": [5, 4]},
								"up": {"uv": [84, 15], "uv_size": [-5, -4]},
								"down": {"uv": [84, 15], "uv_size": [-5, -4]}
							}
						},
						{
							"origin": [-1.55, 23.5, -46.65],
							"size": [0.6, 3.2, 6.1],
							"uv": {
								"north": {"uv": [15, 107], "uv_size": [1, 3]},
								"east": {"uv": [84, 14], "uv_size": [6, 3]},
								"south": {"uv": [84, 14], "uv_size": [6, 3]},
								"west": {"uv": [84, 58], "uv_size": [6, 3]},
								"up": {"uv": [79, 101], "uv_size": [1, 6]},
								"down": {"uv": [16, 110], "uv_size": [-1, -3]}
							}
						},
						{
							"origin": [1.15, 23.5, -46.65],
							"size": [0.6, 3.2, 6.1],
							"uv": {
								"north": {"uv": [79, 107], "uv_size": [1, 3]},
								"east": {"uv": [85, 28], "uv_size": [6, 3]},
								"south": {"uv": [80, 107], "uv_size": [1, 3]},
								"west": {"uv": [85, 31], "uv_size": [6, 3]},
								"up": {"uv": [85, 101], "uv_size": [1, 6]},
								"down": {"uv": [16, 110], "uv_size": [-1, -3]}
							}
						},
						{
							"origin": [1.75, 24.9, -46.45],
							"size": [0.4, 1.2, 5.8],
							"uv": {
								"north": {"uv": [111, 91], "uv_size": [1, 1]},
								"east": {"uv": [102, 15], "uv_size": [6, 1]},
								"south": {"uv": [92, 111], "uv_size": [1, 1]},
								"west": {"uv": [102, 16], "uv_size": [6, 1]},
								"up": {"uv": [51, 102], "uv_size": [1, 6]},
								"down": {"uv": [55, 108], "uv_size": [1, -6]}
							}
						},
						{
							"origin": [-1.95, 24.9, -46.45],
							"size": [0.4, 1.2, 5.8],
							"uv": {
								"north": {"uv": [32, 112], "uv_size": [1, 1]},
								"east": {"uv": [102, 32], "uv_size": [6, 1]},
								"south": {"uv": [112, 32], "uv_size": [1, 1]},
								"west": {"uv": [102, 33], "uv_size": [6, 1]},
								"up": {"uv": [62, 102], "uv_size": [1, 6]},
								"down": {"uv": [72, 108], "uv_size": [1, -6]}
							}
						},
						{
							"origin": [2.15, 24.9, -46.05],
							"size": [0.3, 1.2, 0.6],
							"uv": {
								"north": {"uv": [111, 92], "uv_size": [1, 1]},
								"east": {"uv": [93, 111], "uv_size": [1, 1]},
								"south": {"uv": [111, 93], "uv_size": [1, 1]},
								"west": {"uv": [94, 111], "uv_size": [1, 1]},
								"up": {"uv": [98, 112], "uv_size": [-1, -1]},
								"down": {"uv": [95, 112], "uv_size": [1, -1]}
							}
						},
						{
							"origin": [4.8, 27.7, -44.95],
							"size": [0.3, 0.3, 0.6],
							"pivot": [5.71, 23.7, -49.05],
							"rotation": [0, 0, -45],
							"uv": {
								"north": {"uv": [111, 107], "uv_size": [1, 1]},
								"east": {"uv": [108, 111], "uv_size": [1, 1]},
								"south": {"uv": [111, 108], "uv_size": [1, 1]},
								"west": {"uv": [109, 111], "uv_size": [1, 1]},
								"up": {"uv": [111, 109], "uv_size": [1, 1]},
								"down": {"uv": [110, 112], "uv_size": [1, -1]}
							}
						},
						{
							"origin": [4.8, 27.7, -43.85],
							"size": [0.3, 0.3, 0.6],
							"pivot": [5.71, 23.7, -47.95],
							"rotation": [0, 0, -45],
							"uv": {
								"north": {"uv": [111, 110], "uv_size": [1, 1]},
								"east": {"uv": [111, 111], "uv_size": [1, 1]},
								"south": {"uv": [0, 112], "uv_size": [1, 1]},
								"west": {"uv": [112, 0], "uv_size": [1, 1]},
								"up": {"uv": [1, 112], "uv_size": [1, 1]},
								"down": {"uv": [112, 2], "uv_size": [1, -1]}
							}
						},
						{
							"origin": [4.8, 27.7, -42.75],
							"size": [0.3, 0.3, 0.6],
							"pivot": [5.71, 23.7, -46.85],
							"rotation": [0, 0, -45],
							"uv": {
								"north": {"uv": [2, 112], "uv_size": [1, 1]},
								"east": {"uv": [112, 2], "uv_size": [1, 1]},
								"south": {"uv": [3, 112], "uv_size": [1, 1]},
								"west": {"uv": [112, 3], "uv_size": [1, 1]},
								"up": {"uv": [4, 112], "uv_size": [1, 1]},
								"down": {"uv": [112, 5], "uv_size": [1, -1]}
							}
						},
						{
							"origin": [4.8, 27.7, -41.65],
							"size": [0.3, 0.3, 0.6],
							"pivot": [5.71, 23.7, -45.75],
							"rotation": [0, 0, -45],
							"uv": {
								"north": {"uv": [5, 112], "uv_size": [1, 1]},
								"east": {"uv": [112, 5], "uv_size": [1, 1]},
								"south": {"uv": [6, 112], "uv_size": [1, 1]},
								"west": {"uv": [112, 6], "uv_size": [1, 1]},
								"up": {"uv": [7, 112], "uv_size": [1, 1]},
								"down": {"uv": [112, 8], "uv_size": [1, -1]}
							}
						},
						{
							"origin": [4.6, 26.5, -41.65],
							"size": [0.3, 0.3, 0.6],
							"pivot": [5.51, 22.5, -45.75],
							"rotation": [0, 0, -45],
							"uv": {
								"north": {"uv": [8, 112], "uv_size": [1, 1]},
								"east": {"uv": [112, 8], "uv_size": [1, 1]},
								"south": {"uv": [9, 112], "uv_size": [1, 1]},
								"west": {"uv": [112, 9], "uv_size": [1, 1]},
								"up": {"uv": [10, 112], "uv_size": [1, 1]},
								"down": {"uv": [112, 11], "uv_size": [1, -1]}
							}
						},
						{
							"origin": [4.8, 26.5, -42.75],
							"size": [0.3, 0.3, 0.6],
							"pivot": [5.71, 22.5, -46.85],
							"rotation": [0, 0, -45],
							"uv": {
								"north": {"uv": [11, 112], "uv_size": [1, 1]},
								"east": {"uv": [112, 11], "uv_size": [1, 1]},
								"south": {"uv": [12, 112], "uv_size": [1, 1]},
								"west": {"uv": [112, 12], "uv_size": [1, 1]},
								"up": {"uv": [13, 112], "uv_size": [1, 1]},
								"down": {"uv": [112, 14], "uv_size": [1, -1]}
							}
						},
						{
							"origin": [4.8, 26.5, -43.85],
							"size": [0.3, 0.3, 0.6],
							"pivot": [5.71, 22.5, -47.95],
							"rotation": [0, 0, -45],
							"uv": {
								"north": {"uv": [14, 112], "uv_size": [1, 1]},
								"east": {"uv": [112, 14], "uv_size": [1, 1]},
								"south": {"uv": [15, 112], "uv_size": [1, 1]},
								"west": {"uv": [112, 15], "uv_size": [1, 1]},
								"up": {"uv": [16, 112], "uv_size": [1, 1]},
								"down": {"uv": [112, 17], "uv_size": [1, -1]}
							}
						},
						{
							"origin": [4.8, 26.5, -44.95],
							"size": [0.3, 0.3, 0.6],
							"pivot": [5.71, 22.5, -49.05],
							"rotation": [0, 0, -45],
							"uv": {
								"north": {"uv": [17, 112], "uv_size": [1, 1]},
								"east": {"uv": [112, 17], "uv_size": [1, 1]},
								"south": {"uv": [18, 112], "uv_size": [1, 1]},
								"west": {"uv": [112, 18], "uv_size": [1, 1]},
								"up": {"uv": [19, 112], "uv_size": [1, 1]},
								"down": {"uv": [112, 20], "uv_size": [1, -1]}
							}
						},
						{
							"origin": [4.8, 26.5, -46.05],
							"size": [0.3, 0.3, 0.6],
							"pivot": [5.71, 22.5, -50.15],
							"rotation": [0, 0, -45],
							"uv": {
								"north": {"uv": [20, 112], "uv_size": [1, 1]},
								"east": {"uv": [112, 20], "uv_size": [1, 1]},
								"south": {"uv": [21, 112], "uv_size": [1, 1]},
								"west": {"uv": [112, 21], "uv_size": [1, 1]},
								"up": {"uv": [22, 112], "uv_size": [1, 1]},
								"down": {"uv": [112, 23], "uv_size": [1, -1]}
							}
						},
						{
							"origin": [4.8, 27.7, -46.05],
							"size": [0.3, 0.3, 0.6],
							"pivot": [5.71, 23.7, -50.15],
							"rotation": [0, 0, -45],
							"uv": {
								"north": {"uv": [23, 112], "uv_size": [1, 1]},
								"east": {"uv": [112, 23], "uv_size": [1, 1]},
								"south": {"uv": [24, 112], "uv_size": [1, 1]},
								"west": {"uv": [112, 24], "uv_size": [1, 1]},
								"up": {"uv": [25, 112], "uv_size": [1, 1]},
								"down": {"uv": [112, 26], "uv_size": [1, -1]}
							}
						},
						{
							"origin": [0.53, 27.71, -46.05],
							"size": [0.3, 0.3, 0.6],
							"pivot": [1.45, 23.7, -50.15],
							"rotation": [0, 0, -45],
							"uv": {
								"north": {"uv": [54, 112], "uv_size": [1, 1]},
								"east": {"uv": [112, 54], "uv_size": [1, 1]},
								"south": {"uv": [55, 112], "uv_size": [1, 1]},
								"west": {"uv": [112, 55], "uv_size": [1, 1]},
								"up": {"uv": [56, 112], "uv_size": [1, 1]},
								"down": {"uv": [112, 57], "uv_size": [1, -1]}
							}
						},
						{
							"origin": [0.53, 26.51, -46.05],
							"size": [0.3, 0.3, 0.6],
							"pivot": [1.45, 22.5, -50.15],
							"rotation": [0, 0, -45],
							"uv": {
								"north": {"uv": [57, 112], "uv_size": [1, 1]},
								"east": {"uv": [112, 57], "uv_size": [1, 1]},
								"south": {"uv": [58, 112], "uv_size": [1, 1]},
								"west": {"uv": [112, 58], "uv_size": [1, 1]},
								"up": {"uv": [59, 112], "uv_size": [1, 1]},
								"down": {"uv": [98, 112], "uv_size": [-1, -1]}
							}
						},
						{
							"origin": [0.53, 27.71, -44.95],
							"size": [0.3, 0.3, 0.6],
							"pivot": [1.45, 23.7, -49.05],
							"rotation": [0, 0, -45],
							"uv": {
								"north": {"uv": [63, 112], "uv_size": [1, 1]},
								"east": {"uv": [112, 63], "uv_size": [1, 1]},
								"south": {"uv": [64, 112], "uv_size": [1, 1]},
								"west": {"uv": [112, 64], "uv_size": [1, 1]},
								"up": {"uv": [65, 112], "uv_size": [1, 1]},
								"down": {"uv": [112, 66], "uv_size": [1, -1]}
							}
						},
						{
							"origin": [0.53, 26.51, -44.95],
							"size": [0.3, 0.3, 0.6],
							"pivot": [1.45, 22.5, -49.05],
							"rotation": [0, 0, -45],
							"uv": {
								"north": {"uv": [60, 112], "uv_size": [1, 1]},
								"east": {"uv": [112, 60], "uv_size": [1, 1]},
								"south": {"uv": [61, 112], "uv_size": [1, 1]},
								"west": {"uv": [112, 61], "uv_size": [1, 1]},
								"up": {"uv": [62, 112], "uv_size": [1, 1]},
								"down": {"uv": [98, 112], "uv_size": [-1, -1]}
							}
						},
						{
							"origin": [0.53, 27.71, -43.85],
							"size": [0.3, 0.3, 0.6],
							"pivot": [1.45, 23.7, -47.95],
							"rotation": [0, 0, -45],
							"uv": {
								"north": {"uv": [69, 112], "uv_size": [1, 1]},
								"east": {"uv": [112, 69], "uv_size": [1, 1]},
								"south": {"uv": [70, 112], "uv_size": [1, 1]},
								"west": {"uv": [112, 70], "uv_size": [1, 1]},
								"up": {"uv": [71, 112], "uv_size": [1, 1]},
								"down": {"uv": [112, 72], "uv_size": [1, -1]}
							}
						},
						{
							"origin": [0.53, 26.51, -43.85],
							"size": [0.3, 0.3, 0.6],
							"pivot": [1.45, 22.5, -47.95],
							"rotation": [0, 0, -45],
							"uv": {
								"north": {"uv": [66, 112], "uv_size": [1, 1]},
								"east": {"uv": [112, 66], "uv_size": [1, 1]},
								"south": {"uv": [67, 112], "uv_size": [1, 1]},
								"west": {"uv": [112, 67], "uv_size": [1, 1]},
								"up": {"uv": [68, 112], "uv_size": [1, 1]},
								"down": {"uv": [98, 112], "uv_size": [-1, -1]}
							}
						},
						{
							"origin": [0.53, 27.71, -42.75],
							"size": [0.3, 0.3, 0.6],
							"pivot": [1.45, 23.7, -46.85],
							"rotation": [0, 0, -45],
							"uv": {
								"north": {"uv": [75, 112], "uv_size": [1, 1]},
								"east": {"uv": [112, 75], "uv_size": [1, 1]},
								"south": {"uv": [76, 112], "uv_size": [1, 1]},
								"west": {"uv": [112, 76], "uv_size": [1, 1]},
								"up": {"uv": [77, 112], "uv_size": [1, 1]},
								"down": {"uv": [112, 78], "uv_size": [1, -1]}
							}
						},
						{
							"origin": [0.53, 26.51, -42.75],
							"size": [0.3, 0.3, 0.6],
							"pivot": [1.45, 22.5, -46.85],
							"rotation": [0, 0, -45],
							"uv": {
								"north": {"uv": [72, 112], "uv_size": [1, 1]},
								"east": {"uv": [112, 72], "uv_size": [1, 1]},
								"south": {"uv": [73, 112], "uv_size": [1, 1]},
								"west": {"uv": [112, 73], "uv_size": [1, 1]},
								"up": {"uv": [74, 112], "uv_size": [1, 1]},
								"down": {"uv": [98, 112], "uv_size": [-1, -1]}
							}
						},
						{
							"origin": [0.53, 27.71, -41.65],
							"size": [0.3, 0.3, 0.6],
							"pivot": [1.45, 23.7, -45.75],
							"rotation": [0, 0, -45],
							"uv": {
								"north": {"uv": [81, 112], "uv_size": [1, 1]},
								"east": {"uv": [112, 81], "uv_size": [1, 1]},
								"south": {"uv": [82, 112], "uv_size": [1, 1]},
								"west": {"uv": [112, 82], "uv_size": [1, 1]},
								"up": {"uv": [83, 112], "uv_size": [1, 1]},
								"down": {"uv": [112, 84], "uv_size": [1, -1]}
							}
						},
						{
							"origin": [0.53, 26.51, -41.65],
							"size": [0.3, 0.3, 0.6],
							"pivot": [1.45, 22.5, -45.75],
							"rotation": [0, 0, -45],
							"uv": {
								"north": {"uv": [78, 112], "uv_size": [1, 1]},
								"east": {"uv": [112, 78], "uv_size": [1, 1]},
								"south": {"uv": [79, 112], "uv_size": [1, 1]},
								"west": {"uv": [112, 79], "uv_size": [1, 1]},
								"up": {"uv": [80, 112], "uv_size": [1, 1]},
								"down": {"uv": [98, 112], "uv_size": [-1, -1]}
							}
						},
						{
							"origin": [2.15, 24.9, -41.65],
							"size": [0.3, 1.2, 0.6],
							"uv": {
								"north": {"uv": [111, 95], "uv_size": [1, 1]},
								"east": {"uv": [97, 111], "uv_size": [1, 1]},
								"south": {"uv": [97, 111], "uv_size": [1, 1]},
								"west": {"uv": [97, 111], "uv_size": [1, 1]},
								"up": {"uv": [98, 112], "uv_size": [-1, -1]},
								"down": {"uv": [98, 112], "uv_size": [-1, -1]}
							}
						},
						{
							"origin": [4.62, 24.9, -39.87],
							"size": [0.3, 1.2, 0.5],
							"pivot": [5.4, 20.9, -44.05],
							"rotation": [0, -38, 0],
							"uv": {
								"north": {"uv": [26, 112], "uv_size": [1, 1]},
								"east": {"uv": [112, 26], "uv_size": [1, 1]},
								"south": {"uv": [27, 112], "uv_size": [1, 1]},
								"west": {"uv": [112, 27], "uv_size": [1, 1]},
								"up": {"uv": [28, 112], "uv_size": [1, 1]},
								"down": {"uv": [112, 29], "uv_size": [1, -1]}
							}
						},
						{
							"origin": [4.62, 34.1, -38.87],
							"size": [0.3, 1.2, 0.5],
							"pivot": [5.4, 30.1, -43.05],
							"rotation": [180, 38, 0],
							"uv": {
								"north": {"uv": [29, 112], "uv_size": [1, 1]},
								"east": {"uv": [112, 29], "uv_size": [1, 1]},
								"south": {"uv": [30, 112], "uv_size": [1, 1]},
								"west": {"uv": [112, 30], "uv_size": [1, 1]},
								"up": {"uv": [31, 112], "uv_size": [1, 1]},
								"down": {"uv": [112, 32], "uv_size": [1, -1]}
							}
						},
						{
							"origin": [-5, 34.1, -38.06],
							"size": [0.3, 1.2, 0.5],
							"pivot": [-4.2, 30.1, -42.25],
							"rotation": [180, -38, 0],
							"uv": {
								"north": {"uv": [48, 112], "uv_size": [1, 1]},
								"east": {"uv": [112, 48], "uv_size": [1, 1]},
								"south": {"uv": [49, 112], "uv_size": [1, 1]},
								"west": {"uv": [112, 49], "uv_size": [1, 1]},
								"up": {"uv": [50, 112], "uv_size": [1, 1]},
								"down": {"uv": [112, 51], "uv_size": [1, -1]}
							}
						},
						{
							"origin": [-5, 24.9, -40.66],
							"size": [0.3, 1.2, 0.5],
							"pivot": [-4.2, 20.9, -44.85],
							"rotation": [0, 38, 0],
							"uv": {
								"north": {"uv": [51, 112], "uv_size": [1, 1]},
								"east": {"uv": [112, 51], "uv_size": [1, 1]},
								"south": {"uv": [52, 112], "uv_size": [1, 1]},
								"west": {"uv": [112, 52], "uv_size": [1, 1]},
								"up": {"uv": [53, 112], "uv_size": [1, 1]},
								"down": {"uv": [112, 54], "uv_size": [1, -1]}
							}
						},
						{
							"origin": [2.15, 24.9, -44.95],
							"size": [0.3, 1.2, 0.6],
							"uv": {
								"north": {"uv": [111, 98], "uv_size": [1, 1]},
								"east": {"uv": [99, 111], "uv_size": [1, 1]},
								"south": {"uv": [111, 99], "uv_size": [1, 1]},
								"west": {"uv": [100, 111], "uv_size": [1, 1]},
								"up": {"uv": [98, 112], "uv_size": [-1, -1]},
								"down": {"uv": [101, 112], "uv_size": [1, -1]}
							}
						},
						{
							"origin": [2.15, 24.9, -43.85],
							"size": [0.3, 1.2, 0.6],
							"uv": {
								"north": {"uv": [111, 101], "uv_size": [1, 1]},
								"east": {"uv": [102, 111], "uv_size": [1, 1]},
								"south": {"uv": [111, 102], "uv_size": [1, 1]},
								"west": {"uv": [103, 111], "uv_size": [1, 1]},
								"up": {"uv": [98, 112], "uv_size": [-1, -1]},
								"down": {"uv": [104, 112], "uv_size": [1, -1]}
							}
						},
						{
							"origin": [2.15, 24.9, -42.75],
							"size": [0.3, 1.2, 0.6],
							"uv": {
								"north": {"uv": [111, 104], "uv_size": [1, 1]},
								"east": {"uv": [105, 111], "uv_size": [1, 1]},
								"south": {"uv": [111, 105], "uv_size": [1, 1]},
								"west": {"uv": [106, 111], "uv_size": [1, 1]},
								"up": {"uv": [98, 112], "uv_size": [-1, -1]},
								"down": {"uv": [107, 112], "uv_size": [1, -1]}
							}
						},
						{
							"origin": [-2.25, 24.9, -46.05],
							"size": [0.3, 1.2, 0.6],
							"uv": {
								"north": {"uv": [45, 112], "uv_size": [1, 1]},
								"east": {"uv": [112, 45], "uv_size": [1, 1]},
								"south": {"uv": [46, 112], "uv_size": [1, 1]},
								"west": {"uv": [112, 46], "uv_size": [1, 1]},
								"up": {"uv": [98, 112], "uv_size": [-1, -1]},
								"down": {"uv": [112, 48], "uv_size": [1, -1]}
							}
						},
						{
							"origin": [-2.25, 24.9, -44.95],
							"size": [0.3, 1.2, 0.6],
							"uv": {
								"north": {"uv": [42, 112], "uv_size": [1, 1]},
								"east": {"uv": [112, 42], "uv_size": [1, 1]},
								"south": {"uv": [43, 112], "uv_size": [1, 1]},
								"west": {"uv": [112, 43], "uv_size": [1, 1]},
								"up": {"uv": [98, 112], "uv_size": [-1, -1]},
								"down": {"uv": [112, 45], "uv_size": [1, -1]}
							}
						},
						{
							"origin": [-2.25, 24.9, -42.75],
							"size": [0.3, 1.2, 0.6],
							"uv": {
								"north": {"uv": [39, 112], "uv_size": [1, 1]},
								"east": {"uv": [112, 39], "uv_size": [1, 1]},
								"south": {"uv": [40, 112], "uv_size": [1, 1]},
								"west": {"uv": [112, 40], "uv_size": [1, 1]},
								"up": {"uv": [98, 112], "uv_size": [-1, -1]},
								"down": {"uv": [112, 42], "uv_size": [1, -1]}
							}
						},
						{
							"origin": [-2.25, 24.9, -43.85],
							"size": [0.3, 1.2, 0.6],
							"uv": {
								"north": {"uv": [36, 112], "uv_size": [1, 1]},
								"east": {"uv": [112, 36], "uv_size": [1, 1]},
								"south": {"uv": [37, 112], "uv_size": [1, 1]},
								"west": {"uv": [112, 37], "uv_size": [1, 1]},
								"up": {"uv": [98, 112], "uv_size": [-1, -1]},
								"down": {"uv": [112, 39], "uv_size": [1, -1]}
							}
						},
						{
							"origin": [-2.25, 24.9, -41.65],
							"size": [0.3, 1.2, 0.6],
							"uv": {
								"north": {"uv": [33, 112], "uv_size": [1, 1]},
								"east": {"uv": [112, 33], "uv_size": [1, 1]},
								"south": {"uv": [112, 33], "uv_size": [1, 1]},
								"west": {"uv": [112, 33], "uv_size": [1, 1]},
								"up": {"uv": [113, 34], "uv_size": [-1, -1]},
								"down": {"uv": [113, 34], "uv_size": [-1, -1]}
							}
						},
						{
							"origin": [3.65, 23.5, -39.15],
							"size": [0.6, 3.6, 0.8],
							"pivot": [4.5, 21.5, -42.55],
							"rotation": [0, -50, 0],
							"uv": {
								"north": {"uv": [68, 105], "uv_size": [1, 4]},
								"east": {"uv": [105, 75], "uv_size": [1, 4]},
								"south": {"uv": [105, 88], "uv_size": [1, 4]},
								"west": {"uv": [92, 105], "uv_size": [1, 4]},
								"up": {"uv": [111, 86], "uv_size": [1, 1]},
								"down": {"uv": [16, 110], "uv_size": [-1, -3]}
							}
						},
						{
							"origin": [1.35, 23.5, -30.4],
							"size": [0.6, 3.6, 0.8],
							"pivot": [2.2, 21.5, -33.785],
							"rotation": [0, -50, 0],
							"uv": {
								"north": {"uv": [11, 106], "uv_size": [1, 4]},
								"east": {"uv": [106, 11], "uv_size": [1, 4]},
								"south": {"uv": [12, 106], "uv_size": [1, 4]},
								"west": {"uv": [14, 106], "uv_size": [1, 4]},
								"up": {"uv": [111, 89], "uv_size": [1, 1]},
								"down": {"uv": [90, 112], "uv_size": [1, -1]}
							}
						},
						{
							"origin": [-4.43, 23.5, -39.975],
							"size": [0.6, 3.6, 0.8],
							"pivot": [-3.6, 21.5, -43.35],
							"rotation": [0, 50, 0],
							"uv": {
								"north": {"uv": [84, 14], "uv_size": [6, 3]},
								"east": {"uv": [102, 105], "uv_size": [1, 4]},
								"south": {"uv": [103, 105], "uv_size": [1, 4]},
								"west": {"uv": [105, 103], "uv_size": [1, 4]},
								"up": {"uv": [111, 87], "uv_size": [1, 1]},
								"down": {"uv": [16, 110], "uv_size": [-1, -3]}
							}
						},
						{
							"origin": [-2.23, 23.5, -31.24],
							"size": [0.6, 3.6, 0.8],
							"pivot": [-1.4, 21.5, -34.6],
							"rotation": [0, 50, 0],
							"uv": {
								"north": {"uv": [6, 106], "uv_size": [1, 4]},
								"east": {"uv": [7, 106], "uv_size": [1, 4]},
								"south": {"uv": [9, 106], "uv_size": [1, 4]},
								"west": {"uv": [10, 106], "uv_size": [1, 4]},
								"up": {"uv": [111, 88], "uv_size": [1, 1]},
								"down": {"uv": [89, 112], "uv_size": [1, -1]}
							}
						},
						{
							"origin": [-1.55, 26.7, -46.15],
							"size": [2.7, 0.4, 5.6],
							"uv": {
								"north": {"uv": [107, 93], "uv_size": [3, 1]},
								"east": {"uv": [101, 57], "uv_size": [6, 1]},
								"south": {"uv": [84, 14], "uv_size": [6, 3]},
								"west": {"uv": [101, 71], "uv_size": [6, 1]},
								"up": {"uv": [11, 85], "uv_size": [3, 6]},
								"down": {"uv": [16, 110], "uv_size": [-1, -3]}
							}
						},
						{
							"origin": [1.15, 26.7, -46.15],
							"size": [0.6, 0.4, 5.6],
							"uv": {
								"north": {"uv": [111, 24], "uv_size": [1, 1]},
								"east": {"uv": [101, 55], "uv_size": [6, 1]},
								"south": {"uv": [25, 111], "uv_size": [1, 1]},
								"west": {"uv": [101, 56], "uv_size": [6, 1]},
								"up": {"uv": [87, 101], "uv_size": [1, 6]},
								"down": {"uv": [88, 107], "uv_size": [1, -6]}
							}
						},
						{
							"origin": [-1.05, 26.7, -40.55],
							"size": [2.2, 0.4, 8.8],
							"uv": {
								"north": {"uv": [109, 31], "uv_size": [2, 1]},
								"east": {"uv": [94, 43], "uv_size": [9, 1]},
								"south": {"uv": [109, 38], "uv_size": [2, 1]},
								"west": {"uv": [95, 3], "uv_size": [9, 1]},
								"up": {"uv": [73, 83], "uv_size": [2, 9]},
								"down": {"uv": [4, 93], "uv_size": [2, -9]}
							}
						},
						{
							"origin": [-1.55, 24.7, -40.55],
							"size": [0.6, 0.7, 8.8],
							"uv": {
								"north": {"uv": [111, 16], "uv_size": [1, 1]},
								"east": {"uv": [93, 47], "uv_size": [9, 1]},
								"south": {"uv": [17, 111], "uv_size": [1, 1]},
								"west": {"uv": [93, 61], "uv_size": [9, 1]},
								"up": {"uv": [12, 95], "uv_size": [1, 9]},
								"down": {"uv": [13, 104], "uv_size": [1, -9]}
							}
						},
						{
							"origin": [1.05, 24.7, -40.55],
							"size": [0.6, 0.7, 8.8],
							"uv": {
								"north": {"uv": [111, 19], "uv_size": [1, 1]},
								"east": {"uv": [93, 62], "uv_size": [9, 1]},
								"south": {"uv": [20, 111], "uv_size": [1, 1]},
								"west": {"uv": [94, 42], "uv_size": [9, 1]},
								"up": {"uv": [49, 97], "uv_size": [1, 9]},
								"down": {"uv": [50, 106], "uv_size": [1, -9]}
							}
						},
						{
							"origin": [-1.15, 24, -40.25],
							"size": [0.5, 1, 8],
							"uv": {
								"north": {"uv": [111, 17], "uv_size": [1, 1]},
								"east": {"uv": [98, 46], "uv_size": [8, 1]},
								"south": {"uv": [18, 111], "uv_size": [1, 1]},
								"west": {"uv": [98, 66], "uv_size": [8, 1]},
								"up": {"uv": [69, 98], "uv_size": [1, 8]},
								"down": {"uv": [1, 107], "uv_size": [1, -8]}
							}
						},
						{
							"origin": [-2.55, 23.5, -37.15],
							"size": [0.4, 1, 1.8],
							"pivot": [-2.2, 20.8, -38.85],
							"rotation": [0, 0, 22],
							"uv": {
								"north": {"uv": [111, 21], "uv_size": [1, 1]},
								"east": {"uv": [109, 16], "uv_size": [2, 1]},
								"south": {"uv": [22, 111], "uv_size": [1, 1]},
								"west": {"uv": [109, 17], "uv_size": [2, 1]},
								"up": {"uv": [66, 108], "uv_size": [1, 2]},
								"down": {"uv": [78, 110], "uv_size": [1, -2]}
							}
						},
						{
							"origin": [2.35, 23.5, -37.15],
							"size": [0.4, 1.2, 1.8],
							"pivot": [2.7, 20.8, -38.85],
							"rotation": [0, 0, -22],
							"uv": {
								"north": {"uv": [109, 21], "uv_size": [2, 1]},
								"east": {"uv": [109, 21], "uv_size": [2, 1]},
								"south": {"uv": [109, 21], "uv_size": [2, 1]},
								"west": {"uv": [109, 21], "uv_size": [2, 1]},
								"up": {"uv": [111, 22], "uv_size": [-2, -1]},
								"down": {"uv": [111, 22], "uv_size": [-2, -1]}
							}
						},
						{
							"origin": [0.75, 24, -40.25],
							"size": [0.5, 1, 8.2],
							"uv": {
								"north": {"uv": [111, 20], "uv_size": [1, 1]},
								"east": {"uv": [98, 87], "uv_size": [8, 1]},
								"south": {"uv": [21, 111], "uv_size": [1, 1]},
								"west": {"uv": [99, 19], "uv_size": [8, 1]},
								"up": {"uv": [2, 99], "uv_size": [1, 8]},
								"down": {"uv": [15, 107], "uv_size": [1, -8]}
							}
						},
						{
							"origin": [1.45, 20.4, -32.25],
							"size": [0.8, 2.5, 5.3],
							"pivot": [3.2, 19, -29.35],
							"rotation": [0, -8, 0],
							"uv": {
								"north": {"uv": [83, 107], "uv_size": [1, 3]},
								"east": {"uv": [87, 20], "uv_size": [5, 3]},
								"south": {"uv": [96, 107], "uv_size": [1, 3]},
								"west": {"uv": [87, 87], "uv_size": [5, 3]},
								"up": {"uv": [64, 103], "uv_size": [1, 5]},
								"down": {"uv": [66, 108], "uv_size": [1, -5]}
							}
						},
						{
							"origin": [-2.05, 20.4, -32.65],
							"size": [0.8, 2.5, 5.3],
							"pivot": [-0.3, 19, -29.75],
							"rotation": [0, 8, 0],
							"uv": {
								"north": {"uv": [16, 108], "uv_size": [1, 3]},
								"east": {"uv": [88, 45], "uv_size": [5, 3]},
								"south": {"uv": [17, 108], "uv_size": [1, 3]},
								"west": {"uv": [67, 88], "uv_size": [5, 3]},
								"up": {"uv": [81, 103], "uv_size": [1, 5]},
								"down": {"uv": [82, 108], "uv_size": [1, -5]}
							}
						},
						{
							"origin": [1.55, 20.4, -45.6],
							"size": [0.4, 2.5, 3.1],
							"pivot": [2.9, 19, -45.05],
							"rotation": [0, 15, 0],
							"uv": {
								"north": {"uv": [100, 107], "uv_size": [1, 3]},
								"east": {"uv": [96, 71], "uv_size": [3, 3]},
								"south": {"uv": [104, 107], "uv_size": [1, 3]},
								"west": {"uv": [96, 82], "uv_size": [3, 3]},
								"up": {"uv": [105, 107], "uv_size": [1, 3]},
								"down": {"uv": [106, 110], "uv_size": [1, -3]}
							}
						},
						{
							"origin": [-1.85, 20.4, -45],
							"size": [0.4, 2.5, 3.1],
							"pivot": [-0.5, 19, -44.45],
							"rotation": [0, -15, 0],
							"uv": {
								"north": {"uv": [44, 104], "uv_size": [1, 4]},
								"east": {"uv": [96, 88], "uv_size": [3, 3]},
								"south": {"uv": [5, 108], "uv_size": [1, 3]},
								"west": {"uv": [96, 91], "uv_size": [3, 3]},
								"up": {"uv": [108, 6], "uv_size": [1, 3]},
								"down": {"uv": [8, 111], "uv_size": [1, -3]}
							}
						},
						{
							"origin": [-1.45, 20.4, -43.9],
							"size": [0.4, 2.5, 2],
							"pivot": [-0.5, 19, -44.45],
							"rotation": [0, -15, 0],
							"uv": {
								"north": {"uv": [13, 108], "uv_size": [1, 3]},
								"east": {"uv": [67, 102], "uv_size": [2, 3]},
								"south": {"uv": [108, 15], "uv_size": [1, 3]},
								"west": {"uv": [102, 81], "uv_size": [2, 3]},
								"up": {"uv": [109, 36], "uv_size": [1, 2]},
								"down": {"uv": [38, 111], "uv_size": [1, -2]}
							}
						},
						{
							"origin": [1.15, 20.4, -44.4],
							"size": [0.4, 2.5, 1.9],
							"pivot": [2.9, 19, -45.05],
							"rotation": [0, 15, 0],
							"uv": {
								"north": {"uv": [107, 107], "uv_size": [1, 3]},
								"east": {"uv": [102, 58], "uv_size": [2, 3]},
								"south": {"uv": [0, 108], "uv_size": [1, 3]},
								"west": {"uv": [60, 102], "uv_size": [2, 3]},
								"up": {"uv": [109, 34], "uv_size": [1, 2]},
								"down": {"uv": [35, 111], "uv_size": [1, -2]}
							}
						},
						{
							"origin": [1.85, 20.4, -42.35],
							"size": [0.8, 2.5, 10],
							"uv": {
								"north": {"uv": [83, 93], "uv_size": [-1, 10]},
								"east": {"uv": [83, 93], "uv_size": [-1, 10]},
								"south": {"uv": [83, 93], "uv_size": [-1, 10]},
								"west": {"uv": [97, 82], "uv_size": [2, 3]},
								"up": {"uv": [82, 103], "uv_size": [1, -10]},
								"down": {"uv": [82, 103], "uv_size": [1, -10]}
							}
						},
						{
							"origin": [-2.45, 20.4, -42.35],
							"size": [0.8, 2.5, 10],
							"uv": {
								"north": {"uv": [1, 94], "uv_size": [-1, 10]},
								"east": {"uv": [97, 82], "uv_size": [2, 3]},
								"south": {"uv": [1, 94], "uv_size": [-1, 10]},
								"west": {"uv": [1, 94], "uv_size": [-1, 10]},
								"up": {"uv": [0, 104], "uv_size": [1, -10]},
								"down": {"uv": [0, 104], "uv_size": [1, -10]}
							}
						},
						{
							"origin": [-1.65, 19.12275, -34.33222],
							"size": [3.5, 0.9, 2],
							"pivot": [2, 19.1, -32.35],
							"rotation": [-38, 0, 0],
							"uv": {
								"north": {"uv": [103, 44], "uv_size": [4, 1]},
								"east": {"uv": [109, 6], "uv_size": [2, 1]},
								"south": {"uv": [103, 102], "uv_size": [4, 1]},
								"west": {"uv": [109, 7], "uv_size": [2, 1]},
								"up": {"uv": [94, 98], "uv_size": [4, 2]},
								"down": {"uv": [98, 100], "uv_size": [4, -2]}
							}
						},
						{
							"origin": [2.15, 19.1, -32.45],
							"size": [0.2, 4.4, 0.4],
							"pivot": [0.1, 17.2, -39.75],
							"rotation": [0, -29, 0],
							"uv": {
								"north": {"uv": [48, 103], "uv_size": [1, 5]},
								"east": {"uv": [52, 103], "uv_size": [1, 5]},
								"south": {"uv": [59, 103], "uv_size": [1, 5]},
								"west": {"uv": [63, 103], "uv_size": [1, 5]},
								"up": {"uv": [111, 13], "uv_size": [1, 1]},
								"down": {"uv": [14, 112], "uv_size": [1, -1]}
							}
						},
						{
							"origin": [-1.65, 19.1, -32.37],
							"size": [3.5, 0.1, 0.33],
							"uv": {
								"north": {"uv": [104, 53], "uv_size": [4, 1]},
								"east": {"uv": [111, 14], "uv_size": [1, 1]},
								"south": {"uv": [104, 58], "uv_size": [4, 1]},
								"west": {"uv": [15, 111], "uv_size": [1, 1]},
								"up": {"uv": [104, 59], "uv_size": [4, 1]},
								"down": {"uv": [104, 61], "uv_size": [4, -1]}
							}
						},
						{
							"origin": [-1.65, 19.1, -30.35],
							"size": [0.2, 4.4, 0.4],
							"pivot": [-3.7, 17.2, -37.75],
							"rotation": [0, 29, 0],
							"uv": {
								"north": {"uv": [70, 103], "uv_size": [1, 5]},
								"east": {"uv": [71, 103], "uv_size": [1, 5]},
								"south": {"uv": [73, 103], "uv_size": [1, 5]},
								"west": {"uv": [74, 103], "uv_size": [1, 5]},
								"up": {"uv": [111, 85], "uv_size": [1, 1]},
								"down": {"uv": [86, 112], "uv_size": [1, -1]}
							}
						},
						{
							"origin": [-1.55, 22.3, -43.25],
							"size": [3.3, 0.4, 0.6],
							"pivot": [-0.9, 20.3, -50.15],
							"rotation": [42, 0, 0],
							"uv": {
								"north": {"uv": [104, 83], "uv_size": [4, 1]},
								"east": {"uv": [111, 23], "uv_size": [1, 1]},
								"south": {"uv": [105, 26], "uv_size": [4, 1]},
								"west": {"uv": [24, 111], "uv_size": [1, 1]},
								"up": {"uv": [105, 34], "uv_size": [4, 1]},
								"down": {"uv": [16, 110], "uv_size": [-1, -3]}
							}
						},
						{
							"origin": [-4.8, 27.6, -33.3],
							"size": [0.9, 0.8, 1.56],
							"inflate": 0.001,
							"pivot": [-5.55, 23, -45.9],
							"rotation": [0, 0, 50],
							"uv": {
								"north": {"uv": [111, 25], "uv_size": [1, 1]},
								"east": {"uv": [109, 24], "uv_size": [2, 1]},
								"south": {"uv": [26, 111], "uv_size": [1, 1]},
								"west": {"uv": [109, 25], "uv_size": [2, 1]},
								"up": {"uv": [98, 108], "uv_size": [1, 2]},
								"down": {"uv": [109, 28], "uv_size": [1, -2]}
							}
						},
						{
							"origin": [-4.6, 27.6, -39.3],
							"size": [0.7, 0.8, 6.06],
							"inflate": 0.001,
							"pivot": [-5.55, 23, -46.9],
							"rotation": [0, 0, 50],
							"uv": {
								"north": {"uv": [111, 38], "uv_size": [1, 1]},
								"east": {"uv": [101, 72], "uv_size": [6, 1]},
								"south": {"uv": [39, 111], "uv_size": [1, 1]},
								"west": {"uv": [101, 73], "uv_size": [6, 1]},
								"up": {"uv": [89, 101], "uv_size": [1, 6]},
								"down": {"uv": [90, 107], "uv_size": [1, -6]}
							}
						},
						{
							"origin": [-4.8, 27.6, -35],
							"size": [0.9, 0.8, 1.06],
							"inflate": 0.001,
							"pivot": [-5.55, 23, -47.6],
							"rotation": [0, 0, 50],
							"uv": {
								"north": {"uv": [111, 26], "uv_size": [1, 1]},
								"east": {"uv": [27, 111], "uv_size": [1, 1]},
								"south": {"uv": [111, 27], "uv_size": [1, 1]},
								"west": {"uv": [28, 111], "uv_size": [1, 1]},
								"up": {"uv": [111, 28], "uv_size": [1, 1]},
								"down": {"uv": [29, 112], "uv_size": [1, -1]}
							}
						},
						{
							"origin": [-4.8, 27.6, -36.8],
							"size": [0.9, 0.8, 1.06],
							"inflate": 0.001,
							"pivot": [-5.55, 23, -49.4],
							"rotation": [0, 0, 50],
							"uv": {
								"north": {"uv": [111, 35], "uv_size": [1, 1]},
								"east": {"uv": [36, 111], "uv_size": [1, 1]},
								"south": {"uv": [111, 36], "uv_size": [1, 1]},
								"west": {"uv": [37, 111], "uv_size": [1, 1]},
								"up": {"uv": [111, 37], "uv_size": [1, 1]},
								"down": {"uv": [38, 112], "uv_size": [1, -1]}
							}
						},
						{
							"origin": [-4.8, 27.6, -38.6],
							"size": [0.9, 0.8, 1.06],
							"inflate": 0.001,
							"pivot": [-5.55, 23, -51.2],
							"rotation": [0, 0, 50],
							"uv": {
								"north": {"uv": [111, 29], "uv_size": [1, 1]},
								"east": {"uv": [30, 111], "uv_size": [1, 1]},
								"south": {"uv": [111, 30], "uv_size": [1, 1]},
								"west": {"uv": [31, 111], "uv_size": [1, 1]},
								"up": {"uv": [111, 31], "uv_size": [1, 1]},
								"down": {"uv": [32, 112], "uv_size": [1, -1]}
							}
						},
						{
							"origin": [-4.8, 27.6, -40.6],
							"size": [0.9, 0.8, 1.36],
							"inflate": 0.001,
							"pivot": [-5.55, 23, -52.9],
							"rotation": [0, 0, 50],
							"uv": {
								"north": {"uv": [111, 32], "uv_size": [1, 1]},
								"east": {"uv": [33, 111], "uv_size": [1, 1]},
								"south": {"uv": [111, 33], "uv_size": [1, 1]},
								"west": {"uv": [34, 111], "uv_size": [1, 1]},
								"up": {"uv": [111, 34], "uv_size": [1, 1]},
								"down": {"uv": [35, 112], "uv_size": [1, -1]}
							}
						},
						{
							"origin": [-1.7, 25.7, -33.3],
							"size": [0.9, 1.19, 1.06],
							"inflate": 0.001,
							"pivot": [-2.45, 21.3, -38.2],
							"rotation": [0, 0, 8],
							"uv": {
								"north": {"uv": [111, 39], "uv_size": [1, 1]},
								"east": {"uv": [40, 111], "uv_size": [1, 1]},
								"south": {"uv": [111, 40], "uv_size": [1, 1]},
								"west": {"uv": [41, 111], "uv_size": [1, 1]},
								"up": {"uv": [111, 41], "uv_size": [1, 1]},
								"down": {"uv": [42, 112], "uv_size": [1, -1]}
							}
						},
						{
							"origin": [-1.7, 25.7, -35],
							"size": [0.9, 1.19, 1.06],
							"inflate": 0.001,
							"pivot": [-2.45, 21.3, -39.9],
							"rotation": [0, 0, 8],
							"uv": {
								"north": {"uv": [111, 42], "uv_size": [1, 1]},
								"east": {"uv": [43, 111], "uv_size": [1, 1]},
								"south": {"uv": [111, 43], "uv_size": [1, 1]},
								"west": {"uv": [44, 111], "uv_size": [1, 1]},
								"up": {"uv": [111, 44], "uv_size": [1, 1]},
								"down": {"uv": [45, 112], "uv_size": [1, -1]}
							}
						},
						{
							"origin": [-1.7, 25.7, -36.8],
							"size": [0.9, 1.19, 1.06],
							"inflate": 0.001,
							"pivot": [-2.45, 21.3, -41.7],
							"rotation": [0, 0, 8],
							"uv": {
								"north": {"uv": [111, 45], "uv_size": [1, 1]},
								"east": {"uv": [46, 111], "uv_size": [1, 1]},
								"south": {"uv": [111, 46], "uv_size": [1, 1]},
								"west": {"uv": [47, 111], "uv_size": [1, 1]},
								"up": {"uv": [111, 47], "uv_size": [1, 1]},
								"down": {"uv": [48, 112], "uv_size": [1, -1]}
							}
						},
						{
							"origin": [-1.7, 25.7, -38.6],
							"size": [0.9, 1.19, 1.06],
							"inflate": 0.001,
							"pivot": [-2.45, 21.3, -43.5],
							"rotation": [0, 0, 8],
							"uv": {
								"north": {"uv": [111, 48], "uv_size": [1, 1]},
								"east": {"uv": [49, 111], "uv_size": [1, 1]},
								"south": {"uv": [111, 49], "uv_size": [1, 1]},
								"west": {"uv": [50, 111], "uv_size": [1, 1]},
								"up": {"uv": [111, 50], "uv_size": [1, 1]},
								"down": {"uv": [51, 112], "uv_size": [1, -1]}
							}
						},
						{
							"origin": [-1.7, 25.7, -40.3],
							"size": [0.9, 1.19, 1.06],
							"inflate": 0.001,
							"pivot": [-2.45, 21.3, -45.2],
							"rotation": [0, 0, 8],
							"uv": {
								"north": {"uv": [111, 51], "uv_size": [1, 1]},
								"east": {"uv": [52, 111], "uv_size": [1, 1]},
								"south": {"uv": [111, 52], "uv_size": [1, 1]},
								"west": {"uv": [53, 111], "uv_size": [1, 1]},
								"up": {"uv": [111, 53], "uv_size": [1, 1]},
								"down": {"uv": [54, 112], "uv_size": [1, -1]}
							}
						},
						{
							"origin": [-1.5, 25.7, -39.4],
							"size": [0.7, 1.19, 6.16],
							"inflate": 0.001,
							"pivot": [-2.35, 21.3, -44.3],
							"rotation": [0, 0, 8],
							"uv": {
								"north": {"uv": [111, 54], "uv_size": [1, 1]},
								"east": {"uv": [101, 74], "uv_size": [6, 1]},
								"south": {"uv": [55, 111], "uv_size": [1, 1]},
								"west": {"uv": [101, 79], "uv_size": [6, 1]},
								"up": {"uv": [101, 100], "uv_size": [1, 6]},
								"down": {"uv": [32, 108], "uv_size": [1, -6]}
							}
						},
						{
							"origin": [4.86, 25.8, -40.6],
							"size": [0.9, 0.8, 1.36],
							"inflate": 0.001,
							"pivot": [4.13, 21.2, -23.5],
							"rotation": [0, 0, -50],
							"uv": {
								"north": {"uv": [111, 55], "uv_size": [1, 1]},
								"east": {"uv": [56, 111], "uv_size": [1, 1]},
								"south": {"uv": [111, 56], "uv_size": [1, 1]},
								"west": {"uv": [57, 111], "uv_size": [1, 1]},
								"up": {"uv": [111, 57], "uv_size": [1, 1]},
								"down": {"uv": [58, 112], "uv_size": [1, -1]}
							}
						},
						{
							"origin": [4.66, 25.8, -39.3],
							"size": [0.9, 0.8, 6.06],
							"inflate": 0.001,
							"pivot": [3.93, 21.2, -22.5],
							"rotation": [0, 0, -50],
							"uv": {
								"north": {"uv": [111, 68], "uv_size": [1, 1]},
								"east": {"uv": [102, 5], "uv_size": [6, 1]},
								"south": {"uv": [69, 111], "uv_size": [1, 1]},
								"west": {"uv": [102, 6], "uv_size": [6, 1]},
								"up": {"uv": [33, 102], "uv_size": [1, 6]},
								"down": {"uv": [34, 108], "uv_size": [1, -6]}
							}
						},
						{
							"origin": [4.86, 25.8, -38.6],
							"size": [0.9, 0.8, 1.06],
							"inflate": 0.001,
							"pivot": [4.13, 21.2, -21.8],
							"rotation": [0, 0, -50],
							"uv": {
								"north": {"uv": [111, 58], "uv_size": [1, 1]},
								"east": {"uv": [59, 111], "uv_size": [1, 1]},
								"south": {"uv": [111, 59], "uv_size": [1, 1]},
								"west": {"uv": [60, 111], "uv_size": [1, 1]},
								"up": {"uv": [111, 60], "uv_size": [1, 1]},
								"down": {"uv": [61, 112], "uv_size": [1, -1]}
							}
						},
						{
							"origin": [4.86, 25.8, -36.8],
							"size": [0.9, 0.8, 1.06],
							"inflate": 0.001,
							"pivot": [4.13, 21.2, -20],
							"rotation": [0, 0, -50],
							"uv": {
								"north": {"uv": [111, 61], "uv_size": [1, 1]},
								"east": {"uv": [62, 111], "uv_size": [1, 1]},
								"south": {"uv": [111, 62], "uv_size": [1, 1]},
								"west": {"uv": [63, 111], "uv_size": [1, 1]},
								"up": {"uv": [111, 63], "uv_size": [1, 1]},
								"down": {"uv": [64, 112], "uv_size": [1, -1]}
							}
						},
						{
							"origin": [4.86, 25.8, -35],
							"size": [0.9, 0.8, 1.06],
							"inflate": 0.001,
							"pivot": [4.13, 21.2, -18.3],
							"rotation": [0, 0, -50],
							"uv": {
								"north": {"uv": [111, 64], "uv_size": [1, 1]},
								"east": {"uv": [65, 111], "uv_size": [1, 1]},
								"south": {"uv": [111, 65], "uv_size": [1, 1]},
								"west": {"uv": [66, 111], "uv_size": [1, 1]},
								"up": {"uv": [111, 66], "uv_size": [1, 1]},
								"down": {"uv": [67, 112], "uv_size": [1, -1]}
							}
						},
						{
							"origin": [4.86, 25.8, -33.3],
							"size": [0.9, 0.8, 1.56],
							"inflate": 0.001,
							"pivot": [4.13, 21.2, -16.5],
							"rotation": [0, 0, -50],
							"uv": {
								"north": {"uv": [111, 67], "uv_size": [1, 1]},
								"east": {"uv": [109, 28], "uv_size": [2, 1]},
								"south": {"uv": [68, 111], "uv_size": [1, 1]},
								"west": {"uv": [31, 109], "uv_size": [2, 1]},
								"up": {"uv": [33, 109], "uv_size": [1, 2]},
								"down": {"uv": [34, 111], "uv_size": [1, -2]}
							}
						},
						{
							"origin": [0.93, 25.25, -40.3],
							"size": [0.9, 1.29, 1.06],
							"inflate": 0.001,
							"pivot": [0.25, 20.8, -23.6],
							"rotation": [0, 0, -8],
							"uv": {
								"north": {"uv": [111, 69], "uv_size": [1, 1]},
								"east": {"uv": [70, 111], "uv_size": [1, 1]},
								"south": {"uv": [111, 70], "uv_size": [1, 1]},
								"west": {"uv": [71, 111], "uv_size": [1, 1]},
								"up": {"uv": [111, 71], "uv_size": [1, 1]},
								"down": {"uv": [72, 112], "uv_size": [1, -1]}
							}
						},
						{
							"origin": [0.93, 25.25, -38.6],
							"size": [0.9, 1.29, 1.06],
							"inflate": 0.001,
							"pivot": [0.25, 20.8, -21.9],
							"rotation": [0, 0, -8],
							"uv": {
								"north": {"uv": [111, 72], "uv_size": [1, 1]},
								"east": {"uv": [73, 111], "uv_size": [1, 1]},
								"south": {"uv": [111, 73], "uv_size": [1, 1]},
								"west": {"uv": [74, 111], "uv_size": [1, 1]},
								"up": {"uv": [111, 74], "uv_size": [1, 1]},
								"down": {"uv": [75, 112], "uv_size": [1, -1]}
							}
						},
						{
							"origin": [0.93, 25.25, -36.8],
							"size": [0.9, 1.29, 1.06],
							"inflate": 0.001,
							"pivot": [0.25, 20.8, -20.1],
							"rotation": [0, 0, -8],
							"uv": {
								"north": {"uv": [111, 75], "uv_size": [1, 1]},
								"east": {"uv": [76, 111], "uv_size": [1, 1]},
								"south": {"uv": [111, 76], "uv_size": [1, 1]},
								"west": {"uv": [77, 111], "uv_size": [1, 1]},
								"up": {"uv": [111, 77], "uv_size": [1, 1]},
								"down": {"uv": [78, 112], "uv_size": [1, -1]}
							}
						},
						{
							"origin": [0.93, 25.25, -35],
							"size": [0.9, 1.29, 1.06],
							"inflate": 0.001,
							"pivot": [0.25, 20.8, -18.3],
							"rotation": [0, 0, -8],
							"uv": {
								"north": {"uv": [111, 78], "uv_size": [1, 1]},
								"east": {"uv": [79, 111], "uv_size": [1, 1]},
								"south": {"uv": [111, 79], "uv_size": [1, 1]},
								"west": {"uv": [80, 111], "uv_size": [1, 1]},
								"up": {"uv": [111, 80], "uv_size": [1, 1]},
								"down": {"uv": [81, 112], "uv_size": [1, -1]}
							}
						},
						{
							"origin": [0.93, 25.25, -33.3],
							"size": [0.9, 1.29, 1.06],
							"inflate": 0.001,
							"pivot": [0.25, 20.8, -16.6],
							"rotation": [0, 0, -8],
							"uv": {
								"north": {"uv": [111, 81], "uv_size": [1, 1]},
								"east": {"uv": [82, 111], "uv_size": [1, 1]},
								"south": {"uv": [111, 82], "uv_size": [1, 1]},
								"west": {"uv": [83, 111], "uv_size": [1, 1]},
								"up": {"uv": [111, 83], "uv_size": [1, 1]},
								"down": {"uv": [84, 112], "uv_size": [1, -1]}
							}
						},
						{
							"origin": [0.93, 25.25, -39.3],
							"size": [0.7, 1.29, 6.16],
							"inflate": 0.001,
							"pivot": [0.05, 20.8, -17.5],
							"rotation": [0, 0, -8],
							"uv": {
								"north": {"uv": [111, 84], "uv_size": [1, 1]},
								"east": {"uv": [102, 9], "uv_size": [6, 1]},
								"south": {"uv": [85, 111], "uv_size": [1, 1]},
								"west": {"uv": [102, 10], "uv_size": [6, 1]},
								"up": {"uv": [36, 102], "uv_size": [1, 6]},
								"down": {"uv": [37, 108], "uv_size": [1, -6]}
							}
						},
						{
							"origin": [-0.57, 26.8, -46.1],
							"size": [1.3, 0.6, 19.56],
							"inflate": 0.001,
							"uv": {
								"north": {"uv": [90, 12], "uv_size": [14, 1]},
								"east": {"uv": [90, 12], "uv_size": [14, 1]},
								"south": {"uv": [90, 12], "uv_size": [14, 1]},
								"west": {"uv": [90, 12], "uv_size": [14, 1]},
								"up": {"uv": [104, 13], "uv_size": [-14, -1]},
								"down": {"uv": [104, 13], "uv_size": [-14, -1]}
							}
						},
						{
							"origin": [-0.57, 19.4, -46.6],
							"size": [1.3, 0.3, 14.06],
							"inflate": 0.001,
							"uv": {
								"north": {"uv": [115, 39], "uv_size": [1, 1]},
								"east": {"uv": [115, 39], "uv_size": [1, 1]},
								"south": {"uv": [115, 39], "uv_size": [1, 1]},
								"west": {"uv": [115, 39], "uv_size": [1, 1]},
								"up": {"uv": [116, 40], "uv_size": [-1, -1]},
								"down": {"uv": [116, 40], "uv_size": [-1, -1]}
							}
						},
						{
							"origin": [-0.57, 27.4, -42.85],
							"size": [1.3, 0.3, 0.6],
							"inflate": 0.001,
							"uv": {
								"north": {"uv": [67, 114], "uv_size": [1, 1]},
								"east": {"uv": [114, 67], "uv_size": [1, 1]},
								"south": {"uv": [68, 114], "uv_size": [1, 1]},
								"west": {"uv": [114, 68], "uv_size": [1, 1]},
								"up": {"uv": [69, 114], "uv_size": [1, 1]},
								"down": {"uv": [114, 70], "uv_size": [1, -1]}
							}
						},
						{
							"origin": [3.147, 27.5, -42.85],
							"size": [0.3, 0.3, 0.6],
							"inflate": 0.001,
							"pivot": [1.56, 22.9, -55],
							"rotation": [0, 0, -45],
							"uv": {
								"north": {"uv": [64, 114], "uv_size": [1, 1]},
								"east": {"uv": [114, 64], "uv_size": [1, 1]},
								"south": {"uv": [65, 114], "uv_size": [1, 1]},
								"west": {"uv": [114, 65], "uv_size": [1, 1]},
								"up": {"uv": [66, 114], "uv_size": [1, 1]},
								"down": {"uv": [114, 67], "uv_size": [1, -1]}
							}
						},
						{
							"origin": [4.447, 27.5, -42.85],
							"size": [0.3, 0.3, 0.6],
							"inflate": 0.001,
							"pivot": [2.86, 22.9, -55],
							"rotation": [0, 0, -45],
							"uv": {
								"north": {"uv": [61, 114], "uv_size": [1, 1]},
								"east": {"uv": [114, 61], "uv_size": [1, 1]},
								"south": {"uv": [62, 114], "uv_size": [1, 1]},
								"west": {"uv": [114, 62], "uv_size": [1, 1]},
								"up": {"uv": [63, 114], "uv_size": [1, 1]},
								"down": {"uv": [114, 64], "uv_size": [1, -1]}
							}
						},
						{
							"origin": [3.147, 27.5, -41.55],
							"size": [0.3, 0.3, 0.6],
							"inflate": 0.001,
							"pivot": [1.56, 22.9, -53.7],
							"rotation": [0, 0, -45],
							"uv": {
								"north": {"uv": [97, 114], "uv_size": [1, 1]},
								"east": {"uv": [114, 97], "uv_size": [1, 1]},
								"south": {"uv": [98, 114], "uv_size": [1, 1]},
								"west": {"uv": [114, 98], "uv_size": [1, 1]},
								"up": {"uv": [99, 114], "uv_size": [1, 1]},
								"down": {"uv": [114, 100], "uv_size": [1, -1]}
							}
						},
						{
							"origin": [-0.57, 27.4, -41.55],
							"size": [1.3, 0.3, 0.6],
							"inflate": 0.001,
							"uv": {
								"north": {"uv": [94, 114], "uv_size": [1, 1]},
								"east": {"uv": [114, 94], "uv_size": [1, 1]},
								"south": {"uv": [95, 114], "uv_size": [1, 1]},
								"west": {"uv": [114, 95], "uv_size": [1, 1]},
								"up": {"uv": [96, 114], "uv_size": [1, 1]},
								"down": {"uv": [114, 97], "uv_size": [1, -1]}
							}
						},
						{
							"origin": [4.447, 27.5, -41.55],
							"size": [0.3, 0.3, 0.6],
							"inflate": 0.001,
							"pivot": [2.86, 22.9, -53.7],
							"rotation": [0, 0, -45],
							"uv": {
								"north": {"uv": [91, 114], "uv_size": [1, 1]},
								"east": {"uv": [114, 91], "uv_size": [1, 1]},
								"south": {"uv": [92, 114], "uv_size": [1, 1]},
								"west": {"uv": [114, 92], "uv_size": [1, 1]},
								"up": {"uv": [93, 114], "uv_size": [1, 1]},
								"down": {"uv": [114, 94], "uv_size": [1, -1]}
							}
						},
						{
							"origin": [3.147, 27.5, -40.25],
							"size": [0.3, 0.3, 0.6],
							"inflate": 0.001,
							"pivot": [1.56, 22.9, -52.4],
							"rotation": [0, 0, -45],
							"uv": {
								"north": {"uv": [106, 114], "uv_size": [1, 1]},
								"east": {"uv": [114, 106], "uv_size": [1, 1]},
								"south": {"uv": [107, 114], "uv_size": [1, 1]},
								"west": {"uv": [114, 107], "uv_size": [1, 1]},
								"up": {"uv": [108, 114], "uv_size": [1, 1]},
								"down": {"uv": [114, 109], "uv_size": [1, -1]}
							}
						},
						{
							"origin": [-0.57, 27.4, -40.25],
							"size": [1.3, 0.3, 0.6],
							"inflate": 0.001,
							"uv": {
								"north": {"uv": [103, 114], "uv_size": [1, 1]},
								"east": {"uv": [114, 103], "uv_size": [1, 1]},
								"south": {"uv": [104, 114], "uv_size": [1, 1]},
								"west": {"uv": [114, 104], "uv_size": [1, 1]},
								"up": {"uv": [105, 114], "uv_size": [1, 1]},
								"down": {"uv": [114, 106], "uv_size": [1, -1]}
							}
						},
						{
							"origin": [4.447, 27.5, -40.25],
							"size": [0.3, 0.3, 0.6],
							"inflate": 0.001,
							"pivot": [2.86, 22.9, -52.4],
							"rotation": [0, 0, -45],
							"uv": {
								"north": {"uv": [100, 114], "uv_size": [1, 1]},
								"east": {"uv": [114, 100], "uv_size": [1, 1]},
								"south": {"uv": [101, 114], "uv_size": [1, 1]},
								"west": {"uv": [114, 101], "uv_size": [1, 1]},
								"up": {"uv": [102, 114], "uv_size": [1, 1]},
								"down": {"uv": [114, 103], "uv_size": [1, -1]}
							}
						},
						{
							"origin": [3.147, 27.5, -38.95],
							"size": [0.3, 0.3, 0.6],
							"inflate": 0.001,
							"pivot": [1.56, 22.9, -51.1],
							"rotation": [0, 0, -45],
							"uv": {
								"north": {"uv": [115, 0], "uv_size": [1, 1]},
								"east": {"uv": [1, 115], "uv_size": [1, 1]},
								"south": {"uv": [115, 1], "uv_size": [1, 1]},
								"west": {"uv": [2, 115], "uv_size": [1, 1]},
								"up": {"uv": [115, 2], "uv_size": [1, 1]},
								"down": {"uv": [3, 116], "uv_size": [1, -1]}
							}
						},
						{
							"origin": [-0.57, 27.4, -38.95],
							"size": [1.3, 0.3, 0.6],
							"inflate": 0.001,
							"uv": {
								"north": {"uv": [112, 114], "uv_size": [1, 1]},
								"east": {"uv": [114, 112], "uv_size": [1, 1]},
								"south": {"uv": [113, 114], "uv_size": [1, 1]},
								"west": {"uv": [114, 113], "uv_size": [1, 1]},
								"up": {"uv": [114, 114], "uv_size": [1, 1]},
								"down": {"uv": [0, 116], "uv_size": [1, -1]}
							}
						},
						{
							"origin": [4.447, 27.5, -38.95],
							"size": [0.3, 0.3, 0.6],
							"inflate": 0.001,
							"pivot": [2.86, 22.9, -51.1],
							"rotation": [0, 0, -45],
							"uv": {
								"north": {"uv": [109, 114], "uv_size": [1, 1]},
								"east": {"uv": [114, 109], "uv_size": [1, 1]},
								"south": {"uv": [110, 114], "uv_size": [1, 1]},
								"west": {"uv": [114, 110], "uv_size": [1, 1]},
								"up": {"uv": [111, 114], "uv_size": [1, 1]},
								"down": {"uv": [114, 112], "uv_size": [1, -1]}
							}
						},
						{
							"origin": [3.147, 27.5, -37.65],
							"size": [0.3, 0.3, 0.6],
							"inflate": 0.001,
							"pivot": [1.56, 22.9, -49.8],
							"rotation": [0, 0, -45],
							"uv": {
								"north": {"uv": [115, 9], "uv_size": [1, 1]},
								"east": {"uv": [10, 115], "uv_size": [1, 1]},
								"south": {"uv": [115, 10], "uv_size": [1, 1]},
								"west": {"uv": [11, 115], "uv_size": [1, 1]},
								"up": {"uv": [115, 11], "uv_size": [1, 1]},
								"down": {"uv": [12, 116], "uv_size": [1, -1]}
							}
						},
						{
							"origin": [-0.57, 27.4, -37.65],
							"size": [1.3, 0.3, 0.6],
							"inflate": 0.001,
							"uv": {
								"north": {"uv": [115, 6], "uv_size": [1, 1]},
								"east": {"uv": [7, 115], "uv_size": [1, 1]},
								"south": {"uv": [115, 7], "uv_size": [1, 1]},
								"west": {"uv": [8, 115], "uv_size": [1, 1]},
								"up": {"uv": [115, 8], "uv_size": [1, 1]},
								"down": {"uv": [9, 116], "uv_size": [1, -1]}
							}
						},
						{
							"origin": [4.447, 27.5, -37.65],
							"size": [0.3, 0.3, 0.6],
							"inflate": 0.001,
							"pivot": [2.86, 22.9, -49.8],
							"rotation": [0, 0, -45],
							"uv": {
								"north": {"uv": [115, 3], "uv_size": [1, 1]},
								"east": {"uv": [4, 115], "uv_size": [1, 1]},
								"south": {"uv": [115, 4], "uv_size": [1, 1]},
								"west": {"uv": [5, 115], "uv_size": [1, 1]},
								"up": {"uv": [115, 5], "uv_size": [1, 1]},
								"down": {"uv": [6, 116], "uv_size": [1, -1]}
							}
						},
						{
							"origin": [3.147, 27.5, -36.35],
							"size": [0.3, 0.3, 0.6],
							"inflate": 0.001,
							"pivot": [1.56, 22.9, -48.5],
							"rotation": [0, 0, -45],
							"uv": {
								"north": {"uv": [115, 18], "uv_size": [1, 1]},
								"east": {"uv": [19, 115], "uv_size": [1, 1]},
								"south": {"uv": [115, 19], "uv_size": [1, 1]},
								"west": {"uv": [20, 115], "uv_size": [1, 1]},
								"up": {"uv": [115, 20], "uv_size": [1, 1]},
								"down": {"uv": [21, 116], "uv_size": [1, -1]}
							}
						},
						{
							"origin": [-0.57, 27.4, -36.35],
							"size": [1.3, 0.3, 0.6],
							"inflate": 0.001,
							"uv": {
								"north": {"uv": [115, 15], "uv_size": [1, 1]},
								"east": {"uv": [16, 115], "uv_size": [1, 1]},
								"south": {"uv": [115, 16], "uv_size": [1, 1]},
								"west": {"uv": [17, 115], "uv_size": [1, 1]},
								"up": {"uv": [115, 17], "uv_size": [1, 1]},
								"down": {"uv": [18, 116], "uv_size": [1, -1]}
							}
						},
						{
							"origin": [4.447, 27.5, -36.35],
							"size": [0.3, 0.3, 0.6],
							"inflate": 0.001,
							"pivot": [2.86, 22.9, -48.5],
							"rotation": [0, 0, -45],
							"uv": {
								"north": {"uv": [115, 12], "uv_size": [1, 1]},
								"east": {"uv": [13, 115], "uv_size": [1, 1]},
								"south": {"uv": [115, 13], "uv_size": [1, 1]},
								"west": {"uv": [14, 115], "uv_size": [1, 1]},
								"up": {"uv": [115, 14], "uv_size": [1, 1]},
								"down": {"uv": [15, 116], "uv_size": [1, -1]}
							}
						},
						{
							"origin": [3.147, 27.5, -35.05],
							"size": [0.3, 0.3, 0.6],
							"inflate": 0.001,
							"pivot": [1.56, 22.9, -47.2],
							"rotation": [0, 0, -45],
							"uv": {
								"north": {"uv": [115, 27], "uv_size": [1, 1]},
								"east": {"uv": [28, 115], "uv_size": [1, 1]},
								"south": {"uv": [115, 28], "uv_size": [1, 1]},
								"west": {"uv": [29, 115], "uv_size": [1, 1]},
								"up": {"uv": [115, 29], "uv_size": [1, 1]},
								"down": {"uv": [30, 116], "uv_size": [1, -1]}
							}
						},
						{
							"origin": [-0.57, 27.4, -35.05],
							"size": [1.3, 0.3, 0.6],
							"inflate": 0.001,
							"uv": {
								"north": {"uv": [115, 24], "uv_size": [1, 1]},
								"east": {"uv": [25, 115], "uv_size": [1, 1]},
								"south": {"uv": [115, 25], "uv_size": [1, 1]},
								"west": {"uv": [26, 115], "uv_size": [1, 1]},
								"up": {"uv": [115, 26], "uv_size": [1, 1]},
								"down": {"uv": [27, 116], "uv_size": [1, -1]}
							}
						},
						{
							"origin": [4.447, 27.5, -35.05],
							"size": [0.3, 0.3, 0.6],
							"inflate": 0.001,
							"pivot": [2.86, 22.9, -47.2],
							"rotation": [0, 0, -45],
							"uv": {
								"north": {"uv": [115, 21], "uv_size": [1, 1]},
								"east": {"uv": [22, 115], "uv_size": [1, 1]},
								"south": {"uv": [115, 22], "uv_size": [1, 1]},
								"west": {"uv": [23, 115], "uv_size": [1, 1]},
								"up": {"uv": [115, 23], "uv_size": [1, 1]},
								"down": {"uv": [24, 116], "uv_size": [1, -1]}
							}
						},
						{
							"origin": [3.147, 27.5, -33.75],
							"size": [0.3, 0.3, 0.6],
							"inflate": 0.001,
							"pivot": [1.56, 22.9, -45.9],
							"rotation": [0, 0, -45],
							"uv": {
								"north": {"uv": [115, 36], "uv_size": [1, 1]},
								"east": {"uv": [37, 115], "uv_size": [1, 1]},
								"south": {"uv": [115, 37], "uv_size": [1, 1]},
								"west": {"uv": [38, 115], "uv_size": [1, 1]},
								"up": {"uv": [115, 38], "uv_size": [1, 1]},
								"down": {"uv": [39, 116], "uv_size": [1, -1]}
							}
						},
						{
							"origin": [-0.57, 27.4, -33.75],
							"size": [1.3, 0.3, 0.6],
							"inflate": 0.001,
							"uv": {
								"north": {"uv": [115, 33], "uv_size": [1, 1]},
								"east": {"uv": [34, 115], "uv_size": [1, 1]},
								"south": {"uv": [115, 34], "uv_size": [1, 1]},
								"west": {"uv": [35, 115], "uv_size": [1, 1]},
								"up": {"uv": [115, 35], "uv_size": [1, 1]},
								"down": {"uv": [36, 116], "uv_size": [1, -1]}
							}
						},
						{
							"origin": [4.447, 27.5, -33.75],
							"size": [0.3, 0.3, 0.6],
							"inflate": 0.001,
							"pivot": [2.86, 22.9, -45.9],
							"rotation": [0, 0, -45],
							"uv": {
								"north": {"uv": [115, 30], "uv_size": [1, 1]},
								"east": {"uv": [31, 115], "uv_size": [1, 1]},
								"south": {"uv": [115, 31], "uv_size": [1, 1]},
								"west": {"uv": [32, 115], "uv_size": [1, 1]},
								"up": {"uv": [115, 32], "uv_size": [1, 1]},
								"down": {"uv": [33, 116], "uv_size": [1, -1]}
							}
						},
						{
							"origin": [4.447, 27.5, -32.45],
							"size": [0.3, 0.3, 0.6],
							"inflate": 0.001,
							"pivot": [2.86, 22.9, -44.6],
							"rotation": [0, 0, -45],
							"uv": {
								"north": {"uv": [115, 30], "uv_size": [1, 1]},
								"east": {"uv": [31, 115], "uv_size": [1, 1]},
								"south": {"uv": [115, 31], "uv_size": [1, 1]},
								"west": {"uv": [32, 115], "uv_size": [1, 1]},
								"up": {"uv": [115, 32], "uv_size": [1, 1]},
								"down": {"uv": [33, 116], "uv_size": [1, -1]}
							}
						},
						{
							"origin": [-0.57, 27.4, -32.45],
							"size": [1.3, 0.3, 0.6],
							"inflate": 0.001,
							"uv": {
								"north": {"uv": [115, 33], "uv_size": [1, 1]},
								"east": {"uv": [34, 115], "uv_size": [1, 1]},
								"south": {"uv": [115, 34], "uv_size": [1, 1]},
								"west": {"uv": [35, 115], "uv_size": [1, 1]},
								"up": {"uv": [115, 35], "uv_size": [1, 1]},
								"down": {"uv": [36, 116], "uv_size": [1, -1]}
							}
						},
						{
							"origin": [3.147, 27.5, -32.45],
							"size": [0.3, 0.3, 0.6],
							"inflate": 0.001,
							"pivot": [1.56, 22.9, -44.6],
							"rotation": [0, 0, -45],
							"uv": {
								"north": {"uv": [115, 36], "uv_size": [1, 1]},
								"east": {"uv": [37, 115], "uv_size": [1, 1]},
								"south": {"uv": [115, 37], "uv_size": [1, 1]},
								"west": {"uv": [38, 115], "uv_size": [1, 1]},
								"up": {"uv": [115, 38], "uv_size": [1, 1]},
								"down": {"uv": [39, 116], "uv_size": [1, -1]}
							}
						},
						{
							"origin": [4.447, 27.5, -31.15],
							"size": [0.3, 0.3, 0.6],
							"inflate": 0.001,
							"pivot": [2.86, 22.9, -43.3],
							"rotation": [0, 0, -45],
							"uv": {
								"north": {"uv": [115, 30], "uv_size": [1, 1]},
								"east": {"uv": [31, 115], "uv_size": [1, 1]},
								"south": {"uv": [115, 31], "uv_size": [1, 1]},
								"west": {"uv": [32, 115], "uv_size": [1, 1]},
								"up": {"uv": [115, 32], "uv_size": [1, 1]},
								"down": {"uv": [33, 116], "uv_size": [1, -1]}
							}
						},
						{
							"origin": [-0.57, 27.4, -31.15],
							"size": [1.3, 0.3, 0.6],
							"inflate": 0.001,
							"uv": {
								"north": {"uv": [115, 33], "uv_size": [1, 1]},
								"east": {"uv": [34, 115], "uv_size": [1, 1]},
								"south": {"uv": [115, 34], "uv_size": [1, 1]},
								"west": {"uv": [35, 115], "uv_size": [1, 1]},
								"up": {"uv": [115, 35], "uv_size": [1, 1]},
								"down": {"uv": [36, 116], "uv_size": [1, -1]}
							}
						},
						{
							"origin": [3.147, 27.5, -31.15],
							"size": [0.3, 0.3, 0.6],
							"inflate": 0.001,
							"pivot": [1.56, 22.9, -43.3],
							"rotation": [0, 0, -45],
							"uv": {
								"north": {"uv": [115, 36], "uv_size": [1, 1]},
								"east": {"uv": [37, 115], "uv_size": [1, 1]},
								"south": {"uv": [115, 37], "uv_size": [1, 1]},
								"west": {"uv": [38, 115], "uv_size": [1, 1]},
								"up": {"uv": [115, 38], "uv_size": [1, 1]},
								"down": {"uv": [39, 116], "uv_size": [1, -1]}
							}
						},
						{
							"origin": [4.447, 27.5, -29.85],
							"size": [0.3, 0.3, 0.6],
							"inflate": 0.001,
							"pivot": [2.86, 22.9, -42],
							"rotation": [0, 0, -45],
							"uv": {
								"north": {"uv": [115, 30], "uv_size": [1, 1]},
								"east": {"uv": [31, 115], "uv_size": [1, 1]},
								"south": {"uv": [115, 31], "uv_size": [1, 1]},
								"west": {"uv": [32, 115], "uv_size": [1, 1]},
								"up": {"uv": [115, 32], "uv_size": [1, 1]},
								"down": {"uv": [33, 116], "uv_size": [1, -1]}
							}
						},
						{
							"origin": [-0.57, 27.4, -29.85],
							"size": [1.3, 0.3, 0.6],
							"inflate": 0.001,
							"uv": {
								"north": {"uv": [115, 33], "uv_size": [1, 1]},
								"east": {"uv": [34, 115], "uv_size": [1, 1]},
								"south": {"uv": [115, 34], "uv_size": [1, 1]},
								"west": {"uv": [35, 115], "uv_size": [1, 1]},
								"up": {"uv": [115, 35], "uv_size": [1, 1]},
								"down": {"uv": [36, 116], "uv_size": [1, -1]}
							}
						},
						{
							"origin": [3.147, 27.5, -29.85],
							"size": [0.3, 0.3, 0.6],
							"inflate": 0.001,
							"pivot": [1.56, 22.9, -42],
							"rotation": [0, 0, -45],
							"uv": {
								"north": {"uv": [115, 36], "uv_size": [1, 1]},
								"east": {"uv": [37, 115], "uv_size": [1, 1]},
								"south": {"uv": [115, 37], "uv_size": [1, 1]},
								"west": {"uv": [38, 115], "uv_size": [1, 1]},
								"up": {"uv": [115, 38], "uv_size": [1, 1]},
								"down": {"uv": [39, 116], "uv_size": [1, -1]}
							}
						},
						{
							"origin": [4.447, 27.5, -28.55],
							"size": [0.3, 0.3, 0.6],
							"inflate": 0.001,
							"pivot": [2.86, 22.9, -40.7],
							"rotation": [0, 0, -45],
							"uv": {
								"north": {"uv": [115, 30], "uv_size": [1, 1]},
								"east": {"uv": [31, 115], "uv_size": [1, 1]},
								"south": {"uv": [115, 31], "uv_size": [1, 1]},
								"west": {"uv": [32, 115], "uv_size": [1, 1]},
								"up": {"uv": [115, 32], "uv_size": [1, 1]},
								"down": {"uv": [33, 116], "uv_size": [1, -1]}
							}
						},
						{
							"origin": [-0.57, 27.4, -28.55],
							"size": [1.3, 0.3, 0.6],
							"inflate": 0.001,
							"uv": {
								"north": {"uv": [115, 33], "uv_size": [1, 1]},
								"east": {"uv": [34, 115], "uv_size": [1, 1]},
								"south": {"uv": [115, 34], "uv_size": [1, 1]},
								"west": {"uv": [35, 115], "uv_size": [1, 1]},
								"up": {"uv": [115, 35], "uv_size": [1, 1]},
								"down": {"uv": [36, 116], "uv_size": [1, -1]}
							}
						},
						{
							"origin": [3.147, 27.5, -28.55],
							"size": [0.3, 0.3, 0.6],
							"inflate": 0.001,
							"pivot": [1.56, 22.9, -40.7],
							"rotation": [0, 0, -45],
							"uv": {
								"north": {"uv": [115, 36], "uv_size": [1, 1]},
								"east": {"uv": [37, 115], "uv_size": [1, 1]},
								"south": {"uv": [115, 37], "uv_size": [1, 1]},
								"west": {"uv": [38, 115], "uv_size": [1, 1]},
								"up": {"uv": [115, 38], "uv_size": [1, 1]},
								"down": {"uv": [39, 116], "uv_size": [1, -1]}
							}
						},
						{
							"origin": [4.447, 27.5, -27.25],
							"size": [0.3, 0.3, 0.6],
							"inflate": 0.001,
							"pivot": [2.86, 22.9, -39.4],
							"rotation": [0, 0, -45],
							"uv": {
								"north": {"uv": [115, 30], "uv_size": [1, 1]},
								"east": {"uv": [31, 115], "uv_size": [1, 1]},
								"south": {"uv": [115, 31], "uv_size": [1, 1]},
								"west": {"uv": [32, 115], "uv_size": [1, 1]},
								"up": {"uv": [115, 32], "uv_size": [1, 1]},
								"down": {"uv": [33, 116], "uv_size": [1, -1]}
							}
						},
						{
							"origin": [-0.57, 27.4, -27.25],
							"size": [1.3, 0.3, 0.6],
							"inflate": 0.001,
							"uv": {
								"north": {"uv": [115, 33], "uv_size": [1, 1]},
								"east": {"uv": [34, 115], "uv_size": [1, 1]},
								"south": {"uv": [115, 34], "uv_size": [1, 1]},
								"west": {"uv": [35, 115], "uv_size": [1, 1]},
								"up": {"uv": [115, 35], "uv_size": [1, 1]},
								"down": {"uv": [36, 116], "uv_size": [1, -1]}
							}
						},
						{
							"origin": [3.147, 27.5, -27.25],
							"size": [0.3, 0.3, 0.6],
							"inflate": 0.001,
							"pivot": [1.56, 22.9, -39.4],
							"rotation": [0, 0, -45],
							"uv": {
								"north": {"uv": [115, 36], "uv_size": [1, 1]},
								"east": {"uv": [37, 115], "uv_size": [1, 1]},
								"south": {"uv": [115, 37], "uv_size": [1, 1]},
								"west": {"uv": [38, 115], "uv_size": [1, 1]},
								"up": {"uv": [115, 38], "uv_size": [1, 1]},
								"down": {"uv": [39, 116], "uv_size": [1, -1]}
							}
						},
						{
							"origin": [4.447, 27.5, -44.15],
							"size": [0.3, 0.3, 0.6],
							"inflate": 0.001,
							"pivot": [2.86, 22.9, -56.3],
							"rotation": [0, 0, -45],
							"uv": {
								"north": {"uv": [88, 114], "uv_size": [1, 1]},
								"east": {"uv": [114, 88], "uv_size": [1, 1]},
								"south": {"uv": [89, 114], "uv_size": [1, 1]},
								"west": {"uv": [114, 89], "uv_size": [1, 1]},
								"up": {"uv": [90, 114], "uv_size": [1, 1]},
								"down": {"uv": [114, 91], "uv_size": [1, -1]}
							}
						},
						{
							"origin": [-0.57, 27.4, -44.15],
							"size": [1.3, 0.3, 0.6],
							"inflate": 0.001,
							"uv": {
								"north": {"uv": [85, 114], "uv_size": [1, 1]},
								"east": {"uv": [114, 85], "uv_size": [1, 1]},
								"south": {"uv": [86, 114], "uv_size": [1, 1]},
								"west": {"uv": [114, 86], "uv_size": [1, 1]},
								"up": {"uv": [87, 114], "uv_size": [1, 1]},
								"down": {"uv": [114, 88], "uv_size": [1, -1]}
							}
						},
						{
							"origin": [3.147, 27.5, -44.15],
							"size": [0.3, 0.3, 0.6],
							"inflate": 0.001,
							"pivot": [1.56, 22.9, -56.3],
							"rotation": [0, 0, -45],
							"uv": {
								"north": {"uv": [82, 114], "uv_size": [1, 1]},
								"east": {"uv": [114, 82], "uv_size": [1, 1]},
								"south": {"uv": [83, 114], "uv_size": [1, 1]},
								"west": {"uv": [114, 83], "uv_size": [1, 1]},
								"up": {"uv": [84, 114], "uv_size": [1, 1]},
								"down": {"uv": [114, 85], "uv_size": [1, -1]}
							}
						},
						{
							"origin": [-0.57, 27.4, -45.6],
							"size": [1.3, 0.3, 0.8],
							"inflate": 0.001,
							"uv": {
								"north": {"uv": [79, 114], "uv_size": [1, 1]},
								"east": {"uv": [114, 79], "uv_size": [1, 1]},
								"south": {"uv": [80, 114], "uv_size": [1, 1]},
								"west": {"uv": [114, 80], "uv_size": [1, 1]},
								"up": {"uv": [81, 114], "uv_size": [1, 1]},
								"down": {"uv": [114, 82], "uv_size": [1, -1]}
							}
						},
						{
							"origin": [-0.57, 20.945, -40.62],
							"size": [1.3, 0.3, 0.56],
							"inflate": 0.001,
							"pivot": [-0.95, 16.425, -52.2],
							"rotation": [38, 0, 0],
							"uv": {
								"north": {"uv": [76, 114], "uv_size": [1, 1]},
								"east": {"uv": [114, 76], "uv_size": [1, 1]},
								"south": {"uv": [77, 114], "uv_size": [1, 1]},
								"west": {"uv": [114, 77], "uv_size": [1, 1]},
								"up": {"uv": [78, 114], "uv_size": [1, 1]},
								"down": {"uv": [114, 79], "uv_size": [1, -1]}
							}
						},
						{
							"origin": [3.147, 27.5, -45.6],
							"size": [0.3, 0.3, 0.8],
							"inflate": 0.001,
							"pivot": [1.56, 22.9, -57.6],
							"rotation": [0, 0, -45],
							"uv": {
								"north": {"uv": [73, 114], "uv_size": [1, 1]},
								"east": {"uv": [114, 73], "uv_size": [1, 1]},
								"south": {"uv": [74, 114], "uv_size": [1, 1]},
								"west": {"uv": [114, 74], "uv_size": [1, 1]},
								"up": {"uv": [75, 114], "uv_size": [1, 1]},
								"down": {"uv": [114, 76], "uv_size": [1, -1]}
							}
						},
						{
							"origin": [4.447, 27.5, -45.6],
							"size": [0.3, 0.3, 0.8],
							"inflate": 0.001,
							"pivot": [2.86, 22.9, -57.6],
							"rotation": [0, 0, -45],
							"uv": {
								"north": {"uv": [70, 114], "uv_size": [1, 1]},
								"east": {"uv": [114, 70], "uv_size": [1, 1]},
								"south": {"uv": [71, 114], "uv_size": [1, 1]},
								"west": {"uv": [114, 71], "uv_size": [1, 1]},
								"up": {"uv": [72, 114], "uv_size": [1, 1]},
								"down": {"uv": [89, 115], "uv_size": [-1, -1]}
							}
						},
						{
							"origin": [3.147, 19.285, -46.1],
							"size": [0.3, 0.3, 0.8],
							"inflate": 0.001,
							"pivot": [1.52, 14.71, -58.1],
							"rotation": [0, 0, -45],
							"uv": {
								"north": {"uv": [115, 46], "uv_size": [1, 1]},
								"east": {"uv": [47, 115], "uv_size": [1, 1]},
								"south": {"uv": [115, 47], "uv_size": [1, 1]},
								"west": {"uv": [48, 115], "uv_size": [1, 1]},
								"up": {"uv": [115, 48], "uv_size": [1, 1]},
								"down": {"uv": [49, 116], "uv_size": [1, -1]}
							}
						},
						{
							"origin": [4.447, 19.29, -46.1],
							"size": [0.3, 0.3, 0.8],
							"inflate": 0.001,
							"pivot": [2.82, 14.71, -58.1],
							"rotation": [0, 0, -45],
							"uv": {
								"north": {"uv": [115, 49], "uv_size": [1, 1]},
								"east": {"uv": [50, 115], "uv_size": [1, 1]},
								"south": {"uv": [115, 50], "uv_size": [1, 1]},
								"west": {"uv": [51, 115], "uv_size": [1, 1]},
								"up": {"uv": [115, 51], "uv_size": [1, 1]},
								"down": {"uv": [52, 116], "uv_size": [1, -1]}
							}
						},
						{
							"origin": [-0.57, 19.1, -46.1],
							"size": [1.3, 0.3, 0.8],
							"inflate": 0.001,
							"uv": {
								"north": {"uv": [115, 43], "uv_size": [1, 1]},
								"east": {"uv": [44, 115], "uv_size": [1, 1]},
								"south": {"uv": [115, 44], "uv_size": [1, 1]},
								"west": {"uv": [45, 115], "uv_size": [1, 1]},
								"up": {"uv": [115, 45], "uv_size": [1, 1]},
								"down": {"uv": [46, 116], "uv_size": [1, -1]}
							}
						},
						{
							"origin": [3.147, 19.285, -44.6],
							"size": [0.3, 0.3, 0.6],
							"inflate": 0.001,
							"pivot": [1.52, 14.71, -56.6],
							"rotation": [0, 0, -45],
							"uv": {
								"north": {"uv": [115, 58], "uv_size": [1, 1]},
								"east": {"uv": [59, 115], "uv_size": [1, 1]},
								"south": {"uv": [115, 59], "uv_size": [1, 1]},
								"west": {"uv": [60, 115], "uv_size": [1, 1]},
								"up": {"uv": [115, 60], "uv_size": [1, 1]},
								"down": {"uv": [61, 116], "uv_size": [1, -1]}
							}
						},
						{
							"origin": [-0.57, 19.1, -44.6],
							"size": [1.3, 0.3, 0.6],
							"inflate": 0.001,
							"uv": {
								"north": {"uv": [115, 55], "uv_size": [1, 1]},
								"east": {"uv": [56, 115], "uv_size": [1, 1]},
								"south": {"uv": [115, 56], "uv_size": [1, 1]},
								"west": {"uv": [57, 115], "uv_size": [1, 1]},
								"up": {"uv": [115, 57], "uv_size": [1, 1]},
								"down": {"uv": [58, 116], "uv_size": [1, -1]}
							}
						},
						{
							"origin": [4.447, 19.29, -44.6],
							"size": [0.3, 0.3, 0.6],
							"inflate": 0.001,
							"pivot": [2.82, 14.71, -56.6],
							"rotation": [0, 0, -45],
							"uv": {
								"north": {"uv": [115, 52], "uv_size": [1, 1]},
								"east": {"uv": [53, 115], "uv_size": [1, 1]},
								"south": {"uv": [115, 53], "uv_size": [1, 1]},
								"west": {"uv": [54, 115], "uv_size": [1, 1]},
								"up": {"uv": [115, 54], "uv_size": [1, 1]},
								"down": {"uv": [55, 116], "uv_size": [1, -1]}
							}
						},
						{
							"origin": [3.147, 19.285, -43.3],
							"size": [0.3, 0.3, 0.6],
							"inflate": 0.001,
							"pivot": [1.52, 14.71, -55.3],
							"rotation": [0, 0, -45],
							"uv": {
								"north": {"uv": [115, 67], "uv_size": [1, 1]},
								"east": {"uv": [68, 115], "uv_size": [1, 1]},
								"south": {"uv": [115, 68], "uv_size": [1, 1]},
								"west": {"uv": [69, 115], "uv_size": [1, 1]},
								"up": {"uv": [115, 69], "uv_size": [1, 1]},
								"down": {"uv": [70, 116], "uv_size": [1, -1]}
							}
						},
						{
							"origin": [-0.57, 19.1, -43.3],
							"size": [1.3, 0.3, 0.6],
							"inflate": 0.001,
							"uv": {
								"north": {"uv": [115, 64], "uv_size": [1, 1]},
								"east": {"uv": [65, 115], "uv_size": [1, 1]},
								"south": {"uv": [115, 65], "uv_size": [1, 1]},
								"west": {"uv": [66, 115], "uv_size": [1, 1]},
								"up": {"uv": [115, 66], "uv_size": [1, 1]},
								"down": {"uv": [67, 116], "uv_size": [1, -1]}
							}
						},
						{
							"origin": [4.447, 19.29, -43.3],
							"size": [0.3, 0.3, 0.6],
							"inflate": 0.001,
							"pivot": [2.82, 14.71, -55.3],
							"rotation": [0, 0, -45],
							"uv": {
								"north": {"uv": [115, 61], "uv_size": [1, 1]},
								"east": {"uv": [62, 115], "uv_size": [1, 1]},
								"south": {"uv": [115, 62], "uv_size": [1, 1]},
								"west": {"uv": [63, 115], "uv_size": [1, 1]},
								"up": {"uv": [115, 63], "uv_size": [1, 1]},
								"down": {"uv": [64, 116], "uv_size": [1, -1]}
							}
						},
						{
							"origin": [3.147, 19.285, -40.7],
							"size": [0.3, 0.3, 0.6],
							"inflate": 0.001,
							"pivot": [1.52, 14.71, -52.7],
							"rotation": [0, 0, -45],
							"uv": {
								"north": {"uv": [115, 85], "uv_size": [1, 1]},
								"east": {"uv": [86, 115], "uv_size": [1, 1]},
								"south": {"uv": [115, 86], "uv_size": [1, 1]},
								"west": {"uv": [87, 115], "uv_size": [1, 1]},
								"up": {"uv": [115, 87], "uv_size": [1, 1]},
								"down": {"uv": [88, 116], "uv_size": [1, -1]}
							}
						},
						{
							"origin": [-0.57, 19.1, -40.7],
							"size": [1.3, 0.3, 0.6],
							"inflate": 0.001,
							"uv": {
								"north": {"uv": [115, 82], "uv_size": [1, 1]},
								"east": {"uv": [83, 115], "uv_size": [1, 1]},
								"south": {"uv": [115, 83], "uv_size": [1, 1]},
								"west": {"uv": [84, 115], "uv_size": [1, 1]},
								"up": {"uv": [115, 84], "uv_size": [1, 1]},
								"down": {"uv": [85, 116], "uv_size": [1, -1]}
							}
						},
						{
							"origin": [4.447, 19.29, -40.7],
							"size": [0.3, 0.3, 0.6],
							"inflate": 0.001,
							"pivot": [2.82, 14.71, -52.7],
							"rotation": [0, 0, -45],
							"uv": {
								"north": {"uv": [115, 79], "uv_size": [1, 1]},
								"east": {"uv": [80, 115], "uv_size": [1, 1]},
								"south": {"uv": [115, 80], "uv_size": [1, 1]},
								"west": {"uv": [81, 115], "uv_size": [1, 1]},
								"up": {"uv": [115, 81], "uv_size": [1, 1]},
								"down": {"uv": [82, 116], "uv_size": [1, -1]}
							}
						},
						{
							"origin": [3.147, 19.285, -42],
							"size": [0.3, 0.3, 0.6],
							"inflate": 0.001,
							"pivot": [1.52, 14.71, -54],
							"rotation": [0, 0, -45],
							"uv": {
								"north": {"uv": [115, 76], "uv_size": [1, 1]},
								"east": {"uv": [77, 115], "uv_size": [1, 1]},
								"south": {"uv": [115, 77], "uv_size": [1, 1]},
								"west": {"uv": [78, 115], "uv_size": [1, 1]},
								"up": {"uv": [115, 78], "uv_size": [1, 1]},
								"down": {"uv": [79, 116], "uv_size": [1, -1]}
							}
						},
						{
							"origin": [-0.57, 19.1, -42],
							"size": [1.3, 0.3, 0.6],
							"inflate": 0.001,
							"uv": {
								"north": {"uv": [115, 73], "uv_size": [1, 1]},
								"east": {"uv": [74, 115], "uv_size": [1, 1]},
								"south": {"uv": [115, 74], "uv_size": [1, 1]},
								"west": {"uv": [75, 115], "uv_size": [1, 1]},
								"up": {"uv": [115, 75], "uv_size": [1, 1]},
								"down": {"uv": [76, 116], "uv_size": [1, -1]}
							}
						},
						{
							"origin": [4.447, 19.29, -42],
							"size": [0.3, 0.3, 0.6],
							"inflate": 0.001,
							"pivot": [2.82, 14.71, -54],
							"rotation": [0, 0, -45],
							"uv": {
								"north": {"uv": [115, 70], "uv_size": [1, 1]},
								"east": {"uv": [71, 115], "uv_size": [1, 1]},
								"south": {"uv": [115, 71], "uv_size": [1, 1]},
								"west": {"uv": [72, 115], "uv_size": [1, 1]},
								"up": {"uv": [115, 72], "uv_size": [1, 1]},
								"down": {"uv": [73, 116], "uv_size": [1, -1]}
							}
						},
						{
							"origin": [3.147, 19.285, -38.1],
							"size": [0.3, 0.3, 0.6],
							"inflate": 0.001,
							"pivot": [1.52, 14.71, -50.1],
							"rotation": [0, 0, -45],
							"uv": {
								"north": {"uv": [115, 103], "uv_size": [1, 1]},
								"east": {"uv": [104, 115], "uv_size": [1, 1]},
								"south": {"uv": [115, 104], "uv_size": [1, 1]},
								"west": {"uv": [105, 115], "uv_size": [1, 1]},
								"up": {"uv": [115, 105], "uv_size": [1, 1]},
								"down": {"uv": [106, 116], "uv_size": [1, -1]}
							}
						},
						{
							"origin": [-0.57, 19.1, -38.1],
							"size": [1.3, 0.3, 0.6],
							"inflate": 0.001,
							"uv": {
								"north": {"uv": [115, 100], "uv_size": [1, 1]},
								"east": {"uv": [101, 115], "uv_size": [1, 1]},
								"south": {"uv": [115, 101], "uv_size": [1, 1]},
								"west": {"uv": [102, 115], "uv_size": [1, 1]},
								"up": {"uv": [115, 102], "uv_size": [1, 1]},
								"down": {"uv": [103, 116], "uv_size": [1, -1]}
							}
						},
						{
							"origin": [4.447, 19.29, -38.1],
							"size": [0.3, 0.3, 0.6],
							"inflate": 0.001,
							"pivot": [2.82, 14.71, -50.1],
							"rotation": [0, 0, -45],
							"uv": {
								"north": {"uv": [115, 97], "uv_size": [1, 1]},
								"east": {"uv": [98, 115], "uv_size": [1, 1]},
								"south": {"uv": [115, 98], "uv_size": [1, 1]},
								"west": {"uv": [99, 115], "uv_size": [1, 1]},
								"up": {"uv": [115, 99], "uv_size": [1, 1]},
								"down": {"uv": [100, 116], "uv_size": [1, -1]}
							}
						},
						{
							"origin": [3.147, 19.285, -39.4],
							"size": [0.3, 0.3, 0.6],
							"inflate": 0.001,
							"pivot": [1.52, 14.71, -51.4],
							"rotation": [0, 0, -45],
							"uv": {
								"north": {"uv": [115, 94], "uv_size": [1, 1]},
								"east": {"uv": [95, 115], "uv_size": [1, 1]},
								"south": {"uv": [115, 95], "uv_size": [1, 1]},
								"west": {"uv": [96, 115], "uv_size": [1, 1]},
								"up": {"uv": [115, 96], "uv_size": [1, 1]},
								"down": {"uv": [97, 116], "uv_size": [1, -1]}
							}
						},
						{
							"origin": [-0.57, 19.1, -39.4],
							"size": [1.3, 0.3, 0.6],
							"inflate": 0.001,
							"uv": {
								"north": {"uv": [115, 91], "uv_size": [1, 1]},
								"east": {"uv": [92, 115], "uv_size": [1, 1]},
								"south": {"uv": [115, 92], "uv_size": [1, 1]},
								"west": {"uv": [93, 115], "uv_size": [1, 1]},
								"up": {"uv": [115, 93], "uv_size": [1, 1]},
								"down": {"uv": [94, 116], "uv_size": [1, -1]}
							}
						},
						{
							"origin": [4.447, 19.29, -39.4],
							"size": [0.3, 0.3, 0.6],
							"inflate": 0.001,
							"pivot": [2.82, 14.71, -51.4],
							"rotation": [0, 0, -45],
							"uv": {
								"north": {"uv": [115, 88], "uv_size": [1, 1]},
								"east": {"uv": [89, 115], "uv_size": [1, 1]},
								"south": {"uv": [115, 89], "uv_size": [1, 1]},
								"west": {"uv": [90, 115], "uv_size": [1, 1]},
								"up": {"uv": [115, 90], "uv_size": [1, 1]},
								"down": {"uv": [91, 116], "uv_size": [1, -1]}
							}
						},
						{
							"origin": [3.147, 19.285, -35.5],
							"size": [0.3, 0.3, 0.6],
							"inflate": 0.001,
							"pivot": [1.52, 14.71, -47.5],
							"rotation": [0, 0, -45],
							"uv": {
								"north": {"uv": [6, 116], "uv_size": [1, 1]},
								"east": {"uv": [116, 6], "uv_size": [1, 1]},
								"south": {"uv": [7, 116], "uv_size": [1, 1]},
								"west": {"uv": [116, 7], "uv_size": [1, 1]},
								"up": {"uv": [8, 116], "uv_size": [1, 1]},
								"down": {"uv": [116, 9], "uv_size": [1, -1]}
							}
						},
						{
							"origin": [-0.57, 19.1, -35.5],
							"size": [1.3, 0.3, 0.6],
							"inflate": 0.001,
							"uv": {
								"north": {"uv": [3, 116], "uv_size": [1, 1]},
								"east": {"uv": [116, 3], "uv_size": [1, 1]},
								"south": {"uv": [4, 116], "uv_size": [1, 1]},
								"west": {"uv": [116, 4], "uv_size": [1, 1]},
								"up": {"uv": [5, 116], "uv_size": [1, 1]},
								"down": {"uv": [116, 6], "uv_size": [1, -1]}
							}
						},
						{
							"origin": [4.447, 19.29, -35.5],
							"size": [0.3, 0.3, 0.6],
							"inflate": 0.001,
							"pivot": [2.82, 14.71, -47.5],
							"rotation": [0, 0, -45],
							"uv": {
								"north": {"uv": [0, 116], "uv_size": [1, 1]},
								"east": {"uv": [116, 0], "uv_size": [1, 1]},
								"south": {"uv": [1, 116], "uv_size": [1, 1]},
								"west": {"uv": [116, 1], "uv_size": [1, 1]},
								"up": {"uv": [2, 116], "uv_size": [1, 1]},
								"down": {"uv": [116, 3], "uv_size": [1, -1]}
							}
						},
						{
							"origin": [3.147, 19.285, -36.8],
							"size": [0.3, 0.3, 0.6],
							"inflate": 0.001,
							"pivot": [1.52, 14.71, -48.8],
							"rotation": [0, 0, -45],
							"uv": {
								"north": {"uv": [115, 112], "uv_size": [1, 1]},
								"east": {"uv": [113, 115], "uv_size": [1, 1]},
								"south": {"uv": [115, 113], "uv_size": [1, 1]},
								"west": {"uv": [114, 115], "uv_size": [1, 1]},
								"up": {"uv": [115, 114], "uv_size": [1, 1]},
								"down": {"uv": [115, 116], "uv_size": [1, -1]}
							}
						},
						{
							"origin": [-0.57, 19.1, -36.8],
							"size": [1.3, 0.3, 0.6],
							"inflate": 0.001,
							"uv": {
								"north": {"uv": [115, 109], "uv_size": [1, 1]},
								"east": {"uv": [110, 115], "uv_size": [1, 1]},
								"south": {"uv": [115, 110], "uv_size": [1, 1]},
								"west": {"uv": [111, 115], "uv_size": [1, 1]},
								"up": {"uv": [115, 111], "uv_size": [1, 1]},
								"down": {"uv": [112, 116], "uv_size": [1, -1]}
							}
						},
						{
							"origin": [4.447, 19.29, -36.8],
							"size": [0.3, 0.3, 0.6],
							"inflate": 0.001,
							"pivot": [2.82, 14.71, -48.8],
							"rotation": [0, 0, -45],
							"uv": {
								"north": {"uv": [115, 106], "uv_size": [1, 1]},
								"east": {"uv": [107, 115], "uv_size": [1, 1]},
								"south": {"uv": [115, 107], "uv_size": [1, 1]},
								"west": {"uv": [108, 115], "uv_size": [1, 1]},
								"up": {"uv": [115, 108], "uv_size": [1, 1]},
								"down": {"uv": [109, 116], "uv_size": [1, -1]}
							}
						},
						{
							"origin": [3.147, 19.285, -34.2],
							"size": [0.3, 0.3, 0.6],
							"inflate": 0.001,
							"pivot": [1.52, 14.71, -46.2],
							"rotation": [0, 0, -45],
							"uv": {
								"north": {"uv": [15, 116], "uv_size": [1, 1]},
								"east": {"uv": [116, 15], "uv_size": [1, 1]},
								"south": {"uv": [16, 116], "uv_size": [1, 1]},
								"west": {"uv": [116, 16], "uv_size": [1, 1]},
								"up": {"uv": [17, 116], "uv_size": [1, 1]},
								"down": {"uv": [116, 18], "uv_size": [1, -1]}
							}
						},
						{
							"origin": [-0.57, 19.1, -34.2],
							"size": [1.3, 0.3, 0.6],
							"inflate": 0.001,
							"uv": {
								"north": {"uv": [12, 116], "uv_size": [1, 1]},
								"east": {"uv": [116, 12], "uv_size": [1, 1]},
								"south": {"uv": [13, 116], "uv_size": [1, 1]},
								"west": {"uv": [116, 13], "uv_size": [1, 1]},
								"up": {"uv": [14, 116], "uv_size": [1, 1]},
								"down": {"uv": [116, 15], "uv_size": [1, -1]}
							}
						},
						{
							"origin": [4.447, 19.29, -34.2],
							"size": [0.3, 0.3, 0.6],
							"inflate": 0.001,
							"pivot": [2.82, 14.71, -46.2],
							"rotation": [0, 0, -45],
							"uv": {
								"north": {"uv": [9, 116], "uv_size": [1, 1]},
								"east": {"uv": [116, 9], "uv_size": [1, 1]},
								"south": {"uv": [10, 116], "uv_size": [1, 1]},
								"west": {"uv": [116, 10], "uv_size": [1, 1]},
								"up": {"uv": [11, 116], "uv_size": [1, 1]},
								"down": {"uv": [116, 12], "uv_size": [1, -1]}
							}
						},
						{
							"origin": [-0.57, 27.57, -46.9],
							"size": [1.3, 0.3, 0.56],
							"inflate": 0.001,
							"pivot": [-1.15, 23, -58.5],
							"rotation": [-38, 0, 0],
							"uv": {
								"north": {"uv": [115, 40], "uv_size": [1, 1]},
								"east": {"uv": [41, 115], "uv_size": [1, 1]},
								"south": {"uv": [115, 41], "uv_size": [1, 1]},
								"west": {"uv": [42, 115], "uv_size": [1, 1]},
								"up": {"uv": [115, 42], "uv_size": [1, 1]},
								"down": {"uv": [43, 116], "uv_size": [1, -1]}
							}
						},
						{
							"origin": [1.36749, 20.02, -46.65],
							"size": [0.6, 0.35, 14.4],
							"pivot": [2, 20.4, -38.55],
							"rotation": [0, 0, 27],
							"uv": {
								"north": {"uv": [57, 36], "uv_size": [14, -4]},
								"east": {"uv": [57, 36], "uv_size": [14, -4]},
								"south": {"uv": [57, 36], "uv_size": [14, -4]},
								"west": {"uv": [57, 36], "uv_size": [14, -4]},
								"up": {"uv": [71, 32], "uv_size": [-14, 4]},
								"down": {"uv": [71, 32], "uv_size": [-14, 4]}
							}
						},
						{
							"origin": [-1.76749, 20.02, -46.65],
							"size": [0.6, 0.35, 14.4],
							"pivot": [-1.8, 20.4, -38.55],
							"rotation": [0, 0, -27],
							"uv": {
								"north": {"uv": [71, 36], "uv_size": [-14, -4]},
								"east": {"uv": [71, 36], "uv_size": [-14, -4]},
								"south": {"uv": [71, 36], "uv_size": [-14, -4]},
								"west": {"uv": [71, 36], "uv_size": [-14, -4]},
								"up": {"uv": [57, 32], "uv_size": [14, 4]},
								"down": {"uv": [57, 32], "uv_size": [14, 4]}
							}
						},
						{
							"origin": [0.03, 17.41, -46.65],
							"size": [0.5, 3.4, 16.1],
							"pivot": [0.8, 19.8, -38.55],
							"rotation": [0, 0, 90],
							"uv": {
								"north": {"uv": [57, 32], "uv_size": [14, -4]},
								"east": {"uv": [57, 32], "uv_size": [14, -4]},
								"south": {"uv": [57, 32], "uv_size": [14, -4]},
								"west": {"uv": [57, 32], "uv_size": [14, -4]},
								"up": {"uv": [71, 28], "uv_size": [-14, 4]},
								"down": {"uv": [71, 28], "uv_size": [-14, 4]}
							}
						},
						{
							"origin": [0.03, 18.01, -46.65],
							"size": [0.5, 1.3, 15.6],
							"pivot": [0.8, 19.4, -39.05],
							"rotation": [0, 0, 90],
							"uv": {
								"north": {"uv": [57, 32], "uv_size": [14, -4]},
								"east": {"uv": [57, 32], "uv_size": [14, -4]},
								"south": {"uv": [57, 32], "uv_size": [14, -4]},
								"west": {"uv": [57, 32], "uv_size": [14, -4]},
								"up": {"uv": [71, 28], "uv_size": [-14, 4]},
								"down": {"uv": [71, 28], "uv_size": [-14, 4]}
							}
						},
						{
							"origin": [1.35, 20.4, -46.65],
							"size": [0.6, 3.1, 14.8],
							"uv": {
								"north": {"uv": [104, 103], "uv_size": [1, 4]},
								"east": {"uv": [57, 28], "uv_size": [14, 4]},
								"south": {"uv": [60, 105], "uv_size": [1, 4]},
								"west": {"uv": [57, 32], "uv_size": [14, 4]},
								"up": {"uv": [84, 88], "uv_size": [1, 14]},
								"down": {"uv": [3, 103], "uv_size": [1, -14]}
							}
						},
						{
							"origin": [-1.75, 20.4, -46.65],
							"size": [0.6, 3.1, 14.8],
							"uv": {
								"north": {"uv": [0, 104], "uv_size": [1, 4]},
								"east": {"uv": [54, 15], "uv_size": [14, 4]},
								"south": {"uv": [4, 104], "uv_size": [1, 4]},
								"west": {"uv": [57, 24], "uv_size": [14, 4]},
								"up": {"uv": [55, 88], "uv_size": [1, 14]},
								"down": {"uv": [72, 102], "uv_size": [1, -14]}
							}
						}
					]
				},
				{
					"name": "_ca_handguardak",
					"parent": "main",
					"pivot": [-0.2, 16.35, -31.025],
					"cubes": [
						{"origin": [-0.5, 19.15, -26.625], "size": [1, 1, 1], "uv": [27, 121]}
					]
				}
			]
		}
	]
}