{
	"format_version": "1.12.0",
	"minecraft:geometry": [
		{
			"description": {
				"identifier": "geometry.unknown",
				"texture_width": 128,
				"texture_height": 128,
				"visible_bounds_width": 9,
				"visible_bounds_height": 5,
				"visible_bounds_offset": [0, 0.5, 0]
			},
			"bones": [
				{
					"name": "main",
					"pivot": [0, 20, 0]
				},
				{
					"name": "gun",
					"parent": "main",
					"pivot": [1, 11, -1],
					"cubes": [
						{
							"origin": [-0.74, 21.1, 6.9],
							"size": [2, 1.3, 3.7],
							"inflate": -0.3,
							"pivot": [1, 21.4, -3.25],
							"rotation": [0, 0, 36],
							"uv": {
								"north": {"uv": [60, 69], "uv_size": [-3, -16]},
								"east": {"uv": [60, 69], "uv_size": [-3, -16]},
								"south": {"uv": [60, 69], "uv_size": [-3, -16]},
								"west": {"uv": [60, 69], "uv_size": [-3, -16]},
								"up": {"uv": [57, 53], "uv_size": [3, 16]},
								"down": {"uv": [57, 53], "uv_size": [3, 16]}
							}
						},
						{"origin": [-0.45, 20.75, 6.9], "size": [1, 1, 1], "uv": [27, 69]},
						{
							"origin": [-1.7, 17.9, 6.9],
							"size": [3.4, 4.4, 3.7],
							"inflate": -0.3,
							"uv": {
								"north": {"uv": [70, 65], "uv_size": [16, 2]},
								"east": {"uv": [70, 65], "uv_size": [16, 2]},
								"south": {"uv": [70, 65], "uv_size": [16, 2]},
								"west": {"uv": [70, 65], "uv_size": [16, 2]},
								"up": {"uv": [86, 67], "uv_size": [-16, -2]},
								"down": {"uv": [86, 67], "uv_size": [-16, -2]}
							}
						},
						{
							"origin": [-0.58, 21.7, 6.9],
							"size": [1.13, 1.4, 3.7],
							"inflate": -0.3,
							"uv": {
								"north": {"uv": [36, 60], "uv_size": [-4, -16]},
								"east": {"uv": [36, 60], "uv_size": [-4, -16]},
								"south": {"uv": [36, 60], "uv_size": [-4, -16]},
								"west": {"uv": [36, 60], "uv_size": [-4, -16]},
								"up": {"uv": [32, 44], "uv_size": [4, 16]},
								"down": {"uv": [32, 44], "uv_size": [4, 16]}
							}
						},
						{
							"origin": [-1.46, 21.7, 6.9],
							"size": [1.96, 1.3, 3.7],
							"inflate": -0.3,
							"pivot": [-0.2, 22, -3.25],
							"rotation": [0, 0, -36],
							"uv": {
								"north": {"uv": [49, 76], "uv_size": [-3, -15]},
								"east": {"uv": [49, 76], "uv_size": [-3, -15]},
								"south": {"uv": [49, 76], "uv_size": [-3, -15]},
								"west": {"uv": [49, 76], "uv_size": [-3, -15]},
								"up": {"uv": [46, 61], "uv_size": [3, 15]},
								"down": {"uv": [46, 61], "uv_size": [3, 15]}
							}
						},
						{
							"origin": [-0.74, 21.1, 21.3],
							"size": [2, 1.3, 8.4],
							"inflate": -0.3,
							"pivot": [1, 21.4, 11.45],
							"rotation": [0, 0, 36],
							"uv": {
								"north": {"uv": [60, 69], "uv_size": [-3, -16]},
								"east": {"uv": [60, 69], "uv_size": [-3, -16]},
								"south": {"uv": [60, 69], "uv_size": [-3, -16]},
								"west": {"uv": [60, 69], "uv_size": [-3, -16]},
								"up": {"uv": [57, 53], "uv_size": [3, 16]},
								"down": {"uv": [57, 53], "uv_size": [3, 16]}
							}
						},
						{
							"origin": [-0.58, 21.7, 21.3],
							"size": [1.13, 1.4, 8.4],
							"inflate": -0.3,
							"uv": {
								"north": {"uv": [60, 69], "uv_size": [-3, -16]},
								"east": {"uv": [60, 69], "uv_size": [-3, -16]},
								"south": {"uv": [60, 69], "uv_size": [-3, -16]},
								"west": {"uv": [60, 69], "uv_size": [-3, -16]},
								"up": {"uv": [57, 53], "uv_size": [3, 16]},
								"down": {"uv": [57, 53], "uv_size": [3, 16]}
							}
						},
						{
							"origin": [-1.46, 21.7, 21.3],
							"size": [1.96, 1.3, 8.4],
							"inflate": -0.3,
							"pivot": [-0.2, 22, 11.45],
							"rotation": [0, 0, -36],
							"uv": {
								"north": {"uv": [60, 69], "uv_size": [-3, -16]},
								"east": {"uv": [60, 69], "uv_size": [-3, -16]},
								"south": {"uv": [60, 69], "uv_size": [-3, -16]},
								"west": {"uv": [60, 69], "uv_size": [-3, -16]},
								"up": {"uv": [57, 53], "uv_size": [3, 16]},
								"down": {"uv": [57, 53], "uv_size": [3, 16]}
							}
						},
						{
							"origin": [-1.7, 17.9, 21.3],
							"size": [3.4, 4.4, 2.2],
							"inflate": -0.3,
							"uv": {
								"north": {"uv": [70, 65], "uv_size": [16, 2]},
								"east": {"uv": [70, 65], "uv_size": [16, 2]},
								"south": {"uv": [70, 65], "uv_size": [16, 2]},
								"west": {"uv": [70, 65], "uv_size": [16, 2]},
								"up": {"uv": [86, 67], "uv_size": [-16, -2]},
								"down": {"uv": [86, 67], "uv_size": [-16, -2]}
							}
						},
						{
							"origin": [-1.7, 31.26, 32.415],
							"size": [3.4, 1.6, 10.6],
							"inflate": -0.3,
							"pivot": [1.2, 34.7, 15.35],
							"rotation": [-59, 0, 0],
							"uv": {
								"north": {"uv": [98, 64], "uv_size": [4, 2]},
								"east": {"uv": [70, 65], "uv_size": [16, 2]},
								"south": {"uv": [98, 85], "uv_size": [4, 2]},
								"west": {"uv": [70, 67], "uv_size": [16, 2]},
								"up": {"uv": [32, 44], "uv_size": [4, 16]},
								"down": {"uv": [24, 64], "uv_size": [4, -16]}
							}
						},
						{
							"origin": [-1.4, 9.63, 26.75],
							"size": [2.8, 1, 2.7],
							"uv": {
								"north": {"uv": [14, 56], "uv_size": [4, 14]},
								"east": {"uv": [52, 62], "uv_size": [3, 14]},
								"south": {"uv": [18, 56], "uv_size": [4, 14]},
								"west": {"uv": [63, 42], "uv_size": [3, 14]},
								"up": {"uv": [91, 31], "uv_size": [4, 3]},
								"down": {"uv": [92, 22], "uv_size": [4, -3]}
							}
						},
						{
							"origin": [-1.9, 9.1, 29.1],
							"size": [3.8, 13.2, 2.5],
							"inflate": -0.3,
							"uv": {
								"north": {"uv": [70, 67], "uv_size": [16, 2]},
								"east": {"uv": [70, 67], "uv_size": [16, 2]},
								"south": {"uv": [70, 67], "uv_size": [16, 2]},
								"west": {"uv": [70, 67], "uv_size": [16, 2]},
								"up": {"uv": [86, 69], "uv_size": [-16, -2]},
								"down": {"uv": [86, 69], "uv_size": [-16, -2]}
							}
						},
						{
							"origin": [-1.66, 21.7, 29.1],
							"size": [2.16, 1.3, 2.5],
							"inflate": -0.3,
							"pivot": [-0.4, 22, 19.25],
							"rotation": [0, 0, -36],
							"uv": {
								"north": {"uv": [60, 69], "uv_size": [-3, -16]},
								"east": {"uv": [60, 69], "uv_size": [-3, -16]},
								"south": {"uv": [60, 69], "uv_size": [-3, -16]},
								"west": {"uv": [60, 69], "uv_size": [-3, -16]},
								"up": {"uv": [57, 53], "uv_size": [3, 16]},
								"down": {"uv": [57, 53], "uv_size": [3, 16]}
							}
						},
						{
							"origin": [-0.62, 21.7, 29.1],
							"size": [1.19, 1.54, 2.5],
							"inflate": -0.3,
							"uv": {
								"north": {"uv": [60, 69], "uv_size": [-3, -16]},
								"east": {"uv": [60, 69], "uv_size": [-3, -16]},
								"south": {"uv": [60, 69], "uv_size": [-3, -16]},
								"west": {"uv": [60, 69], "uv_size": [-3, -16]},
								"up": {"uv": [57, 53], "uv_size": [3, 16]},
								"down": {"uv": [57, 53], "uv_size": [3, 16]}
							}
						},
						{
							"origin": [-0.74, 21.1, 29.1],
							"size": [2.2, 1.3, 2.5],
							"inflate": -0.3,
							"pivot": [1.2, 21.4, 19.25],
							"rotation": [0, 0, 36],
							"uv": {
								"north": {"uv": [60, 69], "uv_size": [-3, -16]},
								"east": {"uv": [60, 69], "uv_size": [-3, -16]},
								"south": {"uv": [60, 69], "uv_size": [-3, -16]},
								"west": {"uv": [60, 69], "uv_size": [-3, -16]},
								"up": {"uv": [57, 53], "uv_size": [3, 16]},
								"down": {"uv": [57, 53], "uv_size": [3, 16]}
							}
						},
						{
							"origin": [-0.74, 20.9, 20.9],
							"size": [1.6, 1.3, 2.4],
							"inflate": -0.3,
							"pivot": [1, 21.2, -1.55],
							"rotation": [0, 0, 36],
							"uv": {
								"north": {"uv": [54, 9], "uv_size": [19, 3]},
								"east": {"uv": [54, 9], "uv_size": [19, 3]},
								"south": {"uv": [54, 9], "uv_size": [19, 3]},
								"west": {"uv": [54, 9], "uv_size": [19, 3]},
								"up": {"uv": [73, 12], "uv_size": [-19, -3]},
								"down": {"uv": [73, 12], "uv_size": [-19, -3]}
							}
						},
						{
							"origin": [-0.58, 21.5, 20.9],
							"size": [1.13, 1.4, 2.4],
							"inflate": -0.3,
							"uv": {
								"north": {"uv": [54, 9], "uv_size": [19, 3]},
								"east": {"uv": [54, 9], "uv_size": [19, 3]},
								"south": {"uv": [54, 9], "uv_size": [19, 3]},
								"west": {"uv": [54, 9], "uv_size": [19, 3]},
								"up": {"uv": [73, 12], "uv_size": [-19, -3]},
								"down": {"uv": [73, 12], "uv_size": [-19, -3]}
							}
						},
						{
							"origin": [-1.06, 21.5, 20.9],
							"size": [1.56, 1.3, 2.4],
							"inflate": -0.3,
							"pivot": [-0.2, 21.8, -1.55],
							"rotation": [0, 0, -36],
							"uv": {
								"north": {"uv": [54, 9], "uv_size": [19, 3]},
								"east": {"uv": [54, 9], "uv_size": [19, 3]},
								"south": {"uv": [54, 9], "uv_size": [19, 3]},
								"west": {"uv": [54, 9], "uv_size": [19, 3]},
								"up": {"uv": [73, 12], "uv_size": [-19, -3]},
								"down": {"uv": [73, 12], "uv_size": [-19, -3]}
							}
						},
						{
							"origin": [-1.4, 18, 20.9],
							"size": [2.8, 4.3, 2.4],
							"inflate": -0.3,
							"uv": {
								"north": {"uv": [54, 9], "uv_size": [19, 3]},
								"east": {"uv": [54, 9], "uv_size": [19, 3]},
								"south": {"uv": [54, 9], "uv_size": [19, 3]},
								"west": {"uv": [54, 9], "uv_size": [19, 3]},
								"up": {"uv": [73, 12], "uv_size": [-19, -3]},
								"down": {"uv": [73, 12], "uv_size": [-19, -3]}
							}
						},
						{
							"origin": [-1.4, 18, 6.6],
							"size": [2.8, 4.2, 2.4],
							"inflate": -0.3,
							"uv": {
								"north": {"uv": [54, 9], "uv_size": [19, 3]},
								"east": {"uv": [54, 9], "uv_size": [19, 3]},
								"south": {"uv": [54, 9], "uv_size": [19, 3]},
								"west": {"uv": [54, 9], "uv_size": [19, 3]},
								"up": {"uv": [73, 12], "uv_size": [-19, -3]},
								"down": {"uv": [73, 12], "uv_size": [-19, -3]}
							}
						},
						{
							"origin": [-1.7, 14.2, 23.7],
							"size": [3.4, 2.2, 6],
							"inflate": -0.3,
							"uv": {
								"north": {"uv": [70, 67], "uv_size": [16, 2]},
								"east": {"uv": [70, 67], "uv_size": [16, 2]},
								"south": {"uv": [70, 67], "uv_size": [16, 2]},
								"west": {"uv": [70, 67], "uv_size": [16, 2]},
								"up": {"uv": [86, 69], "uv_size": [-16, -2]},
								"down": {"uv": [86, 69], "uv_size": [-16, -2]}
							}
						},
						{
							"origin": [-1.7, 13.2, 24.3],
							"size": [3.4, 1.6, 5.4],
							"inflate": -0.3,
							"uv": {
								"north": {"uv": [70, 67], "uv_size": [16, 2]},
								"east": {"uv": [70, 67], "uv_size": [16, 2]},
								"south": {"uv": [70, 67], "uv_size": [16, 2]},
								"west": {"uv": [70, 67], "uv_size": [16, 2]},
								"up": {"uv": [86, 69], "uv_size": [-16, -2]},
								"down": {"uv": [86, 69], "uv_size": [-16, -2]}
							}
						},
						{
							"origin": [-1.7, 33.16, 39.015],
							"size": [3.4, 3, 4.5],
							"inflate": -0.3,
							"pivot": [1.2, 34.7, 15.35],
							"rotation": [-59, 0, 0],
							"uv": {
								"north": {"uv": [98, 64], "uv_size": [4, 2]},
								"east": {"uv": [70, 65], "uv_size": [16, 2]},
								"south": {"uv": [98, 85], "uv_size": [4, 2]},
								"west": {"uv": [70, 67], "uv_size": [16, 2]},
								"up": {"uv": [32, 44], "uv_size": [4, 16]},
								"down": {"uv": [24, 64], "uv_size": [4, -16]}
							}
						},
						{
							"origin": [-1.7, 15.8, 28.8],
							"size": [3.4, 6.5, 0.9],
							"inflate": -0.3,
							"uv": {
								"north": {"uv": [70, 65], "uv_size": [16, 2]},
								"east": {"uv": [70, 65], "uv_size": [16, 2]},
								"south": {"uv": [70, 65], "uv_size": [16, 2]},
								"west": {"uv": [70, 65], "uv_size": [16, 2]},
								"up": {"uv": [86, 67], "uv_size": [-16, -2]},
								"down": {"uv": [86, 67], "uv_size": [-16, -2]}
							}
						},
						{
							"origin": [-1.7, 21.1, 22.9],
							"size": [3.4, 1.2, 6.5],
							"inflate": -0.3,
							"uv": {
								"north": {"uv": [70, 65], "uv_size": [16, 2]},
								"east": {"uv": [70, 65], "uv_size": [16, 2]},
								"south": {"uv": [70, 65], "uv_size": [16, 2]},
								"west": {"uv": [70, 65], "uv_size": [16, 2]},
								"up": {"uv": [86, 67], "uv_size": [-16, -2]},
								"down": {"uv": [86, 67], "uv_size": [-16, -2]}
							}
						},
						{
							"origin": [-1.7, 31.26, 32.415],
							"size": [3.4, 2, 3.9],
							"inflate": -0.3,
							"pivot": [1.2, 34.7, 15.35],
							"rotation": [-59, 0, 0],
							"uv": {
								"north": {"uv": [98, 64], "uv_size": [4, 2]},
								"east": {"uv": [70, 65], "uv_size": [16, 2]},
								"south": {"uv": [98, 85], "uv_size": [4, 2]},
								"west": {"uv": [70, 67], "uv_size": [16, 2]},
								"up": {"uv": [32, 44], "uv_size": [4, 16]},
								"down": {"uv": [24, 64], "uv_size": [4, -16]}
							}
						},
						{
							"origin": [-1.7, 1.76, 31.415],
							"size": [3.4, 1.5, 1.2],
							"inflate": -0.3,
							"pivot": [1.2, 5.2, 11.45],
							"rotation": [59, 0, 0],
							"uv": {
								"north": {"uv": [98, 64], "uv_size": [4, 2]},
								"east": {"uv": [70, 65], "uv_size": [16, 2]},
								"south": {"uv": [98, 85], "uv_size": [4, 2]},
								"west": {"uv": [70, 67], "uv_size": [16, 2]},
								"up": {"uv": [32, 44], "uv_size": [4, 16]},
								"down": {"uv": [24, 64], "uv_size": [4, -16]}
							}
						},
						{
							"origin": [-1.7, 1.76, 28.515],
							"size": [3.4, 2.1, 3.5],
							"inflate": -0.3,
							"pivot": [1.2, 5.2, 11.45],
							"rotation": [59, 0, 0],
							"uv": {
								"north": {"uv": [98, 64], "uv_size": [4, 2]},
								"east": {"uv": [70, 65], "uv_size": [16, 2]},
								"south": {"uv": [98, 85], "uv_size": [4, 2]},
								"west": {"uv": [70, 67], "uv_size": [16, 2]},
								"up": {"uv": [32, 44], "uv_size": [4, 16]},
								"down": {"uv": [24, 64], "uv_size": [4, -16]}
							}
						},
						{
							"origin": [-1.7, -4.44, 41.115],
							"size": [3.4, 1.8, 6.2],
							"inflate": -0.3,
							"pivot": [1.2, -1.3, 23.55],
							"rotation": [81, 0, 0],
							"uv": {
								"north": {"uv": [98, 64], "uv_size": [4, 2]},
								"east": {"uv": [70, 65], "uv_size": [16, 2]},
								"south": {"uv": [98, 85], "uv_size": [4, 2]},
								"west": {"uv": [70, 67], "uv_size": [16, 2]},
								"up": {"uv": [32, 44], "uv_size": [4, 16]},
								"down": {"uv": [24, 64], "uv_size": [4, -16]}
							}
						},
						{
							"origin": [-0.9, 20.2, 22.5],
							"size": [1.8, 1.2, 6.6],
							"inflate": -0.3,
							"uv": {
								"north": {"uv": [70, 67], "uv_size": [16, 2]},
								"east": {"uv": [70, 67], "uv_size": [16, 2]},
								"south": {"uv": [70, 67], "uv_size": [16, 2]},
								"west": {"uv": [70, 67], "uv_size": [16, 2]},
								"up": {"uv": [86, 69], "uv_size": [-16, -2]},
								"down": {"uv": [86, 69], "uv_size": [-16, -2]}
							}
						},
						{
							"origin": [-1.2, 19.6, 22.5],
							"size": [2.4, 1.2, 6.6],
							"inflate": -0.3,
							"uv": {
								"north": {"uv": [70, 67], "uv_size": [16, 2]},
								"east": {"uv": [70, 67], "uv_size": [16, 2]},
								"south": {"uv": [70, 67], "uv_size": [16, 2]},
								"west": {"uv": [70, 67], "uv_size": [16, 2]},
								"up": {"uv": [86, 69], "uv_size": [-16, -2]},
								"down": {"uv": [86, 69], "uv_size": [-16, -2]}
							}
						},
						{
							"origin": [-0.5, 18.8, 23.5],
							"size": [1, 1.4, 5.4],
							"inflate": -0.3,
							"uv": {
								"north": {"uv": [70, 67], "uv_size": [16, 2]},
								"east": {"uv": [70, 67], "uv_size": [16, 2]},
								"south": {"uv": [70, 67], "uv_size": [16, 2]},
								"west": {"uv": [70, 67], "uv_size": [16, 2]},
								"up": {"uv": [86, 69], "uv_size": [-16, -2]},
								"down": {"uv": [86, 69], "uv_size": [-16, -2]}
							}
						},
						{
							"origin": [-1.5, 17.9, 10],
							"size": [3, 4.4, 11.5],
							"inflate": -0.3,
							"uv": {
								"north": {"uv": [70, 65], "uv_size": [16, 2]},
								"east": {"uv": [70, 65], "uv_size": [16, 2]},
								"south": {"uv": [70, 65], "uv_size": [16, 2]},
								"west": {"uv": [70, 65], "uv_size": [16, 2]},
								"up": {"uv": [86, 67], "uv_size": [-16, -2]},
								"down": {"uv": [86, 67], "uv_size": [-16, -2]}
							}
						},
						{
							"origin": [-1.5, 17.9, 10],
							"size": [3, 4.4, 11.5],
							"inflate": -0.3,
							"uv": {
								"north": {"uv": [70, 65], "uv_size": [16, 2]},
								"east": {"uv": [70, 65], "uv_size": [16, 2]},
								"south": {"uv": [70, 65], "uv_size": [16, 2]},
								"west": {"uv": [70, 65], "uv_size": [16, 2]},
								"up": {"uv": [86, 67], "uv_size": [-16, -2]},
								"down": {"uv": [86, 67], "uv_size": [-16, -2]}
							}
						},
						{
							"origin": [-0.58, 21.6, 10],
							"size": [1.13, 1.4, 11.5],
							"inflate": -0.3,
							"uv": {
								"north": {"uv": [36, 60], "uv_size": [-4, -16]},
								"east": {"uv": [36, 60], "uv_size": [-4, -16]},
								"south": {"uv": [36, 60], "uv_size": [-4, -16]},
								"west": {"uv": [36, 60], "uv_size": [-4, -16]},
								"up": {"uv": [32, 44], "uv_size": [4, 16]},
								"down": {"uv": [32, 44], "uv_size": [4, 16]}
							}
						},
						{
							"origin": [-0.74, 21, 10],
							"size": [1.8, 1.3, 11.5],
							"inflate": -0.3,
							"pivot": [1, 21.3, 0.15],
							"rotation": [0, 0, 36],
							"uv": {
								"north": {"uv": [60, 69], "uv_size": [-3, -16]},
								"east": {"uv": [60, 69], "uv_size": [-3, -16]},
								"south": {"uv": [60, 69], "uv_size": [-3, -16]},
								"west": {"uv": [60, 69], "uv_size": [-3, -16]},
								"up": {"uv": [57, 53], "uv_size": [3, 16]},
								"down": {"uv": [57, 53], "uv_size": [3, 16]}
							}
						},
						{
							"origin": [-1.26, 21.6, 10],
							"size": [1.76, 1.3, 11.5],
							"inflate": -0.3,
							"pivot": [-0.2, 21.9, 0.15],
							"rotation": [0, 0, -36],
							"uv": {
								"north": {"uv": [49, 76], "uv_size": [-3, -15]},
								"east": {"uv": [49, 76], "uv_size": [-3, -15]},
								"south": {"uv": [49, 76], "uv_size": [-3, -15]},
								"west": {"uv": [49, 76], "uv_size": [-3, -15]},
								"up": {"uv": [46, 61], "uv_size": [3, 15]},
								"down": {"uv": [46, 61], "uv_size": [3, 15]}
							}
						},
						{
							"origin": [-1.46, 21.7, 10],
							"size": [1.96, 1.3, 11.5],
							"inflate": -0.3,
							"pivot": [-0.2, 22, 0.15],
							"rotation": [0, 0, -36],
							"uv": {
								"north": {"uv": [49, 76], "uv_size": [-3, -15]},
								"east": {"uv": [49, 76], "uv_size": [-3, -15]},
								"south": {"uv": [49, 76], "uv_size": [-3, -15]},
								"west": {"uv": [49, 76], "uv_size": [-3, -15]},
								"up": {"uv": [46, 61], "uv_size": [3, 15]},
								"down": {"uv": [46, 61], "uv_size": [3, 15]}
							}
						},
						{
							"origin": [-0.58, 21.7, 10],
							"size": [1.13, 1.4, 11.5],
							"inflate": -0.3,
							"uv": {
								"north": {"uv": [36, 60], "uv_size": [-4, -16]},
								"east": {"uv": [36, 60], "uv_size": [-4, -16]},
								"south": {"uv": [36, 60], "uv_size": [-4, -16]},
								"west": {"uv": [36, 60], "uv_size": [-4, -16]},
								"up": {"uv": [32, 44], "uv_size": [4, 16]},
								"down": {"uv": [32, 44], "uv_size": [4, 16]}
							}
						},
						{
							"origin": [-0.74, 21.1, 10],
							"size": [2, 1.3, 11.5],
							"inflate": -0.3,
							"pivot": [1, 21.4, 0.15],
							"rotation": [0, 0, 36],
							"uv": {
								"north": {"uv": [60, 69], "uv_size": [-3, -16]},
								"east": {"uv": [60, 69], "uv_size": [-3, -16]},
								"south": {"uv": [60, 69], "uv_size": [-3, -16]},
								"west": {"uv": [60, 69], "uv_size": [-3, -16]},
								"up": {"uv": [57, 53], "uv_size": [3, 16]},
								"down": {"uv": [57, 53], "uv_size": [3, 16]}
							}
						},
						{
							"origin": [-1.7, 17.9, 17.5],
							"size": [1.2, 4.4, 4],
							"inflate": -0.3,
							"uv": {
								"north": {"uv": [70, 65], "uv_size": [16, 2]},
								"east": {"uv": [70, 65], "uv_size": [16, 2]},
								"south": {"uv": [70, 65], "uv_size": [16, 2]},
								"west": {"uv": [70, 65], "uv_size": [16, 2]},
								"up": {"uv": [86, 67], "uv_size": [-16, -2]},
								"down": {"uv": [86, 67], "uv_size": [-16, -2]}
							}
						},
						{
							"origin": [0.5, 17.9, 17.5],
							"size": [1.2, 4.4, 4],
							"inflate": -0.3,
							"uv": {
								"north": {"uv": [70, 65], "uv_size": [16, 2]},
								"east": {"uv": [70, 65], "uv_size": [16, 2]},
								"south": {"uv": [70, 65], "uv_size": [16, 2]},
								"west": {"uv": [70, 65], "uv_size": [16, 2]},
								"up": {"uv": [86, 67], "uv_size": [-16, -2]},
								"down": {"uv": [86, 67], "uv_size": [-16, -2]}
							}
						},
						{
							"origin": [0.5, 17.9, 14],
							"size": [1.2, 4.9, 2.8],
							"inflate": -0.3,
							"pivot": [1.1, 20.8, 16.05],
							"rotation": [69, 0, 0],
							"uv": {
								"north": {"uv": [70, 65], "uv_size": [16, 2]},
								"east": {"uv": [70, 65], "uv_size": [16, 2]},
								"south": {"uv": [70, 65], "uv_size": [16, 2]},
								"west": {"uv": [70, 65], "uv_size": [16, 2]},
								"up": {"uv": [86, 67], "uv_size": [-16, -2]},
								"down": {"uv": [86, 67], "uv_size": [-16, -2]}
							}
						},
						{
							"origin": [0.5, 20.3, 10],
							"size": [1.2, 2, 8.1],
							"inflate": -0.3,
							"uv": {
								"north": {"uv": [70, 65], "uv_size": [16, 2]},
								"east": {"uv": [70, 65], "uv_size": [16, 2]},
								"south": {"uv": [70, 65], "uv_size": [16, 2]},
								"west": {"uv": [70, 65], "uv_size": [16, 2]},
								"up": {"uv": [86, 67], "uv_size": [-16, -2]},
								"down": {"uv": [86, 67], "uv_size": [-16, -2]}
							}
						},
						{
							"origin": [0.5, 22.2, 14],
							"size": [1.2, 3, 1.5],
							"inflate": -0.3,
							"pivot": [1.1, 20.8, 16.05],
							"rotation": [69, 0, 0],
							"uv": {
								"north": {"uv": [70, 65], "uv_size": [16, 2]},
								"east": {"uv": [70, 65], "uv_size": [16, 2]},
								"south": {"uv": [70, 65], "uv_size": [16, 2]},
								"west": {"uv": [70, 65], "uv_size": [16, 2]},
								"up": {"uv": [86, 67], "uv_size": [-16, -2]},
								"down": {"uv": [86, 67], "uv_size": [-16, -2]}
							}
						},
						{
							"origin": [1.1, 18.1, 14.2],
							"size": [0.7, 7, 1.7],
							"inflate": -0.3,
							"pivot": [1.1, 20.8, 16.05],
							"rotation": [69, 0, 0],
							"uv": {
								"north": {"uv": [61, 30], "uv_size": [4, 0]},
								"east": {"uv": [61, 30], "uv_size": [4, 0]},
								"south": {"uv": [61, 30], "uv_size": [4, 0]},
								"west": {"uv": [61, 30], "uv_size": [4, 0]},
								"up": {"uv": [65, 30], "uv_size": [-4, 0]},
								"down": {"uv": [65, 30], "uv_size": [-4, 0]}
							}
						},
						{
							"origin": [1.1, 23.8, 14.5],
							"size": [0.7, 2.8, 1.5],
							"inflate": -0.3,
							"pivot": [1.1, 22.3, 16.15],
							"rotation": [90, 0, 0],
							"uv": {
								"north": {"uv": [61, 30], "uv_size": [4, 0]},
								"east": {"uv": [61, 30], "uv_size": [4, 0]},
								"south": {"uv": [61, 30], "uv_size": [4, 0]},
								"west": {"uv": [61, 30], "uv_size": [4, 0]},
								"up": {"uv": [65, 30], "uv_size": [-4, 0]},
								"down": {"uv": [65, 30], "uv_size": [-4, 0]}
							}
						},
						{
							"origin": [1.1, 21.4, 13.6],
							"size": [0.7, 3, 2.4],
							"inflate": -0.3,
							"pivot": [1.1, 22.3, 16.15],
							"rotation": [90, 0, 0],
							"uv": {
								"north": {"uv": [61, 30], "uv_size": [4, 0]},
								"east": {"uv": [61, 30], "uv_size": [4, 0]},
								"south": {"uv": [61, 30], "uv_size": [4, 0]},
								"west": {"uv": [61, 30], "uv_size": [4, 0]},
								"up": {"uv": [65, 30], "uv_size": [-4, 0]},
								"down": {"uv": [65, 30], "uv_size": [-4, 0]}
							}
						},
						{
							"origin": [1.1, 17.1, 12.04],
							"size": [0.7, 3.92, 1.6],
							"inflate": -0.3,
							"pivot": [1.1, 22.3, 16.15],
							"rotation": [90, 0, 0],
							"uv": {
								"north": {"uv": [61, 30], "uv_size": [4, 0]},
								"east": {"uv": [61, 30], "uv_size": [4, 0]},
								"south": {"uv": [61, 30], "uv_size": [4, 0]},
								"west": {"uv": [61, 30], "uv_size": [4, 0]},
								"up": {"uv": [65, 30], "uv_size": [-4, 0]},
								"down": {"uv": [65, 30], "uv_size": [-4, 0]}
							}
						},
						{
							"origin": [1.1, 17.1, 13],
							"size": [0.7, 4.9, 3],
							"inflate": -0.3,
							"pivot": [1.1, 22.3, 16.15],
							"rotation": [90, 0, 0],
							"uv": {
								"north": {"uv": [61, 30], "uv_size": [4, 0]},
								"east": {"uv": [61, 30], "uv_size": [4, 0]},
								"south": {"uv": [61, 30], "uv_size": [4, 0]},
								"west": {"uv": [61, 30], "uv_size": [4, 0]},
								"up": {"uv": [65, 30], "uv_size": [-4, 0]},
								"down": {"uv": [65, 30], "uv_size": [-4, 0]}
							}
						},
						{
							"origin": [-1.8, 17.1, 12.04],
							"size": [0.7, 3.92, 1.6],
							"inflate": -0.3,
							"pivot": [-1.8, 22.3, 16.15],
							"rotation": [90, 0, 0],
							"uv": {
								"north": {"uv": [61, 30], "uv_size": [4, 0]},
								"east": {"uv": [61, 30], "uv_size": [4, 0]},
								"south": {"uv": [61, 30], "uv_size": [4, 0]},
								"west": {"uv": [61, 30], "uv_size": [4, 0]},
								"up": {"uv": [65, 30], "uv_size": [-4, 0]},
								"down": {"uv": [65, 30], "uv_size": [-4, 0]}
							}
						},
						{
							"origin": [-1.8, 21.4, 13.6],
							"size": [0.7, 3, 2.4],
							"inflate": -0.3,
							"pivot": [-1.8, 22.3, 16.15],
							"rotation": [90, 0, 0],
							"uv": {
								"north": {"uv": [61, 30], "uv_size": [4, 0]},
								"east": {"uv": [61, 30], "uv_size": [4, 0]},
								"south": {"uv": [61, 30], "uv_size": [4, 0]},
								"west": {"uv": [61, 30], "uv_size": [4, 0]},
								"up": {"uv": [65, 30], "uv_size": [-4, 0]},
								"down": {"uv": [65, 30], "uv_size": [-4, 0]}
							}
						},
						{
							"origin": [-1.8, 17.1, 13],
							"size": [0.7, 4.9, 3],
							"inflate": -0.3,
							"pivot": [-1.8, 22.3, 16.15],
							"rotation": [90, 0, 0],
							"uv": {
								"north": {"uv": [61, 30], "uv_size": [4, 0]},
								"east": {"uv": [61, 30], "uv_size": [4, 0]},
								"south": {"uv": [61, 30], "uv_size": [4, 0]},
								"west": {"uv": [61, 30], "uv_size": [4, 0]},
								"up": {"uv": [65, 30], "uv_size": [-4, 0]},
								"down": {"uv": [65, 30], "uv_size": [-4, 0]}
							}
						},
						{
							"origin": [-1.8, 23.8, 14.5],
							"size": [0.7, 2.8, 1.5],
							"inflate": -0.3,
							"pivot": [-1.8, 22.3, 16.15],
							"rotation": [90, 0, 0],
							"uv": {
								"north": {"uv": [61, 30], "uv_size": [4, 0]},
								"east": {"uv": [61, 30], "uv_size": [4, 0]},
								"south": {"uv": [61, 30], "uv_size": [4, 0]},
								"west": {"uv": [61, 30], "uv_size": [4, 0]},
								"up": {"uv": [65, 30], "uv_size": [-4, 0]},
								"down": {"uv": [65, 30], "uv_size": [-4, 0]}
							}
						},
						{
							"origin": [-1.8, 18.1, 14.2],
							"size": [0.7, 7, 1.7],
							"inflate": -0.3,
							"pivot": [-1.8, 20.8, 16.05],
							"rotation": [69, 0, 0],
							"uv": {
								"north": {"uv": [61, 30], "uv_size": [4, 0]},
								"east": {"uv": [61, 30], "uv_size": [4, 0]},
								"south": {"uv": [61, 30], "uv_size": [4, 0]},
								"west": {"uv": [61, 30], "uv_size": [4, 0]},
								"up": {"uv": [65, 30], "uv_size": [-4, 0]},
								"down": {"uv": [65, 30], "uv_size": [-4, 0]}
							}
						},
						{
							"origin": [-1.7, 17.9, 14],
							"size": [1.2, 4.9, 2.8],
							"inflate": -0.3,
							"pivot": [-1.1, 20.8, 16.05],
							"rotation": [69, 0, 0],
							"uv": {
								"north": {"uv": [70, 65], "uv_size": [16, 2]},
								"east": {"uv": [70, 65], "uv_size": [16, 2]},
								"south": {"uv": [70, 65], "uv_size": [16, 2]},
								"west": {"uv": [70, 65], "uv_size": [16, 2]},
								"up": {"uv": [86, 67], "uv_size": [-16, -2]},
								"down": {"uv": [86, 67], "uv_size": [-16, -2]}
							}
						},
						{
							"origin": [-1.7, 22.2, 14],
							"size": [1.2, 3, 1.5],
							"inflate": -0.3,
							"pivot": [-1.1, 20.8, 16.05],
							"rotation": [69, 0, 0],
							"uv": {
								"north": {"uv": [70, 65], "uv_size": [16, 2]},
								"east": {"uv": [70, 65], "uv_size": [16, 2]},
								"south": {"uv": [70, 65], "uv_size": [16, 2]},
								"west": {"uv": [70, 65], "uv_size": [16, 2]},
								"up": {"uv": [86, 67], "uv_size": [-16, -2]},
								"down": {"uv": [86, 67], "uv_size": [-16, -2]}
							}
						},
						{
							"origin": [-1.7, 20.3, 10],
							"size": [1.2, 2, 8.1],
							"inflate": -0.3,
							"uv": {
								"north": {"uv": [70, 65], "uv_size": [16, 2]},
								"east": {"uv": [70, 65], "uv_size": [16, 2]},
								"south": {"uv": [70, 65], "uv_size": [16, 2]},
								"west": {"uv": [70, 65], "uv_size": [16, 2]},
								"up": {"uv": [86, 67], "uv_size": [-16, -2]},
								"down": {"uv": [86, 67], "uv_size": [-16, -2]}
							}
						}
					]
				},
				{
					"name": "_ca_stock",
					"parent": "main",
					"pivot": [-0.2, 19.45, -1.025],
					"cubes": [
						{"origin": [-0.45, 20.75, 6.9], "size": [1, 1, 1], "uv": [27, 69]}
					]
				}
			]
		}
	]
}