{
	"format_version": "1.12.0",
	"minecraft:geometry": [
		{
			"description": {
				"identifier": "geometry.unknown",
				"texture_width": 128,
				"texture_height": 128,
				"visible_bounds_width": 9,
				"visible_bounds_height": 5,
				"visible_bounds_offset": [0, 0.5, 0]
			},
			"bones": [
				{
					"name": "main",
					"pivot": [0, 20, 0]
				},
				{
					"name": "gun",
					"parent": "main",
					"pivot": [1, 11, -1]
				},
				{
					"name": "stock",
					"parent": "gun",
					"pivot": [0.65, 8.1, 23.4],
					"cubes": [
						{
							"origin": [-1.49, 20.5, 8.5],
							"size": [3.18, 1.7, 5.2],
							"pivot": [0, 21, 9.8],
							"rotation": [-12, 0, 0],
							"uv": {
								"north": {"uv": [61, 67], "uv_size": [3.4, 1.7]},
								"east": {"uv": [60, 67], "uv_size": [5.2, 1.7]},
								"south": {"uv": [0, 0], "uv_size": [3.4, 1.7]},
								"west": {"uv": [61, 66], "uv_size": [5.2, 1.7]},
								"up": {"uv": [64.4, 72.2], "uv_size": [-3.4, -5.2]},
								"down": {"uv": [3.4, 5.2], "uv_size": [-3.4, -5.2]}
							}
						},
						{
							"origin": [-1.5, 18.6, 12.5],
							"size": [3.2, 3.5, 3.8],
							"pivot": [0, 20.9, 14.9],
							"rotation": [32, 0, 0],
							"uv": {
								"north": {"uv": [64, 67], "uv_size": [3.4, 3.5]},
								"east": {"uv": [61, 68], "uv_size": [3.8, 3.5]},
								"south": {"uv": [62, 67], "uv_size": [3.4, 3.5]},
								"west": {"uv": [62, 67], "uv_size": [3.8, 3.5]},
								"up": {"uv": [64.4, 70.8], "uv_size": [-3.4, -3.8]},
								"down": {"uv": [66.4, 70.8], "uv_size": [-3.4, -3.8]}
							}
						},
						{
							"origin": [-1.5, 21.7, 15.2],
							"size": [3.2, 0.7, 18],
							"pivot": [0, 21.2, 16.5],
							"rotation": [-9, 0, 0],
							"uv": {
								"north": {"uv": [0, 0], "uv_size": [3.4, 0.7]},
								"east": {"uv": [61, 66], "uv_size": [4, 5.7]},
								"south": {"uv": [42, 13], "uv_size": [3.4, 0.7]},
								"west": {"uv": [62, 67], "uv_size": [5, 3.7]},
								"up": {"uv": [68.4, 70], "uv_size": [-7.4, -3]},
								"down": {"uv": [3.4, 18], "uv_size": [-3.4, -18]}
							}
						},
						{
							"origin": [-1.5, 9.08, 31.2],
							"size": [3.2, 13.1, 0.4],
							"pivot": [0, 13.6, 17.7],
							"rotation": [-12, 0, 0],
							"uv": {
								"north": {"uv": [0, 0], "uv_size": [3.4, 12.2]},
								"east": {"uv": [63, 66], "uv_size": [4.4, 4.2]},
								"south": {"uv": [42, 12], "uv_size": [3.4, 12.2]},
								"west": {"uv": [64, 65], "uv_size": [3.4, 4.2]},
								"up": {"uv": [3.4, 0.4], "uv_size": [-3.4, -0.4]},
								"down": {"uv": [64.4, 67.4], "uv_size": [-3.4, -0.4]}
							}
						},
						{
							"origin": [-1.5, -6.55, 32.3],
							"size": [3.2, 15.4, 2],
							"pivot": [0, -2.3, 19.7],
							"rotation": [60, 0, 0],
							"uv": {
								"north": {"uv": [62, 66], "uv_size": [5.4, 2.5]},
								"east": {"uv": [61, 65], "uv_size": [2.1, 4.5]},
								"south": {"uv": [41, 4], "uv_size": [3.4, 15.5]},
								"west": {"uv": [64, 67], "uv_size": [2.1, 1.5]},
								"up": {"uv": [66.4, 69.1], "uv_size": [-3.4, -1.1]},
								"down": {"uv": [49.4, 6.1], "uv_size": [-3.4, -1.1]}
							}
						},
						{
							"origin": [-1.5, -6.85, 32.3],
							"size": [3.2, 0.3, 1.2],
							"pivot": [0, -2.3, 19.7],
							"rotation": [60, 0, 0],
							"uv": {
								"north": {"uv": [62, 66], "uv_size": [5.4, 2.5]},
								"east": {"uv": [61, 65], "uv_size": [2.1, 4.5]},
								"south": {"uv": [41, 4], "uv_size": [3.4, 15.5]},
								"west": {"uv": [64, 67], "uv_size": [2.1, 1.5]},
								"up": {"uv": [66.4, 69.1], "uv_size": [-3.4, -1.1]},
								"down": {"uv": [49.4, 6.1], "uv_size": [-3.4, -1.1]}
							}
						},
						{
							"origin": [-1.49, 2.15, 23.8],
							"size": [3.18, 11.3, 3.9],
							"pivot": [0, 2.6, 11.2],
							"rotation": [63, 0, 0],
							"uv": {
								"north": {"uv": [61, 65], "uv_size": [6.4, 5.3]},
								"east": {"uv": [61, 65], "uv_size": [4, 6.3]},
								"south": {"uv": [0, 0], "uv_size": [3.4, 11.3]},
								"west": {"uv": [62, 67], "uv_size": [5, 3.3]},
								"up": {"uv": [3.4, 3], "uv_size": [-3.4, -3]},
								"down": {"uv": [3.4, 3], "uv_size": [-3.4, -3]}
							}
						},
						{
							"origin": [-1.5, -4.85, 34.3],
							"size": [3.2, 18, 4.6],
							"pivot": [0, -2.3, 19.7],
							"rotation": [60, 0, 0],
							"uv": {
								"north": {"uv": [64, 66], "uv_size": [2.4, 2]},
								"east": {"uv": [60, 66], "uv_size": [4.6, 3]},
								"south": {"uv": [0, 0], "uv_size": [3.4, 18]},
								"west": {"uv": [61, 67], "uv_size": [6.6, 2]},
								"up": {"uv": [66.4, 70.6], "uv_size": [-3.4, -4.6]},
								"down": {"uv": [66.4, 73.6], "uv_size": [-3.4, -4.6]}
							}
						},
						{
							"origin": [-1.5, -2.85, 38.9],
							"size": [3.2, 9.5, 2.8],
							"pivot": [0, -2.3, 19.7],
							"rotation": [60, 0, 0],
							"uv": {
								"north": {"uv": [0, 0], "uv_size": [3.4, 9.5]},
								"east": {"uv": [61, 67], "uv_size": [2.8, 3.5]},
								"south": {"uv": [0, 0], "uv_size": [3.4, 9.5]},
								"west": {"uv": [63, 65], "uv_size": [4.8, 4.5]},
								"up": {"uv": [3.4, 2.8], "uv_size": [-3.4, -2.8]},
								"down": {"uv": [3.4, 2.8], "uv_size": [-3.4, -2.8]}
							}
						},
						{
							"origin": [-1.5, 6.65, 38.9],
							"size": [3.2, 6.2, 0.5],
							"pivot": [0, -2.3, 19.7],
							"rotation": [60, 0, 0],
							"uv": {
								"north": {"uv": [0, 0], "uv_size": [3.4, 6.2]},
								"east": {"uv": [63, 69], "uv_size": [4.5, 1.2]},
								"south": {"uv": [0, 0], "uv_size": [3.4, 6.2]},
								"west": {"uv": [65, 65], "uv_size": [0.5, 6.2]},
								"up": {"uv": [3.4, 0.5], "uv_size": [-3.4, -0.5]},
								"down": {"uv": [3.4, 0.5], "uv_size": [-3.4, -0.5]}
							}
						},
						{
							"origin": [-1.5, 17, 15.2],
							"size": [3.2, 4.7, 17.7],
							"pivot": [0, 21.2, 16.5],
							"rotation": [-9, 0, 0],
							"uv": {
								"north": {"uv": [62, 67], "uv_size": [3.4, 4.7]},
								"east": {"uv": [61, 66], "uv_size": [3.7, 5.7]},
								"south": {"uv": [62, 64], "uv_size": [3.4, 4.7]},
								"west": {"uv": [62, 66], "uv_size": [3.7, 4.7]},
								"up": {"uv": [3.4, 17.7], "uv_size": [-3.4, -17.7]},
								"down": {"uv": [65.4, 68.7], "uv_size": [-3.4, -3.7]}
							}
						},
						{
							"origin": [-1.5, 15.5, 30.7],
							"size": [3.2, 1.6, 1.9],
							"pivot": [0, 21.2, 16.5],
							"rotation": [-9, 0, 0],
							"uv": {
								"north": {"uv": [0, 0], "uv_size": [3.4, 1.6]},
								"east": {"uv": [63, 69], "uv_size": [1.9, 1.6]},
								"south": {"uv": [0, 0], "uv_size": [3.4, 1.6]},
								"west": {"uv": [64, 68], "uv_size": [1.9, 1.6]},
								"up": {"uv": [3.4, 1.9], "uv_size": [-3.4, -1.9]},
								"down": {"uv": [3.4, 1.9], "uv_size": [-3.4, -1.9]}
							}
						},
						{
							"origin": [-1.5, 10.3, 30.7],
							"size": [3.2, 4.8, 1.8],
							"pivot": [0, 21.2, 16.5],
							"rotation": [-9, 0, 0],
							"uv": {
								"north": {"uv": [0, 0], "uv_size": [3.4, 4.4]},
								"east": {"uv": [62, 67], "uv_size": [1.8, 4.4]},
								"south": {"uv": [0, 0], "uv_size": [3.4, 4.4]},
								"west": {"uv": [64, 66], "uv_size": [1.8, 4.4]},
								"up": {"uv": [3.4, 1.8], "uv_size": [-3.4, -1.8]},
								"down": {"uv": [3.4, 1.8], "uv_size": [-3.4, -1.8]}
							}
						},
						{
							"origin": [-1.5, 18, 6.7],
							"size": [3.2, 4.4, 2.1],
							"uv": {
								"north": {"uv": [0, 0], "uv_size": [3.4, 3.4]},
								"east": {"uv": [47, 5], "uv_size": [2, 3.4]},
								"south": {"uv": [0, 0], "uv_size": [3.4, 3.4]},
								"west": {"uv": [45, 0], "uv_size": [2, 3.4]},
								"up": {"uv": [3.4, 2], "uv_size": [-3.4, -2]},
								"down": {"uv": [65.4, 69], "uv_size": [-3.4, -2]}
							}
						},
						{
							"origin": [-1.5, 22.1, 6.3],
							"size": [3.2, 0.7, 2.2],
							"pivot": [0, 21.6, 7.5],
							"rotation": [-20, 0, 0],
							"uv": {
								"north": {"uv": [0, 0], "uv_size": [3.4, 0.7]},
								"east": {"uv": [46, 16], "uv_size": [2.2, 0.7]},
								"south": {"uv": [0, 0], "uv_size": [3.4, 0.7]},
								"west": {"uv": [46, 19], "uv_size": [2.2, 0.7]},
								"up": {"uv": [46.4, 14.2], "uv_size": [-3.4, -2.2]},
								"down": {"uv": [3.4, 2.2], "uv_size": [-3.4, -2.2]}
							}
						}
					]
				},
				{
					"name": "_ca_stock",
					"parent": "main",
					"pivot": [-0.2, 19.45, -1.025],
					"cubes": [
						{"origin": [-0.45, 20.75, 6.775], "size": [1, 1, 1], "uv": [24, 121]}
					]
				}
			]
		}
	]
}