{
	"format_version": "1.12.0",
	"minecraft:geometry": [
		{
			"description": {
				"identifier": "geometry.unknown",
				"texture_width": 128,
				"texture_height": 128,
				"visible_bounds_width": 9,
				"visible_bounds_height": 5,
				"visible_bounds_offset": [0, 0.5, 0]
			},
			"bones": [
				{
					"name": "main",
					"pivot": [0, 20, 0]
				},
				{
					"name": "gun",
					"parent": "main",
					"pivot": [1, 11, -1],
					"cubes": [
						{
							"origin": [-1.7, 17.9, 6.9],
							"size": [3.4, 5, 3.7],
							"inflate": -0.3,
							"uv": {
								"north": {"uv": [70, 65], "uv_size": [16, 2]},
								"east": {"uv": [70, 65], "uv_size": [16, 2]},
								"south": {"uv": [70, 65], "uv_size": [16, 2]},
								"west": {"uv": [70, 65], "uv_size": [16, 2]},
								"up": {"uv": [86, 67], "uv_size": [-16, -2]},
								"down": {"uv": [86, 67], "uv_size": [-16, -2]}
							}
						},
						{
							"origin": [-0.8, 18.1, 10],
							"size": [1.7, 2.1, 11.1],
							"inflate": -0.3,
							"uv": {
								"north": {"uv": [70, 65], "uv_size": [16, 2]},
								"east": {"uv": [70, 65], "uv_size": [16, 2]},
								"south": {"uv": [70, 65], "uv_size": [16, 2]},
								"west": {"uv": [70, 65], "uv_size": [16, 2]},
								"up": {"uv": [86, 67], "uv_size": [-16, -2]},
								"down": {"uv": [86, 67], "uv_size": [-16, -2]}
							}
						},
						{
							"origin": [-0.8, 10.7, 17.3],
							"size": [1.7, 2.1, 15.7],
							"inflate": -0.3,
							"pivot": [1.2, 11.8, 29.25],
							"rotation": [-40, 0, 0],
							"uv": {
								"north": {"uv": [70, 65], "uv_size": [16, 2]},
								"east": {"uv": [70, 65], "uv_size": [16, 2]},
								"south": {"uv": [70, 65], "uv_size": [16, 2]},
								"west": {"uv": [70, 65], "uv_size": [16, 2]},
								"up": {"uv": [86, 67], "uv_size": [-16, -2]},
								"down": {"uv": [86, 67], "uv_size": [-16, -2]}
							}
						},
						{
							"origin": [-0.8, 20.5, 10],
							"size": [1.7, 2.1, 5.2],
							"inflate": -0.3,
							"uv": {
								"north": {"uv": [70, 65], "uv_size": [16, 2]},
								"east": {"uv": [70, 65], "uv_size": [16, 2]},
								"south": {"uv": [70, 65], "uv_size": [16, 2]},
								"west": {"uv": [70, 65], "uv_size": [16, 2]},
								"up": {"uv": [86, 67], "uv_size": [-16, -2]},
								"down": {"uv": [86, 67], "uv_size": [-16, -2]}
							}
						},
						{
							"origin": [-0.8, 20.5, 16.5],
							"size": [1.7, 2, 15.1],
							"inflate": -0.3,
							"uv": {
								"north": {"uv": [70, 65], "uv_size": [16, 2]},
								"east": {"uv": [70, 65], "uv_size": [16, 2]},
								"south": {"uv": [70, 65], "uv_size": [16, 2]},
								"west": {"uv": [70, 65], "uv_size": [16, 2]},
								"up": {"uv": [86, 67], "uv_size": [-16, -2]},
								"down": {"uv": [86, 67], "uv_size": [-16, -2]}
							}
						},
						{
							"origin": [-0.6, 19.5, 22],
							"size": [1.3, 1.2, 2],
							"inflate": -0.3,
							"uv": {
								"north": {"uv": [70, 65], "uv_size": [16, 2]},
								"east": {"uv": [70, 65], "uv_size": [16, 2]},
								"south": {"uv": [70, 65], "uv_size": [16, 2]},
								"west": {"uv": [70, 65], "uv_size": [16, 2]},
								"up": {"uv": [86, 67], "uv_size": [-16, -2]},
								"down": {"uv": [86, 67], "uv_size": [-16, -2]}
							}
						},
						{
							"origin": [-0.6, 20.1, 22],
							"size": [1.3, 1, 1.2],
							"inflate": -0.3,
							"uv": {
								"north": {"uv": [70, 65], "uv_size": [16, 2]},
								"east": {"uv": [70, 65], "uv_size": [16, 2]},
								"south": {"uv": [70, 65], "uv_size": [16, 2]},
								"west": {"uv": [70, 65], "uv_size": [16, 2]},
								"up": {"uv": [86, 67], "uv_size": [-16, -2]},
								"down": {"uv": [86, 67], "uv_size": [-16, -2]}
							}
						},
						{
							"origin": [-1.7, 8.56, 31],
							"size": [3.4, 13.66, 2.5],
							"inflate": -0.3,
							"uv": {
								"north": {"uv": [70, 67], "uv_size": [16, 2]},
								"east": {"uv": [70, 67], "uv_size": [16, 2]},
								"south": {"uv": [70, 67], "uv_size": [16, 2]},
								"west": {"uv": [70, 67], "uv_size": [16, 2]},
								"up": {"uv": [86, 69], "uv_size": [-16, -2]},
								"down": {"uv": [86, 69], "uv_size": [-16, -2]}
							}
						},
						{
							"origin": [-1.5, 19.16, 23.3],
							"size": [3, 2.96, 8.3],
							"inflate": -0.3,
							"uv": {
								"north": {"uv": [70, 67], "uv_size": [16, 2]},
								"east": {"uv": [70, 67], "uv_size": [16, 2]},
								"south": {"uv": [70, 67], "uv_size": [16, 2]},
								"west": {"uv": [70, 67], "uv_size": [16, 2]},
								"up": {"uv": [86, 69], "uv_size": [-16, -2]},
								"down": {"uv": [86, 69], "uv_size": [-16, -2]}
							}
						},
						{
							"origin": [-1.2, 20.66, 13.8],
							"size": [2.5, 2.96, 9.4],
							"inflate": -0.3,
							"pivot": [0, 22, 17.85],
							"rotation": [0, 0, -10],
							"uv": {
								"north": {"uv": [70, 67], "uv_size": [16, 2]},
								"east": {"uv": [70, 67], "uv_size": [16, 2]},
								"south": {"uv": [70, 67], "uv_size": [16, 2]},
								"west": {"uv": [70, 67], "uv_size": [16, 2]},
								"up": {"uv": [86, 69], "uv_size": [-16, -2]},
								"down": {"uv": [86, 69], "uv_size": [-16, -2]}
							}
						},
						{
							"origin": [-0.8, 11.16, 29.8],
							"size": [1.7, 9.46, 1.8],
							"inflate": -0.3,
							"uv": {
								"north": {"uv": [70, 67], "uv_size": [16, 2]},
								"east": {"uv": [70, 67], "uv_size": [16, 2]},
								"south": {"uv": [70, 67], "uv_size": [16, 2]},
								"west": {"uv": [70, 67], "uv_size": [16, 2]},
								"up": {"uv": [86, 69], "uv_size": [-16, -2]},
								"down": {"uv": [86, 69], "uv_size": [-16, -2]}
							}
						},
						{
							"origin": [-0.7, 11.66, 29],
							"size": [1.4, 8.96, 1.4],
							"inflate": -0.3,
							"uv": {
								"north": {"uv": [70, 67], "uv_size": [16, 2]},
								"east": {"uv": [70, 67], "uv_size": [16, 2]},
								"south": {"uv": [70, 67], "uv_size": [16, 2]},
								"west": {"uv": [70, 67], "uv_size": [16, 2]},
								"up": {"uv": [86, 69], "uv_size": [-16, -2]},
								"down": {"uv": [86, 69], "uv_size": [-16, -2]}
							}
						},
						{
							"origin": [-1.7, 8.7, 32.8],
							"size": [3.4, 4.2, 2],
							"inflate": -0.3,
							"pivot": [1.2, 14.6, 33.15],
							"rotation": [-40, 0, 0],
							"uv": {
								"north": {"uv": [70, 67], "uv_size": [16, 2]},
								"east": {"uv": [70, 67], "uv_size": [16, 2]},
								"south": {"uv": [70, 67], "uv_size": [16, 2]},
								"west": {"uv": [70, 67], "uv_size": [16, 2]},
								"up": {"uv": [86, 69], "uv_size": [-16, -2]},
								"down": {"uv": [86, 69], "uv_size": [-16, -2]}
							}
						},
						{
							"origin": [-0.8, 10.4, 32.6],
							"size": [1.7, 2.4, 2.4],
							"inflate": -0.3,
							"pivot": [1.2, 16.7, 33.55],
							"rotation": [-45, 0, 0],
							"uv": {
								"north": {"uv": [70, 67], "uv_size": [16, 2]},
								"east": {"uv": [70, 67], "uv_size": [16, 2]},
								"south": {"uv": [70, 67], "uv_size": [16, 2]},
								"west": {"uv": [70, 67], "uv_size": [16, 2]},
								"up": {"uv": [86, 69], "uv_size": [-16, -2]},
								"down": {"uv": [86, 69], "uv_size": [-16, -2]}
							}
						},
						{
							"origin": [-0.8, 17.4, 31.4],
							"size": [1.7, 1.8, 3.3],
							"inflate": -0.3,
							"pivot": [1.2, 23.3, 32.35],
							"rotation": [-40, 0, 0],
							"uv": {
								"north": {"uv": [70, 67], "uv_size": [16, 2]},
								"east": {"uv": [70, 67], "uv_size": [16, 2]},
								"south": {"uv": [70, 67], "uv_size": [16, 2]},
								"west": {"uv": [70, 67], "uv_size": [16, 2]},
								"up": {"uv": [86, 69], "uv_size": [-16, -2]},
								"down": {"uv": [86, 69], "uv_size": [-16, -2]}
							}
						},
						{
							"origin": [-1.7, 8.7, 34.2],
							"size": [3.4, 3.1, 1.5],
							"inflate": -0.3,
							"pivot": [1.2, 14.6, 33.15],
							"rotation": [-40, 0, 0],
							"uv": {
								"north": {"uv": [70, 67], "uv_size": [16, 2]},
								"east": {"uv": [70, 67], "uv_size": [16, 2]},
								"south": {"uv": [70, 67], "uv_size": [16, 2]},
								"west": {"uv": [70, 67], "uv_size": [16, 2]},
								"up": {"uv": [86, 69], "uv_size": [-16, -2]},
								"down": {"uv": [86, 69], "uv_size": [-16, -2]}
							}
						},
						{
							"origin": [-1.46, 21.4, 31],
							"size": [2.26, 1.5, 2.5],
							"inflate": -0.3,
							"pivot": [-0.2, 21.9, 21.15],
							"rotation": [0, 0, -36],
							"uv": {
								"north": {"uv": [60, 69], "uv_size": [-3, -16]},
								"east": {"uv": [60, 69], "uv_size": [-3, -16]},
								"south": {"uv": [60, 69], "uv_size": [-3, -16]},
								"west": {"uv": [60, 69], "uv_size": [-3, -16]},
								"up": {"uv": [57, 53], "uv_size": [3, 16]},
								"down": {"uv": [57, 53], "uv_size": [3, 16]}
							}
						},
						{
							"origin": [-1.04, 21, 31],
							"size": [2.3, 1.3, 2.5],
							"inflate": -0.3,
							"pivot": [1, 21.3, 21.15],
							"rotation": [0, 0, 36],
							"uv": {
								"north": {"uv": [60, 69], "uv_size": [-3, -16]},
								"east": {"uv": [60, 69], "uv_size": [-3, -16]},
								"south": {"uv": [60, 69], "uv_size": [-3, -16]},
								"west": {"uv": [60, 69], "uv_size": [-3, -16]},
								"up": {"uv": [57, 53], "uv_size": [3, 16]},
								"down": {"uv": [57, 53], "uv_size": [3, 16]}
							}
						},
						{
							"origin": [-0.94, 20.9, 23.3],
							"size": [2, 1.2, 8.3],
							"inflate": -0.3,
							"pivot": [1, 21.2, 19.25],
							"rotation": [0, 0, 36],
							"uv": {
								"north": {"uv": [60, 69], "uv_size": [-3, -16]},
								"east": {"uv": [60, 69], "uv_size": [-3, -16]},
								"south": {"uv": [60, 69], "uv_size": [-3, -16]},
								"west": {"uv": [60, 69], "uv_size": [-3, -16]},
								"up": {"uv": [57, 53], "uv_size": [3, 16]},
								"down": {"uv": [57, 53], "uv_size": [3, 16]}
							}
						},
						{
							"origin": [-1.26, 21.3, 23.3],
							"size": [1.96, 1.4, 8.3],
							"inflate": -0.3,
							"pivot": [-0.2, 21.8, 19.25],
							"rotation": [0, 0, -36],
							"uv": {
								"north": {"uv": [60, 69], "uv_size": [-3, -16]},
								"east": {"uv": [60, 69], "uv_size": [-3, -16]},
								"south": {"uv": [60, 69], "uv_size": [-3, -16]},
								"west": {"uv": [60, 69], "uv_size": [-3, -16]},
								"up": {"uv": [57, 53], "uv_size": [3, 16]},
								"down": {"uv": [57, 53], "uv_size": [3, 16]}
							}
						},
						{
							"origin": [-1.4, 18, 6.6],
							"size": [2.8, 4.8, 2.4],
							"inflate": -0.3,
							"uv": {
								"north": {"uv": [54, 9], "uv_size": [19, 3]},
								"east": {"uv": [54, 9], "uv_size": [19, 3]},
								"south": {"uv": [54, 9], "uv_size": [19, 3]},
								"west": {"uv": [54, 9], "uv_size": [19, 3]},
								"up": {"uv": [73, 12], "uv_size": [-19, -3]},
								"down": {"uv": [73, 12], "uv_size": [-19, -3]}
							}
						}
					]
				},
				{
					"name": "_ca_stock",
					"parent": "main",
					"pivot": [-0.2, 19.45, -1.025],
					"cubes": [
						{"origin": [-0.45, 20.75, 6.9], "size": [1, 1, 1], "uv": [27, 69]}
					]
				}
			]
		}
	]
}