{
	"format_version": "1.12.0",
	"minecraft:geometry": [
		{
			"description": {
				"identifier": "geometry.unknown",
				"texture_width": 128,
				"texture_height": 128,
				"visible_bounds_width": 9,
				"visible_bounds_height": 5,
				"visible_bounds_offset": [0, 0.5, 0]
			},
			"bones": [
				{
					"name": "main",
					"pivot": [0, 20, 0]
				},
				{
					"name": "gun",
					"parent": "main",
					"pivot": [1, 11, -1]
				},
				{
					"name": "handguard",
					"parent": "gun",
					"pivot": [-0.9, 23.9, -52.65],
					"cubes": [
						{
							"origin": [-1.75, 19.7, -31.85],
							"size": [3.7, 3.8, 5.2],
							"uv": {
								"north": {"uv": [82, 36], "uv_size": [4, 5]},
								"east": {"uv": [73, 36], "uv_size": [5, 5]},
								"south": {"uv": [52, 83], "uv_size": [4, 5]},
								"west": {"uv": [75, 74], "uv_size": [5, 5]},
								"up": {"uv": [69, 83], "uv_size": [4, 5]},
								"down": {"uv": [83, 76], "uv_size": [4, -5]}
							}
						},
						{
							"origin": [-1.75, 20.4, -46.35],
							"size": [0.6, 3.1, 14.5],
							"uv": {
								"north": {"uv": [0, 104], "uv_size": [1, 4]},
								"east": {"uv": [54, 15], "uv_size": [14, 4]},
								"south": {"uv": [4, 104], "uv_size": [1, 4]},
								"west": {"uv": [57, 24], "uv_size": [14, 4]},
								"up": {"uv": [55, 88], "uv_size": [1, 14]},
								"down": {"uv": [72, 102], "uv_size": [1, -14]}
							}
						},
						{
							"origin": [1.35, 20.4, -46.35],
							"size": [0.6, 3.1, 14.5],
							"uv": {
								"north": {"uv": [104, 103], "uv_size": [1, 4]},
								"east": {"uv": [57, 28], "uv_size": [14, 4]},
								"south": {"uv": [60, 105], "uv_size": [1, 4]},
								"west": {"uv": [57, 32], "uv_size": [14, 4]},
								"up": {"uv": [84, 88], "uv_size": [1, 14]},
								"down": {"uv": [3, 103], "uv_size": [1, -14]}
							}
						},
						{
							"origin": [-1.65, 24, -46.35],
							"size": [0.5, 2.3, 15.8],
							"uv": {
								"north": {"uv": [57, 28], "uv_size": [14, 4]},
								"east": {"uv": [57, 28], "uv_size": [14, 4]},
								"south": {"uv": [57, 28], "uv_size": [14, 4]},
								"west": {"uv": [57, 28], "uv_size": [14, 4]},
								"up": {"uv": [71, 32], "uv_size": [-14, -4]},
								"down": {"uv": [71, 32], "uv_size": [-14, -4]}
							}
						},
						{
							"origin": [0.53, 15.51678, -30.02137],
							"size": [0.5, 2.16, 0.74],
							"pivot": [1.1, 17.6168, -30.02137],
							"rotation": [0, 9, 90],
							"uv": {
								"north": {"uv": [57, 32], "uv_size": [14, -4]},
								"east": {"uv": [57, 32], "uv_size": [14, -4]},
								"south": {"uv": [57, 32], "uv_size": [14, -4]},
								"west": {"uv": [57, 32], "uv_size": [14, -4]},
								"up": {"uv": [71, 28], "uv_size": [-14, 4]},
								"down": {"uv": [71, 28], "uv_size": [-14, 4]}
							}
						},
						{
							"origin": [1.35, 24, -46.35],
							"size": [0.5, 2.3, 15.8],
							"uv": {
								"north": {"uv": [57, 28], "uv_size": [14, 4]},
								"east": {"uv": [57, 28], "uv_size": [14, 4]},
								"south": {"uv": [57, 28], "uv_size": [14, 4]},
								"west": {"uv": [57, 28], "uv_size": [14, 4]},
								"up": {"uv": [71, 32], "uv_size": [-14, -4]},
								"down": {"uv": [71, 32], "uv_size": [-14, -4]}
							}
						},
						{
							"origin": [1.35, 23.7, -46.75],
							"size": [0.5, 2.6, 0.4],
							"uv": {
								"north": {"uv": [99, 20], "uv_size": [4, 2]},
								"east": {"uv": [99, 20], "uv_size": [4, 2]},
								"south": {"uv": [99, 20], "uv_size": [4, 2]},
								"west": {"uv": [99, 20], "uv_size": [4, 2]},
								"up": {"uv": [103, 22], "uv_size": [-4, -2]},
								"down": {"uv": [103, 22], "uv_size": [-4, -2]}
							}
						},
						{
							"origin": [-1.65, 23.7, -46.75],
							"size": [0.5, 2.6, 0.4],
							"uv": {
								"north": {"uv": [99, 20], "uv_size": [4, 2]},
								"east": {"uv": [99, 20], "uv_size": [4, 2]},
								"south": {"uv": [99, 20], "uv_size": [4, 2]},
								"west": {"uv": [99, 20], "uv_size": [4, 2]},
								"up": {"uv": [103, 22], "uv_size": [-4, -2]},
								"down": {"uv": [103, 22], "uv_size": [-4, -2]}
							}
						},
						{
							"origin": [-1.64, 23.5, -30.55],
							"size": [0.5, 2.8, 0.3],
							"uv": {
								"north": {"uv": [99, 20], "uv_size": [4, 2]},
								"east": {"uv": [99, 20], "uv_size": [4, 2]},
								"south": {"uv": [99, 20], "uv_size": [4, 2]},
								"west": {"uv": [99, 20], "uv_size": [4, 2]},
								"up": {"uv": [103, 22], "uv_size": [-4, -2]},
								"down": {"uv": [103, 22], "uv_size": [-4, -2]}
							}
						},
						{
							"origin": [-1.85, 25.8, -46.35],
							"size": [0.5, 1.25, 15.8],
							"pivot": [-1.1, 25.8, -38.55],
							"rotation": [0, 0, 40],
							"uv": {
								"north": {"uv": [57, 28], "uv_size": [14, 4]},
								"east": {"uv": [57, 28], "uv_size": [14, 4]},
								"south": {"uv": [57, 28], "uv_size": [14, 4]},
								"west": {"uv": [57, 28], "uv_size": [14, 4]},
								"up": {"uv": [71, 32], "uv_size": [-14, -4]},
								"down": {"uv": [71, 32], "uv_size": [-14, -4]}
							}
						},
						{
							"origin": [-1.84, 25.8, -30.55],
							"size": [0.5, 1.25, 0.3],
							"pivot": [-1.1, 25.8, -38.55],
							"rotation": [0, 0, 40],
							"uv": {
								"north": {"uv": [99, 20], "uv_size": [4, 2]},
								"east": {"uv": [99, 20], "uv_size": [4, 2]},
								"south": {"uv": [99, 20], "uv_size": [4, 2]},
								"west": {"uv": [99, 20], "uv_size": [4, 2]},
								"up": {"uv": [103, 22], "uv_size": [-4, -2]},
								"down": {"uv": [103, 22], "uv_size": [-4, -2]}
							}
						},
						{
							"origin": [-1.85, 25.8, -46.75],
							"size": [0.5, 1.25, 0.4],
							"pivot": [-1.1, 25.8, -38.55],
							"rotation": [0, 0, 40],
							"uv": {
								"north": {"uv": [99, 20], "uv_size": [4, 2]},
								"east": {"uv": [99, 20], "uv_size": [4, 2]},
								"south": {"uv": [99, 20], "uv_size": [4, 2]},
								"west": {"uv": [99, 20], "uv_size": [4, 2]},
								"up": {"uv": [103, 22], "uv_size": [-4, -2]},
								"down": {"uv": [103, 22], "uv_size": [-4, -2]}
							}
						},
						{
							"origin": [1.35, 26.5, -46.35],
							"size": [0.5, 1.2, 15.8],
							"pivot": [2.1, 26.4, -38.55],
							"rotation": [0, 0, -40],
							"uv": {
								"north": {"uv": [57, 32], "uv_size": [14, 4]},
								"east": {"uv": [57, 32], "uv_size": [14, 4]},
								"south": {"uv": [57, 32], "uv_size": [14, 4]},
								"west": {"uv": [57, 32], "uv_size": [14, 4]},
								"up": {"uv": [71, 36], "uv_size": [-14, -4]},
								"down": {"uv": [71, 36], "uv_size": [-14, -4]}
							}
						},
						{
							"origin": [1.36, 26.5, -30.55],
							"size": [0.5, 1.2, 0.3],
							"pivot": [2.1, 26.4, -38.55],
							"rotation": [0, 0, -40],
							"uv": {
								"north": {"uv": [99, 20], "uv_size": [4, 2]},
								"east": {"uv": [99, 20], "uv_size": [4, 2]},
								"south": {"uv": [99, 20], "uv_size": [4, 2]},
								"west": {"uv": [99, 20], "uv_size": [4, 2]},
								"up": {"uv": [103, 22], "uv_size": [-4, -2]},
								"down": {"uv": [103, 22], "uv_size": [-4, -2]}
							}
						},
						{
							"origin": [1.35, 26.5, -46.75],
							"size": [0.5, 1.2, 0.4],
							"pivot": [2.1, 26.4, -38.55],
							"rotation": [0, 0, -40],
							"uv": {
								"north": {"uv": [99, 20], "uv_size": [4, 2]},
								"east": {"uv": [99, 20], "uv_size": [4, 2]},
								"south": {"uv": [99, 20], "uv_size": [4, 2]},
								"west": {"uv": [99, 20], "uv_size": [4, 2]},
								"up": {"uv": [103, 22], "uv_size": [-4, -2]},
								"down": {"uv": [103, 22], "uv_size": [-4, -2]}
							}
						},
						{
							"origin": [0.05, 27.23, -46.35],
							"size": [0.5, 1.96, 15.8],
							"pivot": [0.8, 27.5, -38.55],
							"rotation": [0, 0, -90],
							"uv": {
								"north": {"uv": [57, 28], "uv_size": [14, 4]},
								"east": {"uv": [57, 28], "uv_size": [14, 4]},
								"south": {"uv": [57, 28], "uv_size": [14, 4]},
								"west": {"uv": [57, 28], "uv_size": [14, 4]},
								"up": {"uv": [71, 32], "uv_size": [-14, -4]},
								"down": {"uv": [71, 32], "uv_size": [-14, -4]}
							}
						},
						{
							"origin": [0.06, 27.23, -30.55],
							"size": [0.5, 1.96, 0.3],
							"pivot": [0.8, 27.5, -38.55],
							"rotation": [0, 0, -90],
							"uv": {
								"north": {"uv": [99, 20], "uv_size": [4, 2]},
								"east": {"uv": [99, 20], "uv_size": [4, 2]},
								"south": {"uv": [99, 20], "uv_size": [4, 2]},
								"west": {"uv": [99, 20], "uv_size": [4, 2]},
								"up": {"uv": [103, 22], "uv_size": [-4, -2]},
								"down": {"uv": [103, 22], "uv_size": [-4, -2]}
							}
						},
						{
							"origin": [0.05, 27.23, -46.75],
							"size": [0.5, 1.96, 0.4],
							"pivot": [0.8, 27.5, -38.55],
							"rotation": [0, 0, -90],
							"uv": {
								"north": {"uv": [99, 20], "uv_size": [4, 2]},
								"east": {"uv": [99, 20], "uv_size": [4, 2]},
								"south": {"uv": [99, 20], "uv_size": [4, 2]},
								"west": {"uv": [99, 20], "uv_size": [4, 2]},
								"up": {"uv": [103, 22], "uv_size": [-4, -2]},
								"down": {"uv": [103, 22], "uv_size": [-4, -2]}
							}
						},
						{
							"origin": [1.45, 19, -46.75],
							"size": [0.5, 1.2, 0.4],
							"pivot": [2.2, 20.3, -38.55],
							"rotation": [0, 0, 40],
							"uv": {
								"north": {"uv": [99, 22], "uv_size": [4, -2]},
								"east": {"uv": [99, 22], "uv_size": [4, -2]},
								"south": {"uv": [99, 22], "uv_size": [4, -2]},
								"west": {"uv": [99, 22], "uv_size": [4, -2]},
								"up": {"uv": [103, 20], "uv_size": [-4, 2]},
								"down": {"uv": [103, 20], "uv_size": [-4, 2]}
							}
						},
						{
							"origin": [0.05, 17.41, -46.75],
							"size": [0.5, 2.16, 0.4],
							"pivot": [0.8, 19.2, -38.55],
							"rotation": [0, 0, 90],
							"uv": {
								"north": {"uv": [99, 22], "uv_size": [4, -2]},
								"east": {"uv": [99, 22], "uv_size": [4, -2]},
								"south": {"uv": [99, 22], "uv_size": [4, -2]},
								"west": {"uv": [99, 22], "uv_size": [4, -2]},
								"up": {"uv": [103, 20], "uv_size": [-4, 2]},
								"down": {"uv": [103, 20], "uv_size": [-4, 2]}
							}
						},
						{
							"origin": [-1.95, 19.65, -46.75],
							"size": [0.5, 1.25, 0.4],
							"pivot": [-1.2, 20.9, -38.55],
							"rotation": [0, 0, -40],
							"uv": {
								"north": {"uv": [99, 22], "uv_size": [4, -2]},
								"east": {"uv": [99, 22], "uv_size": [4, -2]},
								"south": {"uv": [99, 22], "uv_size": [4, -2]},
								"west": {"uv": [99, 22], "uv_size": [4, -2]},
								"up": {"uv": [103, 20], "uv_size": [-4, 2]},
								"down": {"uv": [103, 20], "uv_size": [-4, 2]}
							}
						},
						{
							"origin": [1.45, 19, -46.35],
							"size": [0.5, 1.2, 0.9],
							"pivot": [2.2, 20.3, -38.55],
							"rotation": [0, 0, 40],
							"uv": {
								"north": {"uv": [57, 36], "uv_size": [14, -4]},
								"east": {"uv": [57, 36], "uv_size": [14, -4]},
								"south": {"uv": [57, 36], "uv_size": [14, -4]},
								"west": {"uv": [57, 36], "uv_size": [14, -4]},
								"up": {"uv": [71, 32], "uv_size": [-14, 4]},
								"down": {"uv": [71, 32], "uv_size": [-14, 4]}
							}
						},
						{
							"origin": [0.05, 17.41, -46.35],
							"size": [0.5, 2.16, 15.8],
							"pivot": [0.8, 19.2, -38.55],
							"rotation": [0, 0, 90],
							"uv": {
								"north": {"uv": [57, 32], "uv_size": [14, -4]},
								"east": {"uv": [57, 32], "uv_size": [14, -4]},
								"south": {"uv": [57, 32], "uv_size": [14, -4]},
								"west": {"uv": [57, 32], "uv_size": [14, -4]},
								"up": {"uv": [71, 28], "uv_size": [-14, 4]},
								"down": {"uv": [71, 28], "uv_size": [-14, 4]}
							}
						},
						{
							"origin": [-1.95, 19.65, -46.35],
							"size": [0.5, 1.25, 0.8],
							"pivot": [-1.2, 20.9, -38.55],
							"rotation": [0, 0, -40],
							"uv": {
								"north": {"uv": [57, 32], "uv_size": [14, -4]},
								"east": {"uv": [57, 32], "uv_size": [14, -4]},
								"south": {"uv": [57, 32], "uv_size": [14, -4]},
								"west": {"uv": [57, 32], "uv_size": [14, -4]},
								"up": {"uv": [71, 28], "uv_size": [-14, 4]},
								"down": {"uv": [71, 28], "uv_size": [-14, 4]}
							}
						},
						{
							"origin": [1.34, 23.5, -30.55],
							"size": [0.5, 2.8, 0.3],
							"uv": {
								"north": {"uv": [99, 20], "uv_size": [4, 2]},
								"east": {"uv": [99, 20], "uv_size": [4, 2]},
								"south": {"uv": [99, 20], "uv_size": [4, 2]},
								"west": {"uv": [99, 20], "uv_size": [4, 2]},
								"up": {"uv": [103, 22], "uv_size": [-4, -2]},
								"down": {"uv": [103, 22], "uv_size": [-4, -2]}
							}
						},
						{
							"origin": [-1.75, 20.4, -46.75],
							"size": [0.6, 3.1, 0.4],
							"uv": {
								"north": {"uv": [99, 20], "uv_size": [4, 2]},
								"east": {"uv": [99, 20], "uv_size": [4, 2]},
								"south": {"uv": [99, 20], "uv_size": [4, 2]},
								"west": {"uv": [99, 20], "uv_size": [4, 2]},
								"up": {"uv": [103, 22], "uv_size": [-4, -2]},
								"down": {"uv": [103, 22], "uv_size": [-4, -2]}
							}
						},
						{
							"origin": [1.35, 20.4, -46.75],
							"size": [0.6, 3.1, 0.4],
							"uv": {
								"north": {"uv": [99, 20], "uv_size": [4, 2]},
								"east": {"uv": [99, 20], "uv_size": [4, 2]},
								"south": {"uv": [99, 20], "uv_size": [4, 2]},
								"west": {"uv": [99, 20], "uv_size": [4, 2]},
								"up": {"uv": [103, 22], "uv_size": [-4, -2]},
								"down": {"uv": [103, 22], "uv_size": [-4, -2]}
							}
						},
						{
							"origin": [1.45, 23.7, -46.35],
							"size": [0.4, 0.3, 2.6],
							"uv": {
								"north": {"uv": [57, 28], "uv_size": [14, 4]},
								"east": {"uv": [57, 28], "uv_size": [14, 4]},
								"south": {"uv": [57, 28], "uv_size": [14, 4]},
								"west": {"uv": [57, 28], "uv_size": [14, 4]},
								"up": {"uv": [71, 32], "uv_size": [-14, -4]},
								"down": {"uv": [71, 32], "uv_size": [-14, -4]}
							}
						},
						{
							"origin": [1.45, 23.6, -43.95],
							"size": [0.4, 0.3, 0.2],
							"pivot": [1.7, 23.7, -43.55],
							"rotation": [-45, 0, 0],
							"uv": {
								"north": {"uv": [57, 28], "uv_size": [14, 4]},
								"east": {"uv": [57, 28], "uv_size": [14, 4]},
								"south": {"uv": [57, 28], "uv_size": [14, 4]},
								"west": {"uv": [57, 28], "uv_size": [14, 4]},
								"up": {"uv": [71, 32], "uv_size": [-14, -4]},
								"down": {"uv": [71, 32], "uv_size": [-14, -4]}
							}
						},
						{
							"origin": [1.45, 23.08, -44.05],
							"size": [0.4, 0.2, 0.4],
							"pivot": [1.7, 23.1, -43.45],
							"rotation": [-45, 0, 0],
							"uv": {
								"north": {"uv": [57, 28], "uv_size": [14, 4]},
								"east": {"uv": [57, 28], "uv_size": [14, 4]},
								"south": {"uv": [57, 28], "uv_size": [14, 4]},
								"west": {"uv": [57, 28], "uv_size": [14, 4]},
								"up": {"uv": [71, 32], "uv_size": [-14, -4]},
								"down": {"uv": [71, 32], "uv_size": [-14, -4]}
							}
						},
						{
							"origin": [1.45, 23.08, -36.45],
							"size": [0.4, 0.2, 0.4],
							"pivot": [1.7, 23.1, -35.85],
							"rotation": [-45, 0, 0],
							"uv": {
								"north": {"uv": [57, 28], "uv_size": [14, 4]},
								"east": {"uv": [57, 28], "uv_size": [14, 4]},
								"south": {"uv": [57, 28], "uv_size": [14, 4]},
								"west": {"uv": [57, 28], "uv_size": [14, 4]},
								"up": {"uv": [71, 32], "uv_size": [-14, -4]},
								"down": {"uv": [71, 32], "uv_size": [-14, -4]}
							}
						},
						{
							"origin": [1.45, 23.6, -36.35],
							"size": [0.4, 0.3, 0.2],
							"pivot": [1.7, 23.7, -35.95],
							"rotation": [-45, 0, 0],
							"uv": {
								"north": {"uv": [57, 28], "uv_size": [14, 4]},
								"east": {"uv": [57, 28], "uv_size": [14, 4]},
								"south": {"uv": [57, 28], "uv_size": [14, 4]},
								"west": {"uv": [57, 28], "uv_size": [14, 4]},
								"up": {"uv": [71, 32], "uv_size": [-14, -4]},
								"down": {"uv": [71, 32], "uv_size": [-14, -4]}
							}
						},
						{
							"origin": [-1.65, 23.7, -46.35],
							"size": [0.4, 0.3, 2.6],
							"uv": {
								"north": {"uv": [57, 28], "uv_size": [14, 4]},
								"east": {"uv": [57, 28], "uv_size": [14, 4]},
								"south": {"uv": [57, 28], "uv_size": [14, 4]},
								"west": {"uv": [57, 28], "uv_size": [14, 4]},
								"up": {"uv": [71, 32], "uv_size": [-14, -4]},
								"down": {"uv": [71, 32], "uv_size": [-14, -4]}
							}
						},
						{
							"origin": [-1.65, 23.6, -43.95],
							"size": [0.4, 0.3, 0.2],
							"pivot": [-1.4, 23.7, -43.55],
							"rotation": [-45, 0, 0],
							"uv": {
								"north": {"uv": [57, 28], "uv_size": [14, 4]},
								"east": {"uv": [57, 28], "uv_size": [14, 4]},
								"south": {"uv": [57, 28], "uv_size": [14, 4]},
								"west": {"uv": [57, 28], "uv_size": [14, 4]},
								"up": {"uv": [71, 32], "uv_size": [-14, -4]},
								"down": {"uv": [71, 32], "uv_size": [-14, -4]}
							}
						},
						{
							"origin": [-1.65, 23.08, -44.05],
							"size": [0.4, 0.2, 0.4],
							"pivot": [-1.4, 23.1, -43.45],
							"rotation": [-45, 0, 0],
							"uv": {
								"north": {"uv": [57, 28], "uv_size": [14, 4]},
								"east": {"uv": [57, 28], "uv_size": [14, 4]},
								"south": {"uv": [57, 28], "uv_size": [14, 4]},
								"west": {"uv": [57, 28], "uv_size": [14, 4]},
								"up": {"uv": [71, 32], "uv_size": [-14, -4]},
								"down": {"uv": [71, 32], "uv_size": [-14, -4]}
							}
						},
						{
							"origin": [1.45, 23.7, -33.15],
							"size": [0.4, 0.3, 2.6],
							"uv": {
								"north": {"uv": [57, 28], "uv_size": [14, 4]},
								"east": {"uv": [57, 28], "uv_size": [14, 4]},
								"south": {"uv": [57, 28], "uv_size": [14, 4]},
								"west": {"uv": [57, 28], "uv_size": [14, 4]},
								"up": {"uv": [71, 32], "uv_size": [-14, -4]},
								"down": {"uv": [71, 32], "uv_size": [-14, -4]}
							}
						},
						{
							"origin": [1.45, 23.62, -33.45],
							"size": [0.4, 0.2, 0.4],
							"pivot": [1.7, 23.8, -32.95],
							"rotation": [-45, 0, 0],
							"uv": {
								"north": {"uv": [57, 28], "uv_size": [14, 4]},
								"east": {"uv": [57, 28], "uv_size": [14, 4]},
								"south": {"uv": [57, 28], "uv_size": [14, 4]},
								"west": {"uv": [57, 28], "uv_size": [14, 4]},
								"up": {"uv": [71, 32], "uv_size": [-14, -4]},
								"down": {"uv": [71, 32], "uv_size": [-14, -4]}
							}
						},
						{
							"origin": [-1.65, 22.92, -33.35],
							"size": [0.4, 0.4, 0.2],
							"pivot": [-1.4, 23.24, -32.85],
							"rotation": [-45, 0, 0],
							"uv": {
								"north": {"uv": [57, 28], "uv_size": [14, 4]},
								"east": {"uv": [57, 28], "uv_size": [14, 4]},
								"south": {"uv": [57, 28], "uv_size": [14, 4]},
								"west": {"uv": [57, 28], "uv_size": [14, 4]},
								"up": {"uv": [71, 32], "uv_size": [-14, -4]},
								"down": {"uv": [71, 32], "uv_size": [-14, -4]}
							}
						},
						{
							"origin": [-1.65, 23.62, -33.45],
							"size": [0.4, 0.2, 0.4],
							"pivot": [-1.4, 23.8, -32.95],
							"rotation": [-45, 0, 0],
							"uv": {
								"north": {"uv": [57, 28], "uv_size": [14, 4]},
								"east": {"uv": [57, 28], "uv_size": [14, 4]},
								"south": {"uv": [57, 28], "uv_size": [14, 4]},
								"west": {"uv": [57, 28], "uv_size": [14, 4]},
								"up": {"uv": [71, 32], "uv_size": [-14, -4]},
								"down": {"uv": [71, 32], "uv_size": [-14, -4]}
							}
						},
						{
							"origin": [-1.65, 23.7, -33.15],
							"size": [0.4, 0.3, 2.6],
							"uv": {
								"north": {"uv": [57, 28], "uv_size": [14, 4]},
								"east": {"uv": [57, 28], "uv_size": [14, 4]},
								"south": {"uv": [57, 28], "uv_size": [14, 4]},
								"west": {"uv": [57, 28], "uv_size": [14, 4]},
								"up": {"uv": [71, 32], "uv_size": [-14, -4]},
								"down": {"uv": [71, 32], "uv_size": [-14, -4]}
							}
						},
						{
							"origin": [1.45, 23.35, -46.35],
							"size": [0.4, 0.3, 2.6],
							"uv": {
								"north": {"uv": [57, 28], "uv_size": [14, 4]},
								"east": {"uv": [57, 28], "uv_size": [14, 4]},
								"south": {"uv": [57, 28], "uv_size": [14, 4]},
								"west": {"uv": [57, 28], "uv_size": [14, 4]},
								"up": {"uv": [71, 32], "uv_size": [-14, -4]},
								"down": {"uv": [71, 32], "uv_size": [-14, -4]}
							}
						},
						{
							"origin": [-1.65, 23.35, -46.35],
							"size": [0.4, 0.3, 2.6],
							"uv": {
								"north": {"uv": [57, 28], "uv_size": [14, 4]},
								"east": {"uv": [57, 28], "uv_size": [14, 4]},
								"south": {"uv": [57, 28], "uv_size": [14, 4]},
								"west": {"uv": [57, 28], "uv_size": [14, 4]},
								"up": {"uv": [71, 32], "uv_size": [-14, -4]},
								"down": {"uv": [71, 32], "uv_size": [-14, -4]}
							}
						},
						{
							"origin": [1.45, 23.15, -33.15],
							"size": [0.4, 0.5, 2.6],
							"uv": {
								"north": {"uv": [57, 28], "uv_size": [14, 4]},
								"east": {"uv": [57, 28], "uv_size": [14, 4]},
								"south": {"uv": [57, 28], "uv_size": [14, 4]},
								"west": {"uv": [57, 28], "uv_size": [14, 4]},
								"up": {"uv": [71, 32], "uv_size": [-14, -4]},
								"down": {"uv": [71, 32], "uv_size": [-14, -4]}
							}
						},
						{
							"origin": [-1.65, 23.15, -33.15],
							"size": [0.4, 0.5, 2.6],
							"uv": {
								"north": {"uv": [57, 28], "uv_size": [14, 4]},
								"east": {"uv": [57, 28], "uv_size": [14, 4]},
								"south": {"uv": [57, 28], "uv_size": [14, 4]},
								"west": {"uv": [57, 28], "uv_size": [14, 4]},
								"up": {"uv": [71, 32], "uv_size": [-14, -4]},
								"down": {"uv": [71, 32], "uv_size": [-14, -4]}
							}
						},
						{
							"origin": [1.45, 22.92, -33.35],
							"size": [0.4, 0.4, 0.2],
							"pivot": [1.7, 23.24, -32.85],
							"rotation": [-45, 0, 0],
							"uv": {
								"north": {"uv": [57, 28], "uv_size": [14, 4]},
								"east": {"uv": [57, 28], "uv_size": [14, 4]},
								"south": {"uv": [57, 28], "uv_size": [14, 4]},
								"west": {"uv": [57, 28], "uv_size": [14, 4]},
								"up": {"uv": [71, 32], "uv_size": [-14, -4]},
								"down": {"uv": [71, 32], "uv_size": [-14, -4]}
							}
						},
						{
							"origin": [1.45, 23.7, -40.75],
							"size": [0.4, 0.3, 4.6],
							"uv": {
								"north": {"uv": [57, 28], "uv_size": [14, 4]},
								"east": {"uv": [57, 28], "uv_size": [14, 4]},
								"south": {"uv": [57, 28], "uv_size": [14, 4]},
								"west": {"uv": [57, 28], "uv_size": [14, 4]},
								"up": {"uv": [71, 32], "uv_size": [-14, -4]},
								"down": {"uv": [71, 32], "uv_size": [-14, -4]}
							}
						},
						{
							"origin": [1.45, 23.25, -40.75],
							"size": [0.4, 0.4, 4.6],
							"uv": {
								"north": {"uv": [57, 28], "uv_size": [14, 4]},
								"east": {"uv": [57, 28], "uv_size": [14, 4]},
								"south": {"uv": [57, 28], "uv_size": [14, 4]},
								"west": {"uv": [57, 28], "uv_size": [14, 4]},
								"up": {"uv": [71, 32], "uv_size": [-14, -4]},
								"down": {"uv": [71, 32], "uv_size": [-14, -4]}
							}
						},
						{
							"origin": [1.45, 22.92, -40.95],
							"size": [0.4, 0.4, 0.2],
							"pivot": [1.7, 23.24, -40.45],
							"rotation": [-45, 0, 0],
							"uv": {
								"north": {"uv": [57, 28], "uv_size": [14, 4]},
								"east": {"uv": [57, 28], "uv_size": [14, 4]},
								"south": {"uv": [57, 28], "uv_size": [14, 4]},
								"west": {"uv": [57, 28], "uv_size": [14, 4]},
								"up": {"uv": [71, 32], "uv_size": [-14, -4]},
								"down": {"uv": [71, 32], "uv_size": [-14, -4]}
							}
						},
						{
							"origin": [1.45, 23.62, -41.05],
							"size": [0.4, 0.2, 0.4],
							"pivot": [1.7, 23.8, -40.55],
							"rotation": [-45, 0, 0],
							"uv": {
								"north": {"uv": [57, 28], "uv_size": [14, 4]},
								"east": {"uv": [57, 28], "uv_size": [14, 4]},
								"south": {"uv": [57, 28], "uv_size": [14, 4]},
								"west": {"uv": [57, 28], "uv_size": [14, 4]},
								"up": {"uv": [71, 32], "uv_size": [-14, -4]},
								"down": {"uv": [71, 32], "uv_size": [-14, -4]}
							}
						},
						{
							"origin": [-1.65, 23.7, -40.75],
							"size": [0.4, 0.3, 4.6],
							"uv": {
								"north": {"uv": [57, 28], "uv_size": [14, 4]},
								"east": {"uv": [57, 28], "uv_size": [14, 4]},
								"south": {"uv": [57, 28], "uv_size": [14, 4]},
								"west": {"uv": [57, 28], "uv_size": [14, 4]},
								"up": {"uv": [71, 32], "uv_size": [-14, -4]},
								"down": {"uv": [71, 32], "uv_size": [-14, -4]}
							}
						},
						{
							"origin": [-1.65, 23.62, -41.05],
							"size": [0.4, 0.2, 0.4],
							"pivot": [-1.4, 23.8, -40.55],
							"rotation": [-45, 0, 0],
							"uv": {
								"north": {"uv": [57, 28], "uv_size": [14, 4]},
								"east": {"uv": [57, 28], "uv_size": [14, 4]},
								"south": {"uv": [57, 28], "uv_size": [14, 4]},
								"west": {"uv": [57, 28], "uv_size": [14, 4]},
								"up": {"uv": [71, 32], "uv_size": [-14, -4]},
								"down": {"uv": [71, 32], "uv_size": [-14, -4]}
							}
						},
						{
							"origin": [-1.65, 22.92, -40.95],
							"size": [0.4, 0.4, 0.2],
							"pivot": [-1.4, 23.24, -40.45],
							"rotation": [-45, 0, 0],
							"uv": {
								"north": {"uv": [57, 28], "uv_size": [14, 4]},
								"east": {"uv": [57, 28], "uv_size": [14, 4]},
								"south": {"uv": [57, 28], "uv_size": [14, 4]},
								"west": {"uv": [57, 28], "uv_size": [14, 4]},
								"up": {"uv": [71, 32], "uv_size": [-14, -4]},
								"down": {"uv": [71, 32], "uv_size": [-14, -4]}
							}
						},
						{
							"origin": [-1.65, 23.25, -40.75],
							"size": [0.4, 0.4, 4.6],
							"uv": {
								"north": {"uv": [57, 28], "uv_size": [14, 4]},
								"east": {"uv": [57, 28], "uv_size": [14, 4]},
								"south": {"uv": [57, 28], "uv_size": [14, 4]},
								"west": {"uv": [57, 28], "uv_size": [14, 4]},
								"up": {"uv": [71, 32], "uv_size": [-14, -4]},
								"down": {"uv": [71, 32], "uv_size": [-14, -4]}
							}
						},
						{
							"origin": [-1.65, 23.6, -36.35],
							"size": [0.4, 0.3, 0.2],
							"pivot": [-1.4, 23.7, -35.95],
							"rotation": [-45, 0, 0],
							"uv": {
								"north": {"uv": [57, 28], "uv_size": [14, 4]},
								"east": {"uv": [57, 28], "uv_size": [14, 4]},
								"south": {"uv": [57, 28], "uv_size": [14, 4]},
								"west": {"uv": [57, 28], "uv_size": [14, 4]},
								"up": {"uv": [71, 32], "uv_size": [-14, -4]},
								"down": {"uv": [71, 32], "uv_size": [-14, -4]}
							}
						},
						{
							"origin": [-1.65, 23.08, -36.45],
							"size": [0.4, 0.2, 0.4],
							"pivot": [-1.4, 23.1, -35.85],
							"rotation": [-45, 0, 0],
							"uv": {
								"north": {"uv": [57, 28], "uv_size": [14, 4]},
								"east": {"uv": [57, 28], "uv_size": [14, 4]},
								"south": {"uv": [57, 28], "uv_size": [14, 4]},
								"west": {"uv": [57, 28], "uv_size": [14, 4]},
								"up": {"uv": [71, 32], "uv_size": [-14, -4]},
								"down": {"uv": [71, 32], "uv_size": [-14, -4]}
							}
						}
					]
				},
				{
					"name": "rotateddown",
					"parent": "handguard",
					"pivot": [0.1, 19.4, -46.15],
					"rotation": [2, 0, 0]
				},
				{
					"name": "bone33",
					"parent": "rotateddown",
					"pivot": [-0.9, 16.6, -37.65],
					"rotation": [-4, 0, 0],
					"cubes": [
						{
							"origin": [1.35, 19.8, -46.15],
							"size": [0.6, 0.5, 14.1],
							"uv": {
								"north": {"uv": [104, 103], "uv_size": [1, 4]},
								"east": {"uv": [57, 28], "uv_size": [14, 4]},
								"south": {"uv": [60, 105], "uv_size": [1, 4]},
								"west": {"uv": [57, 32], "uv_size": [14, 4]},
								"up": {"uv": [84, 88], "uv_size": [1, 14]},
								"down": {"uv": [3, 103], "uv_size": [1, -14]}
							}
						},
						{
							"origin": [-1.75, 19.8, -46.15],
							"size": [0.6, 0.5, 14.1],
							"uv": {
								"north": {"uv": [0, 104], "uv_size": [1, 4]},
								"east": {"uv": [54, 15], "uv_size": [14, 4]},
								"south": {"uv": [4, 104], "uv_size": [1, 4]},
								"west": {"uv": [57, 24], "uv_size": [14, 4]},
								"up": {"uv": [55, 88], "uv_size": [1, 14]},
								"down": {"uv": [72, 102], "uv_size": [1, -14]}
							}
						}
					]
				},
				{
					"name": "bone32",
					"parent": "rotateddown",
					"pivot": [0.2, 19.5, -45.95],
					"rotation": [-4, 0, 0],
					"cubes": [
						{
							"origin": [-1.95, 19.65678, -46.12137],
							"size": [0.5, 1.25, 19.4],
							"pivot": [-1.2, 20.90678, -36.62137],
							"rotation": [0, 0, -40],
							"uv": {
								"north": {"uv": [57, 32], "uv_size": [14, -4]},
								"east": {"uv": [57, 32], "uv_size": [14, -4]},
								"south": {"uv": [57, 32], "uv_size": [14, -4]},
								"west": {"uv": [57, 32], "uv_size": [14, -4]},
								"up": {"uv": [71, 28], "uv_size": [-14, 4]},
								"down": {"uv": [71, 28], "uv_size": [-14, 4]}
							}
						},
						{
							"origin": [0.05, 17.41678, -46.12137],
							"size": [0.5, 2.16, 19.4],
							"pivot": [0.8, 19.20678, -36.62137],
							"rotation": [0, 0, 90],
							"uv": {
								"north": {"uv": [57, 32], "uv_size": [14, -4]},
								"east": {"uv": [57, 32], "uv_size": [14, -4]},
								"south": {"uv": [57, 32], "uv_size": [14, -4]},
								"west": {"uv": [57, 32], "uv_size": [14, -4]},
								"up": {"uv": [71, 28], "uv_size": [-14, 4]},
								"down": {"uv": [71, 28], "uv_size": [-14, 4]}
							}
						},
						{
							"origin": [1.45, 19.00678, -46.12137],
							"size": [0.5, 1.2, 19.4],
							"pivot": [2.2, 20.30678, -36.62137],
							"rotation": [0, 0, 40],
							"uv": {
								"north": {"uv": [57, 36], "uv_size": [14, -4]},
								"east": {"uv": [57, 36], "uv_size": [14, -4]},
								"south": {"uv": [57, 36], "uv_size": [14, -4]},
								"west": {"uv": [57, 36], "uv_size": [14, -4]},
								"up": {"uv": [71, 32], "uv_size": [-14, 4]},
								"down": {"uv": [71, 32], "uv_size": [-14, 4]}
							}
						}
					]
				},
				{
					"name": "rotateddown2",
					"parent": "handguard",
					"pivot": [0.1, 19.2, -34.15],
					"rotation": [-17, 0, 0]
				},
				{
					"name": "bone36",
					"parent": "rotateddown2",
					"pivot": [-0.9, 16.4, -25.65],
					"rotation": [-4, 0, 0],
					"cubes": [
						{
							"origin": [1.35, 19.6, -34.15],
							"size": [0.6, 0.5, 4.4],
							"uv": {
								"north": {"uv": [104, 103], "uv_size": [1, 4]},
								"east": {"uv": [57, 28], "uv_size": [14, 4]},
								"south": {"uv": [73, 88], "uv_size": [-1, 14]},
								"west": {"uv": [57, 32], "uv_size": [14, 4]},
								"up": {"uv": [84, 88], "uv_size": [1, 14]},
								"down": {"uv": [3, 103], "uv_size": [1, -14]}
							}
						},
						{
							"origin": [-1.75, 20.1, -31.85],
							"size": [3.7, 0.7, 2.1],
							"uv": {
								"north": {"uv": [104, 103], "uv_size": [1, 4]},
								"east": {"uv": [57, 28], "uv_size": [14, 4]},
								"south": {"uv": [73, 88], "uv_size": [-1, 14]},
								"west": {"uv": [57, 32], "uv_size": [14, 4]},
								"up": {"uv": [84, 88], "uv_size": [1, 14]},
								"down": {"uv": [3, 103], "uv_size": [1, -14]}
							}
						},
						{
							"origin": [-1.75, 19.6, -34.15],
							"size": [0.6, 0.5, 4.4],
							"uv": {
								"north": {"uv": [0, 104], "uv_size": [1, 4]},
								"east": {"uv": [54, 15], "uv_size": [14, 4]},
								"south": {"uv": [73, 88], "uv_size": [-1, 14]},
								"west": {"uv": [57, 24], "uv_size": [14, 4]},
								"up": {"uv": [55, 88], "uv_size": [1, 14]},
								"down": {"uv": [72, 102], "uv_size": [1, -14]}
							}
						}
					]
				},
				{
					"name": "bone37",
					"parent": "rotateddown2",
					"pivot": [0.2, 19.3, -33.95],
					"rotation": [-4, 0, 0],
					"cubes": [
						{
							"origin": [-1.95, 19.45678, -34.12137],
							"size": [0.5, 1.25, 4.5],
							"pivot": [-1.2, 20.70678, -24.62137],
							"rotation": [0, 0, -40],
							"uv": {
								"north": {"uv": [57, 32], "uv_size": [14, -4]},
								"east": {"uv": [57, 32], "uv_size": [14, -4]},
								"south": {"uv": [57, 32], "uv_size": [14, -4]},
								"west": {"uv": [57, 32], "uv_size": [14, -4]},
								"up": {"uv": [71, 28], "uv_size": [-14, 4]},
								"down": {"uv": [71, 28], "uv_size": [-14, 4]}
							}
						},
						{
							"origin": [0.05, 17.21678, -34.12137],
							"size": [0.5, 2.16, 4.4],
							"pivot": [0.8, 19.00678, -24.62137],
							"rotation": [0, 0, 90],
							"uv": {
								"north": {"uv": [57, 32], "uv_size": [14, -4]},
								"east": {"uv": [57, 32], "uv_size": [14, -4]},
								"south": {"uv": [57, 32], "uv_size": [14, -4]},
								"west": {"uv": [57, 32], "uv_size": [14, -4]},
								"up": {"uv": [71, 28], "uv_size": [-14, 4]},
								"down": {"uv": [71, 28], "uv_size": [-14, 4]}
							}
						},
						{
							"origin": [1.45, 18.80678, -34.12137],
							"size": [0.5, 1.2, 4.5],
							"pivot": [2.2, 20.10678, -24.62137],
							"rotation": [0, 0, 40],
							"uv": {
								"north": {"uv": [57, 36], "uv_size": [14, -4]},
								"east": {"uv": [57, 36], "uv_size": [14, -4]},
								"south": {"uv": [57, 36], "uv_size": [14, -4]},
								"west": {"uv": [57, 36], "uv_size": [14, -4]},
								"up": {"uv": [71, 32], "uv_size": [-14, 4]},
								"down": {"uv": [71, 32], "uv_size": [-14, 4]}
							}
						}
					]
				},
				{
					"name": "rotateddown3",
					"parent": "handguard",
					"pivot": [0.1, 18.8, -26.75],
					"rotation": [12, 0, 0]
				},
				{
					"name": "bone34",
					"parent": "rotateddown3",
					"pivot": [0.2, 18.4, -28.45],
					"rotation": [13, 0, 0],
					"cubes": [
						{
							"origin": [-1.95, 18.55678, -29.32137],
							"size": [0.5, 1.25, 2.6],
							"pivot": [-1.2, 19.80678, -19.12137],
							"rotation": [0, 0, -40],
							"uv": {
								"north": {"uv": [57, 32], "uv_size": [14, -4]},
								"east": {"uv": [57, 32], "uv_size": [14, -4]},
								"south": {"uv": [57, 32], "uv_size": [14, -4]},
								"west": {"uv": [57, 32], "uv_size": [14, -4]},
								"up": {"uv": [71, 28], "uv_size": [-14, 4]},
								"down": {"uv": [71, 28], "uv_size": [-14, 4]}
							}
						},
						{
							"origin": [0.05, 16.31678, -29.52137],
							"size": [0.5, 2.16, 2.8],
							"pivot": [0.8, 18.10678, -19.12137],
							"rotation": [0, 0, 90],
							"uv": {
								"north": {"uv": [57, 32], "uv_size": [14, -4]},
								"east": {"uv": [57, 32], "uv_size": [14, -4]},
								"south": {"uv": [57, 32], "uv_size": [14, -4]},
								"west": {"uv": [57, 32], "uv_size": [14, -4]},
								"up": {"uv": [71, 28], "uv_size": [-14, 4]},
								"down": {"uv": [71, 28], "uv_size": [-14, 4]}
							}
						},
						{
							"origin": [1.45, 17.90678, -29.32137],
							"size": [0.5, 1.2, 2.6],
							"pivot": [2.2, 19.20678, -19.12137],
							"rotation": [0, 0, 40],
							"uv": {
								"north": {"uv": [57, 36], "uv_size": [14, -4]},
								"east": {"uv": [57, 36], "uv_size": [14, -4]},
								"south": {"uv": [57, 36], "uv_size": [14, -4]},
								"west": {"uv": [57, 36], "uv_size": [14, -4]},
								"up": {"uv": [71, 32], "uv_size": [-14, 4]},
								"down": {"uv": [71, 32], "uv_size": [-14, 4]}
							}
						}
					]
				},
				{
					"name": "bone35",
					"parent": "rotateddown3",
					"pivot": [-0.9, 14.7, -34.25],
					"rotation": [13, 0, 0],
					"cubes": [
						{
							"origin": [1.35, 17.9, -28.65],
							"size": [0.6, 0.6, 2.9],
							"uv": {
								"north": {"uv": [104, 103], "uv_size": [1, 4]},
								"east": {"uv": [57, 28], "uv_size": [14, 4]},
								"south": {"uv": [60, 105], "uv_size": [1, 4]},
								"west": {"uv": [57, 32], "uv_size": [14, 4]},
								"up": {"uv": [84, 88], "uv_size": [1, 14]},
								"down": {"uv": [3, 103], "uv_size": [1, -14]}
							}
						},
						{
							"origin": [-1.75, 18.4, -28.25],
							"size": [3.7, 0.5, 1.2],
							"uv": {
								"north": {"uv": [104, 103], "uv_size": [1, 4]},
								"east": {"uv": [57, 28], "uv_size": [14, 4]},
								"south": {"uv": [60, 105], "uv_size": [1, 4]},
								"west": {"uv": [57, 32], "uv_size": [14, 4]},
								"up": {"uv": [84, 88], "uv_size": [1, 14]},
								"down": {"uv": [3, 103], "uv_size": [1, -14]}
							}
						},
						{
							"origin": [-1.75, 17.9, -28.65],
							"size": [0.6, 0.6, 2.9],
							"uv": {
								"north": {"uv": [0, 104], "uv_size": [1, 4]},
								"east": {"uv": [54, 15], "uv_size": [14, 4]},
								"south": {"uv": [4, 104], "uv_size": [1, 4]},
								"west": {"uv": [57, 24], "uv_size": [14, 4]},
								"up": {"uv": [55, 88], "uv_size": [1, 14]},
								"down": {"uv": [72, 102], "uv_size": [1, -14]}
							}
						}
					]
				},
				{
					"name": "bone38",
					"parent": "handguard",
					"pivot": [0.3, 17.70678, -29.12137],
					"rotation": [26, 0, 0],
					"cubes": [
						{
							"origin": [1.45, 17.20678, -29.22137],
							"size": [0.5, 1.1, 0.1],
							"pivot": [2.2, 18.50678, -24.12137],
							"rotation": [0, 0, 40],
							"uv": {
								"north": {"uv": [57, 36], "uv_size": [14, -4]},
								"east": {"uv": [57, 36], "uv_size": [14, -4]},
								"south": {"uv": [57, 36], "uv_size": [14, -4]},
								"west": {"uv": [57, 36], "uv_size": [14, -4]},
								"up": {"uv": [71, 32], "uv_size": [-14, 4]},
								"down": {"uv": [71, 32], "uv_size": [-14, 4]}
							}
						},
						{
							"origin": [-1.95, 17.85678, -29.22137],
							"size": [0.5, 1.15, 0.1],
							"pivot": [-1.2, 19.10678, -24.12137],
							"rotation": [0, 0, -40],
							"uv": {
								"north": {"uv": [57, 32], "uv_size": [14, -4]},
								"east": {"uv": [57, 32], "uv_size": [14, -4]},
								"south": {"uv": [57, 32], "uv_size": [14, -4]},
								"west": {"uv": [57, 32], "uv_size": [14, -4]},
								"up": {"uv": [71, 28], "uv_size": [-14, 4]},
								"down": {"uv": [71, 28], "uv_size": [-14, 4]}
							}
						}
					]
				},
				{
					"name": "bone39",
					"parent": "handguard",
					"pivot": [0.3, 17.70678, -29.62137],
					"rotation": [-15, 0, 0],
					"cubes": [
						{
							"origin": [1.45, 17.20678, -29.82137],
							"size": [0.5, 1.1, 0.2],
							"pivot": [2.2, 18.50678, -24.62137],
							"rotation": [0, 0, 40],
							"uv": {
								"north": {"uv": [57, 36], "uv_size": [14, -4]},
								"east": {"uv": [57, 36], "uv_size": [14, -4]},
								"south": {"uv": [57, 36], "uv_size": [14, -4]},
								"west": {"uv": [57, 36], "uv_size": [14, -4]},
								"up": {"uv": [71, 32], "uv_size": [-14, 4]},
								"down": {"uv": [71, 32], "uv_size": [-14, 4]}
							}
						},
						{
							"origin": [-1.95, 17.85678, -29.82137],
							"size": [0.5, 1.15, 0.2],
							"pivot": [-1.2, 19.10678, -24.62137],
							"rotation": [0, 0, -40],
							"uv": {
								"north": {"uv": [57, 32], "uv_size": [14, -4]},
								"east": {"uv": [57, 32], "uv_size": [14, -4]},
								"south": {"uv": [57, 32], "uv_size": [14, -4]},
								"west": {"uv": [57, 32], "uv_size": [14, -4]},
								"up": {"uv": [71, 28], "uv_size": [-14, 4]},
								"down": {"uv": [71, 28], "uv_size": [-14, 4]}
							}
						}
					]
				},
				{
					"name": "bone40",
					"parent": "handguard",
					"pivot": [0.3, 17.70678, -29.22137],
					"rotation": [5, 0, 0],
					"cubes": [
						{
							"origin": [1.45, 17.20678, -29.52137],
							"size": [0.5, 1.1, 0.3],
							"pivot": [2.2, 18.50678, -24.22137],
							"rotation": [0, 0, 40],
							"uv": {
								"north": {"uv": [57, 36], "uv_size": [14, -4]},
								"east": {"uv": [57, 36], "uv_size": [14, -4]},
								"south": {"uv": [57, 36], "uv_size": [14, -4]},
								"west": {"uv": [57, 36], "uv_size": [14, -4]},
								"up": {"uv": [71, 32], "uv_size": [-14, 4]},
								"down": {"uv": [71, 32], "uv_size": [-14, 4]}
							}
						},
						{
							"origin": [-1.95, 17.85678, -29.52137],
							"size": [0.5, 1.15, 0.3],
							"pivot": [-1.2, 19.10678, -24.22137],
							"rotation": [0, 0, -40],
							"uv": {
								"north": {"uv": [57, 32], "uv_size": [14, -4]},
								"east": {"uv": [57, 32], "uv_size": [14, -4]},
								"south": {"uv": [57, 32], "uv_size": [14, -4]},
								"west": {"uv": [57, 32], "uv_size": [14, -4]},
								"up": {"uv": [71, 28], "uv_size": [-14, 4]},
								"down": {"uv": [71, 28], "uv_size": [-14, 4]}
							}
						}
					]
				},
				{
					"name": "bone41",
					"parent": "handguard",
					"pivot": [0.3, 17.70678, -29.42137],
					"rotation": [-2, 0, 0],
					"cubes": [
						{
							"origin": [1.45, 17.20678, -29.72137],
							"size": [0.5, 1.1, 0.3],
							"pivot": [2.2, 18.50678, -24.42137],
							"rotation": [0, 0, 40],
							"uv": {
								"north": {"uv": [57, 36], "uv_size": [14, -4]},
								"east": {"uv": [57, 36], "uv_size": [14, -4]},
								"south": {"uv": [57, 36], "uv_size": [14, -4]},
								"west": {"uv": [57, 36], "uv_size": [14, -4]},
								"up": {"uv": [71, 32], "uv_size": [-14, 4]},
								"down": {"uv": [71, 32], "uv_size": [-14, 4]}
							}
						},
						{
							"origin": [-1.95, 17.85678, -29.72137],
							"size": [0.5, 1.15, 0.3],
							"pivot": [-1.2, 19.10678, -24.42137],
							"rotation": [0, 0, -40],
							"uv": {
								"north": {"uv": [57, 32], "uv_size": [14, -4]},
								"east": {"uv": [57, 32], "uv_size": [14, -4]},
								"south": {"uv": [57, 32], "uv_size": [14, -4]},
								"west": {"uv": [57, 32], "uv_size": [14, -4]},
								"up": {"uv": [71, 28], "uv_size": [-14, 4]},
								"down": {"uv": [71, 28], "uv_size": [-14, 4]}
							}
						}
					]
				},
				{
					"name": "bone42",
					"parent": "handguard",
					"pivot": [0.3, 17.70678, -29.62137],
					"rotation": [-11, 0, 0],
					"cubes": [
						{
							"origin": [1.45, 17.20678, -29.92137],
							"size": [0.5, 1.1, 0.3],
							"pivot": [2.2, 18.50678, -24.62137],
							"rotation": [0, 0, 40],
							"uv": {
								"north": {"uv": [57, 36], "uv_size": [14, -4]},
								"east": {"uv": [57, 36], "uv_size": [14, -4]},
								"south": {"uv": [57, 36], "uv_size": [14, -4]},
								"west": {"uv": [57, 36], "uv_size": [14, -4]},
								"up": {"uv": [71, 32], "uv_size": [-14, 4]},
								"down": {"uv": [71, 32], "uv_size": [-14, 4]}
							}
						},
						{
							"origin": [-1.95, 17.85678, -29.92137],
							"size": [0.5, 1.15, 0.3],
							"pivot": [-1.2, 19.10678, -24.62137],
							"rotation": [0, 0, -40],
							"uv": {
								"north": {"uv": [57, 32], "uv_size": [14, -4]},
								"east": {"uv": [57, 32], "uv_size": [14, -4]},
								"south": {"uv": [57, 32], "uv_size": [14, -4]},
								"west": {"uv": [57, 32], "uv_size": [14, -4]},
								"up": {"uv": [71, 28], "uv_size": [-14, 4]},
								"down": {"uv": [71, 28], "uv_size": [-14, 4]}
							}
						}
					]
				},
				{
					"name": "bone2",
					"parent": "handguard",
					"pivot": [2.5, 21.1, -40.35],
					"rotation": [0, -1, 0]
				},
				{
					"name": "bone3",
					"parent": "handguard",
					"pivot": [-2.4, 21.1, -31.45],
					"rotation": [0, 179, 0]
				},
				{
					"name": "bone28",
					"parent": "handguard",
					"pivot": [2.5, 21.1, -40.35],
					"rotation": [0, -1, 0],
					"cubes": [
						{
							"origin": [1.75, 21.8011, -40.89718],
							"size": [1.1, 1, 10],
							"pivot": [2.6, 21.6, -40.35],
							"rotation": [-1.4145, 0, -44.98254],
							"uv": {
								"north": {"uv": [70, 71], "uv_size": [8.3, 3]},
								"east": {"uv": [70, 71], "uv_size": [8.3, 3]},
								"south": {"uv": [70, 71], "uv_size": [8.3, 3]},
								"west": {"uv": [70, 71], "uv_size": [8.3, 3]},
								"up": {"uv": [78.3, 74], "uv_size": [-8.3, -3]},
								"down": {"uv": [78.3, 74], "uv_size": [-8.3, -3]}
							}
						},
						{
							"origin": [2.03, 20.8, -40.95],
							"size": [0.6, 1.1, 10],
							"pivot": [2.8, 17.5, -39.05],
							"rotation": [-1.41472, 0.9997, -0.02469],
							"uv": {
								"north": {"uv": [104, 103], "uv_size": [1, 4]},
								"east": {"uv": [57, 28], "uv_size": [14, 4]},
								"south": {"uv": [70, 71], "uv_size": [8.3, 3]},
								"west": {"uv": [57, 32], "uv_size": [14, 4]},
								"up": {"uv": [84, 88], "uv_size": [1, 14]},
								"down": {"uv": [3, 103], "uv_size": [1, -14]}
							}
						},
						{
							"origin": [1.32587, 20.87683, -40.8867],
							"size": [1.1, 1, 10],
							"pivot": [2.6, 21.1, -40.35],
							"rotation": [-1.4145, 0, -44.98254],
							"uv": {
								"north": {"uv": [70, 71], "uv_size": [8.3, 3]},
								"east": {"uv": [70, 71], "uv_size": [8.3, 3]},
								"south": {"uv": [70, 71], "uv_size": [8.3, 3]},
								"west": {"uv": [70, 71], "uv_size": [8.3, 3]},
								"up": {"uv": [78.3, 74], "uv_size": [-8.3, -3]},
								"down": {"uv": [78.3, 74], "uv_size": [-8.3, -3]}
							}
						}
					]
				},
				{
					"name": "bone29",
					"parent": "handguard",
					"pivot": [-2.4, 21.1, -31.45],
					"rotation": [0, 179, 0],
					"cubes": [
						{
							"origin": [-3.25, 21.8011, -31.99718],
							"size": [1.1, 1, 10],
							"pivot": [-2.4, 21.6, -31.45],
							"rotation": [-1.4145, 0, -44.98254],
							"uv": {
								"north": {"uv": [70, 71], "uv_size": [8.3, 3]},
								"east": {"uv": [70, 71], "uv_size": [8.3, 3]},
								"south": {"uv": [70, 71], "uv_size": [8.3, 3]},
								"west": {"uv": [70, 71], "uv_size": [8.3, 3]},
								"up": {"uv": [78.3, 74], "uv_size": [-8.3, -3]},
								"down": {"uv": [78.3, 74], "uv_size": [-8.3, -3]}
							}
						},
						{
							"origin": [-2.97, 20.8, -32.05],
							"size": [0.6, 1.1, 10],
							"pivot": [-2.2, 17.5, -30.15],
							"rotation": [-1.41472, 0.9997, -0.02469],
							"uv": {
								"north": {"uv": [104, 103], "uv_size": [1, 4]},
								"east": {"uv": [57, 28], "uv_size": [14, 4]},
								"south": {"uv": [70, 71], "uv_size": [8.3, 3]},
								"west": {"uv": [57, 32], "uv_size": [14, 4]},
								"up": {"uv": [84, 88], "uv_size": [1, 14]},
								"down": {"uv": [3, 103], "uv_size": [1, -14]}
							}
						},
						{
							"origin": [-3.67413, 20.87683, -31.9867],
							"size": [1.1, 1, 10],
							"pivot": [-2.4, 21.1, -31.45],
							"rotation": [-1.4145, 0, -44.98254],
							"uv": {
								"north": {"uv": [70, 71], "uv_size": [8.3, 3]},
								"east": {"uv": [70, 71], "uv_size": [8.3, 3]},
								"south": {"uv": [70, 71], "uv_size": [8.3, 3]},
								"west": {"uv": [70, 71], "uv_size": [8.3, 3]},
								"up": {"uv": [78.3, 74], "uv_size": [-8.3, -3]},
								"down": {"uv": [78.3, 74], "uv_size": [-8.3, -3]}
							}
						}
					]
				},
				{
					"name": "_ca_handguardak",
					"parent": "main",
					"pivot": [-0.2, 16.35, -31.025],
					"cubes": [
						{"origin": [-0.5, 19.15, -26.625], "size": [1, 1, 1], "uv": [27, 121]}
					]
				}
			]
		}
	]
}