{
	"format_version": "1.12.0",
	"minecraft:geometry": [
		{
			"description": {
				"identifier": "geometry.unknown",
				"texture_width": 144,
				"texture_height": 144,
				"visible_bounds_width": 8,
				"visible_bounds_height": 4,
				"visible_bounds_offset": [0, 1, 0]
			},
			"bones": [
				{
					"name": "main",
					"pivot": [0, 20, 0]
				},
				{
					"name": "gun",
					"parent": "main",
					"pivot": [1, 11, -1]
				},
				{
					"name": "barrel",
					"parent": "gun",
					"pivot": [0.1, 24.4, -90.25],
					"cubes": [
						{
							"origin": [-0.9, 23.4, -57.15],
							"size": [2, 2, 36],
							"inflate": -0.3,
							"pivot": [0.1, 24.4, -59.35],
							"rotation": [0, 0, -20],
							"uv": {
								"north": {"uv": [106, 9], "uv_size": [2, 2]},
								"east": {"uv": [90, 7], "uv_size": [9, 1]},
								"south": {"uv": [34, 106], "uv_size": [2, 2]},
								"west": {"uv": [18, 11], "uv_size": [34, 2]},
								"up": {"uv": [18, 14], "uv_size": [2, 34]},
								"down": {"uv": [21, 48], "uv_size": [2, -34]}
							}
						}
					]
				},
				{
					"name": "muzzledef",
					"parent": "barrel",
					"pivot": [0.1, 24.4, -90.25],
					"cubes": [
						{
							"origin": [-1.1, 23.2, -60.35],
							"size": [2.4, 2.4, 3.8],
							"inflate": -0.3,
							"pivot": [0.1, 24.4, -97.45],
							"rotation": [0, 0, -20],
							"uv": {
								"north": {"uv": [62, 14], "uv_size": [10, 3]},
								"east": {"uv": [62, 14], "uv_size": [10, 3]},
								"south": {"uv": [62, 14], "uv_size": [10, 3]},
								"west": {"uv": [62, 14], "uv_size": [10, 3]},
								"up": {"uv": [72, 17], "uv_size": [-10, -3]},
								"down": {"uv": [72, 17], "uv_size": [-10, -3]}
							}
						},
						{
							"origin": [0.2, 23.2, -62.35],
							"size": [1.1, 1.1, 2.6],
							"inflate": -0.3,
							"pivot": [0.1, 24.4, -99.95],
							"rotation": [0, 0, -20],
							"uv": {
								"north": {"uv": [62, 14], "uv_size": [10, 3]},
								"east": {"uv": [62, 14], "uv_size": [10, 3]},
								"south": {"uv": [62, 14], "uv_size": [10, 3]},
								"west": {"uv": [62, 14], "uv_size": [10, 3]},
								"up": {"uv": [72, 17], "uv_size": [-10, -3]},
								"down": {"uv": [72, 17], "uv_size": [-10, -3]}
							}
						},
						{
							"origin": [0.2, 24.5, -62.35],
							"size": [1.1, 1.1, 2.6],
							"inflate": -0.3,
							"pivot": [0.1, 24.4, -99.95],
							"rotation": [0, 0, -20],
							"uv": {
								"north": {"uv": [62, 14], "uv_size": [10, 3]},
								"east": {"uv": [62, 14], "uv_size": [10, 3]},
								"south": {"uv": [62, 14], "uv_size": [10, 3]},
								"west": {"uv": [62, 14], "uv_size": [10, 3]},
								"up": {"uv": [72, 17], "uv_size": [-10, -3]},
								"down": {"uv": [72, 17], "uv_size": [-10, -3]}
							}
						},
						{
							"origin": [-1.1, 24.5, -62.35],
							"size": [1.1, 1.1, 2.6],
							"inflate": -0.3,
							"pivot": [0.1, 24.4, -99.95],
							"rotation": [0, 0, -20],
							"uv": {
								"north": {"uv": [62, 14], "uv_size": [10, 3]},
								"east": {"uv": [62, 14], "uv_size": [10, 3]},
								"south": {"uv": [62, 14], "uv_size": [10, 3]},
								"west": {"uv": [62, 14], "uv_size": [10, 3]},
								"up": {"uv": [72, 17], "uv_size": [-10, -3]},
								"down": {"uv": [72, 17], "uv_size": [-10, -3]}
							}
						},
						{
							"origin": [-1.1, 23.7, -61.55],
							"size": [1.1, 1.4, 1],
							"inflate": -0.3,
							"pivot": [0.1, 24.4, -98.75],
							"rotation": [0, 0, -20],
							"uv": {
								"north": {"uv": [62, 14], "uv_size": [10, 3]},
								"east": {"uv": [62, 14], "uv_size": [10, 3]},
								"south": {"uv": [62, 14], "uv_size": [10, 3]},
								"west": {"uv": [62, 14], "uv_size": [10, 3]},
								"up": {"uv": [72, 17], "uv_size": [-10, -3]},
								"down": {"uv": [72, 17], "uv_size": [-10, -3]}
							}
						},
						{
							"origin": [-0.6, 24.6, -61.55],
							"size": [1.4, 1, 1],
							"inflate": -0.3,
							"pivot": [0.1, 24.4, -98.75],
							"rotation": [0, 0, -20],
							"uv": {
								"north": {"uv": [62, 14], "uv_size": [10, 3]},
								"east": {"uv": [62, 14], "uv_size": [10, 3]},
								"south": {"uv": [62, 14], "uv_size": [10, 3]},
								"west": {"uv": [62, 14], "uv_size": [10, 3]},
								"up": {"uv": [72, 17], "uv_size": [-10, -3]},
								"down": {"uv": [72, 17], "uv_size": [-10, -3]}
							}
						},
						{
							"origin": [-1.1, 23.2, -62.35],
							"size": [1.1, 1.1, 2.6],
							"inflate": -0.3,
							"pivot": [0.1, 24.4, -99.95],
							"rotation": [0, 0, -20],
							"uv": {
								"north": {"uv": [62, 14], "uv_size": [10, 3]},
								"east": {"uv": [62, 14], "uv_size": [10, 3]},
								"south": {"uv": [62, 14], "uv_size": [10, 3]},
								"west": {"uv": [62, 14], "uv_size": [10, 3]},
								"up": {"uv": [72, 17], "uv_size": [-10, -3]},
								"down": {"uv": [72, 17], "uv_size": [-10, -3]}
							}
						},
						{
							"origin": [-0.6, 23.2, -61.55],
							"size": [1.4, 1.1, 1],
							"inflate": -0.3,
							"pivot": [0.1, 24.4, -98.75],
							"rotation": [0, 0, -20],
							"uv": {
								"north": {"uv": [62, 14], "uv_size": [10, 3]},
								"east": {"uv": [62, 14], "uv_size": [10, 3]},
								"south": {"uv": [62, 14], "uv_size": [10, 3]},
								"west": {"uv": [62, 14], "uv_size": [10, 3]},
								"up": {"uv": [72, 17], "uv_size": [-10, -3]},
								"down": {"uv": [72, 17], "uv_size": [-10, -3]}
							}
						},
						{
							"origin": [0.3, 23.7, -61.55],
							"size": [1, 1.4, 1],
							"inflate": -0.3,
							"pivot": [0.1, 24.4, -98.75],
							"rotation": [0, 0, -20],
							"uv": {
								"north": {"uv": [62, 14], "uv_size": [10, 3]},
								"east": {"uv": [62, 14], "uv_size": [10, 3]},
								"south": {"uv": [62, 14], "uv_size": [10, 3]},
								"west": {"uv": [62, 14], "uv_size": [10, 3]},
								"up": {"uv": [72, 17], "uv_size": [-10, -3]},
								"down": {"uv": [72, 17], "uv_size": [-10, -3]}
							}
						},
						{
							"origin": [0.2, 23.2, -62.75],
							"size": [1.1, 2.4, 1],
							"inflate": -0.3,
							"pivot": [0.1, 24.4, -99.95],
							"rotation": [0, 0, -20],
							"uv": {
								"north": {"uv": [62, 14], "uv_size": [10, 3]},
								"east": {"uv": [62, 14], "uv_size": [10, 3]},
								"south": {"uv": [62, 14], "uv_size": [10, 3]},
								"west": {"uv": [62, 14], "uv_size": [10, 3]},
								"up": {"uv": [72, 17], "uv_size": [-10, -3]},
								"down": {"uv": [72, 17], "uv_size": [-10, -3]}
							}
						},
						{
							"origin": [-0.6, 23.2, -62.75],
							"size": [1.4, 1, 1],
							"inflate": -0.3,
							"pivot": [0.1, 24.4, -99.95],
							"rotation": [0, 0, -20],
							"uv": {
								"north": {"uv": [62, 14], "uv_size": [10, 3]},
								"east": {"uv": [62, 14], "uv_size": [10, 3]},
								"south": {"uv": [62, 14], "uv_size": [10, 3]},
								"west": {"uv": [62, 14], "uv_size": [10, 3]},
								"up": {"uv": [72, 17], "uv_size": [-10, -3]},
								"down": {"uv": [72, 17], "uv_size": [-10, -3]}
							}
						},
						{
							"origin": [-1.1, 23.2, -62.75],
							"size": [1.1, 2.4, 1],
							"inflate": -0.3,
							"pivot": [0.1, 24.4, -99.95],
							"rotation": [0, 0, -20],
							"uv": {
								"north": {"uv": [62, 14], "uv_size": [10, 3]},
								"east": {"uv": [62, 14], "uv_size": [10, 3]},
								"south": {"uv": [62, 14], "uv_size": [10, 3]},
								"west": {"uv": [62, 14], "uv_size": [10, 3]},
								"up": {"uv": [72, 17], "uv_size": [-10, -3]},
								"down": {"uv": [72, 17], "uv_size": [-10, -3]}
							}
						},
						{
							"origin": [-0.6, 24.6, -62.75],
							"size": [1.4, 1, 1],
							"inflate": -0.3,
							"pivot": [0.1, 24.4, -99.95],
							"rotation": [0, 0, -20],
							"uv": {
								"north": {"uv": [62, 14], "uv_size": [10, 3]},
								"east": {"uv": [62, 14], "uv_size": [10, 3]},
								"south": {"uv": [62, 14], "uv_size": [10, 3]},
								"west": {"uv": [62, 14], "uv_size": [10, 3]},
								"up": {"uv": [72, 17], "uv_size": [-10, -3]},
								"down": {"uv": [72, 17], "uv_size": [-10, -3]}
							}
						}
					]
				},
				{
					"name": "_ca_barrel",
					"parent": "main",
					"pivot": [-0.2, 16.85, -31.325],
					"cubes": [
						{"origin": [-0.4, 23.95, -22.425], "size": [1, 1, 1], "uv": [27, 69]}
					]
				},
				{
					"name": "_cb_suppressor",
					"parent": "main",
					"pivot": [0.1, 24.45, -59.825],
					"cubes": [
						{"origin": [-0.4, 23.95, -57.825], "size": [1, 1, 1], "uv": [27, 69]}
					]
				},
				{
					"name": "muzzleflash",
					"parent": "main",
					"pivot": [0, 24.35, -90.95],
					"cubes": [
						{
							"origin": [-0.4, 23.95, -63.15],
							"size": [1, 1, 1],
							"inflate": -0.4,
							"uv": {
								"north": {"uv": [143, 48], "uv_size": [1, 1]},
								"east": {"uv": [50, 143], "uv_size": [1, 1]},
								"south": {"uv": [54, 143], "uv_size": [1, 1]},
								"west": {"uv": [143, 60], "uv_size": [1, 1]},
								"up": {"uv": [62, 143], "uv_size": [1, 1]},
								"down": {"uv": [143, 63], "uv_size": [1, -1]}
							}
						}
					]
				}
			]
		}
	]
}