{
	"format_version": "1.12.0",
	"minecraft:geometry": [
		{
			"description": {
				"identifier": "geometry.unknown",
				"texture_width": 144,
				"texture_height": 144,
				"visible_bounds_width": 8,
				"visible_bounds_height": 4,
				"visible_bounds_offset": [0, 1, 0]
			},
			"bones": [
				{
					"name": "main",
					"pivot": [0, 20, 0]
				},
				{
					"name": "gun",
					"parent": "main",
					"pivot": [1, 11, -1]
				},
				{
					"name": "stock",
					"parent": "gun",
					"pivot": [0.65, 25.9, 5.7],
					"cubes": [
						{
							"origin": [-1.4, 24.7, 8.2],
							"size": [2.8, 1.4, 6.92],
							"pivot": [0.75, 20.8, 10],
							"rotation": [-8, 0, 0],
							"uv": {
								"north": {"uv": [47, 6], "uv_size": [5, 1]},
								"east": {"uv": [47, 6], "uv_size": [5, 1]},
								"south": {"uv": [47, 6], "uv_size": [5, 1]},
								"west": {"uv": [47, 6], "uv_size": [5, 1]},
								"up": {"uv": [52, 7], "uv_size": [-5, -1]},
								"down": {"uv": [52, 7], "uv_size": [-5, -1]}
							}
						},
						{
							"origin": [-1.5, 25.2, 11.4],
							"size": [3, 0.6, 1.52],
							"pivot": [0.75, 20.8, 10],
							"rotation": [-8, 0, 0],
							"uv": {
								"north": {"uv": [32, 14], "uv_size": [15, 4]},
								"east": {"uv": [32, 14], "uv_size": [15, 4]},
								"south": {"uv": [32, 14], "uv_size": [15, 4]},
								"west": {"uv": [32, 14], "uv_size": [15, 4]},
								"up": {"uv": [47, 18], "uv_size": [-15, -4]},
								"down": {"uv": [47, 18], "uv_size": [-15, -4]}
							}
						},
						{
							"origin": [-1.4, 24.1, 15.3],
							"size": [2.8, 1.4, 11.92],
							"pivot": [0.75, 20.2, 13.7],
							"rotation": [-3, 0, 0],
							"uv": {
								"north": {"uv": [47, 6], "uv_size": [5, 1]},
								"east": {"uv": [47, 6], "uv_size": [5, 1]},
								"south": {"uv": [47, 6], "uv_size": [5, 1]},
								"west": {"uv": [47, 6], "uv_size": [5, 1]},
								"up": {"uv": [52, 7], "uv_size": [-5, -1]},
								"down": {"uv": [52, 7], "uv_size": [-5, -1]}
							}
						},
						{
							"origin": [-1.4, 24.5, 27.2],
							"size": [2.8, 1.4, 1.12],
							"pivot": [0.75, 20.6, 5.8],
							"rotation": [-3, 0, 0],
							"uv": {
								"north": {"uv": [32, 14], "uv_size": [15, 4]},
								"east": {"uv": [32, 14], "uv_size": [15, 4]},
								"south": {"uv": [32, 14], "uv_size": [15, 4]},
								"west": {"uv": [32, 14], "uv_size": [15, 4]},
								"up": {"uv": [47, 18], "uv_size": [-15, -4]},
								"down": {"uv": [47, 18], "uv_size": [-15, -4]}
							}
						},
						{
							"origin": [-1.381, 19.5, 10.5],
							"size": [2.78, 5.3, 3.72],
							"uv": {
								"north": {"uv": [32, 14], "uv_size": [15, 4]},
								"east": {"uv": [32, 14], "uv_size": [15, 4]},
								"south": {"uv": [32, 14], "uv_size": [15, 4]},
								"west": {"uv": [32, 14], "uv_size": [15, 4]},
								"up": {"uv": [47, 18], "uv_size": [-15, -4]},
								"down": {"uv": [47, 18], "uv_size": [-15, -4]}
							}
						},
						{
							"origin": [-1.4, 11.5, 27.4],
							"size": [2.8, 11.9, 1.02],
							"uv": {
								"north": {"uv": [32, 14], "uv_size": [15, 4]},
								"east": {"uv": [32, 14], "uv_size": [15, 4]},
								"south": {"uv": [32, 14], "uv_size": [15, 4]},
								"west": {"uv": [32, 14], "uv_size": [15, 4]},
								"up": {"uv": [47, 18], "uv_size": [-15, -4]},
								"down": {"uv": [47, 18], "uv_size": [-15, -4]}
							}
						},
						{
							"origin": [-1.5, 11.5, 28.4],
							"size": [3, 13.2, 1.72],
							"uv": {
								"north": {"uv": [47, 6], "uv_size": [5, 1]},
								"east": {"uv": [47, 6], "uv_size": [5, 1]},
								"south": {"uv": [47, 6], "uv_size": [5, 1]},
								"west": {"uv": [47, 6], "uv_size": [5, 1]},
								"up": {"uv": [52, 7], "uv_size": [-5, -1]},
								"down": {"uv": [52, 7], "uv_size": [-5, -1]}
							}
						},
						{
							"origin": [-1.5, 24.9, 7],
							"size": [3, 1.4, 1.95],
							"uv": {
								"north": {"uv": [32, 14], "uv_size": [15, 4]},
								"east": {"uv": [32, 14], "uv_size": [15, 4]},
								"south": {"uv": [32, 14], "uv_size": [15, 4]},
								"west": {"uv": [32, 14], "uv_size": [15, 4]},
								"up": {"uv": [47, 18], "uv_size": [-15, -4]},
								"down": {"uv": [47, 18], "uv_size": [-15, -4]}
							}
						},
						{
							"origin": [-1.4, 11.5, 17.8],
							"size": [2.8, 0.9, 9.62],
							"pivot": [0.05, 11.5, 27.4],
							"rotation": [-53, 0, 0],
							"uv": {
								"north": {"uv": [32, 14], "uv_size": [15, 4]},
								"east": {"uv": [32, 14], "uv_size": [15, 4]},
								"south": {"uv": [32, 14], "uv_size": [15, 4]},
								"west": {"uv": [32, 14], "uv_size": [15, 4]},
								"up": {"uv": [47, 18], "uv_size": [-15, -4]},
								"down": {"uv": [47, 18], "uv_size": [-15, -4]}
							}
						},
						{
							"origin": [-1.4, 6.24508, 13.94354],
							"size": [2.8, 13.8, 4.7],
							"pivot": [0.05, 19.6, 14.1],
							"rotation": [87, 0, 0],
							"uv": {
								"north": {"uv": [32, 14], "uv_size": [15, 4]},
								"east": {"uv": [32, 14], "uv_size": [15, 4]},
								"south": {"uv": [32, 14], "uv_size": [15, 4]},
								"west": {"uv": [32, 14], "uv_size": [15, 4]},
								"up": {"uv": [47, 18], "uv_size": [-15, -4]},
								"down": {"uv": [47, 18], "uv_size": [-15, -4]}
							}
						},
						{
							"origin": [-1.5, 3.84508, 9.34354],
							"size": [3, 7.1, 2.2],
							"pivot": [0.05, 20, 8.4],
							"rotation": [87, 0, 0],
							"uv": {
								"north": {"uv": [90, 7], "uv_size": [9, 1]},
								"east": {"uv": [90, 7], "uv_size": [9, 1]},
								"south": {"uv": [90, 7], "uv_size": [9, 1]},
								"west": {"uv": [90, 7], "uv_size": [9, 1]},
								"up": {"uv": [99, 8], "uv_size": [-9, -1]},
								"down": {"uv": [99, 8], "uv_size": [-9, -1]}
							}
						},
						{
							"origin": [-1.7, 8.94508, 9.94354],
							"size": [3.4, 1.6, 1],
							"pivot": [0.05, 20, 8.4],
							"rotation": [87, 0, 0],
							"uv": {
								"north": {"uv": [90, 7], "uv_size": [9, 1]},
								"east": {"uv": [90, 7], "uv_size": [9, 1]},
								"south": {"uv": [90, 7], "uv_size": [9, 1]},
								"west": {"uv": [90, 7], "uv_size": [9, 1]},
								"up": {"uv": [99, 8], "uv_size": [-9, -1]},
								"down": {"uv": [99, 8], "uv_size": [-9, -1]}
							}
						},
						{
							"origin": [-1.6, 4.44508, 9.84354],
							"size": [3.2, 6.3, 1.2],
							"pivot": [0.05, 20, 8.4],
							"rotation": [87, 0, 0],
							"uv": {
								"north": {"uv": [32, 14], "uv_size": [15, 4]},
								"east": {"uv": [32, 14], "uv_size": [15, 4]},
								"south": {"uv": [32, 14], "uv_size": [15, 4]},
								"west": {"uv": [32, 14], "uv_size": [15, 4]},
								"up": {"uv": [47, 18], "uv_size": [-15, -4]},
								"down": {"uv": [47, 18], "uv_size": [-15, -4]}
							}
						},
						{
							"origin": [-1.5, -1.25492, 8.64354],
							"size": [3, 1.7, 1.1],
							"pivot": [0.05, 20, 7.1],
							"rotation": [87, 0, 0],
							"uv": {
								"north": {"uv": [32, 14], "uv_size": [15, 4]},
								"east": {"uv": [32, 14], "uv_size": [15, 4]},
								"south": {"uv": [32, 14], "uv_size": [15, 4]},
								"west": {"uv": [32, 14], "uv_size": [15, 4]},
								"up": {"uv": [47, 18], "uv_size": [-15, -4]},
								"down": {"uv": [47, 18], "uv_size": [-15, -4]}
							}
						},
						{
							"origin": [-1.5, 2.84508, 11.84354],
							"size": [3, 3.2, 1.3],
							"pivot": [0.05, 19.9, 10.4],
							"rotation": [87, 0, 0],
							"uv": {
								"north": {"uv": [32, 14], "uv_size": [15, 4]},
								"east": {"uv": [32, 14], "uv_size": [15, 4]},
								"south": {"uv": [32, 14], "uv_size": [15, 4]},
								"west": {"uv": [32, 14], "uv_size": [15, 4]},
								"up": {"uv": [47, 18], "uv_size": [-15, -4]},
								"down": {"uv": [47, 18], "uv_size": [-15, -4]}
							}
						},
						{
							"origin": [-1.5, 17.14508, 16.44354],
							"size": [3, 8.7, 1.3],
							"pivot": [0.05, 19.6, 15],
							"rotation": [87, 0, 0],
							"uv": {
								"north": {"uv": [32, 14], "uv_size": [15, 4]},
								"east": {"uv": [32, 14], "uv_size": [15, 4]},
								"south": {"uv": [32, 14], "uv_size": [15, 4]},
								"west": {"uv": [32, 14], "uv_size": [15, 4]},
								"up": {"uv": [47, 18], "uv_size": [-15, -4]},
								"down": {"uv": [47, 18], "uv_size": [-15, -4]}
							}
						},
						{
							"origin": [-1.381, 19.5, 8.9],
							"size": [2.78, 5.7, 1.62],
							"uv": {
								"north": {"uv": [32, 14], "uv_size": [15, 4]},
								"east": {"uv": [32, 14], "uv_size": [15, 4]},
								"south": {"uv": [32, 14], "uv_size": [15, 4]},
								"west": {"uv": [32, 14], "uv_size": [15, 4]},
								"up": {"uv": [47, 18], "uv_size": [-15, -4]},
								"down": {"uv": [47, 18], "uv_size": [-15, -4]}
							}
						},
						{
							"origin": [-1.481, 19.5, 7],
							"size": [2.98, 5.4, 1.92],
							"uv": {
								"north": {"uv": [32, 14], "uv_size": [15, 4]},
								"east": {"uv": [32, 14], "uv_size": [15, 4]},
								"south": {"uv": [32, 14], "uv_size": [15, 4]},
								"west": {"uv": [32, 14], "uv_size": [15, 4]},
								"up": {"uv": [47, 18], "uv_size": [-15, -4]},
								"down": {"uv": [47, 18], "uv_size": [-15, -4]}
							}
						},
						{
							"origin": [-0.85, 24.1, 6.7],
							"size": [1.8, 2.8, 1.3],
							"pivot": [0.65, 25.9, 5.7],
							"rotation": [37, 0, 0],
							"uv": {
								"north": {"uv": [47, 6], "uv_size": [5, 1]},
								"east": {"uv": [47, 6], "uv_size": [5, 1]},
								"south": {"uv": [47, 6], "uv_size": [5, 1]},
								"west": {"uv": [47, 6], "uv_size": [5, 1]},
								"up": {"uv": [52, 7], "uv_size": [-5, -1]},
								"down": {"uv": [52, 7], "uv_size": [-5, -1]}
							}
						},
						{
							"origin": [-1.65, 20.6, 26.4],
							"size": [3.3, 0.9, 0.9],
							"pivot": [0.65, 21.2, 26.8],
							"rotation": [-45, 0, 0],
							"uv": {
								"north": {"uv": [90, 7], "uv_size": [9, 1]},
								"east": {"uv": [90, 7], "uv_size": [9, 1]},
								"south": {"uv": [90, 7], "uv_size": [9, 1]},
								"west": {"uv": [90, 7], "uv_size": [9, 1]},
								"up": {"uv": [99, 8], "uv_size": [-9, -1]},
								"down": {"uv": [99, 8], "uv_size": [-9, -1]}
							}
						},
						{
							"origin": [-1.45, 12, 27.5],
							"size": [2.9, 0.7, 0.7],
							"pivot": [0.65, 12.5, 27.8],
							"rotation": [-45, 0, 0],
							"uv": {
								"north": {"uv": [90, 7], "uv_size": [9, 1]},
								"east": {"uv": [90, 7], "uv_size": [9, 1]},
								"south": {"uv": [90, 7], "uv_size": [9, 1]},
								"west": {"uv": [90, 7], "uv_size": [9, 1]},
								"up": {"uv": [99, 8], "uv_size": [-9, -1]},
								"down": {"uv": [99, 8], "uv_size": [-9, -1]}
							}
						}
					]
				},
				{
					"name": "bone",
					"parent": "stock",
					"pivot": [1, 22.7, 5.75],
					"rotation": [-3, 0, 0],
					"cubes": [
						{
							"origin": [-1.40155, 25.58045, 15.0974],
							"size": [1.96, 1.3, 12.5],
							"inflate": -0.3,
							"pivot": [-0.2, 25.8, 5.75],
							"rotation": [0, 0, -36],
							"uv": {
								"north": {"uv": [47, 6], "uv_size": [5, 1]},
								"east": {"uv": [47, 6], "uv_size": [5, 1]},
								"south": {"uv": [47, 6], "uv_size": [5, 1]},
								"west": {"uv": [47, 6], "uv_size": [5, 1]},
								"up": {"uv": [52, 7], "uv_size": [-5, -1]},
								"down": {"uv": [52, 7], "uv_size": [-5, -1]}
							}
						},
						{
							"origin": [-0.58, 25.59944, 15.0974],
							"size": [1.13, 1.4, 12.5],
							"inflate": -0.3,
							"uv": {
								"north": {"uv": [47, 6], "uv_size": [5, 1]},
								"east": {"uv": [47, 6], "uv_size": [5, 1]},
								"south": {"uv": [47, 6], "uv_size": [5, 1]},
								"west": {"uv": [47, 6], "uv_size": [5, 1]},
								"up": {"uv": [52, 7], "uv_size": [-5, -1]},
								"down": {"uv": [52, 7], "uv_size": [-5, -1]}
							}
						},
						{
							"origin": [-0.79845, 24.98045, 15.0974],
							"size": [2, 1.3, 12.5],
							"inflate": -0.3,
							"pivot": [1, 25.2, 5.75],
							"rotation": [0, 0, 36],
							"uv": {
								"north": {"uv": [47, 6], "uv_size": [5, 1]},
								"east": {"uv": [47, 6], "uv_size": [5, 1]},
								"south": {"uv": [47, 6], "uv_size": [5, 1]},
								"west": {"uv": [47, 6], "uv_size": [5, 1]},
								"up": {"uv": [52, 7], "uv_size": [-5, -1]},
								"down": {"uv": [52, 7], "uv_size": [-5, -1]}
							}
						},
						{
							"origin": [-1.40978, 25.56912, 26.98729],
							"size": [1.96, 1.3, 1.7],
							"inflate": -0.3,
							"pivot": [-0.2, 25.8, 5.75],
							"rotation": [0, 0, -36],
							"uv": {
								"north": {"uv": [32, 14], "uv_size": [15, 4]},
								"east": {"uv": [32, 14], "uv_size": [15, 4]},
								"south": {"uv": [32, 14], "uv_size": [15, 4]},
								"west": {"uv": [32, 14], "uv_size": [15, 4]},
								"up": {"uv": [47, 18], "uv_size": [-15, -4]},
								"down": {"uv": [47, 18], "uv_size": [-15, -4]}
							}
						},
						{
							"origin": [-0.58, 25.58544, 26.98729],
							"size": [1.13, 1.4, 1.7],
							"inflate": -0.3,
							"uv": {
								"north": {"uv": [32, 14], "uv_size": [15, 4]},
								"east": {"uv": [32, 14], "uv_size": [15, 4]},
								"south": {"uv": [32, 14], "uv_size": [15, 4]},
								"west": {"uv": [32, 14], "uv_size": [15, 4]},
								"up": {"uv": [47, 18], "uv_size": [-15, -4]},
								"down": {"uv": [47, 18], "uv_size": [-15, -4]}
							}
						},
						{
							"origin": [-0.79022, 24.96912, 26.98729],
							"size": [2, 1.3, 1.7],
							"inflate": -0.3,
							"pivot": [1, 25.2, 5.75],
							"rotation": [0, 0, 36],
							"uv": {
								"north": {"uv": [32, 14], "uv_size": [15, 4]},
								"east": {"uv": [32, 14], "uv_size": [15, 4]},
								"south": {"uv": [32, 14], "uv_size": [15, 4]},
								"west": {"uv": [32, 14], "uv_size": [15, 4]},
								"up": {"uv": [47, 18], "uv_size": [-15, -4]},
								"down": {"uv": [47, 18], "uv_size": [-15, -4]}
							}
						}
					]
				},
				{
					"name": "bone3",
					"parent": "stock",
					"pivot": [1, 21.2, 7.25],
					"cubes": [
						{
							"origin": [-1.66, 24.2, 28.1],
							"size": [2.16, 1.6, 2.3],
							"inflate": -0.3,
							"pivot": [-0.2, 24.8, 1.25],
							"rotation": [0, 0, -36],
							"uv": {
								"north": {"uv": [47, 6], "uv_size": [5, 1]},
								"east": {"uv": [47, 6], "uv_size": [5, 1]},
								"south": {"uv": [47, 6], "uv_size": [5, 1]},
								"west": {"uv": [47, 6], "uv_size": [5, 1]},
								"up": {"uv": [52, 7], "uv_size": [-5, -1]},
								"down": {"uv": [52, 7], "uv_size": [-5, -1]}
							}
						},
						{
							"origin": [-0.58, 24.1, 28.1],
							"size": [1.13, 1.8, 2.3],
							"inflate": -0.3,
							"uv": {
								"north": {"uv": [47, 6], "uv_size": [5, 1]},
								"east": {"uv": [47, 6], "uv_size": [5, 1]},
								"south": {"uv": [47, 6], "uv_size": [5, 1]},
								"west": {"uv": [47, 6], "uv_size": [5, 1]},
								"up": {"uv": [52, 7], "uv_size": [-5, -1]},
								"down": {"uv": [52, 7], "uv_size": [-5, -1]}
							}
						},
						{
							"origin": [-0.74, 23.5, 28.1],
							"size": [2.2, 1.7, 2.3],
							"inflate": -0.3,
							"pivot": [1, 24.2, 1.25],
							"rotation": [0, 0, 36],
							"uv": {
								"north": {"uv": [47, 6], "uv_size": [5, 1]},
								"east": {"uv": [47, 6], "uv_size": [5, 1]},
								"south": {"uv": [47, 6], "uv_size": [5, 1]},
								"west": {"uv": [47, 6], "uv_size": [5, 1]},
								"up": {"uv": [52, 7], "uv_size": [-5, -1]},
								"down": {"uv": [52, 7], "uv_size": [-5, -1]}
							}
						},
						{
							"origin": [-1.46, 25.7, 6.7],
							"size": [1.96, 1.6, 2.7],
							"inflate": -0.3,
							"pivot": [-0.2, 26.3, -19.65],
							"rotation": [0, 0, -36],
							"uv": {
								"north": {"uv": [32, 14], "uv_size": [15, 4]},
								"east": {"uv": [32, 14], "uv_size": [15, 4]},
								"south": {"uv": [32, 14], "uv_size": [15, 4]},
								"west": {"uv": [32, 14], "uv_size": [15, 4]},
								"up": {"uv": [47, 18], "uv_size": [-15, -4]},
								"down": {"uv": [47, 18], "uv_size": [-15, -4]}
							}
						},
						{
							"origin": [-0.58, 25.6, 6.7],
							"size": [1.13, 1.8, 2.7],
							"inflate": -0.3,
							"uv": {
								"north": {"uv": [32, 14], "uv_size": [15, 4]},
								"east": {"uv": [32, 14], "uv_size": [15, 4]},
								"south": {"uv": [32, 14], "uv_size": [15, 4]},
								"west": {"uv": [32, 14], "uv_size": [15, 4]},
								"up": {"uv": [47, 18], "uv_size": [-15, -4]},
								"down": {"uv": [47, 18], "uv_size": [-15, -4]}
							}
						},
						{
							"origin": [-0.74, 25, 6.7],
							"size": [2, 1.7, 2.7],
							"inflate": -0.3,
							"pivot": [1, 25.7, -19.65],
							"rotation": [0, 0, 36],
							"uv": {
								"north": {"uv": [32, 14], "uv_size": [15, 4]},
								"east": {"uv": [32, 14], "uv_size": [15, 4]},
								"south": {"uv": [32, 14], "uv_size": [15, 4]},
								"west": {"uv": [32, 14], "uv_size": [15, 4]},
								"up": {"uv": [47, 18], "uv_size": [-15, -4]},
								"down": {"uv": [47, 18], "uv_size": [-15, -4]}
							}
						}
					]
				},
				{
					"name": "bone2",
					"parent": "stock",
					"pivot": [1, 24.3, -0.85],
					"rotation": [-8, 0, 0],
					"cubes": [
						{
							"origin": [-1.30457, 27.31393, 8.28151],
							"size": [1.96, 1.3, 7.8],
							"inflate": -0.3,
							"pivot": [-0.2, 27.4, -0.85],
							"rotation": [0, 0, -36],
							"uv": {
								"north": {"uv": [47, 6], "uv_size": [5, 1]},
								"east": {"uv": [47, 6], "uv_size": [5, 1]},
								"south": {"uv": [47, 6], "uv_size": [5, 1]},
								"west": {"uv": [47, 6], "uv_size": [5, 1]},
								"up": {"uv": [52, 7], "uv_size": [-5, -1]},
								"down": {"uv": [52, 7], "uv_size": [-5, -1]}
							}
						},
						{
							"origin": [-0.58, 27.36443, 8.28151],
							"size": [1.13, 1.4, 7.8],
							"inflate": -0.3,
							"uv": {
								"north": {"uv": [47, 6], "uv_size": [5, 1]},
								"east": {"uv": [47, 6], "uv_size": [5, 1]},
								"south": {"uv": [47, 6], "uv_size": [5, 1]},
								"west": {"uv": [47, 6], "uv_size": [5, 1]},
								"up": {"uv": [52, 7], "uv_size": [-5, -1]},
								"down": {"uv": [52, 7], "uv_size": [-5, -1]}
							}
						},
						{
							"origin": [-0.89543, 26.71393, 8.28151],
							"size": [2, 1.3, 7.8],
							"inflate": -0.3,
							"pivot": [1, 26.8, -0.85],
							"rotation": [0, 0, 36],
							"uv": {
								"north": {"uv": [47, 6], "uv_size": [5, 1]},
								"east": {"uv": [47, 6], "uv_size": [5, 1]},
								"south": {"uv": [47, 6], "uv_size": [5, 1]},
								"west": {"uv": [47, 6], "uv_size": [5, 1]},
								"up": {"uv": [52, 7], "uv_size": [-5, -1]},
								"down": {"uv": [52, 7], "uv_size": [-5, -1]}
							}
						}
					]
				},
				{
					"name": "_ca_stock",
					"parent": "main",
					"pivot": [-0.2, 20.95, 0.075],
					"cubes": [
						{"origin": [-0.45, 22.35, 6.975], "size": [1, 1, 1], "uv": [27, 69]}
					]
				}
			]
		}
	]
}