{
	"format_version": "1.12.0",
	"minecraft:geometry": [
		{
			"description": {
				"identifier": "geometry.unknown",
				"texture_width": 144,
				"texture_height": 144,
				"visible_bounds_width": 8,
				"visible_bounds_height": 4,
				"visible_bounds_offset": [0, 1, 0]
			},
			"bones": [
				{
					"name": "main",
					"pivot": [0, 20, 0]
				},
				{
					"name": "gun",
					"parent": "main",
					"pivot": [1, 11, -1]
				},
				{
					"name": "handguard",
					"parent": "gun",
					"pivot": [-0.2, -12.8, -50.55],
					"cubes": [
						{
							"origin": [-0.9, 27.1, -36.3],
							"size": [1.88, 1, 14.8],
							"uv": {
								"north": {"uv": [32, 14], "uv_size": [15, 4]},
								"east": {"uv": [32, 14], "uv_size": [15, 4]},
								"south": {"uv": [32, 14], "uv_size": [15, 4]},
								"west": {"uv": [32, 14], "uv_size": [15, 4]},
								"up": {"uv": [47, 18], "uv_size": [-15, -4]},
								"down": {"uv": [47, 18], "uv_size": [-15, -4]}
							}
						},
						{
							"origin": [-0.7, 26.3, -36.3],
							"size": [1.38, 0.8, 14.8],
							"uv": {
								"north": {"uv": [90, 7], "uv_size": [9, 1]},
								"east": {"uv": [90, 7], "uv_size": [9, 1]},
								"south": {"uv": [90, 7], "uv_size": [9, 1]},
								"west": {"uv": [90, 7], "uv_size": [9, 1]},
								"up": {"uv": [99, 8], "uv_size": [-9, -1]},
								"down": {"uv": [99, 8], "uv_size": [-9, -1]}
							}
						},
						{
							"origin": [-0.52, 21.8, -36.67],
							"size": [1.1, 0.4, 15.2],
							"uv": {
								"north": {"uv": [58, 119], "uv_size": [1, 1]},
								"east": {"uv": [69, 56], "uv_size": [19, 1]},
								"south": {"uv": [67, 138], "uv_size": [-1, -1]},
								"west": {"uv": [69, 58], "uv_size": [19, 1]},
								"up": {"uv": [69, 60], "uv_size": [1, 19]},
								"down": {"uv": [18, 90], "uv_size": [1, -19]}
							}
						},
						{
							"origin": [-2.82, 24.2, -33.5],
							"size": [1.5, 0.4, 7.1],
							"pivot": [-2.25, 24.2, -36.8],
							"rotation": [0, 0, 90],
							"uv": {
								"north": {"uv": [119, 65], "uv_size": [1, 1]},
								"east": {"uv": [95, 75], "uv_size": [7, 1]},
								"south": {"uv": [67, 119], "uv_size": [1, 1]},
								"west": {"uv": [97, 3], "uv_size": [7, 1]},
								"up": {"uv": [53, 97], "uv_size": [1, 7]},
								"down": {"uv": [55, 104], "uv_size": [1, -7]}
							}
						},
						{
							"origin": [1.28, 24.2, -33.5],
							"size": [1.5, 0.4, 7.1],
							"pivot": [1.85, 24.2, -36.8],
							"rotation": [0, 0, 90],
							"uv": {
								"north": {"uv": [119, 67], "uv_size": [1, 1]},
								"east": {"uv": [97, 60], "uv_size": [7, 1]},
								"south": {"uv": [69, 119], "uv_size": [1, 1]},
								"west": {"uv": [61, 97], "uv_size": [7, 1]},
								"up": {"uv": [57, 97], "uv_size": [1, 7]},
								"down": {"uv": [75, 104], "uv_size": [1, -7]}
							}
						},
						{
							"origin": [-0.52, 28.5, -21.7],
							"size": [1.1, 0.2, 0.6],
							"uv": {
								"north": {"uv": [125, 84], "uv_size": [1, 1]},
								"east": {"uv": [125, 86], "uv_size": [1, 1]},
								"south": {"uv": [125, 88], "uv_size": [1, 1]},
								"west": {"uv": [89, 125], "uv_size": [1, 1]},
								"up": {"uv": [125, 90], "uv_size": [1, 1]},
								"down": {"uv": [91, 126], "uv_size": [1, -1]}
							}
						},
						{
							"origin": [-0.82, 29.0625, -21.7],
							"size": [0.2, 0.2, 0.6],
							"pivot": [-1.35, 28.6195, -12.7],
							"rotation": [0, 0, 45],
							"uv": {
								"north": {"uv": [93, 125], "uv_size": [1, 1]},
								"east": {"uv": [95, 125], "uv_size": [1, 1]},
								"south": {"uv": [125, 96], "uv_size": [1, 1]},
								"west": {"uv": [97, 125], "uv_size": [1, 1]},
								"up": {"uv": [125, 98], "uv_size": [1, 1]},
								"down": {"uv": [99, 126], "uv_size": [1, -1]}
							}
						},
						{
							"origin": [-0.52, 28.5, -23],
							"size": [1.1, 0.2, 0.6],
							"uv": {
								"north": {"uv": [104, 125], "uv_size": [1, 1]},
								"east": {"uv": [125, 105], "uv_size": [1, 1]},
								"south": {"uv": [125, 107], "uv_size": [1, 1]},
								"west": {"uv": [125, 109], "uv_size": [1, 1]},
								"up": {"uv": [110, 125], "uv_size": [1, 1]},
								"down": {"uv": [112, 126], "uv_size": [1, -1]}
							}
						},
						{
							"origin": [-0.82, 29.0625, -23],
							"size": [0.2, 0.2, 0.6],
							"pivot": [-1.35, 28.6195, -14],
							"rotation": [0, 0, 45],
							"uv": {
								"north": {"uv": [114, 125], "uv_size": [1, 1]},
								"east": {"uv": [125, 115], "uv_size": [1, 1]},
								"south": {"uv": [116, 125], "uv_size": [1, 1]},
								"west": {"uv": [118, 125], "uv_size": [1, 1]},
								"up": {"uv": [120, 125], "uv_size": [1, 1]},
								"down": {"uv": [122, 126], "uv_size": [1, -1]}
							}
						},
						{
							"origin": [-0.52, 28.5, -24.3],
							"size": [1.1, 0.2, 0.6],
							"uv": {
								"north": {"uv": [125, 122], "uv_size": [1, 1]},
								"east": {"uv": [124, 125], "uv_size": [1, 1]},
								"south": {"uv": [2, 126], "uv_size": [1, 1]},
								"west": {"uv": [126, 4], "uv_size": [1, 1]},
								"up": {"uv": [126, 6], "uv_size": [1, 1]},
								"down": {"uv": [126, 9], "uv_size": [1, -1]}
							}
						},
						{
							"origin": [-0.82, 29.0625, -24.3],
							"size": [0.2, 0.2, 0.6],
							"pivot": [-1.35, 28.6195, -15.3],
							"rotation": [0, 0, 45],
							"uv": {
								"north": {"uv": [126, 10], "uv_size": [1, 1]},
								"east": {"uv": [12, 126], "uv_size": [1, 1]},
								"south": {"uv": [126, 12], "uv_size": [1, 1]},
								"west": {"uv": [14, 126], "uv_size": [1, 1]},
								"up": {"uv": [126, 14], "uv_size": [1, 1]},
								"down": {"uv": [126, 17], "uv_size": [1, -1]}
							}
						},
						{
							"origin": [0.28, 29.0635, -23],
							"size": [0.2, 0.2, 0.6],
							"pivot": [-0.25, 28.6195, -14],
							"rotation": [0, 0, 45],
							"uv": {
								"north": {"uv": [26, 126], "uv_size": [1, 1]},
								"east": {"uv": [126, 28], "uv_size": [1, 1]},
								"south": {"uv": [126, 30], "uv_size": [1, 1]},
								"west": {"uv": [32, 126], "uv_size": [1, 1]},
								"up": {"uv": [126, 34], "uv_size": [1, 1]},
								"down": {"uv": [36, 127], "uv_size": [1, -1]}
							}
						},
						{
							"origin": [0.28, 29.0635, -21.7],
							"size": [0.2, 0.2, 0.6],
							"pivot": [-0.25, 28.6195, -12.7],
							"rotation": [0, 0, 45],
							"uv": {
								"north": {"uv": [26, 126], "uv_size": [1, 1]},
								"east": {"uv": [126, 28], "uv_size": [1, 1]},
								"south": {"uv": [126, 30], "uv_size": [1, 1]},
								"west": {"uv": [32, 126], "uv_size": [1, 1]},
								"up": {"uv": [126, 34], "uv_size": [1, 1]},
								"down": {"uv": [36, 127], "uv_size": [1, -1]}
							}
						},
						{
							"origin": [0.28, 29.0635, -24.3],
							"size": [0.2, 0.2, 0.6],
							"pivot": [-0.25, 28.6195, -15.3],
							"rotation": [0, 0, 45],
							"uv": {
								"north": {"uv": [126, 36], "uv_size": [1, 1]},
								"east": {"uv": [126, 38], "uv_size": [1, 1]},
								"south": {"uv": [40, 126], "uv_size": [1, 1]},
								"west": {"uv": [126, 40], "uv_size": [1, 1]},
								"up": {"uv": [126, 44], "uv_size": [1, 1]},
								"down": {"uv": [45, 127], "uv_size": [1, -1]}
							}
						},
						{
							"origin": [-0.82, 22.26, -22.3],
							"size": [0.2, 0.2, 0.8],
							"pivot": [-1.35, 21.8195, -13.1],
							"rotation": [0, 0, 45],
							"uv": {
								"north": {"uv": [126, 46], "uv_size": [1, 1]},
								"east": {"uv": [47, 126], "uv_size": [1, 1]},
								"south": {"uv": [67, 138], "uv_size": [-1, -1]},
								"west": {"uv": [126, 51], "uv_size": [1, 1]},
								"up": {"uv": [126, 53], "uv_size": [1, 1]},
								"down": {"uv": [54, 127], "uv_size": [1, -1]}
							}
						},
						{
							"origin": [-0.52, 21.6, -23.6],
							"size": [1.1, 0.2, 0.6],
							"uv": {
								"north": {"uv": [126, 55], "uv_size": [1, 1]},
								"east": {"uv": [126, 57], "uv_size": [1, 1]},
								"south": {"uv": [59, 126], "uv_size": [1, 1]},
								"west": {"uv": [126, 59], "uv_size": [1, 1]},
								"up": {"uv": [61, 126], "uv_size": [1, 1]},
								"down": {"uv": [63, 127], "uv_size": [1, -1]}
							}
						},
						{
							"origin": [-0.82, 22.26, -23.6],
							"size": [0.2, 0.2, 0.6],
							"pivot": [-1.35, 21.8195, -14.6],
							"rotation": [0, 0, 45],
							"uv": {
								"north": {"uv": [126, 73], "uv_size": [1, 1]},
								"east": {"uv": [126, 75], "uv_size": [1, 1]},
								"south": {"uv": [76, 126], "uv_size": [1, 1]},
								"west": {"uv": [80, 126], "uv_size": [1, 1]},
								"up": {"uv": [86, 126], "uv_size": [1, 1]},
								"down": {"uv": [126, 93], "uv_size": [1, -1]}
							}
						},
						{
							"origin": [-0.52, 21.6, -22.3],
							"size": [1.1, 0.2, 0.8],
							"uv": {
								"north": {"uv": [126, 94], "uv_size": [1, 1]},
								"east": {"uv": [126, 100], "uv_size": [1, 1]},
								"south": {"uv": [67, 138], "uv_size": [-1, -1]},
								"west": {"uv": [126, 102], "uv_size": [1, 1]},
								"up": {"uv": [106, 126], "uv_size": [1, 1]},
								"down": {"uv": [108, 127], "uv_size": [1, -1]}
							}
						},
						{
							"origin": [0.28, 22.26, -22.3],
							"size": [0.2, 0.2, 0.8],
							"pivot": [-0.25, 21.8195, -13.1],
							"rotation": [0, 0, 45],
							"uv": {
								"north": {"uv": [126, 111], "uv_size": [1, 1]},
								"east": {"uv": [126, 113], "uv_size": [1, 1]},
								"south": {"uv": [67, 138], "uv_size": [-1, -1]},
								"west": {"uv": [126, 119], "uv_size": [1, 1]},
								"up": {"uv": [126, 124], "uv_size": [1, 1]},
								"down": {"uv": [126, 127], "uv_size": [1, -1]}
							}
						},
						{
							"origin": [0.28, 22.26, -23.6],
							"size": [0.2, 0.2, 0.6],
							"pivot": [-0.25, 21.8195, -14.6],
							"rotation": [0, 0, 45],
							"uv": {
								"north": {"uv": [0, 127], "uv_size": [1, 1]},
								"east": {"uv": [127, 0], "uv_size": [1, 1]},
								"south": {"uv": [127, 2], "uv_size": [1, 1]},
								"west": {"uv": [4, 127], "uv_size": [1, 1]},
								"up": {"uv": [6, 127], "uv_size": [1, 1]},
								"down": {"uv": [8, 128], "uv_size": [1, -1]}
							}
						},
						{
							"origin": [-0.82, 22.26, -24.9],
							"size": [0.2, 0.2, 0.6],
							"pivot": [-1.35, 21.8195, -15.9],
							"rotation": [0, 0, 45],
							"uv": {
								"north": {"uv": [10, 127], "uv_size": [1, 1]},
								"east": {"uv": [16, 127], "uv_size": [1, 1]},
								"south": {"uv": [22, 127], "uv_size": [1, 1]},
								"west": {"uv": [127, 24], "uv_size": [1, 1]},
								"up": {"uv": [127, 26], "uv_size": [1, 1]},
								"down": {"uv": [28, 128], "uv_size": [1, -1]}
							}
						},
						{
							"origin": [-0.52, 21.6, -24.9],
							"size": [1.1, 0.2, 0.6],
							"uv": {
								"north": {"uv": [30, 127], "uv_size": [1, 1]},
								"east": {"uv": [127, 32], "uv_size": [1, 1]},
								"south": {"uv": [34, 127], "uv_size": [1, 1]},
								"west": {"uv": [38, 127], "uv_size": [1, 1]},
								"up": {"uv": [42, 127], "uv_size": [1, 1]},
								"down": {"uv": [127, 43], "uv_size": [1, -1]}
							}
						},
						{
							"origin": [-0.82, 22.26, -26.2],
							"size": [0.2, 0.2, 0.6],
							"pivot": [-1.35, 21.8195, -17.2],
							"rotation": [0, 0, 45],
							"uv": {
								"north": {"uv": [127, 48], "uv_size": [1, 1]},
								"east": {"uv": [51, 127], "uv_size": [1, 1]},
								"south": {"uv": [56, 127], "uv_size": [1, 1]},
								"west": {"uv": [127, 61], "uv_size": [1, 1]},
								"up": {"uv": [127, 63], "uv_size": [1, 1]},
								"down": {"uv": [65, 128], "uv_size": [1, -1]}
							}
						},
						{
							"origin": [-0.52, 21.6, -26.2],
							"size": [1.1, 0.2, 0.6],
							"uv": {
								"north": {"uv": [127, 65], "uv_size": [1, 1]},
								"east": {"uv": [67, 127], "uv_size": [1, 1]},
								"south": {"uv": [127, 67], "uv_size": [1, 1]},
								"west": {"uv": [69, 127], "uv_size": [1, 1]},
								"up": {"uv": [127, 69], "uv_size": [1, 1]},
								"down": {"uv": [71, 128], "uv_size": [1, -1]}
							}
						},
						{
							"origin": [0.28, 22.26, -24.9],
							"size": [0.2, 0.2, 0.6],
							"pivot": [-0.25, 21.8195, -15.9],
							"rotation": [0, 0, 45],
							"uv": {
								"north": {"uv": [127, 71], "uv_size": [1, 1]},
								"east": {"uv": [73, 127], "uv_size": [1, 1]},
								"south": {"uv": [127, 77], "uv_size": [1, 1]},
								"west": {"uv": [78, 127], "uv_size": [1, 1]},
								"up": {"uv": [127, 79], "uv_size": [1, 1]},
								"down": {"uv": [127, 82], "uv_size": [1, -1]}
							}
						},
						{
							"origin": [0.28, 22.26, -26.2],
							"size": [0.2, 0.2, 0.6],
							"pivot": [-0.25, 21.8195, -17.2],
							"rotation": [0, 0, 45],
							"uv": {
								"north": {"uv": [82, 127], "uv_size": [1, 1]},
								"east": {"uv": [127, 83], "uv_size": [1, 1]},
								"south": {"uv": [84, 127], "uv_size": [1, 1]},
								"west": {"uv": [127, 85], "uv_size": [1, 1]},
								"up": {"uv": [127, 87], "uv_size": [1, 1]},
								"down": {"uv": [88, 128], "uv_size": [1, -1]}
							}
						},
						{
							"origin": [-0.82, 22.26, -27.5],
							"size": [0.2, 0.2, 0.6],
							"pivot": [-1.35, 21.8195, -18.5],
							"rotation": [0, 0, 45],
							"uv": {
								"north": {"uv": [127, 89], "uv_size": [1, 1]},
								"east": {"uv": [90, 127], "uv_size": [1, 1]},
								"south": {"uv": [92, 127], "uv_size": [1, 1]},
								"west": {"uv": [94, 127], "uv_size": [1, 1]},
								"up": {"uv": [96, 127], "uv_size": [1, 1]},
								"down": {"uv": [127, 97], "uv_size": [1, -1]}
							}
						},
						{
							"origin": [-2.63, 23.76, -27],
							"size": [0.2, 0.2, 0.6],
							"pivot": [-3.13, 23.298, -18],
							"rotation": [0, 0, 45],
							"uv": {
								"north": {"uv": [98, 127], "uv_size": [1, 1]},
								"east": {"uv": [127, 98], "uv_size": [1, 1]},
								"south": {"uv": [103, 127], "uv_size": [1, 1]},
								"west": {"uv": [127, 104], "uv_size": [1, 1]},
								"up": {"uv": [127, 106], "uv_size": [1, 1]},
								"down": {"uv": [127, 109], "uv_size": [1, -1]}
							}
						},
						{
							"origin": [-2.625, 25.26, -27],
							"size": [0.2, 0.2, 0.6],
							"pivot": [-3.13, 24.8, -18],
							"rotation": [0, 0, 45],
							"uv": {
								"north": {"uv": [110, 127], "uv_size": [1, 1]},
								"east": {"uv": [112, 127], "uv_size": [1, 1]},
								"south": {"uv": [114, 127], "uv_size": [1, 1]},
								"west": {"uv": [127, 115], "uv_size": [1, 1]},
								"up": {"uv": [116, 127], "uv_size": [1, 1]},
								"down": {"uv": [118, 128], "uv_size": [1, -1]}
							}
						},
						{
							"origin": [-0.52, 21.6, -27.5],
							"size": [1.1, 0.2, 0.6],
							"uv": {
								"north": {"uv": [120, 127], "uv_size": [1, 1]},
								"east": {"uv": [127, 121], "uv_size": [1, 1]},
								"south": {"uv": [122, 127], "uv_size": [1, 1]},
								"west": {"uv": [124, 127], "uv_size": [1, 1]},
								"up": {"uv": [2, 128], "uv_size": [1, 1]},
								"down": {"uv": [128, 5], "uv_size": [1, -1]}
							}
						},
						{
							"origin": [-0.82, 22.26, -28.8],
							"size": [0.2, 0.2, 0.6],
							"pivot": [-1.35, 21.8195, -19.8],
							"rotation": [0, 0, 45],
							"uv": {
								"north": {"uv": [128, 6], "uv_size": [1, 1]},
								"east": {"uv": [128, 8], "uv_size": [1, 1]},
								"south": {"uv": [128, 10], "uv_size": [1, 1]},
								"west": {"uv": [12, 128], "uv_size": [1, 1]},
								"up": {"uv": [128, 12], "uv_size": [1, 1]},
								"down": {"uv": [14, 129], "uv_size": [1, -1]}
							}
						},
						{
							"origin": [-0.52, 21.6, -28.8],
							"size": [1.1, 0.2, 0.6],
							"uv": {
								"north": {"uv": [128, 14], "uv_size": [1, 1]},
								"east": {"uv": [128, 16], "uv_size": [1, 1]},
								"south": {"uv": [18, 128], "uv_size": [1, 1]},
								"west": {"uv": [128, 18], "uv_size": [1, 1]},
								"up": {"uv": [20, 128], "uv_size": [1, 1]},
								"down": {"uv": [128, 21], "uv_size": [1, -1]}
							}
						},
						{
							"origin": [-3.42, 24.6, -27],
							"size": [1.5, 0.2, 0.6],
							"pivot": [-2.85, 24.2, -18],
							"rotation": [0, 0, 90],
							"uv": {
								"north": {"uv": [128, 22], "uv_size": [1, 1]},
								"east": {"uv": [24, 128], "uv_size": [1, 1]},
								"south": {"uv": [26, 128], "uv_size": [1, 1]},
								"west": {"uv": [128, 28], "uv_size": [1, 1]},
								"up": {"uv": [128, 30], "uv_size": [1, 1]},
								"down": {"uv": [32, 129], "uv_size": [1, -1]}
							}
						},
						{
							"origin": [-3.42, 24.6, -28.3],
							"size": [1.5, 0.2, 0.6],
							"pivot": [-2.85, 24.2, -19.3],
							"rotation": [0, 0, 90],
							"uv": {
								"north": {"uv": [128, 34], "uv_size": [1, 1]},
								"east": {"uv": [36, 128], "uv_size": [1, 1]},
								"south": {"uv": [128, 36], "uv_size": [1, 1]},
								"west": {"uv": [128, 38], "uv_size": [1, 1]},
								"up": {"uv": [40, 128], "uv_size": [1, 1]},
								"down": {"uv": [128, 41], "uv_size": [1, -1]}
							}
						},
						{
							"origin": [-2.63, 23.76, -28.3],
							"size": [0.2, 0.2, 0.6],
							"pivot": [-3.13, 23.298, -19.3],
							"rotation": [0, 0, 45],
							"uv": {
								"north": {"uv": [44, 128], "uv_size": [1, 1]},
								"east": {"uv": [128, 44], "uv_size": [1, 1]},
								"south": {"uv": [46, 128], "uv_size": [1, 1]},
								"west": {"uv": [128, 46], "uv_size": [1, 1]},
								"up": {"uv": [48, 128], "uv_size": [1, 1]},
								"down": {"uv": [128, 51], "uv_size": [1, -1]}
							}
						},
						{
							"origin": [-2.625, 25.26, -28.3],
							"size": [0.2, 0.2, 0.6],
							"pivot": [-3.13, 24.8, -19.3],
							"rotation": [0, 0, 45],
							"uv": {
								"north": {"uv": [128, 52], "uv_size": [1, 1]},
								"east": {"uv": [53, 128], "uv_size": [1, 1]},
								"south": {"uv": [128, 54], "uv_size": [1, 1]},
								"west": {"uv": [128, 56], "uv_size": [1, 1]},
								"up": {"uv": [58, 128], "uv_size": [1, 1]},
								"down": {"uv": [128, 59], "uv_size": [1, -1]}
							}
						},
						{
							"origin": [-3.42, 24.6, -29.6],
							"size": [1.5, 0.2, 0.6],
							"pivot": [-2.85, 24.2, -20.6],
							"rotation": [0, 0, 90],
							"uv": {
								"north": {"uv": [60, 128], "uv_size": [1, 1]},
								"east": {"uv": [62, 128], "uv_size": [1, 1]},
								"south": {"uv": [128, 73], "uv_size": [1, 1]},
								"west": {"uv": [75, 128], "uv_size": [1, 1]},
								"up": {"uv": [128, 75], "uv_size": [1, 1]},
								"down": {"uv": [80, 129], "uv_size": [1, -1]}
							}
						},
						{
							"origin": [-2.63, 23.76, -29.6],
							"size": [0.2, 0.2, 0.6],
							"pivot": [-3.13, 23.298, -20.6],
							"rotation": [0, 0, 45],
							"uv": {
								"north": {"uv": [86, 128], "uv_size": [1, 1]},
								"east": {"uv": [128, 91], "uv_size": [1, 1]},
								"south": {"uv": [128, 93], "uv_size": [1, 1]},
								"west": {"uv": [100, 128], "uv_size": [1, 1]},
								"up": {"uv": [128, 100], "uv_size": [1, 1]},
								"down": {"uv": [128, 103], "uv_size": [1, -1]}
							}
						},
						{
							"origin": [-2.625, 25.26, -29.6],
							"size": [0.2, 0.2, 0.6],
							"pivot": [-3.13, 24.8, -20.6],
							"rotation": [0, 0, 45],
							"uv": {
								"north": {"uv": [105, 128], "uv_size": [1, 1]},
								"east": {"uv": [107, 128], "uv_size": [1, 1]},
								"south": {"uv": [128, 110], "uv_size": [1, 1]},
								"west": {"uv": [128, 112], "uv_size": [1, 1]},
								"up": {"uv": [128, 117], "uv_size": [1, 1]},
								"down": {"uv": [128, 120], "uv_size": [1, -1]}
							}
						},
						{
							"origin": [-3.42, 24.6, -30.9],
							"size": [1.5, 0.2, 0.6],
							"pivot": [-2.85, 24.2, -21.9],
							"rotation": [0, 0, 90],
							"uv": {
								"north": {"uv": [128, 123], "uv_size": [1, 1]},
								"east": {"uv": [128, 125], "uv_size": [1, 1]},
								"south": {"uv": [126, 128], "uv_size": [1, 1]},
								"west": {"uv": [128, 127], "uv_size": [1, 1]},
								"up": {"uv": [0, 129], "uv_size": [1, 1]},
								"down": {"uv": [129, 1], "uv_size": [1, -1]}
							}
						},
						{
							"origin": [-2.63, 23.76, -30.9],
							"size": [0.2, 0.2, 0.6],
							"pivot": [-3.13, 23.298, -21.9],
							"rotation": [0, 0, 45],
							"uv": {
								"north": {"uv": [129, 2], "uv_size": [1, 1]},
								"east": {"uv": [4, 129], "uv_size": [1, 1]},
								"south": {"uv": [6, 129], "uv_size": [1, 1]},
								"west": {"uv": [8, 129], "uv_size": [1, 1]},
								"up": {"uv": [10, 129], "uv_size": [1, 1]},
								"down": {"uv": [16, 130], "uv_size": [1, -1]}
							}
						},
						{
							"origin": [-2.625, 25.26, -30.9],
							"size": [0.2, 0.2, 0.6],
							"pivot": [-3.13, 24.8, -21.9],
							"rotation": [0, 0, 45],
							"uv": {
								"north": {"uv": [22, 129], "uv_size": [1, 1]},
								"east": {"uv": [129, 24], "uv_size": [1, 1]},
								"south": {"uv": [129, 26], "uv_size": [1, 1]},
								"west": {"uv": [28, 129], "uv_size": [1, 1]},
								"up": {"uv": [30, 129], "uv_size": [1, 1]},
								"down": {"uv": [129, 33], "uv_size": [1, -1]}
							}
						},
						{
							"origin": [-3.42, 24.6, -32.2],
							"size": [1.5, 0.2, 0.6],
							"pivot": [-2.85, 24.2, -23.2],
							"rotation": [0, 0, 90],
							"uv": {
								"north": {"uv": [34, 129], "uv_size": [1, 1]},
								"east": {"uv": [38, 129], "uv_size": [1, 1]},
								"south": {"uv": [42, 129], "uv_size": [1, 1]},
								"west": {"uv": [129, 42], "uv_size": [1, 1]},
								"up": {"uv": [129, 48], "uv_size": [1, 1]},
								"down": {"uv": [50, 130], "uv_size": [1, -1]}
							}
						},
						{
							"origin": [-2.63, 23.76, -32.2],
							"size": [0.2, 0.2, 0.6],
							"pivot": [-3.13, 23.298, -23.2],
							"rotation": [0, 0, 45],
							"uv": {
								"north": {"uv": [55, 129], "uv_size": [1, 1]},
								"east": {"uv": [129, 60], "uv_size": [1, 1]},
								"south": {"uv": [129, 62], "uv_size": [1, 1]},
								"west": {"uv": [64, 129], "uv_size": [1, 1]},
								"up": {"uv": [129, 64], "uv_size": [1, 1]},
								"down": {"uv": [66, 130], "uv_size": [1, -1]}
							}
						},
						{
							"origin": [-2.625, 25.26, -32.2],
							"size": [0.2, 0.2, 0.6],
							"pivot": [-3.13, 24.8, -23.2],
							"rotation": [0, 0, 45],
							"uv": {
								"north": {"uv": [129, 66], "uv_size": [1, 1]},
								"east": {"uv": [68, 129], "uv_size": [1, 1]},
								"south": {"uv": [129, 68], "uv_size": [1, 1]},
								"west": {"uv": [70, 129], "uv_size": [1, 1]},
								"up": {"uv": [129, 70], "uv_size": [1, 1]},
								"down": {"uv": [72, 130], "uv_size": [1, -1]}
							}
						},
						{
							"origin": [-3.42, 24.6, -33.5],
							"size": [1.5, 0.2, 0.6],
							"pivot": [-2.85, 24.2, -24.5],
							"rotation": [0, 0, 90],
							"uv": {
								"north": {"uv": [77, 129], "uv_size": [1, 1]},
								"east": {"uv": [129, 77], "uv_size": [1, 1]},
								"south": {"uv": [129, 79], "uv_size": [1, 1]},
								"west": {"uv": [129, 81], "uv_size": [1, 1]},
								"up": {"uv": [82, 129], "uv_size": [1, 1]},
								"down": {"uv": [129, 84], "uv_size": [1, -1]}
							}
						},
						{
							"origin": [1.28, 24.6, -33.5],
							"size": [1.5, 0.2, 0.6],
							"pivot": [1.85, 24.2, -24.5],
							"rotation": [0, 0, 90],
							"uv": {
								"north": {"uv": [84, 129], "uv_size": [1, 1]},
								"east": {"uv": [129, 85], "uv_size": [1, 1]},
								"south": {"uv": [129, 87], "uv_size": [1, 1]},
								"west": {"uv": [88, 129], "uv_size": [1, 1]},
								"up": {"uv": [129, 89], "uv_size": [1, 1]},
								"down": {"uv": [90, 130], "uv_size": [1, -1]}
							}
						},
						{
							"origin": [1.28, 24.6, -32.2],
							"size": [1.5, 0.2, 0.6],
							"pivot": [1.85, 24.2, -23.2],
							"rotation": [0, 0, 90],
							"uv": {
								"north": {"uv": [92, 129], "uv_size": [1, 1]},
								"east": {"uv": [94, 129], "uv_size": [1, 1]},
								"south": {"uv": [129, 95], "uv_size": [1, 1]},
								"west": {"uv": [96, 129], "uv_size": [1, 1]},
								"up": {"uv": [129, 97], "uv_size": [1, 1]},
								"down": {"uv": [98, 130], "uv_size": [1, -1]}
							}
						},
						{
							"origin": [1.28, 24.6, -30.9],
							"size": [1.5, 0.2, 0.6],
							"pivot": [1.85, 24.2, -21.9],
							"rotation": [0, 0, 90],
							"uv": {
								"north": {"uv": [102, 129], "uv_size": [1, 1]},
								"east": {"uv": [129, 104], "uv_size": [1, 1]},
								"south": {"uv": [129, 106], "uv_size": [1, 1]},
								"west": {"uv": [129, 108], "uv_size": [1, 1]},
								"up": {"uv": [109, 129], "uv_size": [1, 1]},
								"down": {"uv": [111, 130], "uv_size": [1, -1]}
							}
						},
						{
							"origin": [1.28, 24.6, -29.6],
							"size": [1.5, 0.2, 0.6],
							"pivot": [1.85, 24.2, -20.6],
							"rotation": [0, 0, 90],
							"uv": {
								"north": {"uv": [113, 129], "uv_size": [1, 1]},
								"east": {"uv": [129, 114], "uv_size": [1, 1]},
								"south": {"uv": [115, 129], "uv_size": [1, 1]},
								"west": {"uv": [117, 129], "uv_size": [1, 1]},
								"up": {"uv": [119, 129], "uv_size": [1, 1]},
								"down": {"uv": [121, 130], "uv_size": [1, -1]}
							}
						},
						{
							"origin": [1.28, 24.6, -28.3],
							"size": [1.5, 0.2, 0.6],
							"pivot": [1.85, 24.2, -19.3],
							"rotation": [0, 0, 90],
							"uv": {
								"north": {"uv": [129, 121], "uv_size": [1, 1]},
								"east": {"uv": [123, 129], "uv_size": [1, 1]},
								"south": {"uv": [128, 129], "uv_size": [1, 1]},
								"west": {"uv": [2, 130], "uv_size": [1, 1]},
								"up": {"uv": [130, 4], "uv_size": [1, 1]},
								"down": {"uv": [130, 7], "uv_size": [1, -1]}
							}
						},
						{
							"origin": [1.28, 24.6, -27],
							"size": [1.5, 0.2, 0.6],
							"pivot": [1.85, 24.2, -18],
							"rotation": [0, 0, 90],
							"uv": {
								"north": {"uv": [130, 8], "uv_size": [1, 1]},
								"east": {"uv": [130, 10], "uv_size": [1, 1]},
								"south": {"uv": [12, 130], "uv_size": [1, 1]},
								"west": {"uv": [130, 12], "uv_size": [1, 1]},
								"up": {"uv": [14, 130], "uv_size": [1, 1]},
								"down": {"uv": [130, 15], "uv_size": [1, -1]}
							}
						},
						{
							"origin": [-2.63, 23.76, -33.5],
							"size": [0.2, 0.2, 0.6],
							"pivot": [-3.13, 23.298, -24.5],
							"rotation": [0, 0, 45],
							"uv": {
								"north": {"uv": [130, 16], "uv_size": [1, 1]},
								"east": {"uv": [18, 130], "uv_size": [1, 1]},
								"south": {"uv": [130, 18], "uv_size": [1, 1]},
								"west": {"uv": [20, 130], "uv_size": [1, 1]},
								"up": {"uv": [130, 20], "uv_size": [1, 1]},
								"down": {"uv": [130, 23], "uv_size": [1, -1]}
							}
						},
						{
							"origin": [-2.625, 25.26, -33.5],
							"size": [0.2, 0.2, 0.6],
							"pivot": [-3.13, 24.8, -24.5],
							"rotation": [0, 0, 45],
							"uv": {
								"north": {"uv": [24, 130], "uv_size": [1, 1]},
								"east": {"uv": [26, 130], "uv_size": [1, 1]},
								"south": {"uv": [130, 28], "uv_size": [1, 1]},
								"west": {"uv": [130, 30], "uv_size": [1, 1]},
								"up": {"uv": [32, 130], "uv_size": [1, 1]},
								"down": {"uv": [130, 35], "uv_size": [1, -1]}
							}
						},
						{
							"origin": [1.975, 25.26, -33.5],
							"size": [0.2, 0.2, 0.6],
							"pivot": [1.47, 24.8, -24.5],
							"rotation": [0, 0, 45],
							"uv": {
								"north": {"uv": [36, 130], "uv_size": [1, 1]},
								"east": {"uv": [130, 36], "uv_size": [1, 1]},
								"south": {"uv": [130, 38], "uv_size": [1, 1]},
								"west": {"uv": [40, 130], "uv_size": [1, 1]},
								"up": {"uv": [130, 40], "uv_size": [1, 1]},
								"down": {"uv": [44, 131], "uv_size": [1, -1]}
							}
						},
						{
							"origin": [1.97, 23.76, -33.5],
							"size": [0.2, 0.2, 0.6],
							"pivot": [1.47, 23.298, -24.5],
							"rotation": [0, 0, 45],
							"uv": {
								"north": {"uv": [130, 44], "uv_size": [1, 1]},
								"east": {"uv": [46, 130], "uv_size": [1, 1]},
								"south": {"uv": [130, 46], "uv_size": [1, 1]},
								"west": {"uv": [48, 130], "uv_size": [1, 1]},
								"up": {"uv": [130, 50], "uv_size": [1, 1]},
								"down": {"uv": [52, 131], "uv_size": [1, -1]}
							}
						},
						{
							"origin": [1.975, 25.26, -32.2],
							"size": [0.2, 0.2, 0.6],
							"pivot": [1.47, 24.8, -23.2],
							"rotation": [0, 0, 45],
							"uv": {
								"north": {"uv": [130, 52], "uv_size": [1, 1]},
								"east": {"uv": [130, 54], "uv_size": [1, 1]},
								"south": {"uv": [130, 56], "uv_size": [1, 1]},
								"west": {"uv": [57, 130], "uv_size": [1, 1]},
								"up": {"uv": [130, 58], "uv_size": [1, 1]},
								"down": {"uv": [59, 131], "uv_size": [1, -1]}
							}
						},
						{
							"origin": [1.97, 23.76, -32.2],
							"size": [0.2, 0.2, 0.6],
							"pivot": [1.47, 23.298, -23.2],
							"rotation": [0, 0, 45],
							"uv": {
								"north": {"uv": [61, 130], "uv_size": [1, 1]},
								"east": {"uv": [130, 72], "uv_size": [1, 1]},
								"south": {"uv": [74, 130], "uv_size": [1, 1]},
								"west": {"uv": [130, 74], "uv_size": [1, 1]},
								"up": {"uv": [79, 130], "uv_size": [1, 1]},
								"down": {"uv": [86, 131], "uv_size": [1, -1]}
							}
						},
						{
							"origin": [1.975, 25.26, -30.9],
							"size": [0.2, 0.2, 0.6],
							"pivot": [1.47, 24.8, -21.9],
							"rotation": [0, 0, 45],
							"uv": {
								"north": {"uv": [130, 91], "uv_size": [1, 1]},
								"east": {"uv": [130, 93], "uv_size": [1, 1]},
								"south": {"uv": [130, 99], "uv_size": [1, 1]},
								"west": {"uv": [100, 130], "uv_size": [1, 1]},
								"up": {"uv": [130, 101], "uv_size": [1, 1]},
								"down": {"uv": [104, 131], "uv_size": [1, -1]}
							}
						},
						{
							"origin": [1.97, 23.76, -30.9],
							"size": [0.2, 0.2, 0.6],
							"pivot": [1.47, 23.298, -21.9],
							"rotation": [0, 0, 45],
							"uv": {
								"north": {"uv": [106, 130], "uv_size": [1, 1]},
								"east": {"uv": [130, 110], "uv_size": [1, 1]},
								"south": {"uv": [130, 112], "uv_size": [1, 1]},
								"west": {"uv": [130, 116], "uv_size": [1, 1]},
								"up": {"uv": [130, 118], "uv_size": [1, 1]},
								"down": {"uv": [130, 124], "uv_size": [1, -1]}
							}
						},
						{
							"origin": [1.975, 25.26, -29.6],
							"size": [0.2, 0.2, 0.6],
							"pivot": [1.47, 24.8, -20.6],
							"rotation": [0, 0, 45],
							"uv": {
								"north": {"uv": [125, 130], "uv_size": [1, 1]},
								"east": {"uv": [130, 125], "uv_size": [1, 1]},
								"south": {"uv": [130, 127], "uv_size": [1, 1]},
								"west": {"uv": [130, 129], "uv_size": [1, 1]},
								"up": {"uv": [0, 131], "uv_size": [1, 1]},
								"down": {"uv": [131, 1], "uv_size": [1, -1]}
							}
						},
						{
							"origin": [1.97, 23.76, -29.6],
							"size": [0.2, 0.2, 0.6],
							"pivot": [1.47, 23.298, -20.6],
							"rotation": [0, 0, 45],
							"uv": {
								"north": {"uv": [131, 2], "uv_size": [1, 1]},
								"east": {"uv": [4, 131], "uv_size": [1, 1]},
								"south": {"uv": [6, 131], "uv_size": [1, 1]},
								"west": {"uv": [8, 131], "uv_size": [1, 1]},
								"up": {"uv": [10, 131], "uv_size": [1, 1]},
								"down": {"uv": [16, 132], "uv_size": [1, -1]}
							}
						},
						{
							"origin": [1.975, 25.26, -28.3],
							"size": [0.2, 0.2, 0.6],
							"pivot": [1.47, 24.8, -19.3],
							"rotation": [0, 0, 45],
							"uv": {
								"north": {"uv": [22, 131], "uv_size": [1, 1]},
								"east": {"uv": [131, 24], "uv_size": [1, 1]},
								"south": {"uv": [131, 26], "uv_size": [1, 1]},
								"west": {"uv": [28, 131], "uv_size": [1, 1]},
								"up": {"uv": [30, 131], "uv_size": [1, 1]},
								"down": {"uv": [131, 33], "uv_size": [1, -1]}
							}
						},
						{
							"origin": [1.97, 23.76, -28.3],
							"size": [0.2, 0.2, 0.6],
							"pivot": [1.47, 23.298, -19.3],
							"rotation": [0, 0, 45],
							"uv": {
								"north": {"uv": [34, 131], "uv_size": [1, 1]},
								"east": {"uv": [38, 131], "uv_size": [1, 1]},
								"south": {"uv": [42, 131], "uv_size": [1, 1]},
								"west": {"uv": [131, 42], "uv_size": [1, 1]},
								"up": {"uv": [131, 48], "uv_size": [1, 1]},
								"down": {"uv": [50, 132], "uv_size": [1, -1]}
							}
						},
						{
							"origin": [1.975, 25.26, -27],
							"size": [0.2, 0.2, 0.6],
							"pivot": [1.47, 24.8, -18],
							"rotation": [0, 0, 45],
							"uv": {
								"north": {"uv": [54, 131], "uv_size": [1, 1]},
								"east": {"uv": [131, 60], "uv_size": [1, 1]},
								"south": {"uv": [131, 62], "uv_size": [1, 1]},
								"west": {"uv": [63, 131], "uv_size": [1, 1]},
								"up": {"uv": [131, 64], "uv_size": [1, 1]},
								"down": {"uv": [65, 132], "uv_size": [1, -1]}
							}
						},
						{
							"origin": [1.97, 23.76, -27],
							"size": [0.2, 0.2, 0.6],
							"pivot": [1.47, 23.298, -18],
							"rotation": [0, 0, 45],
							"uv": {
								"north": {"uv": [131, 66], "uv_size": [1, 1]},
								"east": {"uv": [67, 131], "uv_size": [1, 1]},
								"south": {"uv": [131, 68], "uv_size": [1, 1]},
								"west": {"uv": [69, 131], "uv_size": [1, 1]},
								"up": {"uv": [131, 70], "uv_size": [1, 1]},
								"down": {"uv": [71, 132], "uv_size": [1, -1]}
							}
						},
						{
							"origin": [0.28, 22.26, -27.5],
							"size": [0.2, 0.2, 0.6],
							"pivot": [-0.25, 21.8195, -18.5],
							"rotation": [0, 0, 45],
							"uv": {
								"north": {"uv": [76, 131], "uv_size": [1, 1]},
								"east": {"uv": [131, 76], "uv_size": [1, 1]},
								"south": {"uv": [131, 78], "uv_size": [1, 1]},
								"west": {"uv": [131, 80], "uv_size": [1, 1]},
								"up": {"uv": [81, 131], "uv_size": [1, 1]},
								"down": {"uv": [131, 83], "uv_size": [1, -1]}
							}
						},
						{
							"origin": [0.28, 22.26, -28.8],
							"size": [0.2, 0.2, 0.6],
							"pivot": [-0.25, 21.8195, -19.8],
							"rotation": [0, 0, 45],
							"uv": {
								"north": {"uv": [83, 131], "uv_size": [1, 1]},
								"east": {"uv": [131, 84], "uv_size": [1, 1]},
								"south": {"uv": [131, 86], "uv_size": [1, 1]},
								"west": {"uv": [88, 131], "uv_size": [1, 1]},
								"up": {"uv": [131, 88], "uv_size": [1, 1]},
								"down": {"uv": [90, 132], "uv_size": [1, -1]}
							}
						},
						{
							"origin": [-0.82, 22.26, -30.1],
							"size": [0.2, 0.2, 0.6],
							"pivot": [-1.35, 21.8195, -21.1],
							"rotation": [0, 0, 45],
							"uv": {
								"north": {"uv": [92, 131], "uv_size": [1, 1]},
								"east": {"uv": [94, 131], "uv_size": [1, 1]},
								"south": {"uv": [131, 95], "uv_size": [1, 1]},
								"west": {"uv": [96, 131], "uv_size": [1, 1]},
								"up": {"uv": [131, 97], "uv_size": [1, 1]},
								"down": {"uv": [98, 132], "uv_size": [1, -1]}
							}
						},
						{
							"origin": [-0.52, 21.6, -30.1],
							"size": [1.1, 0.2, 0.6],
							"uv": {
								"north": {"uv": [102, 131], "uv_size": [1, 1]},
								"east": {"uv": [131, 103], "uv_size": [1, 1]},
								"south": {"uv": [131, 105], "uv_size": [1, 1]},
								"west": {"uv": [131, 107], "uv_size": [1, 1]},
								"up": {"uv": [108, 131], "uv_size": [1, 1]},
								"down": {"uv": [110, 132], "uv_size": [1, -1]}
							}
						},
						{
							"origin": [-0.82, 22.26, -31.4],
							"size": [0.2, 0.2, 0.6],
							"pivot": [-1.35, 21.8195, -22.4],
							"rotation": [0, 0, 45],
							"uv": {
								"north": {"uv": [112, 131], "uv_size": [1, 1]},
								"east": {"uv": [114, 131], "uv_size": [1, 1]},
								"south": {"uv": [131, 114], "uv_size": [1, 1]},
								"west": {"uv": [116, 131], "uv_size": [1, 1]},
								"up": {"uv": [118, 131], "uv_size": [1, 1]},
								"down": {"uv": [120, 132], "uv_size": [1, -1]}
							}
						},
						{
							"origin": [-0.52, 21.6, -31.4],
							"size": [1.1, 0.2, 0.6],
							"uv": {
								"north": {"uv": [131, 120], "uv_size": [1, 1]},
								"east": {"uv": [122, 131], "uv_size": [1, 1]},
								"south": {"uv": [127, 131], "uv_size": [1, 1]},
								"west": {"uv": [129, 131], "uv_size": [1, 1]},
								"up": {"uv": [131, 131], "uv_size": [1, 1]},
								"down": {"uv": [2, 133], "uv_size": [1, -1]}
							}
						},
						{
							"origin": [0.28, 22.26, -30.1],
							"size": [0.2, 0.2, 0.6],
							"pivot": [-0.25, 21.8195, -21.1],
							"rotation": [0, 0, 45],
							"uv": {
								"north": {"uv": [132, 4], "uv_size": [1, 1]},
								"east": {"uv": [132, 6], "uv_size": [1, 1]},
								"south": {"uv": [132, 8], "uv_size": [1, 1]},
								"west": {"uv": [132, 10], "uv_size": [1, 1]},
								"up": {"uv": [12, 132], "uv_size": [1, 1]},
								"down": {"uv": [132, 13], "uv_size": [1, -1]}
							}
						},
						{
							"origin": [0.28, 22.26, -31.4],
							"size": [0.2, 0.2, 0.6],
							"pivot": [-0.25, 21.8195, -22.4],
							"rotation": [0, 0, 45],
							"uv": {
								"north": {"uv": [14, 132], "uv_size": [1, 1]},
								"east": {"uv": [132, 14], "uv_size": [1, 1]},
								"south": {"uv": [132, 8], "uv_size": [1, 1]},
								"west": {"uv": [18, 132], "uv_size": [1, 1]},
								"up": {"uv": [132, 18], "uv_size": [1, 1]},
								"down": {"uv": [20, 133], "uv_size": [1, -1]}
							}
						},
						{
							"origin": [-0.52, 21.6, -32.7],
							"size": [1.1, 0.2, 0.6],
							"uv": {
								"north": {"uv": [131, 120], "uv_size": [1, 1]},
								"east": {"uv": [122, 131], "uv_size": [1, 1]},
								"south": {"uv": [127, 131], "uv_size": [1, 1]},
								"west": {"uv": [129, 131], "uv_size": [1, 1]},
								"up": {"uv": [131, 131], "uv_size": [1, 1]},
								"down": {"uv": [2, 133], "uv_size": [1, -1]}
							}
						},
						{
							"origin": [-0.82, 22.26, -32.7],
							"size": [0.2, 0.2, 0.6],
							"pivot": [-1.35, 21.8195, -23.7],
							"rotation": [0, 0, 45],
							"uv": {
								"north": {"uv": [112, 131], "uv_size": [1, 1]},
								"east": {"uv": [114, 131], "uv_size": [1, 1]},
								"south": {"uv": [131, 114], "uv_size": [1, 1]},
								"west": {"uv": [116, 131], "uv_size": [1, 1]},
								"up": {"uv": [118, 131], "uv_size": [1, 1]},
								"down": {"uv": [120, 132], "uv_size": [1, -1]}
							}
						},
						{
							"origin": [0.28, 22.26, -32.7],
							"size": [0.2, 0.2, 0.6],
							"pivot": [-0.25, 21.8195, -23.7],
							"rotation": [0, 0, 45],
							"uv": {
								"north": {"uv": [14, 132], "uv_size": [1, 1]},
								"east": {"uv": [132, 14], "uv_size": [1, 1]},
								"south": {"uv": [132, 8], "uv_size": [1, 1]},
								"west": {"uv": [18, 132], "uv_size": [1, 1]},
								"up": {"uv": [132, 18], "uv_size": [1, 1]},
								"down": {"uv": [20, 133], "uv_size": [1, -1]}
							}
						},
						{
							"origin": [-0.52, 21.6, -34],
							"size": [1.1, 0.2, 0.6],
							"uv": {
								"north": {"uv": [131, 120], "uv_size": [1, 1]},
								"east": {"uv": [122, 131], "uv_size": [1, 1]},
								"south": {"uv": [127, 131], "uv_size": [1, 1]},
								"west": {"uv": [129, 131], "uv_size": [1, 1]},
								"up": {"uv": [131, 131], "uv_size": [1, 1]},
								"down": {"uv": [2, 133], "uv_size": [1, -1]}
							}
						},
						{
							"origin": [-0.82, 22.26, -34],
							"size": [0.2, 0.2, 0.6],
							"pivot": [-1.35, 21.8195, -25],
							"rotation": [0, 0, 45],
							"uv": {
								"north": {"uv": [112, 131], "uv_size": [1, 1]},
								"east": {"uv": [114, 131], "uv_size": [1, 1]},
								"south": {"uv": [131, 114], "uv_size": [1, 1]},
								"west": {"uv": [116, 131], "uv_size": [1, 1]},
								"up": {"uv": [118, 131], "uv_size": [1, 1]},
								"down": {"uv": [120, 132], "uv_size": [1, -1]}
							}
						},
						{
							"origin": [0.28, 22.26, -34],
							"size": [0.2, 0.2, 0.6],
							"pivot": [-0.25, 21.8195, -25],
							"rotation": [0, 0, 45],
							"uv": {
								"north": {"uv": [14, 132], "uv_size": [1, 1]},
								"east": {"uv": [132, 14], "uv_size": [1, 1]},
								"south": {"uv": [132, 8], "uv_size": [1, 1]},
								"west": {"uv": [18, 132], "uv_size": [1, 1]},
								"up": {"uv": [132, 18], "uv_size": [1, 1]},
								"down": {"uv": [20, 133], "uv_size": [1, -1]}
							}
						},
						{
							"origin": [-0.52, 21.6, -35.3],
							"size": [1.1, 0.2, 0.6],
							"uv": {
								"north": {"uv": [131, 120], "uv_size": [1, 1]},
								"east": {"uv": [122, 131], "uv_size": [1, 1]},
								"south": {"uv": [127, 131], "uv_size": [1, 1]},
								"west": {"uv": [129, 131], "uv_size": [1, 1]},
								"up": {"uv": [131, 131], "uv_size": [1, 1]},
								"down": {"uv": [2, 133], "uv_size": [1, -1]}
							}
						},
						{
							"origin": [-0.82, 22.26, -35.3],
							"size": [0.2, 0.2, 0.6],
							"pivot": [-1.35, 21.8195, -26.3],
							"rotation": [0, 0, 45],
							"uv": {
								"north": {"uv": [112, 131], "uv_size": [1, 1]},
								"east": {"uv": [114, 131], "uv_size": [1, 1]},
								"south": {"uv": [131, 114], "uv_size": [1, 1]},
								"west": {"uv": [116, 131], "uv_size": [1, 1]},
								"up": {"uv": [118, 131], "uv_size": [1, 1]},
								"down": {"uv": [120, 132], "uv_size": [1, -1]}
							}
						},
						{
							"origin": [0.28, 22.26, -35.3],
							"size": [0.2, 0.2, 0.6],
							"pivot": [-0.25, 21.8195, -26.3],
							"rotation": [0, 0, 45],
							"uv": {
								"north": {"uv": [14, 132], "uv_size": [1, 1]},
								"east": {"uv": [132, 14], "uv_size": [1, 1]},
								"south": {"uv": [132, 8], "uv_size": [1, 1]},
								"west": {"uv": [18, 132], "uv_size": [1, 1]},
								"up": {"uv": [132, 18], "uv_size": [1, 1]},
								"down": {"uv": [20, 133], "uv_size": [1, -1]}
							}
						},
						{
							"origin": [-0.52, 21.6, -36.6],
							"size": [1.1, 0.2, 0.6],
							"uv": {
								"north": {"uv": [131, 120], "uv_size": [1, 1]},
								"east": {"uv": [122, 131], "uv_size": [1, 1]},
								"south": {"uv": [127, 131], "uv_size": [1, 1]},
								"west": {"uv": [129, 131], "uv_size": [1, 1]},
								"up": {"uv": [131, 131], "uv_size": [1, 1]},
								"down": {"uv": [2, 133], "uv_size": [1, -1]}
							}
						},
						{
							"origin": [-0.82, 22.26, -36.6],
							"size": [0.2, 0.2, 0.6],
							"pivot": [-1.35, 21.8195, -27.6],
							"rotation": [0, 0, 45],
							"uv": {
								"north": {"uv": [112, 131], "uv_size": [1, 1]},
								"east": {"uv": [114, 131], "uv_size": [1, 1]},
								"south": {"uv": [131, 114], "uv_size": [1, 1]},
								"west": {"uv": [116, 131], "uv_size": [1, 1]},
								"up": {"uv": [118, 131], "uv_size": [1, 1]},
								"down": {"uv": [120, 132], "uv_size": [1, -1]}
							}
						},
						{
							"origin": [0.28, 22.26, -36.6],
							"size": [0.2, 0.2, 0.6],
							"pivot": [-0.25, 21.8195, -27.6],
							"rotation": [0, 0, 45],
							"uv": {
								"north": {"uv": [14, 132], "uv_size": [1, 1]},
								"east": {"uv": [132, 14], "uv_size": [1, 1]},
								"south": {"uv": [132, 8], "uv_size": [1, 1]},
								"west": {"uv": [18, 132], "uv_size": [1, 1]},
								"up": {"uv": [132, 18], "uv_size": [1, 1]},
								"down": {"uv": [20, 133], "uv_size": [1, -1]}
							}
						},
						{
							"origin": [-0.52, 28.5, -25.6],
							"size": [1.1, 0.2, 0.6],
							"uv": {
								"north": {"uv": [134, 16], "uv_size": [1, 1]},
								"east": {"uv": [18, 134], "uv_size": [1, 1]},
								"south": {"uv": [134, 18], "uv_size": [1, 1]},
								"west": {"uv": [20, 134], "uv_size": [1, 1]},
								"up": {"uv": [134, 20], "uv_size": [1, 1]},
								"down": {"uv": [134, 23], "uv_size": [1, -1]}
							}
						},
						{
							"origin": [-0.82, 29.0625, -25.6],
							"size": [0.2, 0.2, 0.6],
							"pivot": [-1.35, 28.6195, -16.6],
							"rotation": [0, 0, 45],
							"uv": {
								"north": {"uv": [24, 134], "uv_size": [1, 1]},
								"east": {"uv": [26, 134], "uv_size": [1, 1]},
								"south": {"uv": [134, 28], "uv_size": [1, 1]},
								"west": {"uv": [134, 30], "uv_size": [1, 1]},
								"up": {"uv": [32, 134], "uv_size": [1, 1]},
								"down": {"uv": [134, 35], "uv_size": [1, -1]}
							}
						},
						{
							"origin": [-0.52, 28.5, -26.9],
							"size": [1.1, 0.2, 0.6],
							"uv": {
								"north": {"uv": [36, 134], "uv_size": [1, 1]},
								"east": {"uv": [134, 36], "uv_size": [1, 1]},
								"south": {"uv": [134, 38], "uv_size": [1, 1]},
								"west": {"uv": [40, 134], "uv_size": [1, 1]},
								"up": {"uv": [134, 40], "uv_size": [1, 1]},
								"down": {"uv": [44, 135], "uv_size": [1, -1]}
							}
						},
						{
							"origin": [-0.82, 29.0625, -26.9],
							"size": [0.2, 0.2, 0.6],
							"pivot": [-1.35, 28.6195, -17.9],
							"rotation": [0, 0, 45],
							"uv": {
								"north": {"uv": [134, 44], "uv_size": [1, 1]},
								"east": {"uv": [46, 134], "uv_size": [1, 1]},
								"south": {"uv": [134, 46], "uv_size": [1, 1]},
								"west": {"uv": [48, 134], "uv_size": [1, 1]},
								"up": {"uv": [134, 50], "uv_size": [1, 1]},
								"down": {"uv": [52, 135], "uv_size": [1, -1]}
							}
						},
						{
							"origin": [-0.52, 28.5, -28.2],
							"size": [1.1, 0.2, 0.6],
							"uv": {
								"north": {"uv": [134, 52], "uv_size": [1, 1]},
								"east": {"uv": [134, 54], "uv_size": [1, 1]},
								"south": {"uv": [56, 134], "uv_size": [1, 1]},
								"west": {"uv": [134, 56], "uv_size": [1, 1]},
								"up": {"uv": [58, 134], "uv_size": [1, 1]},
								"down": {"uv": [134, 59], "uv_size": [1, -1]}
							}
						},
						{
							"origin": [-0.82, 29.0625, -28.2],
							"size": [0.2, 0.2, 0.6],
							"pivot": [-1.35, 28.6195, -19.2],
							"rotation": [0, 0, 45],
							"uv": {
								"north": {"uv": [60, 134], "uv_size": [1, 1]},
								"east": {"uv": [72, 134], "uv_size": [1, 1]},
								"south": {"uv": [134, 72], "uv_size": [1, 1]},
								"west": {"uv": [134, 74], "uv_size": [1, 1]},
								"up": {"uv": [77, 134], "uv_size": [1, 1]},
								"down": {"uv": [84, 135], "uv_size": [1, -1]}
							}
						},
						{
							"origin": [0.28, 29.0635, -25.6],
							"size": [0.2, 0.2, 0.6],
							"pivot": [-0.25, 28.6195, -16.6],
							"rotation": [0, 0, 45],
							"uv": {
								"north": {"uv": [134, 90], "uv_size": [1, 1]},
								"east": {"uv": [134, 92], "uv_size": [1, 1]},
								"south": {"uv": [134, 98], "uv_size": [1, 1]},
								"west": {"uv": [99, 134], "uv_size": [1, 1]},
								"up": {"uv": [134, 100], "uv_size": [1, 1]},
								"down": {"uv": [104, 135], "uv_size": [1, -1]}
							}
						},
						{
							"origin": [0.28, 29.0635, -26.9],
							"size": [0.2, 0.2, 0.6],
							"pivot": [-0.25, 28.6195, -17.9],
							"rotation": [0, 0, 45],
							"uv": {
								"north": {"uv": [106, 134], "uv_size": [1, 1]},
								"east": {"uv": [134, 109], "uv_size": [1, 1]},
								"south": {"uv": [134, 111], "uv_size": [1, 1]},
								"west": {"uv": [134, 115], "uv_size": [1, 1]},
								"up": {"uv": [134, 117], "uv_size": [1, 1]},
								"down": {"uv": [134, 123], "uv_size": [1, -1]}
							}
						},
						{
							"origin": [0.28, 29.0635, -28.2],
							"size": [0.2, 0.2, 0.6],
							"pivot": [-0.25, 28.6195, -19.2],
							"rotation": [0, 0, 45],
							"uv": {
								"north": {"uv": [124, 134], "uv_size": [1, 1]},
								"east": {"uv": [134, 124], "uv_size": [1, 1]},
								"south": {"uv": [134, 126], "uv_size": [1, 1]},
								"west": {"uv": [134, 128], "uv_size": [1, 1]},
								"up": {"uv": [134, 132], "uv_size": [1, 1]},
								"down": {"uv": [134, 135], "uv_size": [1, -1]}
							}
						},
						{
							"origin": [-0.52, 28.5, -29.5],
							"size": [1.1, 0.2, 0.6],
							"uv": {
								"north": {"uv": [0, 135], "uv_size": [1, 1]},
								"east": {"uv": [135, 0], "uv_size": [1, 1]},
								"south": {"uv": [135, 2], "uv_size": [1, 1]},
								"west": {"uv": [4, 135], "uv_size": [1, 1]},
								"up": {"uv": [6, 135], "uv_size": [1, 1]},
								"down": {"uv": [8, 136], "uv_size": [1, -1]}
							}
						},
						{
							"origin": [-0.82, 29.0625, -29.5],
							"size": [0.2, 0.2, 0.6],
							"pivot": [-1.35, 28.6195, -20.5],
							"rotation": [0, 0, 45],
							"uv": {
								"north": {"uv": [10, 135], "uv_size": [1, 1]},
								"east": {"uv": [16, 135], "uv_size": [1, 1]},
								"south": {"uv": [22, 135], "uv_size": [1, 1]},
								"west": {"uv": [135, 24], "uv_size": [1, 1]},
								"up": {"uv": [135, 26], "uv_size": [1, 1]},
								"down": {"uv": [28, 136], "uv_size": [1, -1]}
							}
						},
						{
							"origin": [-0.52, 28.5, -30.8],
							"size": [1.1, 0.2, 0.6],
							"uv": {
								"north": {"uv": [30, 135], "uv_size": [1, 1]},
								"east": {"uv": [135, 32], "uv_size": [1, 1]},
								"south": {"uv": [34, 135], "uv_size": [1, 1]},
								"west": {"uv": [38, 135], "uv_size": [1, 1]},
								"up": {"uv": [42, 135], "uv_size": [1, 1]},
								"down": {"uv": [135, 43], "uv_size": [1, -1]}
							}
						},
						{
							"origin": [-0.82, 29.0625, -30.8],
							"size": [0.2, 0.2, 0.6],
							"pivot": [-1.35, 28.6195, -21.8],
							"rotation": [0, 0, 45],
							"uv": {
								"north": {"uv": [135, 48], "uv_size": [1, 1]},
								"east": {"uv": [50, 135], "uv_size": [1, 1]},
								"south": {"uv": [54, 135], "uv_size": [1, 1]},
								"west": {"uv": [135, 60], "uv_size": [1, 1]},
								"up": {"uv": [62, 135], "uv_size": [1, 1]},
								"down": {"uv": [135, 63], "uv_size": [1, -1]}
							}
						},
						{
							"origin": [0.28, 29.0635, -29.5],
							"size": [0.2, 0.2, 0.6],
							"pivot": [-0.25, 28.6195, -20.5],
							"rotation": [0, 0, 45],
							"uv": {
								"north": {"uv": [135, 80], "uv_size": [1, 1]},
								"east": {"uv": [81, 135], "uv_size": [1, 1]},
								"south": {"uv": [135, 82], "uv_size": [1, 1]},
								"west": {"uv": [135, 84], "uv_size": [1, 1]},
								"up": {"uv": [86, 135], "uv_size": [1, 1]},
								"down": {"uv": [135, 87], "uv_size": [1, -1]}
							}
						},
						{
							"origin": [0.28, 29.0635, -30.8],
							"size": [0.2, 0.2, 0.6],
							"pivot": [-0.25, 28.6195, -21.8],
							"rotation": [0, 0, 45],
							"uv": {
								"north": {"uv": [88, 135], "uv_size": [1, 1]},
								"east": {"uv": [135, 88], "uv_size": [1, 1]},
								"south": {"uv": [90, 135], "uv_size": [1, 1]},
								"west": {"uv": [92, 135], "uv_size": [1, 1]},
								"up": {"uv": [94, 135], "uv_size": [1, 1]},
								"down": {"uv": [135, 95], "uv_size": [1, -1]}
							}
						},
						{
							"origin": [-0.52, 28.5, -32.1],
							"size": [1.1, 0.2, 0.6],
							"uv": {
								"north": {"uv": [30, 135], "uv_size": [1, 1]},
								"east": {"uv": [135, 32], "uv_size": [1, 1]},
								"south": {"uv": [34, 135], "uv_size": [1, 1]},
								"west": {"uv": [38, 135], "uv_size": [1, 1]},
								"up": {"uv": [42, 135], "uv_size": [1, 1]},
								"down": {"uv": [135, 43], "uv_size": [1, -1]}
							}
						},
						{
							"origin": [-0.82, 29.0625, -32.1],
							"size": [0.2, 0.2, 0.6],
							"pivot": [-1.35, 28.6195, -23.1],
							"rotation": [0, 0, 45],
							"uv": {
								"north": {"uv": [135, 48], "uv_size": [1, 1]},
								"east": {"uv": [50, 135], "uv_size": [1, 1]},
								"south": {"uv": [54, 135], "uv_size": [1, 1]},
								"west": {"uv": [135, 60], "uv_size": [1, 1]},
								"up": {"uv": [62, 135], "uv_size": [1, 1]},
								"down": {"uv": [135, 63], "uv_size": [1, -1]}
							}
						},
						{
							"origin": [0.28, 29.0635, -32.1],
							"size": [0.2, 0.2, 0.6],
							"pivot": [-0.25, 28.6195, -23.1],
							"rotation": [0, 0, 45],
							"uv": {
								"north": {"uv": [88, 135], "uv_size": [1, 1]},
								"east": {"uv": [135, 88], "uv_size": [1, 1]},
								"south": {"uv": [90, 135], "uv_size": [1, 1]},
								"west": {"uv": [92, 135], "uv_size": [1, 1]},
								"up": {"uv": [94, 135], "uv_size": [1, 1]},
								"down": {"uv": [135, 95], "uv_size": [1, -1]}
							}
						},
						{
							"origin": [-0.52, 28.5, -33.4],
							"size": [1.1, 0.2, 0.6],
							"uv": {
								"north": {"uv": [30, 135], "uv_size": [1, 1]},
								"east": {"uv": [135, 32], "uv_size": [1, 1]},
								"south": {"uv": [34, 135], "uv_size": [1, 1]},
								"west": {"uv": [38, 135], "uv_size": [1, 1]},
								"up": {"uv": [42, 135], "uv_size": [1, 1]},
								"down": {"uv": [135, 43], "uv_size": [1, -1]}
							}
						},
						{
							"origin": [-0.82, 29.0625, -33.4],
							"size": [0.2, 0.2, 0.6],
							"pivot": [-1.35, 28.6195, -24.4],
							"rotation": [0, 0, 45],
							"uv": {
								"north": {"uv": [135, 48], "uv_size": [1, 1]},
								"east": {"uv": [50, 135], "uv_size": [1, 1]},
								"south": {"uv": [54, 135], "uv_size": [1, 1]},
								"west": {"uv": [135, 60], "uv_size": [1, 1]},
								"up": {"uv": [62, 135], "uv_size": [1, 1]},
								"down": {"uv": [135, 63], "uv_size": [1, -1]}
							}
						},
						{
							"origin": [0.28, 29.0635, -33.4],
							"size": [0.2, 0.2, 0.6],
							"pivot": [-0.25, 28.6195, -24.4],
							"rotation": [0, 0, 45],
							"uv": {
								"north": {"uv": [88, 135], "uv_size": [1, 1]},
								"east": {"uv": [135, 88], "uv_size": [1, 1]},
								"south": {"uv": [90, 135], "uv_size": [1, 1]},
								"west": {"uv": [92, 135], "uv_size": [1, 1]},
								"up": {"uv": [94, 135], "uv_size": [1, 1]},
								"down": {"uv": [135, 95], "uv_size": [1, -1]}
							}
						},
						{
							"origin": [-0.52, 28.5, -34.7],
							"size": [1.1, 0.2, 0.6],
							"uv": {
								"north": {"uv": [30, 135], "uv_size": [1, 1]},
								"east": {"uv": [135, 32], "uv_size": [1, 1]},
								"south": {"uv": [34, 135], "uv_size": [1, 1]},
								"west": {"uv": [38, 135], "uv_size": [1, 1]},
								"up": {"uv": [42, 135], "uv_size": [1, 1]},
								"down": {"uv": [135, 43], "uv_size": [1, -1]}
							}
						},
						{
							"origin": [-0.82, 29.0625, -34.7],
							"size": [0.2, 0.2, 0.6],
							"pivot": [-1.35, 28.6195, -25.7],
							"rotation": [0, 0, 45],
							"uv": {
								"north": {"uv": [135, 48], "uv_size": [1, 1]},
								"east": {"uv": [50, 135], "uv_size": [1, 1]},
								"south": {"uv": [54, 135], "uv_size": [1, 1]},
								"west": {"uv": [135, 60], "uv_size": [1, 1]},
								"up": {"uv": [62, 135], "uv_size": [1, 1]},
								"down": {"uv": [135, 63], "uv_size": [1, -1]}
							}
						},
						{
							"origin": [0.28, 29.0635, -34.7],
							"size": [0.2, 0.2, 0.6],
							"pivot": [-0.25, 28.6195, -25.7],
							"rotation": [0, 0, 45],
							"uv": {
								"north": {"uv": [88, 135], "uv_size": [1, 1]},
								"east": {"uv": [135, 88], "uv_size": [1, 1]},
								"south": {"uv": [90, 135], "uv_size": [1, 1]},
								"west": {"uv": [92, 135], "uv_size": [1, 1]},
								"up": {"uv": [94, 135], "uv_size": [1, 1]},
								"down": {"uv": [135, 95], "uv_size": [1, -1]}
							}
						},
						{
							"origin": [-0.52, 28.5, -35.9],
							"size": [1.1, 0.2, 0.6],
							"uv": {
								"north": {"uv": [136, 134], "uv_size": [1, 1]},
								"east": {"uv": [136, 136], "uv_size": [1, 1]},
								"south": {"uv": [0, 137], "uv_size": [1, 1]},
								"west": {"uv": [137, 0], "uv_size": [1, 1]},
								"up": {"uv": [137, 2], "uv_size": [1, 1]},
								"down": {"uv": [4, 138], "uv_size": [1, -1]}
							}
						},
						{
							"origin": [-0.82, 29.0625, -35.9],
							"size": [0.2, 0.2, 0.6],
							"pivot": [-1.35, 28.6195, -26.9],
							"rotation": [0, 0, 45],
							"uv": {
								"north": {"uv": [6, 137], "uv_size": [1, 1]},
								"east": {"uv": [8, 137], "uv_size": [1, 1]},
								"south": {"uv": [10, 137], "uv_size": [1, 1]},
								"west": {"uv": [16, 137], "uv_size": [1, 1]},
								"up": {"uv": [22, 137], "uv_size": [1, 1]},
								"down": {"uv": [137, 25], "uv_size": [1, -1]}
							}
						},
						{
							"origin": [0.28, 29.0635, -35.9],
							"size": [0.2, 0.2, 0.6],
							"pivot": [-0.25, 28.6195, -26.9],
							"rotation": [0, 0, 45],
							"uv": {
								"north": {"uv": [62, 137], "uv_size": [1, 1]},
								"east": {"uv": [137, 62], "uv_size": [1, 1]},
								"south": {"uv": [64, 137], "uv_size": [1, 1]},
								"west": {"uv": [137, 64], "uv_size": [1, 1]},
								"up": {"uv": [66, 137], "uv_size": [1, 1]},
								"down": {"uv": [137, 67], "uv_size": [1, -1]}
							}
						},
						{
							"origin": [-0.52, 21.57, -34.537],
							"size": [1.1, 0.258, 0.44],
							"pivot": [-0.15, 21.5, -49.3],
							"rotation": [27, 0, 0],
							"uv": {
								"north": {"uv": [137, 104], "uv_size": [1, 1]},
								"east": {"uv": [137, 106], "uv_size": [1, 1]},
								"south": {"uv": [107, 137], "uv_size": [1, 1]},
								"west": {"uv": [109, 137], "uv_size": [1, 1]},
								"up": {"uv": [111, 137], "uv_size": [1, 1]},
								"down": {"uv": [137, 113], "uv_size": [1, -1]}
							}
						},
						{
							"origin": [1.35, 24.4, -25.77],
							"size": [0.5, 0.7, 2.4],
							"uv": {
								"north": {"uv": [32, 14], "uv_size": [15, 4]},
								"east": {"uv": [32, 14], "uv_size": [15, 4]},
								"south": {"uv": [32, 14], "uv_size": [15, 4]},
								"west": {"uv": [32, 14], "uv_size": [15, 4]},
								"up": {"uv": [47, 18], "uv_size": [-15, -4]},
								"down": {"uv": [47, 18], "uv_size": [-15, -4]}
							}
						},
						{
							"origin": [1.35, 22.2, -25.77],
							"size": [0.5, 1.3, 2.4],
							"uv": {
								"north": {"uv": [32, 14], "uv_size": [15, 4]},
								"east": {"uv": [32, 14], "uv_size": [15, 4]},
								"south": {"uv": [32, 14], "uv_size": [15, 4]},
								"west": {"uv": [32, 14], "uv_size": [15, 4]},
								"up": {"uv": [47, 18], "uv_size": [-15, -4]},
								"down": {"uv": [47, 18], "uv_size": [-15, -4]}
							}
						},
						{
							"origin": [1.35, 24.4, -29.77],
							"size": [0.5, 0.7, 2.4],
							"uv": {
								"north": {"uv": [32, 14], "uv_size": [15, 4]},
								"east": {"uv": [32, 14], "uv_size": [15, 4]},
								"south": {"uv": [32, 14], "uv_size": [15, 4]},
								"west": {"uv": [32, 14], "uv_size": [15, 4]},
								"up": {"uv": [47, 18], "uv_size": [-15, -4]},
								"down": {"uv": [47, 18], "uv_size": [-15, -4]}
							}
						},
						{
							"origin": [1.35, 22.2, -29.77],
							"size": [0.5, 1.3, 2.4],
							"uv": {
								"north": {"uv": [32, 14], "uv_size": [15, 4]},
								"east": {"uv": [32, 14], "uv_size": [15, 4]},
								"south": {"uv": [32, 14], "uv_size": [15, 4]},
								"west": {"uv": [32, 14], "uv_size": [15, 4]},
								"up": {"uv": [47, 18], "uv_size": [-15, -4]},
								"down": {"uv": [47, 18], "uv_size": [-15, -4]}
							}
						},
						{
							"origin": [1.35, 22.2, -27.37],
							"size": [0.5, 2.9, 1.6],
							"uv": {
								"north": {"uv": [32, 14], "uv_size": [15, 4]},
								"east": {"uv": [32, 14], "uv_size": [15, 4]},
								"south": {"uv": [32, 14], "uv_size": [15, 4]},
								"west": {"uv": [32, 14], "uv_size": [15, 4]},
								"up": {"uv": [47, 18], "uv_size": [-15, -4]},
								"down": {"uv": [47, 18], "uv_size": [-15, -4]}
							}
						},
						{
							"origin": [-1.85, 22.2, -25.77],
							"size": [0.5, 1.3, 2.4],
							"uv": {
								"north": {"uv": [32, 14], "uv_size": [15, 4]},
								"east": {"uv": [32, 14], "uv_size": [15, 4]},
								"south": {"uv": [32, 14], "uv_size": [15, 4]},
								"west": {"uv": [32, 14], "uv_size": [15, 4]},
								"up": {"uv": [47, 18], "uv_size": [-15, -4]},
								"down": {"uv": [47, 18], "uv_size": [-15, -4]}
							}
						},
						{
							"origin": [-1.85, 24.4, -25.77],
							"size": [0.5, 0.7, 2.4],
							"uv": {
								"north": {"uv": [32, 14], "uv_size": [15, 4]},
								"east": {"uv": [32, 14], "uv_size": [15, 4]},
								"south": {"uv": [32, 14], "uv_size": [15, 4]},
								"west": {"uv": [32, 14], "uv_size": [15, 4]},
								"up": {"uv": [47, 18], "uv_size": [-15, -4]},
								"down": {"uv": [47, 18], "uv_size": [-15, -4]}
							}
						},
						{
							"origin": [-1.85, 22.2, -27.37],
							"size": [0.5, 2.9, 1.6],
							"uv": {
								"north": {"uv": [32, 14], "uv_size": [15, 4]},
								"east": {"uv": [32, 14], "uv_size": [15, 4]},
								"south": {"uv": [32, 14], "uv_size": [15, 4]},
								"west": {"uv": [32, 14], "uv_size": [15, 4]},
								"up": {"uv": [47, 18], "uv_size": [-15, -4]},
								"down": {"uv": [47, 18], "uv_size": [-15, -4]}
							}
						},
						{
							"origin": [-1.85, 22.2, -29.77],
							"size": [0.5, 1.3, 2.4],
							"uv": {
								"north": {"uv": [32, 14], "uv_size": [15, 4]},
								"east": {"uv": [32, 14], "uv_size": [15, 4]},
								"south": {"uv": [32, 14], "uv_size": [15, 4]},
								"west": {"uv": [32, 14], "uv_size": [15, 4]},
								"up": {"uv": [47, 18], "uv_size": [-15, -4]},
								"down": {"uv": [47, 18], "uv_size": [-15, -4]}
							}
						},
						{
							"origin": [-1.85, 24.4, -29.77],
							"size": [0.5, 0.7, 2.4],
							"uv": {
								"north": {"uv": [32, 14], "uv_size": [15, 4]},
								"east": {"uv": [32, 14], "uv_size": [15, 4]},
								"south": {"uv": [32, 14], "uv_size": [15, 4]},
								"west": {"uv": [32, 14], "uv_size": [15, 4]},
								"up": {"uv": [47, 18], "uv_size": [-15, -4]},
								"down": {"uv": [47, 18], "uv_size": [-15, -4]}
							}
						},
						{
							"origin": [-1.85, 22.2, -31.37],
							"size": [0.5, 2.9, 1.6],
							"uv": {
								"north": {"uv": [32, 14], "uv_size": [15, 4]},
								"east": {"uv": [32, 14], "uv_size": [15, 4]},
								"south": {"uv": [32, 14], "uv_size": [15, 4]},
								"west": {"uv": [32, 14], "uv_size": [15, 4]},
								"up": {"uv": [47, 18], "uv_size": [-15, -4]},
								"down": {"uv": [47, 18], "uv_size": [-15, -4]}
							}
						},
						{
							"origin": [-1.85, 22.2, -33.77],
							"size": [0.5, 1.3, 2.4],
							"uv": {
								"north": {"uv": [32, 14], "uv_size": [15, 4]},
								"east": {"uv": [32, 14], "uv_size": [15, 4]},
								"south": {"uv": [32, 14], "uv_size": [15, 4]},
								"west": {"uv": [32, 14], "uv_size": [15, 4]},
								"up": {"uv": [47, 18], "uv_size": [-15, -4]},
								"down": {"uv": [47, 18], "uv_size": [-15, -4]}
							}
						},
						{
							"origin": [-1.85, 24.4, -33.77],
							"size": [0.5, 0.7, 2.4],
							"uv": {
								"north": {"uv": [32, 14], "uv_size": [15, 4]},
								"east": {"uv": [32, 14], "uv_size": [15, 4]},
								"south": {"uv": [32, 14], "uv_size": [15, 4]},
								"west": {"uv": [32, 14], "uv_size": [15, 4]},
								"up": {"uv": [47, 18], "uv_size": [-15, -4]},
								"down": {"uv": [47, 18], "uv_size": [-15, -4]}
							}
						},
						{
							"origin": [-1.85, 22.2, -36.67],
							"size": [0.5, 2.9, 2.9],
							"uv": {
								"north": {"uv": [32, 14], "uv_size": [15, 4]},
								"east": {"uv": [32, 14], "uv_size": [15, 4]},
								"south": {"uv": [32, 14], "uv_size": [15, 4]},
								"west": {"uv": [32, 14], "uv_size": [15, 4]},
								"up": {"uv": [47, 18], "uv_size": [-15, -4]},
								"down": {"uv": [47, 18], "uv_size": [-15, -4]}
							}
						},
						{
							"origin": [-1.35, 22.2, -36.67],
							"size": [2.7, 0.4, 9.3],
							"uv": {
								"north": {"uv": [32, 14], "uv_size": [15, 4]},
								"east": {"uv": [32, 14], "uv_size": [15, 4]},
								"south": {"uv": [32, 14], "uv_size": [15, 4]},
								"west": {"uv": [32, 14], "uv_size": [15, 4]},
								"up": {"uv": [47, 18], "uv_size": [-15, -4]},
								"down": {"uv": [47, 18], "uv_size": [-15, -4]}
							}
						},
						{
							"origin": [-1.85, 22.2, -23.37],
							"size": [0.5, 2.9, 1.9],
							"uv": {
								"north": {"uv": [32, 14], "uv_size": [15, 4]},
								"east": {"uv": [32, 14], "uv_size": [15, 4]},
								"south": {"uv": [32, 14], "uv_size": [15, 4]},
								"west": {"uv": [32, 14], "uv_size": [15, 4]},
								"up": {"uv": [47, 18], "uv_size": [-15, -4]},
								"down": {"uv": [47, 18], "uv_size": [-15, -4]}
							}
						},
						{
							"origin": [-1.35, 22.2, -28.67],
							"size": [2.7, 0.4, 7.2],
							"uv": {
								"north": {"uv": [32, 14], "uv_size": [15, 4]},
								"east": {"uv": [32, 14], "uv_size": [15, 4]},
								"south": {"uv": [32, 14], "uv_size": [15, 4]},
								"west": {"uv": [32, 14], "uv_size": [15, 4]},
								"up": {"uv": [47, 18], "uv_size": [-15, -4]},
								"down": {"uv": [47, 18], "uv_size": [-15, -4]}
							}
						},
						{
							"origin": [1.35, 22.2, -23.37],
							"size": [0.5, 2.9, 1.9],
							"uv": {
								"north": {"uv": [32, 14], "uv_size": [15, 4]},
								"east": {"uv": [32, 14], "uv_size": [15, 4]},
								"south": {"uv": [32, 14], "uv_size": [15, 4]},
								"west": {"uv": [32, 14], "uv_size": [15, 4]},
								"up": {"uv": [47, 18], "uv_size": [-15, -4]},
								"down": {"uv": [47, 18], "uv_size": [-15, -4]}
							}
						},
						{
							"origin": [1.35, 22.2, -31.37],
							"size": [0.5, 2.9, 1.6],
							"uv": {
								"north": {"uv": [32, 14], "uv_size": [15, 4]},
								"east": {"uv": [32, 14], "uv_size": [15, 4]},
								"south": {"uv": [32, 14], "uv_size": [15, 4]},
								"west": {"uv": [32, 14], "uv_size": [15, 4]},
								"up": {"uv": [47, 18], "uv_size": [-15, -4]},
								"down": {"uv": [47, 18], "uv_size": [-15, -4]}
							}
						},
						{
							"origin": [1.35, 24.4, -33.77],
							"size": [0.5, 0.7, 2.4],
							"uv": {
								"north": {"uv": [32, 14], "uv_size": [15, 4]},
								"east": {"uv": [32, 14], "uv_size": [15, 4]},
								"south": {"uv": [32, 14], "uv_size": [15, 4]},
								"west": {"uv": [32, 14], "uv_size": [15, 4]},
								"up": {"uv": [47, 18], "uv_size": [-15, -4]},
								"down": {"uv": [47, 18], "uv_size": [-15, -4]}
							}
						},
						{
							"origin": [1.35, 22.2, -33.77],
							"size": [0.5, 1.3, 2.4],
							"uv": {
								"north": {"uv": [32, 14], "uv_size": [15, 4]},
								"east": {"uv": [32, 14], "uv_size": [15, 4]},
								"south": {"uv": [32, 14], "uv_size": [15, 4]},
								"west": {"uv": [32, 14], "uv_size": [15, 4]},
								"up": {"uv": [47, 18], "uv_size": [-15, -4]},
								"down": {"uv": [47, 18], "uv_size": [-15, -4]}
							}
						},
						{
							"origin": [1.35, 22.2, -36.67],
							"size": [0.5, 2.9, 2.9],
							"uv": {
								"north": {"uv": [32, 14], "uv_size": [15, 4]},
								"east": {"uv": [32, 14], "uv_size": [15, 4]},
								"south": {"uv": [32, 14], "uv_size": [15, 4]},
								"west": {"uv": [32, 14], "uv_size": [15, 4]},
								"up": {"uv": [47, 18], "uv_size": [-15, -4]},
								"down": {"uv": [47, 18], "uv_size": [-15, -4]}
							}
						},
						{
							"origin": [-2.76, 23.51, 5.4],
							"size": [0.5, 0.5, 2.3],
							"pivot": [-0.26, 23.735, -9],
							"rotation": [-180, 0, 142],
							"uv": {
								"north": {"uv": [32, 14], "uv_size": [15, 4]},
								"east": {"uv": [32, 14], "uv_size": [15, 4]},
								"south": {"uv": [32, 14], "uv_size": [15, 4]},
								"west": {"uv": [32, 14], "uv_size": [15, 4]},
								"up": {"uv": [47, 18], "uv_size": [-15, -4]},
								"down": {"uv": [47, 18], "uv_size": [-15, -4]}
							}
						},
						{
							"origin": [-2.76, 23.51, 4.3],
							"size": [0.5, 1, 1.7],
							"pivot": [-0.26, 23.735, -10.7],
							"rotation": [-180, 0, 142],
							"uv": {
								"north": {"uv": [32, 14], "uv_size": [15, 4]},
								"east": {"uv": [32, 14], "uv_size": [15, 4]},
								"south": {"uv": [32, 14], "uv_size": [15, 4]},
								"west": {"uv": [32, 14], "uv_size": [15, 4]},
								"up": {"uv": [47, 18], "uv_size": [-15, -4]},
								"down": {"uv": [47, 18], "uv_size": [-15, -4]}
							}
						},
						{
							"origin": [-2.76, 23.51, 0.3],
							"size": [0.5, 1, 1.7],
							"pivot": [-0.26, 23.735, -14.7],
							"rotation": [-180, 0, 142],
							"uv": {
								"north": {"uv": [32, 14], "uv_size": [15, 4]},
								"east": {"uv": [32, 14], "uv_size": [15, 4]},
								"south": {"uv": [32, 14], "uv_size": [15, 4]},
								"west": {"uv": [32, 14], "uv_size": [15, 4]},
								"up": {"uv": [47, 18], "uv_size": [-15, -4]},
								"down": {"uv": [47, 18], "uv_size": [-15, -4]}
							}
						},
						{
							"origin": [-2.76, 23.51, 1],
							"size": [0.5, 0.5, 2.3],
							"pivot": [-0.26, 23.735, -13.2],
							"rotation": [-180, 0, 142],
							"uv": {
								"north": {"uv": [32, 14], "uv_size": [15, 4]},
								"east": {"uv": [32, 14], "uv_size": [15, 4]},
								"south": {"uv": [32, 14], "uv_size": [15, 4]},
								"west": {"uv": [32, 14], "uv_size": [15, 4]},
								"up": {"uv": [47, 18], "uv_size": [-15, -4]},
								"down": {"uv": [47, 18], "uv_size": [-15, -4]}
							}
						},
						{
							"origin": [-2.76, 23.51, -3.7],
							"size": [0.5, 1, 2.5],
							"pivot": [-0.26, 23.735, -18.7],
							"rotation": [-180, 0, 142],
							"uv": {
								"north": {"uv": [32, 14], "uv_size": [15, 4]},
								"east": {"uv": [32, 14], "uv_size": [15, 4]},
								"south": {"uv": [32, 14], "uv_size": [15, 4]},
								"west": {"uv": [32, 14], "uv_size": [15, 4]},
								"up": {"uv": [47, 18], "uv_size": [-15, -4]},
								"down": {"uv": [47, 18], "uv_size": [-15, -4]}
							}
						},
						{
							"origin": [-2.76, 23.51, -3],
							"size": [0.5, 0.5, 2.3],
							"pivot": [-0.26, 23.735, -17.2],
							"rotation": [-180, 0, 142],
							"uv": {
								"north": {"uv": [32, 14], "uv_size": [15, 4]},
								"east": {"uv": [32, 14], "uv_size": [15, 4]},
								"south": {"uv": [32, 14], "uv_size": [15, 4]},
								"west": {"uv": [32, 14], "uv_size": [15, 4]},
								"up": {"uv": [47, 18], "uv_size": [-15, -4]},
								"down": {"uv": [47, 18], "uv_size": [-15, -4]}
							}
						},
						{
							"origin": [-2.76, 23.51, 59.2],
							"size": [0.4, 0.3, 0.47],
							"pivot": [-0.26, 23.735, 11.5],
							"rotation": [-180, 0, 142],
							"uv": {
								"north": {"uv": [32, 14], "uv_size": [15, 4]},
								"east": {"uv": [32, 14], "uv_size": [15, 4]},
								"south": {"uv": [32, 14], "uv_size": [15, 4]},
								"west": {"uv": [32, 14], "uv_size": [15, 4]},
								"up": {"uv": [47, 18], "uv_size": [-15, -4]},
								"down": {"uv": [47, 18], "uv_size": [-15, -4]}
							}
						},
						{
							"origin": [-4.99, 26.9, -25.7],
							"size": [0.5, 0.57, 2.3],
							"pivot": [-2.76, 26.74, -39.4],
							"rotation": [0, 0, -142],
							"uv": {
								"north": {"uv": [32, 14], "uv_size": [15, 4]},
								"east": {"uv": [32, 14], "uv_size": [15, 4]},
								"south": {"uv": [32, 14], "uv_size": [15, 4]},
								"west": {"uv": [32, 14], "uv_size": [15, 4]},
								"up": {"uv": [47, 18], "uv_size": [-15, -4]},
								"down": {"uv": [47, 18], "uv_size": [-15, -4]}
							}
						},
						{
							"origin": [-4.99, 26.4, -27.4],
							"size": [0.5, 1.07, 1.7],
							"pivot": [-2.76, 26.74, -41.7],
							"rotation": [0, 0, -142],
							"uv": {
								"north": {"uv": [32, 14], "uv_size": [15, 4]},
								"east": {"uv": [32, 14], "uv_size": [15, 4]},
								"south": {"uv": [32, 14], "uv_size": [15, 4]},
								"west": {"uv": [32, 14], "uv_size": [15, 4]},
								"up": {"uv": [47, 18], "uv_size": [-15, -4]},
								"down": {"uv": [47, 18], "uv_size": [-15, -4]}
							}
						},
						{
							"origin": [-4.99, 26.4, -31.4],
							"size": [0.5, 1.07, 1.7],
							"pivot": [-2.76, 26.74, -45.7],
							"rotation": [0, 0, -142],
							"uv": {
								"north": {"uv": [32, 14], "uv_size": [15, 4]},
								"east": {"uv": [32, 14], "uv_size": [15, 4]},
								"south": {"uv": [32, 14], "uv_size": [15, 4]},
								"west": {"uv": [32, 14], "uv_size": [15, 4]},
								"up": {"uv": [47, 18], "uv_size": [-15, -4]},
								"down": {"uv": [47, 18], "uv_size": [-15, -4]}
							}
						},
						{
							"origin": [-4.99, 26.9, -29.7],
							"size": [0.5, 0.57, 2.3],
							"pivot": [-2.76, 26.74, -43.4],
							"rotation": [0, 0, -142],
							"uv": {
								"north": {"uv": [32, 14], "uv_size": [15, 4]},
								"east": {"uv": [32, 14], "uv_size": [15, 4]},
								"south": {"uv": [32, 14], "uv_size": [15, 4]},
								"west": {"uv": [32, 14], "uv_size": [15, 4]},
								"up": {"uv": [47, 18], "uv_size": [-15, -4]},
								"down": {"uv": [47, 18], "uv_size": [-15, -4]}
							}
						},
						{
							"origin": [-4.99, 26.4, -36.3],
							"size": [0.5, 1.07, 2.6],
							"pivot": [-2.76, 26.74, -49.7],
							"rotation": [0, 0, -142],
							"uv": {
								"north": {"uv": [32, 14], "uv_size": [15, 4]},
								"east": {"uv": [32, 14], "uv_size": [15, 4]},
								"south": {"uv": [32, 14], "uv_size": [15, 4]},
								"west": {"uv": [32, 14], "uv_size": [15, 4]},
								"up": {"uv": [47, 18], "uv_size": [-15, -4]},
								"down": {"uv": [47, 18], "uv_size": [-15, -4]}
							}
						},
						{
							"origin": [-4.99, 26.9, -33.7],
							"size": [0.5, 0.57, 2.3],
							"pivot": [-2.76, 26.74, -47.4],
							"rotation": [0, 0, -142],
							"uv": {
								"north": {"uv": [32, 14], "uv_size": [15, 4]},
								"east": {"uv": [32, 14], "uv_size": [15, 4]},
								"south": {"uv": [32, 14], "uv_size": [15, 4]},
								"west": {"uv": [32, 14], "uv_size": [15, 4]},
								"up": {"uv": [47, 18], "uv_size": [-15, -4]},
								"down": {"uv": [47, 18], "uv_size": [-15, -4]}
							}
						},
						{
							"origin": [-4.89, 27.17, -36.67],
							"size": [0.4, 0.3, 0.37],
							"pivot": [-2.76, 26.74, -52.3],
							"rotation": [0, 0, -142],
							"uv": {
								"north": {"uv": [32, 14], "uv_size": [15, 4]},
								"east": {"uv": [32, 14], "uv_size": [15, 4]},
								"south": {"uv": [32, 14], "uv_size": [15, 4]},
								"west": {"uv": [32, 14], "uv_size": [15, 4]},
								"up": {"uv": [47, 18], "uv_size": [-15, -4]},
								"down": {"uv": [47, 18], "uv_size": [-15, -4]}
							}
						},
						{
							"origin": [-1.39, 30.7, -35.395],
							"size": [0.4, 1.27, 0.8],
							"pivot": [0.74, 31.24, -50.6],
							"rotation": [21, 0, -142],
							"uv": {
								"north": {"uv": [32, 14], "uv_size": [15, 4]},
								"east": {"uv": [32, 14], "uv_size": [15, 4]},
								"south": {"uv": [32, 14], "uv_size": [15, 4]},
								"west": {"uv": [32, 14], "uv_size": [15, 4]},
								"up": {"uv": [47, 18], "uv_size": [-15, -4]},
								"down": {"uv": [47, 18], "uv_size": [-15, -4]}
							}
						},
						{
							"origin": [-6.39, 28.15, -35.415],
							"size": [0.4, 1.17, 0.8],
							"pivot": [-3.96, 28.64, -50.6],
							"rotation": [21, 0, 142],
							"uv": {
								"north": {"uv": [32, 14], "uv_size": [15, 4]},
								"east": {"uv": [32, 14], "uv_size": [15, 4]},
								"south": {"uv": [32, 14], "uv_size": [15, 4]},
								"west": {"uv": [32, 14], "uv_size": [15, 4]},
								"up": {"uv": [47, 18], "uv_size": [-15, -4]},
								"down": {"uv": [47, 18], "uv_size": [-15, -4]}
							}
						},
						{
							"origin": [-4.61, 27.53, -27.4],
							"size": [0.52, 2.2, 1.7],
							"pivot": [-2.46, 27.64, -41.7],
							"rotation": [0, 0, -167],
							"uv": {
								"north": {"uv": [32, 14], "uv_size": [15, 4]},
								"east": {"uv": [32, 14], "uv_size": [15, 4]},
								"south": {"uv": [32, 14], "uv_size": [15, 4]},
								"west": {"uv": [32, 14], "uv_size": [15, 4]},
								"up": {"uv": [47, 18], "uv_size": [-15, -4]},
								"down": {"uv": [47, 18], "uv_size": [-15, -4]}
							}
						},
						{
							"origin": [-4.61, 27.53, -31.4],
							"size": [0.52, 2.2, 1.7],
							"pivot": [-2.46, 27.64, -45.7],
							"rotation": [0, 0, -167],
							"uv": {
								"north": {"uv": [32, 14], "uv_size": [15, 4]},
								"east": {"uv": [32, 14], "uv_size": [15, 4]},
								"south": {"uv": [32, 14], "uv_size": [15, 4]},
								"west": {"uv": [32, 14], "uv_size": [15, 4]},
								"up": {"uv": [47, 18], "uv_size": [-15, -4]},
								"down": {"uv": [47, 18], "uv_size": [-15, -4]}
							}
						},
						{
							"origin": [-4.61, 27.53, -36.3],
							"size": [0.52, 2.2, 2.6],
							"pivot": [-2.46, 27.64, -47.8],
							"rotation": [0, 0, -167],
							"uv": {
								"north": {"uv": [32, 14], "uv_size": [15, 4]},
								"east": {"uv": [32, 14], "uv_size": [15, 4]},
								"south": {"uv": [32, 14], "uv_size": [15, 4]},
								"west": {"uv": [32, 14], "uv_size": [15, 4]},
								"up": {"uv": [47, 18], "uv_size": [-15, -4]},
								"down": {"uv": [47, 18], "uv_size": [-15, -4]}
							}
						},
						{
							"origin": [-3.62, 24.1, -36.3],
							"size": [0.52, 2.3, 2.6],
							"pivot": [-1.16, 25.44, -38],
							"rotation": [0, 0, 167],
							"uv": {
								"north": {"uv": [32, 14], "uv_size": [15, 4]},
								"east": {"uv": [32, 14], "uv_size": [15, 4]},
								"south": {"uv": [32, 14], "uv_size": [15, 4]},
								"west": {"uv": [32, 14], "uv_size": [15, 4]},
								"up": {"uv": [47, 18], "uv_size": [-15, -4]},
								"down": {"uv": [47, 18], "uv_size": [-15, -4]}
							}
						},
						{
							"origin": [-3.62, 24.1, -31.4],
							"size": [0.52, 2.3, 1.7],
							"pivot": [-1.16, 25.44, -33.1],
							"rotation": [0, 0, 167],
							"uv": {
								"north": {"uv": [32, 14], "uv_size": [15, 4]},
								"east": {"uv": [32, 14], "uv_size": [15, 4]},
								"south": {"uv": [32, 14], "uv_size": [15, 4]},
								"west": {"uv": [32, 14], "uv_size": [15, 4]},
								"up": {"uv": [47, 18], "uv_size": [-15, -4]},
								"down": {"uv": [47, 18], "uv_size": [-15, -4]}
							}
						},
						{
							"origin": [-3.62, 24.1, -27.4],
							"size": [0.52, 2.3, 1.7],
							"pivot": [-1.16, 25.44, -29.1],
							"rotation": [0, 0, 167],
							"uv": {
								"north": {"uv": [32, 14], "uv_size": [15, 4]},
								"east": {"uv": [32, 14], "uv_size": [15, 4]},
								"south": {"uv": [32, 14], "uv_size": [15, 4]},
								"west": {"uv": [32, 14], "uv_size": [15, 4]},
								"up": {"uv": [47, 18], "uv_size": [-15, -4]},
								"down": {"uv": [47, 18], "uv_size": [-15, -4]}
							}
						},
						{
							"origin": [-0.8, 25.8, -36.95],
							"size": [1.6, 1.6, 15.9],
							"inflate": -0.3,
							"pivot": [-0.2, 26.5, -57.15],
							"rotation": [0, 0, -20],
							"uv": {
								"north": {"uv": [37, 106], "uv_size": [2, 2]},
								"east": {"uv": [46, 29], "uv_size": [21, 2]},
								"south": {"uv": [42, 106], "uv_size": [2, 2]},
								"west": {"uv": [52, 26], "uv_size": [21, 2]},
								"up": {"uv": [18, 49], "uv_size": [2, 21]},
								"down": {"uv": [21, 70], "uv_size": [2, -21]}
							}
						},
						{
							"origin": [-0.8, -13.5, -8.05],
							"size": [1.6, 1.6, 2.4],
							"inflate": -0.3,
							"pivot": [-0.2, -12.8, -46.55],
							"rotation": [75, 0, 0],
							"uv": {
								"north": {"uv": [65, 106], "uv_size": [2, 2]},
								"east": {"uv": [68, 106], "uv_size": [2, 2]},
								"south": {"uv": [106, 83], "uv_size": [2, 2]},
								"west": {"uv": [106, 88], "uv_size": [2, 2]},
								"up": {"uv": [89, 106], "uv_size": [2, 2]},
								"down": {"uv": [106, 93], "uv_size": [2, -2]}
							}
						},
						{
							"origin": [-4.85, 27.43, -23.4],
							"size": [0.76, 2.3, 1.9],
							"pivot": [-2.46, 27.64, -37.6],
							"rotation": [0, 0, -167],
							"uv": {
								"north": {"uv": [32, 14], "uv_size": [15, 4]},
								"east": {"uv": [32, 14], "uv_size": [15, 4]},
								"south": {"uv": [32, 14], "uv_size": [15, 4]},
								"west": {"uv": [32, 14], "uv_size": [15, 4]},
								"up": {"uv": [47, 18], "uv_size": [-15, -4]},
								"down": {"uv": [47, 18], "uv_size": [-15, -4]}
							}
						},
						{
							"origin": [-5.19, 26.4, -23.4],
							"size": [0.7, 1.07, 1.9],
							"pivot": [-2.76, 26.74, -33.9],
							"rotation": [0, 0, -142],
							"uv": {
								"north": {"uv": [32, 14], "uv_size": [15, 4]},
								"east": {"uv": [32, 14], "uv_size": [15, 4]},
								"south": {"uv": [32, 14], "uv_size": [15, 4]},
								"west": {"uv": [32, 14], "uv_size": [15, 4]},
								"up": {"uv": [47, 18], "uv_size": [-15, -4]},
								"down": {"uv": [47, 18], "uv_size": [-15, -4]}
							}
						},
						{
							"origin": [-2.76, 23.51, 33.7],
							"size": [0.8, 1, 1.9],
							"pivot": [-0.26, 23.735, 6.1],
							"rotation": [-180, 0, 142],
							"uv": {
								"north": {"uv": [32, 14], "uv_size": [15, 4]},
								"east": {"uv": [32, 14], "uv_size": [15, 4]},
								"south": {"uv": [32, 14], "uv_size": [15, 4]},
								"west": {"uv": [32, 14], "uv_size": [15, 4]},
								"up": {"uv": [47, 18], "uv_size": [-15, -4]},
								"down": {"uv": [47, 18], "uv_size": [-15, -4]}
							}
						},
						{
							"origin": [-3.62, 24, -23.4],
							"size": [0.76, 2.1, 1.9],
							"pivot": [-1.16, 25.44, -25.1],
							"rotation": [0, 0, 167],
							"uv": {
								"north": {"uv": [32, 14], "uv_size": [15, 4]},
								"east": {"uv": [32, 14], "uv_size": [15, 4]},
								"south": {"uv": [32, 14], "uv_size": [15, 4]},
								"west": {"uv": [32, 14], "uv_size": [15, 4]},
								"up": {"uv": [47, 18], "uv_size": [-15, -4]},
								"down": {"uv": [47, 18], "uv_size": [-15, -4]}
							}
						},
						{
							"origin": [-0.52, 28.1, -36.3],
							"size": [1.1, 0.4, 14.8],
							"uv": {
								"north": {"uv": [119, 50], "uv_size": [1, 1]},
								"east": {"uv": [37, 33], "uv_size": [47, 1]},
								"south": {"uv": [54, 119], "uv_size": [1, 1]},
								"west": {"uv": [45, 35], "uv_size": [47, 1]},
								"up": {"uv": [16, 30], "uv_size": [1, 47]},
								"down": {"uv": [45, 84], "uv_size": [1, -47]}
							}
						}
					]
				},
				{
					"name": "_ca_handguard",
					"parent": "main",
					"pivot": [-0.2, 19.95, -28.725],
					"cubes": [
						{"origin": [-0.5, 22.05, -22.425], "size": [1, 1, 1], "uv": [27, 69]}
					]
				}
			]
		}
	]
}