{
	"format_version": "1.12.0",
	"minecraft:geometry": [
		{
			"description": {
				"identifier": "geometry.unknown",
				"texture_width": 128,
				"texture_height": 128,
				"visible_bounds_width": 9,
				"visible_bounds_height": 5,
				"visible_bounds_offset": [0, 0.5, 0]
			},
			"bones": [
				{
					"name": "main",
					"pivot": [0, 20, 0]
				},
				{
					"name": "gun",
					"parent": "main",
					"pivot": [1, 11, -1]
				},
				{
					"name": "stock",
					"parent": "gun",
					"pivot": [0.65, 8.1, 23.4],
					"cubes": [
						{
							"origin": [-1.9, 9.9, 29.1],
							"size": [4, 13.8, 2],
							"uv": {
								"north": {"uv": [63, 42], "uv_size": [3, 14]},
								"east": {"uv": [63, 42], "uv_size": [3, 14]},
								"south": {"uv": [63, 42], "uv_size": [3, 14]},
								"west": {"uv": [63, 42], "uv_size": [3, 14]},
								"up": {"uv": [66, 56], "uv_size": [-3, -14]},
								"down": {"uv": [66, 56], "uv_size": [-3, -14]}
							}
						},
						{
							"origin": [-1.5, 17.9, 13.5],
							"size": [3.2, 4.4, 15.6],
							"uv": {
								"north": {"uv": [82, 45], "uv_size": [6, 3]},
								"east": {"uv": [82, 45], "uv_size": [6, 3]},
								"south": {"uv": [82, 45], "uv_size": [6, 3]},
								"west": {"uv": [82, 45], "uv_size": [6, 3]},
								"up": {"uv": [88, 48], "uv_size": [-6, -3]},
								"down": {"uv": [88, 48], "uv_size": [-6, -3]}
							}
						},
						{
							"origin": [-0.9, 21.7, 23.3],
							"size": [2, 0.6, 1.4],
							"pivot": [0.65, 22.3, 23.3],
							"rotation": [55, 0, 0],
							"uv": {
								"north": {"uv": [82, 45], "uv_size": [6, 3]},
								"east": {"uv": [82, 45], "uv_size": [6, 3]},
								"south": {"uv": [82, 45], "uv_size": [6, 3]},
								"west": {"uv": [82, 45], "uv_size": [6, 3]},
								"up": {"uv": [88, 48], "uv_size": [-6, -3]},
								"down": {"uv": [88, 48], "uv_size": [-6, -3]}
							}
						},
						{
							"origin": [-0.9, 8.5, 28.2],
							"size": [2, 1.5, 10.2],
							"pivot": [0.65, 10, 28.2],
							"rotation": [138, 0, 0],
							"uv": {
								"north": {"uv": [82, 45], "uv_size": [6, 3]},
								"east": {"uv": [82, 45], "uv_size": [6, 3]},
								"south": {"uv": [82, 45], "uv_size": [6, 3]},
								"west": {"uv": [82, 45], "uv_size": [6, 3]},
								"up": {"uv": [88, 48], "uv_size": [-6, -3]},
								"down": {"uv": [88, 48], "uv_size": [-6, -3]}
							}
						},
						{
							"origin": [-0.9, 9.5, 33.1],
							"size": [2, 1.5, 1.9],
							"pivot": [0.65, 11, 24.5],
							"rotation": [138, 0, 0],
							"uv": {
								"north": {"uv": [82, 45], "uv_size": [6, 3]},
								"east": {"uv": [82, 45], "uv_size": [6, 3]},
								"south": {"uv": [82, 45], "uv_size": [6, 3]},
								"west": {"uv": [82, 45], "uv_size": [6, 3]},
								"up": {"uv": [88, 48], "uv_size": [-6, -3]},
								"down": {"uv": [88, 48], "uv_size": [-6, -3]}
							}
						},
						{
							"origin": [-0.9, 22.845, 24.1],
							"size": [2, 0.6, 5.6],
							"uv": {
								"north": {"uv": [82, 45], "uv_size": [6, 3]},
								"east": {"uv": [82, 45], "uv_size": [6, 3]},
								"south": {"uv": [82, 45], "uv_size": [6, 3]},
								"west": {"uv": [82, 45], "uv_size": [6, 3]},
								"up": {"uv": [88, 48], "uv_size": [-6, -3]},
								"down": {"uv": [88, 48], "uv_size": [-6, -3]}
							}
						},
						{
							"origin": [-0.9, 16.745, 18.1],
							"size": [2, 1.2, 11.6],
							"uv": {
								"north": {"uv": [82, 45], "uv_size": [6, 3]},
								"east": {"uv": [82, 45], "uv_size": [6, 3]},
								"south": {"uv": [82, 45], "uv_size": [6, 3]},
								"west": {"uv": [82, 45], "uv_size": [6, 3]},
								"up": {"uv": [88, 48], "uv_size": [-6, -3]},
								"down": {"uv": [88, 48], "uv_size": [-6, -3]}
							}
						},
						{
							"origin": [-1, 16.445, 18.7],
							"size": [2.2, 1.5, 1.2],
							"uv": {
								"north": {"uv": [82, 45], "uv_size": [6, 3]},
								"east": {"uv": [82, 45], "uv_size": [6, 3]},
								"south": {"uv": [82, 45], "uv_size": [6, 3]},
								"west": {"uv": [82, 45], "uv_size": [6, 3]},
								"up": {"uv": [88, 48], "uv_size": [-6, -3]},
								"down": {"uv": [88, 48], "uv_size": [-6, -3]}
							}
						},
						{
							"origin": [-1.1, 16.245, 18.7],
							"size": [2.4, 0.2, 2.25],
							"uv": {
								"north": {"uv": [82, 45], "uv_size": [6, 3]},
								"east": {"uv": [82, 45], "uv_size": [6, 3]},
								"south": {"uv": [82, 45], "uv_size": [6, 3]},
								"west": {"uv": [82, 45], "uv_size": [6, 3]},
								"up": {"uv": [88, 48], "uv_size": [-6, -3]},
								"down": {"uv": [88, 48], "uv_size": [-6, -3]}
							}
						},
						{
							"origin": [1.3, 16.245, 18.7],
							"size": [0.2, 0.9, 2.45],
							"uv": {
								"north": {"uv": [82, 45], "uv_size": [6, 3]},
								"east": {"uv": [82, 45], "uv_size": [6, 3]},
								"south": {"uv": [82, 45], "uv_size": [6, 3]},
								"west": {"uv": [82, 45], "uv_size": [6, 3]},
								"up": {"uv": [88, 48], "uv_size": [-6, -3]},
								"down": {"uv": [88, 48], "uv_size": [-6, -3]}
							}
						},
						{
							"origin": [-1.3, 16.245, 18.7],
							"size": [0.2, 0.9, 2.45],
							"uv": {
								"north": {"uv": [82, 45], "uv_size": [6, 3]},
								"east": {"uv": [82, 45], "uv_size": [6, 3]},
								"south": {"uv": [82, 45], "uv_size": [6, 3]},
								"west": {"uv": [82, 45], "uv_size": [6, 3]},
								"up": {"uv": [88, 48], "uv_size": [-6, -3]},
								"down": {"uv": [88, 48], "uv_size": [-6, -3]}
							}
						},
						{
							"origin": [-0.9, 10, 28.2],
							"size": [2, 6.8, 0.9],
							"uv": {
								"north": {"uv": [82, 45], "uv_size": [6, 3]},
								"east": {"uv": [82, 45], "uv_size": [6, 3]},
								"south": {"uv": [82, 45], "uv_size": [6, 3]},
								"west": {"uv": [82, 45], "uv_size": [6, 3]},
								"up": {"uv": [88, 48], "uv_size": [-6, -3]},
								"down": {"uv": [88, 48], "uv_size": [-6, -3]}
							}
						},
						{
							"origin": [-1.6, 18.5, 22.2],
							"size": [3.4, 3.2, 6.9],
							"uv": {
								"north": {"uv": [82, 45], "uv_size": [6, 3]},
								"east": {"uv": [82, 45], "uv_size": [6, 3]},
								"south": {"uv": [82, 45], "uv_size": [6, 3]},
								"west": {"uv": [82, 45], "uv_size": [6, 3]},
								"up": {"uv": [88, 48], "uv_size": [-6, -3]},
								"down": {"uv": [88, 48], "uv_size": [-6, -3]}
							}
						},
						{
							"origin": [-1.7, 20.9, 22.2],
							"size": [3.6, 0.8, 6.9],
							"uv": {
								"north": {"uv": [82, 45], "uv_size": [6, 3]},
								"east": {"uv": [82, 45], "uv_size": [6, 3]},
								"south": {"uv": [82, 45], "uv_size": [6, 3]},
								"west": {"uv": [82, 45], "uv_size": [6, 3]},
								"up": {"uv": [88, 48], "uv_size": [-6, -3]},
								"down": {"uv": [88, 48], "uv_size": [-6, -3]}
							}
						},
						{
							"origin": [-1.7, 18.4, 22.2],
							"size": [3.6, 0.8, 6.9],
							"uv": {
								"north": {"uv": [82, 45], "uv_size": [6, 3]},
								"east": {"uv": [82, 45], "uv_size": [6, 3]},
								"south": {"uv": [82, 45], "uv_size": [6, 3]},
								"west": {"uv": [82, 45], "uv_size": [6, 3]},
								"up": {"uv": [88, 48], "uv_size": [-6, -3]},
								"down": {"uv": [88, 48], "uv_size": [-6, -3]}
							}
						},
						{
							"origin": [-1.7, 19.6, 22.2],
							"size": [3.6, 0.9, 6.9],
							"uv": {
								"north": {"uv": [82, 45], "uv_size": [6, 3]},
								"east": {"uv": [82, 45], "uv_size": [6, 3]},
								"south": {"uv": [82, 45], "uv_size": [6, 3]},
								"west": {"uv": [82, 45], "uv_size": [6, 3]},
								"up": {"uv": [88, 48], "uv_size": [-6, -3]},
								"down": {"uv": [88, 48], "uv_size": [-6, -3]}
							}
						}
					]
				},
				{
					"name": "bone16",
					"parent": "stock",
					"pivot": [0.15, 16.4, 20.7],
					"rotation": [-42, 0, 0],
					"cubes": [
						{
							"origin": [-1.1, 16.345, 20.73],
							"size": [2.4, 0.2, 2.3],
							"uv": {
								"north": {"uv": [82, 45], "uv_size": [6, 3]},
								"east": {"uv": [82, 45], "uv_size": [6, 3]},
								"south": {"uv": [82, 45], "uv_size": [6, 3]},
								"west": {"uv": [82, 45], "uv_size": [6, 3]},
								"up": {"uv": [88, 48], "uv_size": [-6, -3]},
								"down": {"uv": [88, 48], "uv_size": [-6, -3]}
							}
						},
						{
							"origin": [-1.3, 16.345, 20.53],
							"size": [0.2, 0.9, 2.8],
							"uv": {
								"north": {"uv": [82, 45], "uv_size": [6, 3]},
								"east": {"uv": [82, 45], "uv_size": [6, 3]},
								"south": {"uv": [82, 45], "uv_size": [6, 3]},
								"west": {"uv": [82, 45], "uv_size": [6, 3]},
								"up": {"uv": [88, 48], "uv_size": [-6, -3]},
								"down": {"uv": [88, 48], "uv_size": [-6, -3]}
							}
						},
						{
							"origin": [1.3, 16.345, 20.53],
							"size": [0.2, 0.9, 2.8],
							"uv": {
								"north": {"uv": [82, 45], "uv_size": [6, 3]},
								"east": {"uv": [82, 45], "uv_size": [6, 3]},
								"south": {"uv": [82, 45], "uv_size": [6, 3]},
								"west": {"uv": [82, 45], "uv_size": [6, 3]},
								"up": {"uv": [88, 48], "uv_size": [-6, -3]},
								"down": {"uv": [88, 48], "uv_size": [-6, -3]}
							}
						}
					]
				},
				{
					"name": "bone17",
					"parent": "stock",
					"pivot": [0.15, 14.8, 22.5],
					"rotation": [-68, 0, 0],
					"cubes": [
						{
							"origin": [-1.1, 14.7296, 22.12173],
							"size": [2.4, 0.2, 2.8],
							"uv": {
								"north": {"uv": [82, 45], "uv_size": [6, 3]},
								"east": {"uv": [82, 45], "uv_size": [6, 3]},
								"south": {"uv": [82, 45], "uv_size": [6, 3]},
								"west": {"uv": [82, 45], "uv_size": [6, 3]},
								"up": {"uv": [88, 48], "uv_size": [-6, -3]},
								"down": {"uv": [88, 48], "uv_size": [-6, -3]}
							}
						},
						{
							"origin": [-1.3, 14.7296, 22.32173],
							"size": [0.2, 0.9, 2.6],
							"uv": {
								"north": {"uv": [82, 45], "uv_size": [6, 3]},
								"east": {"uv": [82, 45], "uv_size": [6, 3]},
								"south": {"uv": [82, 45], "uv_size": [6, 3]},
								"west": {"uv": [82, 45], "uv_size": [6, 3]},
								"up": {"uv": [88, 48], "uv_size": [-6, -3]},
								"down": {"uv": [88, 48], "uv_size": [-6, -3]}
							}
						},
						{
							"origin": [1.3, 14.7296, 22.32173],
							"size": [0.2, 0.9, 2.6],
							"uv": {
								"north": {"uv": [82, 45], "uv_size": [6, 3]},
								"east": {"uv": [82, 45], "uv_size": [6, 3]},
								"south": {"uv": [82, 45], "uv_size": [6, 3]},
								"west": {"uv": [82, 45], "uv_size": [6, 3]},
								"up": {"uv": [88, 48], "uv_size": [-6, -3]},
								"down": {"uv": [88, 48], "uv_size": [-6, -3]}
							}
						}
					]
				},
				{
					"name": "stockadapter2",
					"parent": "stock",
					"pivot": [0.65, 18.1, -9],
					"cubes": [
						{
							"origin": [-1.65, 19.1, 6.6],
							"size": [3.5, 4.1, 2.7],
							"pivot": [0.05, 23.2, 6.5],
							"rotation": [-15, 0, 0],
							"uv": {
								"north": {"uv": [81, 78], "uv_size": [4, 5]},
								"east": {"uv": [6, 87], "uv_size": [3, 5]},
								"south": {"uv": [82, 0], "uv_size": [4, 5]},
								"west": {"uv": [40, 87], "uv_size": [3, 5]},
								"up": {"uv": [90, 24], "uv_size": [4, 3]},
								"down": {"uv": [90, 39], "uv_size": [4, -3]}
							}
						},
						{
							"origin": [-1.65, 17.8, 6.7],
							"size": [3.5, 4.7, 2.5],
							"uv": {
								"north": {"uv": [6, 87], "uv_size": [3, 5]},
								"east": {"uv": [6, 87], "uv_size": [3, 5]},
								"south": {"uv": [6, 87], "uv_size": [3, 5]},
								"west": {"uv": [6, 87], "uv_size": [3, 5]},
								"up": {"uv": [9, 92], "uv_size": [-3, -5]},
								"down": {"uv": [9, 92], "uv_size": [-3, -5]}
							}
						},
						{
							"origin": [-1.25, 18.4, 9.2],
							"size": [2.7, 3.6, 20.2],
							"uv": {
								"north": {"uv": [81, 78], "uv_size": [4, 5]},
								"east": {"uv": [6, 87], "uv_size": [3, 5]},
								"south": {"uv": [82, 0], "uv_size": [4, 5]},
								"west": {"uv": [40, 87], "uv_size": [3, 5]},
								"up": {"uv": [90, 24], "uv_size": [4, 3]},
								"down": {"uv": [90, 39], "uv_size": [4, -3]}
							}
						}
					]
				},
				{
					"name": "_ca_stock",
					"parent": "main",
					"pivot": [-0.2, 18.85, 1.475],
					"cubes": [
						{"origin": [-0.45, 20.75, 6.775], "size": [1, 1, 1], "uv": [24, 121]}
					]
				}
			]
		}
	]
}