{
	"format_version": "1.12.0",
	"minecraft:geometry": [
		{
			"description": {
				"identifier": "geometry.unknown",
				"texture_width": 128,
				"texture_height": 128,
				"visible_bounds_width": 8,
				"visible_bounds_height": 4,
				"visible_bounds_offset": [0, 1, 0]
			},
			"bones": [
				{
					"name": "main",
					"pivot": [0, 20, 0]
				},
				{
					"name": "gun",
					"parent": "main",
					"pivot": [1, 11, -1]
				},
				{
					"name": "stock",
					"parent": "gun",
					"pivot": [1.35, 27.8, -5.5],
					"cubes": [
						{
							"origin": [-1.1, 19.18, 8.1],
							"size": [2.3, 1, 2.4],
							"inflate": 0.001,
							"pivot": [-0.65, 21, 20.3],
							"rotation": [-37, 0, 0],
							"uv": {
								"north": {"uv": [88, 17], "uv_size": [3, 3]},
								"east": {"uv": [88, 17], "uv_size": [3, 3]},
								"south": {"uv": [88, 17], "uv_size": [3, 3]},
								"west": {"uv": [88, 17], "uv_size": [3, 3]},
								"up": {"uv": [91, 20], "uv_size": [-3, -3]},
								"down": {"uv": [91, 20], "uv_size": [-3, -3]}
							}
						},
						{
							"origin": [-1.1, 22.1, 11.4],
							"size": [2.3, 1, 2.5],
							"inflate": 0.001,
							"pivot": [-0.65, 23.9, 23.3],
							"rotation": [-16, 0, 0],
							"uv": {
								"north": {"uv": [37, 100], "uv_size": [2, 1]},
								"east": {"uv": [98, 29], "uv_size": [3, 1]},
								"south": {"uv": [100, 37], "uv_size": [2, 1]},
								"west": {"uv": [98, 30], "uv_size": [3, 1]},
								"up": {"uv": [0, 93], "uv_size": [2, 3]},
								"down": {"uv": [11, 96], "uv_size": [2, -3]}
							}
						},
						{
							"origin": [-1.1, 23.4, 13.2],
							"size": [2.3, 1, 2.3],
							"inflate": 0.001,
							"pivot": [-0.65, 25.2, 25.1],
							"rotation": [-7, 0, 0],
							"uv": {
								"north": {"uv": [96, 18], "uv_size": [4, 1]},
								"east": {"uv": [96, 18], "uv_size": [4, 1]},
								"south": {"uv": [96, 18], "uv_size": [4, 1]},
								"west": {"uv": [96, 18], "uv_size": [4, 1]},
								"up": {"uv": [100, 19], "uv_size": [-4, -1]},
								"down": {"uv": [100, 19], "uv_size": [-4, -1]}
							}
						},
						{
							"origin": [-1.1, 25.45454, 15.05083],
							"size": [2.3, 1, 18.8],
							"inflate": 0.001,
							"pivot": [-0.65, 25.5, 34.2],
							"rotation": [2.6, 0, 0],
							"uv": {
								"north": {"uv": [100, 42], "uv_size": [2, 1]},
								"east": {"uv": [82, 59], "uv_size": [12, 1]},
								"south": {"uv": [100, 43], "uv_size": [2, 1]},
								"west": {"uv": [83, 37], "uv_size": [12, 1]},
								"up": {"uv": [20, 68], "uv_size": [2, 12]},
								"down": {"uv": [70, 73], "uv_size": [2, -12]}
							}
						},
						{
							"origin": [-1.1, 10.9, 32.4],
							"size": [2.3, 15.3, 1.4],
							"inflate": 0.001,
							"uv": {
								"north": {"uv": [8, 59], "uv_size": [2, 15]},
								"east": {"uv": [37, 77], "uv_size": [1, 15]},
								"south": {"uv": [10, 59], "uv_size": [2, 15]},
								"west": {"uv": [38, 77], "uv_size": [1, 15]},
								"up": {"uv": [44, 100], "uv_size": [2, 1]},
								"down": {"uv": [100, 45], "uv_size": [2, -1]}
							}
						},
						{
							"origin": [-1.1, 14.6, 17.4],
							"size": [2.3, 4, 1.4],
							"inflate": 0.001,
							"pivot": [0.55, 25.9, 20.4],
							"rotation": [50, 0, 0],
							"uv": {
								"north": {"uv": [87, 89], "uv_size": [2, 4]},
								"east": {"uv": [18, 96], "uv_size": [1, 4]},
								"south": {"uv": [89, 89], "uv_size": [2, 4]},
								"west": {"uv": [32, 96], "uv_size": [1, 4]},
								"up": {"uv": [100, 47], "uv_size": [2, 1]},
								"down": {"uv": [100, 49], "uv_size": [2, -1]}
							}
						},
						{
							"origin": [-1.1, 13.5, 11.6],
							"size": [2.3, 3.4, 1.5],
							"inflate": 0.001,
							"pivot": [0.55, 24.8, 14.7],
							"rotation": [73, 0, 0],
							"uv": {
								"north": {"uv": [93, 64], "uv_size": [2, 3]},
								"east": {"uv": [70, 93], "uv_size": [2, 3]},
								"south": {"uv": [93, 70], "uv_size": [2, 3]},
								"west": {"uv": [93, 73], "uv_size": [2, 3]},
								"up": {"uv": [33, 96], "uv_size": [2, 2]},
								"down": {"uv": [39, 98], "uv_size": [2, -2]}
							}
						},
						{
							"origin": [-1.1, 13.1, 8.5],
							"size": [2.3, 3.7, 1.4],
							"inflate": 0.001,
							"pivot": [0.55, 24.4, 11.6],
							"rotation": [80, 0, 0],
							"uv": {
								"north": {"uv": [90, 2], "uv_size": [2, 4]},
								"east": {"uv": [35, 96], "uv_size": [1, 4]},
								"south": {"uv": [90, 6], "uv_size": [2, 4]},
								"west": {"uv": [41, 96], "uv_size": [1, 4]},
								"up": {"uv": [100, 49], "uv_size": [2, 1]},
								"down": {"uv": [100, 51], "uv_size": [2, -1]}
							}
						},
						{
							"origin": [-1.1, 11.5, 4.1],
							"size": [2.3, 9, 1.4],
							"inflate": 0.001,
							"pivot": [-0.65, 23.1, 7.2],
							"rotation": [90, 0, 0],
							"uv": {
								"north": {"uv": [88, 17], "uv_size": [3, 3]},
								"east": {"uv": [88, 17], "uv_size": [3, 3]},
								"south": {"uv": [88, 17], "uv_size": [3, 3]},
								"west": {"uv": [88, 17], "uv_size": [3, 3]},
								"up": {"uv": [91, 20], "uv_size": [-3, -3]},
								"down": {"uv": [91, 20], "uv_size": [-3, -3]}
							}
						},
						{
							"origin": [-1.1, 21.4, 9.8],
							"size": [2.3, 5, 1.7],
							"inflate": 0.001,
							"uv": {
								"north": {"uv": [88, 17], "uv_size": [3, 3]},
								"east": {"uv": [88, 17], "uv_size": [3, 3]},
								"south": {"uv": [88, 17], "uv_size": [3, 3]},
								"west": {"uv": [88, 17], "uv_size": [3, 3]},
								"up": {"uv": [91, 20], "uv_size": [-3, -3]},
								"down": {"uv": [91, 20], "uv_size": [-3, -3]}
							}
						},
						{
							"origin": [-0.3, 21.4, 11.5],
							"size": [0.7, 4.1, 0.7],
							"inflate": 0.001,
							"uv": {
								"north": {"uv": [44, 96], "uv_size": [1, 4]},
								"east": {"uv": [96, 77], "uv_size": [1, 4]},
								"south": {"uv": [81, 96], "uv_size": [1, 4]},
								"west": {"uv": [82, 96], "uv_size": [1, 4]},
								"up": {"uv": [69, 110], "uv_size": [1, 1]},
								"down": {"uv": [110, 70], "uv_size": [1, -1]}
							}
						},
						{
							"origin": [-0.3, 21.3, 12],
							"size": [0.7, 0.9, 2.5],
							"inflate": 0.001,
							"pivot": [-1.45, 23, 23.9],
							"rotation": [-16, 0, 0],
							"uv": {
								"north": {"uv": [70, 110], "uv_size": [1, 1]},
								"east": {"uv": [57, 98], "uv_size": [3, 1]},
								"south": {"uv": [110, 70], "uv_size": [1, 1]},
								"west": {"uv": [98, 58], "uv_size": [3, 1]},
								"up": {"uv": [30, 98], "uv_size": [1, 3]},
								"down": {"uv": [33, 101], "uv_size": [1, -3]}
							}
						},
						{
							"origin": [-0.3, 22.5, 14.5],
							"size": [0.7, 0.9, 1.9],
							"inflate": 0.001,
							"pivot": [-1.45, 24.2, 26.4],
							"rotation": [-7, 0, 0],
							"uv": {
								"north": {"uv": [71, 110], "uv_size": [1, 1]},
								"east": {"uv": [100, 53], "uv_size": [2, 1]},
								"south": {"uv": [110, 71], "uv_size": [1, 1]},
								"west": {"uv": [100, 54], "uv_size": [2, 1]},
								"up": {"uv": [41, 100], "uv_size": [1, 2]},
								"down": {"uv": [46, 102], "uv_size": [1, -2]}
							}
						},
						{
							"origin": [-0.3, 23.7, 16.2],
							"size": [0.7, 1.3, 6],
							"inflate": 0.001,
							"uv": {
								"north": {"uv": [72, 110], "uv_size": [1, 1]},
								"east": {"uv": [92, 67], "uv_size": [6, 1]},
								"south": {"uv": [110, 72], "uv_size": [1, 1]},
								"west": {"uv": [93, 10], "uv_size": [6, 1]},
								"up": {"uv": [64, 91], "uv_size": [1, 6]},
								"down": {"uv": [19, 98], "uv_size": [1, -6]}
							}
						},
						{
							"origin": [-0.3, 24.7, 21.9],
							"size": [0.7, 1.3, 10.4],
							"inflate": 0.001,
							"pivot": [-0.65, 26.5, 33.5],
							"rotation": [5, 0, 0],
							"uv": {
								"north": {"uv": [73, 110], "uv_size": [1, 1]},
								"east": {"uv": [86, 30], "uv_size": [10, 1]},
								"south": {"uv": [110, 73], "uv_size": [1, 1]},
								"west": {"uv": [86, 31], "uv_size": [10, 1]},
								"up": {"uv": [31, 85], "uv_size": [1, 10]},
								"down": {"uv": [4, 96], "uv_size": [1, -10]}
							}
						},
						{
							"origin": [-0.3, 12.2, 31.5],
							"size": [0.7, 13.1, 0.9],
							"inflate": 0.001,
							"uv": {
								"north": {"uv": [69, 77], "uv_size": [1, 13]},
								"east": {"uv": [32, 80], "uv_size": [1, 13]},
								"south": {"uv": [33, 80], "uv_size": [1, 13]},
								"west": {"uv": [44, 80], "uv_size": [1, 13]},
								"up": {"uv": [74, 110], "uv_size": [1, 1]},
								"down": {"uv": [110, 75], "uv_size": [1, -1]}
							}
						},
						{
							"origin": [-0.3, 12, 29.4],
							"size": [0.7, 6.7, 2.1],
							"inflate": 0.001,
							"uv": {
								"north": {"uv": [56, 90], "uv_size": [1, 7]},
								"east": {"uv": [79, 78], "uv_size": [2, 7]},
								"south": {"uv": [65, 90], "uv_size": [1, 7]},
								"west": {"uv": [20, 80], "uv_size": [2, 7]},
								"up": {"uv": [55, 100], "uv_size": [1, 2]},
								"down": {"uv": [100, 57], "uv_size": [1, -2]}
							}
						},
						{
							"origin": [-0.3, 15.2, 27.6],
							"size": [0.7, 3.5, 1.9],
							"inflate": 0.001,
							"uv": {
								"north": {"uv": [34, 98], "uv_size": [1, 3]},
								"east": {"uv": [87, 93], "uv_size": [2, 3]},
								"south": {"uv": [39, 98], "uv_size": [1, 3]},
								"west": {"uv": [89, 93], "uv_size": [2, 3]},
								"up": {"uv": [56, 100], "uv_size": [1, 2]},
								"down": {"uv": [100, 61], "uv_size": [1, -2]}
							}
						},
						{
							"origin": [-0.3, 17.6, 25.9],
							"size": [0.7, 1.1, 1.6],
							"inflate": 0.001,
							"uv": {
								"north": {"uv": [78, 110], "uv_size": [1, 1]},
								"east": {"uv": [100, 57], "uv_size": [2, 1]},
								"south": {"uv": [110, 78], "uv_size": [1, 1]},
								"west": {"uv": [100, 61], "uv_size": [2, 1]},
								"up": {"uv": [62, 100], "uv_size": [1, 2]},
								"down": {"uv": [100, 64], "uv_size": [1, -2]}
							}
						},
						{
							"origin": [-0.3, 15.2, 17.4],
							"size": [0.7, 3.7, 1.4],
							"inflate": 0.001,
							"pivot": [0.55, 26.9, 20.4],
							"rotation": [50, 0, 0],
							"uv": {
								"north": {"uv": [40, 98], "uv_size": [1, 3]},
								"east": {"uv": [42, 98], "uv_size": [1, 3]},
								"south": {"uv": [43, 98], "uv_size": [1, 3]},
								"west": {"uv": [53, 98], "uv_size": [1, 3]},
								"up": {"uv": [79, 110], "uv_size": [1, 1]},
								"down": {"uv": [110, 80], "uv_size": [1, -1]}
							}
						},
						{
							"origin": [-0.3, 13.7, 11.6],
							"size": [0.7, 4, 1.5],
							"inflate": 0.001,
							"pivot": [0.55, 25.5, 14.7],
							"rotation": [73, 0, 0],
							"uv": {
								"north": {"uv": [83, 96], "uv_size": [1, 4]},
								"east": {"uv": [51, 90], "uv_size": [2, 4]},
								"south": {"uv": [85, 96], "uv_size": [1, 4]},
								"west": {"uv": [53, 90], "uv_size": [2, 4]},
								"up": {"uv": [100, 64], "uv_size": [1, 2]},
								"down": {"uv": [65, 102], "uv_size": [1, -2]}
							}
						},
						{
							"origin": [-0.3, 14, 7.8],
							"size": [0.7, 3.7, 1.4],
							"inflate": 0.001,
							"pivot": [0.55, 25.3, 10.9],
							"rotation": [80, 0, 0],
							"uv": {
								"north": {"uv": [86, 96], "uv_size": [1, 4]},
								"east": {"uv": [87, 96], "uv_size": [1, 4]},
								"south": {"uv": [88, 96], "uv_size": [1, 4]},
								"west": {"uv": [89, 96], "uv_size": [1, 4]},
								"up": {"uv": [80, 110], "uv_size": [1, 1]},
								"down": {"uv": [110, 81], "uv_size": [1, -1]}
							}
						},
						{
							"origin": [-0.3, 12.4, 3.4],
							"size": [0.7, 5.9, 1.4],
							"inflate": 0.001,
							"pivot": [-0.65, 24, 6.5],
							"rotation": [90, 0, 0],
							"uv": {
								"north": {"uv": [30, 92], "uv_size": [1, 6]},
								"east": {"uv": [50, 92], "uv_size": [1, 6]},
								"south": {"uv": [76, 92], "uv_size": [1, 6]},
								"west": {"uv": [36, 93], "uv_size": [1, 6]},
								"up": {"uv": [81, 110], "uv_size": [1, 1]},
								"down": {"uv": [110, 82], "uv_size": [1, -1]}
							}
						},
						{
							"origin": [-0.3, 12.7, 36.8],
							"size": [0.7, 2, 1],
							"inflate": 0.001,
							"pivot": [0.55, 23, 39.8],
							"rotation": [-50, 0, 0],
							"uv": {
								"north": {"uv": [66, 100], "uv_size": [1, 2]},
								"east": {"uv": [100, 66], "uv_size": [1, 2]},
								"south": {"uv": [67, 100], "uv_size": [1, 2]},
								"west": {"uv": [68, 100], "uv_size": [1, 2]},
								"up": {"uv": [82, 110], "uv_size": [1, 1]},
								"down": {"uv": [110, 83], "uv_size": [1, -1]}
							}
						},
						{
							"origin": [-0.3, 21.5, 22.6],
							"size": [0.7, 2, 1.1],
							"inflate": 0.001,
							"pivot": [0.55, 31.9, 25.3],
							"rotation": [50, 0, 0],
							"uv": {
								"north": {"uv": [100, 68], "uv_size": [1, 2]},
								"east": {"uv": [69, 100], "uv_size": [1, 2]},
								"south": {"uv": [70, 100], "uv_size": [1, 2]},
								"west": {"uv": [100, 70], "uv_size": [1, 2]},
								"up": {"uv": [83, 110], "uv_size": [1, 1]},
								"down": {"uv": [110, 84], "uv_size": [1, -1]}
							}
						},
						{
							"origin": [-0.3, 19.9, 4.2],
							"size": [0.7, 1, 0.5],
							"inflate": 0.001,
							"pivot": [0.55, 29.9, 6.3],
							"rotation": [50, 0, 0],
							"uv": {
								"north": {"uv": [84, 110], "uv_size": [1, 1]},
								"east": {"uv": [110, 84], "uv_size": [1, 1]},
								"south": {"uv": [85, 110], "uv_size": [1, 1]},
								"west": {"uv": [110, 85], "uv_size": [1, 1]},
								"up": {"uv": [86, 110], "uv_size": [1, 1]},
								"down": {"uv": [110, 87], "uv_size": [1, -1]}
							}
						},
						{
							"origin": [-0.3, 18.8, 18.4],
							"size": [0.7, 0.9, 0.6],
							"inflate": 0.001,
							"pivot": [0.55, 28.6, 21],
							"rotation": [-50, 0, 0],
							"uv": {
								"north": {"uv": [87, 110], "uv_size": [1, 1]},
								"east": {"uv": [110, 87], "uv_size": [1, 1]},
								"south": {"uv": [88, 110], "uv_size": [1, 1]},
								"west": {"uv": [110, 88], "uv_size": [1, 1]},
								"up": {"uv": [89, 110], "uv_size": [1, 1]},
								"down": {"uv": [110, 90], "uv_size": [1, -1]}
							}
						},
						{
							"origin": [-0.3, 7.3, 4.1],
							"size": [0.7, 3.6, 1.2],
							"inflate": 0.001,
							"pivot": [-0.65, 18.4, 7],
							"rotation": [133, 0, 0],
							"uv": {
								"north": {"uv": [90, 96], "uv_size": [1, 4]},
								"east": {"uv": [94, 96], "uv_size": [1, 4]},
								"south": {"uv": [95, 96], "uv_size": [1, 4]},
								"west": {"uv": [96, 96], "uv_size": [1, 4]},
								"up": {"uv": [90, 110], "uv_size": [1, 1]},
								"down": {"uv": [110, 91], "uv_size": [1, -1]}
							}
						},
						{
							"origin": [-0.3, 0.8, 25.6],
							"size": [0.7, 6, 1.2],
							"inflate": 0.001,
							"pivot": [-0.65, 13.7, 28.5],
							"rotation": [-133, 0, 0],
							"uv": {
								"north": {"uv": [93, 89], "uv_size": [1, 6]},
								"east": {"uv": [94, 0], "uv_size": [1, 6]},
								"south": {"uv": [7, 94], "uv_size": [1, 6]},
								"west": {"uv": [8, 94], "uv_size": [1, 6]},
								"up": {"uv": [91, 110], "uv_size": [1, 1]},
								"down": {"uv": [110, 92], "uv_size": [1, -1]}
							}
						},
						{
							"origin": [-0.3, 18.7, 29.3],
							"size": [0.7, 1.1, 0.6],
							"inflate": 0.001,
							"uv": {
								"north": {"uv": [92, 110], "uv_size": [1, 1]},
								"east": {"uv": [110, 92], "uv_size": [1, 1]},
								"south": {"uv": [93, 110], "uv_size": [1, 1]},
								"west": {"uv": [110, 93], "uv_size": [1, 1]},
								"up": {"uv": [94, 110], "uv_size": [1, 1]},
								"down": {"uv": [110, 95], "uv_size": [1, -1]}
							}
						},
						{
							"origin": [-0.3, 20.1, 30.3],
							"size": [0.7, 0.6, 1.2],
							"inflate": 0.001,
							"uv": {
								"north": {"uv": [95, 110], "uv_size": [1, 1]},
								"east": {"uv": [110, 95], "uv_size": [1, 1]},
								"south": {"uv": [96, 110], "uv_size": [1, 1]},
								"west": {"uv": [110, 96], "uv_size": [1, 1]},
								"up": {"uv": [97, 110], "uv_size": [1, 1]},
								"down": {"uv": [110, 98], "uv_size": [1, -1]}
							}
						},
						{
							"origin": [-0.3, 14.4, 35.8],
							"size": [0.7, 1.3, 0.6],
							"inflate": 0.001,
							"pivot": [0.55, 24.1, 38.4],
							"rotation": [-50, 0, 0],
							"uv": {
								"north": {"uv": [98, 110], "uv_size": [1, 1]},
								"east": {"uv": [110, 98], "uv_size": [1, 1]},
								"south": {"uv": [99, 110], "uv_size": [1, 1]},
								"west": {"uv": [110, 99], "uv_size": [1, 1]},
								"up": {"uv": [100, 110], "uv_size": [1, 1]},
								"down": {"uv": [110, 101], "uv_size": [1, -1]}
							}
						},
						{
							"origin": [-0.6, 20, 10],
							"size": [0.5, 6.9, 1.4],
							"inflate": 0.001,
							"pivot": [1.15, 21.8, 13],
							"rotation": [0, -34, 0],
							"uv": {
								"north": {"uv": [88, 17], "uv_size": [3, 3]},
								"east": {"uv": [88, 17], "uv_size": [3, 3]},
								"south": {"uv": [88, 17], "uv_size": [3, 3]},
								"west": {"uv": [88, 17], "uv_size": [3, 3]},
								"up": {"uv": [91, 20], "uv_size": [-3, -3]},
								"down": {"uv": [91, 20], "uv_size": [-3, -3]}
							}
						},
						{
							"origin": [-0.3, 20, 8.3],
							"size": [1, 6.9, 1.3],
							"inflate": 0.001,
							"pivot": [1.35, 21.8, 11.3],
							"rotation": [0, 35, 0],
							"uv": {
								"north": {"uv": [88, 17], "uv_size": [3, 3]},
								"east": {"uv": [88, 17], "uv_size": [3, 3]},
								"south": {"uv": [88, 17], "uv_size": [3, 3]},
								"west": {"uv": [88, 17], "uv_size": [3, 3]},
								"up": {"uv": [91, 20], "uv_size": [-3, -3]},
								"down": {"uv": [91, 20], "uv_size": [-3, -3]}
							}
						},
						{
							"origin": [-1.1, 13.8, 22.5],
							"size": [2.3, 3.4, 1.5],
							"inflate": 0.001,
							"pivot": [0.55, 24.5, 25.5],
							"rotation": [31, 0, 0],
							"uv": {
								"north": {"uv": [39, 93], "uv_size": [2, 3]},
								"east": {"uv": [41, 93], "uv_size": [2, 3]},
								"south": {"uv": [43, 93], "uv_size": [2, 3]},
								"west": {"uv": [93, 61], "uv_size": [2, 3]},
								"up": {"uv": [96, 25], "uv_size": [2, 2]},
								"down": {"uv": [96, 31], "uv_size": [2, -2]}
							}
						},
						{
							"origin": [-1.1, 11.2, 25.1],
							"size": [2.3, 3.4, 1.5],
							"inflate": 0.001,
							"pivot": [0.55, 21.9, 28.1],
							"rotation": [24, 0, 0],
							"uv": {
								"north": {"uv": [13, 93], "uv_size": [2, 3]},
								"east": {"uv": [15, 93], "uv_size": [2, 3]},
								"south": {"uv": [17, 93], "uv_size": [2, 3]},
								"west": {"uv": [22, 93], "uv_size": [2, 3]},
								"up": {"uv": [22, 96], "uv_size": [2, 2]},
								"down": {"uv": [96, 25], "uv_size": [2, -2]}
							}
						},
						{
							"origin": [-1.1, 10.9, 29.8],
							"size": [2.3, 1.3, 2.6],
							"inflate": 0.001,
							"uv": {
								"north": {"uv": [100, 45], "uv_size": [2, 1]},
								"east": {"uv": [47, 98], "uv_size": [3, 1]},
								"south": {"uv": [100, 46], "uv_size": [2, 1]},
								"west": {"uv": [50, 98], "uv_size": [3, 1]},
								"up": {"uv": [32, 93], "uv_size": [2, 3]},
								"down": {"uv": [34, 96], "uv_size": [2, -3]}
							}
						},
						{
							"origin": [-1.15, 26.85, 9.5],
							"size": [2.5, 1.34, 0.6],
							"inflate": 0.001,
							"uv": {
								"north": {"uv": [88, 17], "uv_size": [3, 3]},
								"east": {"uv": [88, 17], "uv_size": [3, 3]},
								"south": {"uv": [88, 17], "uv_size": [3, 3]},
								"west": {"uv": [88, 17], "uv_size": [3, 3]},
								"up": {"uv": [91, 20], "uv_size": [-3, -3]},
								"down": {"uv": [91, 20], "uv_size": [-3, -3]}
							}
						}
					]
				},
				{
					"name": "_ca_stock",
					"parent": "main",
					"pivot": [-0.2, 21.35, 1.175],
					"cubes": [
						{"origin": [-0.45, 23.45, 9.675], "size": [1, 1, 1], "uv": [27, 69]}
					]
				}
			]
		}
	]
}