{
	"format_version": "1.12.0",
	"minecraft:geometry": [
		{
			"description": {
				"identifier": "geometry.unknown",
				"texture_width": 64,
				"texture_height": 64,
				"visible_bounds_width": 8,
				"visible_bounds_height": 4,
				"visible_bounds_offset": [0, 1, 0]
			},
			"bones": [
				{
					"name": "main",
					"pivot": [0, 20, 6.65]
				},
				{
					"name": "specter",
					"parent": "main",
					"pivot": [0, 26.4, -2.95],
					"cubes": [
						{
							"origin": [-0.9713, 24.8556, -4.41575],
							"size": [1.9173, 0.2596, 2.464],
							"uv": {
								"north": {"uv": [31, 37], "uv_size": [3, 1]},
								"east": {"uv": [47, 5], "uv_size": [4, 1]},
								"south": {"uv": [49, 31], "uv_size": [3, 1]},
								"west": {"uv": [47, 6], "uv_size": [4, 1]},
								"up": {"uv": [26, 5], "uv_size": [3, 4]},
								"down": {"uv": [39, 34], "uv_size": [3, -4]}
							}
						},
						{
							"origin": [-0.7513, 25.0756, -4.41575],
							"size": [1.4773, 1.1396, 6.534],
							"uv": {
								"north": {"uv": [31, 37], "uv_size": [3, 1]},
								"east": {"uv": [47, 5], "uv_size": [4, 1]},
								"south": {"uv": [49, 31], "uv_size": [3, 1]},
								"west": {"uv": [47, 6], "uv_size": [4, 1]},
								"up": {"uv": [26, 5], "uv_size": [3, 4]},
								"down": {"uv": [39, 34], "uv_size": [3, -4]}
							}
						},
						{
							"origin": [-1.0175, 26.114, -4.41575],
							"size": [2.0295, 0.3696, 6.534],
							"uv": {
								"north": {"uv": [31, 37], "uv_size": [3, 1]},
								"east": {"uv": [47, 5], "uv_size": [4, 1]},
								"south": {"uv": [49, 31], "uv_size": [3, 1]},
								"west": {"uv": [47, 6], "uv_size": [4, 1]},
								"up": {"uv": [26, 5], "uv_size": [3, 4]},
								"down": {"uv": [39, 34], "uv_size": [3, -4]}
							}
						},
						{
							"origin": [0.3487, 25.113, -4.41575],
							"size": [0.5973, 0.4796, 6.534],
							"pivot": [0.946, 25.113, -5.29575],
							"rotation": [0, 0, -39],
							"uv": {
								"north": {"uv": [31, 37], "uv_size": [3, 1]},
								"east": {"uv": [47, 5], "uv_size": [4, 1]},
								"south": {"uv": [49, 31], "uv_size": [3, 1]},
								"west": {"uv": [47, 6], "uv_size": [4, 1]},
								"up": {"uv": [26, 5], "uv_size": [3, 4]},
								"down": {"uv": [39, 34], "uv_size": [3, -4]}
							}
						},
						{
							"origin": [-0.946, 25.113, -4.41575],
							"size": [0.5973, 0.4796, 6.534],
							"pivot": [-0.946, 25.113, -5.29575],
							"rotation": [0, 0, 39],
							"uv": {
								"north": {"uv": [34, 37], "uv_size": [-3, 1]},
								"east": {"uv": [51, 6], "uv_size": [-4, 1]},
								"south": {"uv": [52, 31], "uv_size": [-3, 1]},
								"west": {"uv": [51, 5], "uv_size": [-4, 1]},
								"up": {"uv": [29, 5], "uv_size": [-3, 4]},
								"down": {"uv": [42, 34], "uv_size": [-3, -4]}
							}
						},
						{
							"origin": [0.3487, 25.5574, -4.41575],
							"size": [0.5973, 0.5896, 6.534],
							"pivot": [0.946, 26.037, -5.29575],
							"rotation": [0, 0, 39],
							"uv": {
								"north": {"uv": [31, 38], "uv_size": [3, -1]},
								"east": {"uv": [47, 6], "uv_size": [4, -1]},
								"south": {"uv": [49, 32], "uv_size": [3, -1]},
								"west": {"uv": [47, 7], "uv_size": [4, -1]},
								"up": {"uv": [39, 30], "uv_size": [3, 4]},
								"down": {"uv": [26, 9], "uv_size": [3, -4]}
							}
						},
						{
							"origin": [-0.946, 25.5574, -4.41575],
							"size": [0.5973, 0.5896, 6.534],
							"pivot": [-0.946, 26.037, -5.29575],
							"rotation": [0, 0, -39],
							"uv": {
								"north": {"uv": [34, 38], "uv_size": [-3, -1]},
								"east": {"uv": [51, 7], "uv_size": [-4, -1]},
								"south": {"uv": [52, 32], "uv_size": [-3, -1]},
								"west": {"uv": [51, 6], "uv_size": [-4, -1]},
								"up": {"uv": [42, 30], "uv_size": [-3, 4]},
								"down": {"uv": [29, 9], "uv_size": [-3, -4]}
							}
						},
						{
							"origin": [0.6732, 24.552, -2.65575],
							"size": [0.3828, 1.5796, 3.124],
							"uv": {
								"north": {"uv": [40, 49], "uv_size": [3, 1]},
								"east": {"uv": [47, 28], "uv_size": [4, 1]},
								"south": {"uv": [43, 49], "uv_size": [3, 1]},
								"west": {"uv": [47, 30], "uv_size": [4, 1]},
								"up": {"uv": [40, 34], "uv_size": [3, 4]},
								"down": {"uv": [0, 45], "uv_size": [3, -4]}
							}
						},
						{
							"origin": [-0.8668, 24.5256, -4.41575],
							"size": [1.7028, 0.3696, 6.534],
							"uv": {
								"north": {"uv": [40, 49], "uv_size": [3, 1]},
								"east": {"uv": [47, 28], "uv_size": [4, 1]},
								"south": {"uv": [43, 49], "uv_size": [3, 1]},
								"west": {"uv": [47, 30], "uv_size": [4, 1]},
								"up": {"uv": [40, 34], "uv_size": [3, 4]},
								"down": {"uv": [0, 45], "uv_size": [3, -4]}
							}
						},
						{
							"origin": [-1.17146, 24.65984, -2.23551],
							"size": [2.30663, 0.65553, 4.59353],
							"inflate": -0.201,
							"uv": {
								"north": {"uv": [47, 33], "uv_size": [4, 1]},
								"east": {"uv": [43, 29], "uv_size": [7, 1]},
								"south": {"uv": [47, 34], "uv_size": [4, 1]},
								"west": {"uv": [43, 36], "uv_size": [7, 1]},
								"up": {"uv": [23, 33], "uv_size": [4, 7]},
								"down": {"uv": [0, 41], "uv_size": [4, -7]}
							}
						},
						{
							"origin": [-1.4704, 29.2834, -4.72565],
							"size": [2.8572, 1.018, 7.4299],
							"inflate": -0.3,
							"uv": {
								"north": {"uv": [27, 39], "uv_size": [1.1, 1]},
								"east": {"uv": [27, 30], "uv_size": [5.1, 7]},
								"south": {"uv": [15, 7], "uv_size": [1.1, 1]},
								"west": {"uv": [27, 30], "uv_size": [5.1, 7]},
								"up": {"uv": [33.2, 36], "uv_size": [-6.2, -3.8]},
								"down": {"uv": [16.1, 8], "uv_size": [-1.1, -1]}
							}
						},
						{
							"origin": [-1.4704, 26.1286, -4.72565],
							"size": [2.8572, 1.018, 7.4299],
							"inflate": -0.3,
							"uv": {
								"north": {"uv": [27, 40], "uv_size": [1.1, -1]},
								"east": {"uv": [27, 37], "uv_size": [5.1, -7]},
								"south": {"uv": [15, 8], "uv_size": [1.1, -1]},
								"west": {"uv": [27, 37], "uv_size": [5.1, -7]},
								"up": {"uv": [16.1, 7], "uv_size": [-1.1, 1]},
								"down": {"uv": [33.2, 32.2], "uv_size": [-6.2, 3.8]}
							}
						},
						{
							"origin": [-1.554, 29.4924, -1.31235],
							"size": [3.108, 0.96575, 3.75425],
							"inflate": -0.3,
							"uv": {
								"north": {"uv": [9, 46], "uv_size": [3, 2]},
								"east": {"uv": [9, 46], "uv_size": [3, 2]},
								"south": {"uv": [27, 39], "uv_size": [1.1, 1]},
								"west": {"uv": [9, 46], "uv_size": [3, 2]},
								"up": {"uv": [12, 48], "uv_size": [-3, -2]},
								"down": {"uv": [12, 48], "uv_size": [-3, -2]}
							}
						},
						{
							"origin": [1.0376, 26.8744, -4.72565],
							"size": [1.1016, 2.6746, 7.4299],
							"inflate": -0.3,
							"uv": {
								"north": {"uv": [27, 39], "uv_size": [1.1, 1]},
								"east": {"uv": [15, 7], "uv_size": [1.1, 1]},
								"south": {"uv": [15, 7], "uv_size": [1.1, 1]},
								"west": {"uv": [27, 32.2], "uv_size": [6.2, 3.8]},
								"up": {"uv": [32.1, 37], "uv_size": [-5.1, -7]},
								"down": {"uv": [32.1, 37], "uv_size": [-5.1, -7]}
							}
						},
						{
							"origin": [1.3302, 26.80675, -1.29365],
							"size": [0.9971, 2.8781, 3.73555],
							"inflate": -0.3,
							"uv": {
								"north": {"uv": [27, 39], "uv_size": [1.1, 1]},
								"east": {"uv": [27, 30], "uv_size": [5.1, 7]},
								"south": {"uv": [27, 39], "uv_size": [1.1, 1]},
								"west": {"uv": [27, 32.2], "uv_size": [6.2, 3.8]},
								"up": {"uv": [32.1, 37], "uv_size": [-5.1, -7]},
								"down": {"uv": [32.1, 37], "uv_size": [-5.1, -7]}
							}
						},
						{
							"origin": [0.8902, 29.55675, -1.29365],
							"size": [0.7771, 0.8981, 3.73555],
							"inflate": -0.3,
							"uv": {
								"north": {"uv": [27, 39], "uv_size": [1.1, 1]},
								"east": {"uv": [27, 30], "uv_size": [5.1, 7]},
								"south": {"uv": [27, 39], "uv_size": [1.1, 1]},
								"west": {"uv": [27, 32.2], "uv_size": [6.2, 3.8]},
								"up": {"uv": [32.1, 37], "uv_size": [-5.1, -7]},
								"down": {"uv": [32.1, 37], "uv_size": [-5.1, -7]}
							}
						},
						{
							"origin": [0.6702, 29.851, -0.74365],
							"size": [0.9971, 1.4481, 2.63555],
							"inflate": -0.3,
							"uv": {
								"north": {"uv": [27, 39], "uv_size": [1.1, 1]},
								"east": {"uv": [27, 30], "uv_size": [5.1, 7]},
								"south": {"uv": [27, 39], "uv_size": [1.1, 1]},
								"west": {"uv": [27, 32.2], "uv_size": [6.2, 3.8]},
								"up": {"uv": [32.1, 37], "uv_size": [-5.1, -7]},
								"down": {"uv": [32.1, 37], "uv_size": [-5.1, -7]}
							}
						},
						{
							"origin": [-2.3273, 26.80675, -1.29365],
							"size": [0.9971, 2.8781, 3.73555],
							"inflate": -0.3,
							"uv": {
								"north": {"uv": [28.1, 39], "uv_size": [-1.1, 1]},
								"east": {"uv": [33.2, 32.2], "uv_size": [-6.2, 3.8]},
								"south": {"uv": [27, 39], "uv_size": [1.1, 1]},
								"west": {"uv": [32.1, 30], "uv_size": [-5.1, 7]},
								"up": {"uv": [27, 37], "uv_size": [5.1, -7]},
								"down": {"uv": [27, 37], "uv_size": [5.1, -7]}
							}
						},
						{
							"origin": [-2.1392, 26.7853, -4.72565],
							"size": [1.018, 2.8473, 7.4299],
							"inflate": -0.3,
							"uv": {
								"north": {"uv": [27, 39], "uv_size": [1.1, 1]},
								"east": {"uv": [27, 32.2], "uv_size": [6.2, 3.8]},
								"south": {"uv": [15, 7], "uv_size": [1.1, 1]},
								"west": {"uv": [15, 7], "uv_size": [1.1, 1]},
								"up": {"uv": [32.1, 37], "uv_size": [-5.1, -7]},
								"down": {"uv": [32.1, 37], "uv_size": [-5.1, -7]}
							}
						},
						{
							"origin": [-21.59292, 35.45308, -4.72565],
							"size": [1.1016, 1.54468, 7.4299],
							"inflate": -0.3,
							"pivot": [-19.3116, 9.0596, 0.80485],
							"rotation": [0, 0, 45],
							"uv": {
								"north": {"uv": [27, 39], "uv_size": [1.1, 1]},
								"east": {"uv": [27, 30], "uv_size": [5.1, 7]},
								"south": {"uv": [15, 7], "uv_size": [1.1, 1]},
								"west": {"uv": [15, 7], "uv_size": [1.1, 1]},
								"up": {"uv": [32.1, 37], "uv_size": [-5.1, -7]},
								"down": {"uv": [32.1, 37], "uv_size": [-5.1, -7]}
							}
						},
						{
							"origin": [19.48812, 37.79388, -4.72565],
							"size": [1.1016, 1.66172, 7.4299],
							"inflate": -0.3,
							"pivot": [21.736, 11.4004, 0.80485],
							"rotation": [0, 0, -45],
							"uv": {
								"north": {"uv": [27, 39], "uv_size": [1.1, 1]},
								"east": {"uv": [15, 7], "uv_size": [1.1, 1]},
								"south": {"uv": [15, 7], "uv_size": [1.1, 1]},
								"west": {"uv": [27, 32.2], "uv_size": [6.2, 3.8]},
								"up": {"uv": [32.1, 37], "uv_size": [-5.1, -7]},
								"down": {"uv": [32.1, 37], "uv_size": [-5.1, -7]}
							}
						},
						{
							"origin": [-21.59292, 19.43224, -4.72565],
							"size": [1.1016, 1.54468, 7.4299],
							"inflate": -0.3,
							"pivot": [-19.3116, 47.3704, 0.80485],
							"rotation": [0, 0, -45],
							"uv": {
								"north": {"uv": [27, 40], "uv_size": [1.1, -1]},
								"east": {"uv": [27, 37], "uv_size": [5.1, -7]},
								"south": {"uv": [15, 8], "uv_size": [1.1, -1]},
								"west": {"uv": [15, 8], "uv_size": [1.1, -1]},
								"up": {"uv": [32.1, 30], "uv_size": [-5.1, 7]},
								"down": {"uv": [32.1, 30], "uv_size": [-5.1, 7]}
							}
						},
						{
							"origin": [19.48812, 16.9744, -4.72565],
							"size": [1.1016, 1.66172, 7.4299],
							"inflate": -0.3,
							"pivot": [21.736, 45.0296, 0.80485],
							"rotation": [0, 0, 45],
							"uv": {
								"north": {"uv": [27, 40], "uv_size": [1.1, -1]},
								"east": {"uv": [15, 8], "uv_size": [1.1, -1]},
								"south": {"uv": [15, 8], "uv_size": [1.1, -1]},
								"west": {"uv": [27, 36], "uv_size": [6.2, -3.8]},
								"up": {"uv": [32.1, 30], "uv_size": [-5.1, 7]},
								"down": {"uv": [32.1, 30], "uv_size": [-5.1, 7]}
							}
						},
						{
							"origin": [17.50931, 36.80049, 2.31342],
							"size": [1.05144, 1.55555, 1.48891],
							"inflate": -0.3,
							"pivot": [19.5624, 13.07636, 9.10287],
							"rotation": [0, 0, -45],
							"uv": {
								"north": {"uv": [27, 39], "uv_size": [1.1, 1]},
								"east": {"uv": [15, 7], "uv_size": [1.1, 1]},
								"south": {"uv": [15, 7], "uv_size": [1.1, 1]},
								"west": {"uv": [27, 32.2], "uv_size": [6.2, 3.8]},
								"up": {"uv": [32.1, 37], "uv_size": [-5.1, -7]},
								"down": {"uv": [32.1, 37], "uv_size": [-5.1, -7]}
							}
						},
						{
							"origin": [0.90384, 26.97296, 2.31342],
							"size": [1.05144, 2.46714, 1.48891],
							"inflate": -0.3,
							"uv": {
								"north": {"uv": [27, 39], "uv_size": [1.1, 1]},
								"east": {"uv": [15, 7], "uv_size": [1.1, 1]},
								"south": {"uv": [15, 7], "uv_size": [1.1, 1]},
								"west": {"uv": [27, 32.2], "uv_size": [6.2, 3.8]},
								"up": {"uv": [32.1, 37], "uv_size": [-5.1, -7]},
								"down": {"uv": [32.1, 37], "uv_size": [-5.1, -7]}
							}
						},
						{
							"origin": [17.50931, 18.06296, 2.31342],
							"size": [1.05144, 1.55555, 1.48891],
							"inflate": -0.3,
							"pivot": [19.5624, 43.34264, 9.10287],
							"rotation": [0, 0, 45],
							"uv": {
								"north": {"uv": [27, 40], "uv_size": [1.1, -1]},
								"east": {"uv": [15, 8], "uv_size": [1.1, -1]},
								"south": {"uv": [15, 8], "uv_size": [1.1, -1]},
								"west": {"uv": [27, 36], "uv_size": [6.2, -3.8]},
								"up": {"uv": [32.1, 30], "uv_size": [-5.1, 7]},
								"down": {"uv": [32.1, 30], "uv_size": [-5.1, 7]}
							}
						},
						{
							"origin": [-1.35336, 26.30174, 2.31342],
							"size": [2.63148, 0.9762, 1.48891],
							"inflate": -0.3,
							"uv": {
								"north": {"uv": [27, 40], "uv_size": [1.1, -1]},
								"east": {"uv": [27, 37], "uv_size": [5.1, -7]},
								"south": {"uv": [15, 8], "uv_size": [1.1, -1]},
								"west": {"uv": [27, 37], "uv_size": [5.1, -7]},
								"up": {"uv": [16.1, 7], "uv_size": [-1.1, 1]},
								"down": {"uv": [33.2, 32.2], "uv_size": [-6.2, 3.8]}
							}
						},
						{
							"origin": [-19.46363, 20.27502, 2.31342],
							"size": [1.05144, 1.45021, 1.48891],
							"inflate": -0.3,
							"pivot": [-17.38044, 45.44936, 9.10287],
							"rotation": [0, 0, -45],
							"uv": {
								"north": {"uv": [27, 40], "uv_size": [1.1, -1]},
								"east": {"uv": [27, 37], "uv_size": [5.1, -7]},
								"south": {"uv": [15, 8], "uv_size": [1.1, -1]},
								"west": {"uv": [15, 8], "uv_size": [1.1, -1]},
								"up": {"uv": [32.1, 30], "uv_size": [-5.1, 7]},
								"down": {"uv": [32.1, 30], "uv_size": [-5.1, 7]}
							}
						},
						{
							"origin": [-1.95528, 26.89277, 2.31342],
							"size": [0.9762, 2.62257, 1.48891],
							"inflate": -0.3,
							"uv": {
								"north": {"uv": [27, 39], "uv_size": [1.1, 1]},
								"east": {"uv": [27, 32.2], "uv_size": [6.2, 3.8]},
								"south": {"uv": [15, 7], "uv_size": [1.1, 1]},
								"west": {"uv": [15, 7], "uv_size": [1.1, 1]},
								"up": {"uv": [32.1, 37], "uv_size": [-5.1, -7]},
								"down": {"uv": [32.1, 37], "uv_size": [-5.1, -7]}
							}
						},
						{
							"origin": [-19.46363, 34.69377, 2.31342],
							"size": [1.05144, 1.45021, 1.48891],
							"inflate": -0.3,
							"pivot": [-17.38044, 10.96964, 9.10287],
							"rotation": [0, 0, 45],
							"uv": {
								"north": {"uv": [27, 39], "uv_size": [1.1, 1]},
								"east": {"uv": [27, 30], "uv_size": [5.1, 7]},
								"south": {"uv": [15, 7], "uv_size": [1.1, 1]},
								"west": {"uv": [15, 7], "uv_size": [1.1, 1]},
								"up": {"uv": [32.1, 37], "uv_size": [-5.1, -7]},
								"down": {"uv": [32.1, 37], "uv_size": [-5.1, -7]}
							}
						},
						{
							"origin": [-1.35336, 29.14106, 2.31342],
							"size": [2.63148, 0.9762, 1.48891],
							"inflate": -0.3,
							"uv": {
								"north": {"uv": [27, 39], "uv_size": [1.1, 1]},
								"east": {"uv": [27, 30], "uv_size": [5.1, 7]},
								"south": {"uv": [15, 7], "uv_size": [1.1, 1]},
								"west": {"uv": [27, 30], "uv_size": [5.1, 7]},
								"up": {"uv": [33.2, 36], "uv_size": [-6.2, -3.8]},
								"down": {"uv": [16.1, 8], "uv_size": [-1.1, -1]}
							}
						},
						{
							"origin": [0.90384, 26.97296, -7.80658],
							"size": [1.05144, 2.46714, 3.68891],
							"inflate": -0.3,
							"uv": {
								"north": {"uv": [27, 39], "uv_size": [1.1, 1]},
								"east": {"uv": [15, 7], "uv_size": [1.1, 1]},
								"south": {"uv": [15, 7], "uv_size": [1.1, 1]},
								"west": {"uv": [27, 32.2], "uv_size": [6.2, 3.8]},
								"up": {"uv": [32.1, 37], "uv_size": [-5.1, -7]},
								"down": {"uv": [32.1, 37], "uv_size": [-5.1, -7]}
							}
						},
						{
							"origin": [17.50931, 36.80049, -7.80658],
							"size": [1.05144, 1.55555, 3.68891],
							"inflate": -0.3,
							"pivot": [19.5624, 13.07636, 1.18287],
							"rotation": [0, 0, -45],
							"uv": {
								"north": {"uv": [27, 39], "uv_size": [1.1, 1]},
								"east": {"uv": [15, 7], "uv_size": [1.1, 1]},
								"south": {"uv": [15, 7], "uv_size": [1.1, 1]},
								"west": {"uv": [27, 32.2], "uv_size": [6.2, 3.8]},
								"up": {"uv": [32.1, 37], "uv_size": [-5.1, -7]},
								"down": {"uv": [32.1, 37], "uv_size": [-5.1, -7]}
							}
						},
						{
							"origin": [-1.35336, 29.14106, -7.80658],
							"size": [2.63148, 0.9762, 3.68891],
							"inflate": -0.3,
							"uv": {
								"north": {"uv": [27, 39], "uv_size": [1.1, 1]},
								"east": {"uv": [27, 30], "uv_size": [5.1, 7]},
								"south": {"uv": [15, 7], "uv_size": [1.1, 1]},
								"west": {"uv": [27, 30], "uv_size": [5.1, 7]},
								"up": {"uv": [33.2, 36], "uv_size": [-6.2, -3.8]},
								"down": {"uv": [16.1, 8], "uv_size": [-1.1, -1]}
							}
						},
						{
							"origin": [-19.46363, 34.69377, -7.80658],
							"size": [1.05144, 1.45021, 3.68891],
							"inflate": -0.3,
							"pivot": [-17.38044, 10.96964, 1.18287],
							"rotation": [0, 0, 45],
							"uv": {
								"north": {"uv": [27, 39], "uv_size": [1.1, 1]},
								"east": {"uv": [27, 30], "uv_size": [5.1, 7]},
								"south": {"uv": [15, 7], "uv_size": [1.1, 1]},
								"west": {"uv": [15, 7], "uv_size": [1.1, 1]},
								"up": {"uv": [32.1, 37], "uv_size": [-5.1, -7]},
								"down": {"uv": [32.1, 37], "uv_size": [-5.1, -7]}
							}
						},
						{
							"origin": [-1.95528, 26.89277, -7.80658],
							"size": [0.9762, 2.62257, 3.68891],
							"inflate": -0.3,
							"uv": {
								"north": {"uv": [27, 39], "uv_size": [1.1, 1]},
								"east": {"uv": [27, 32.2], "uv_size": [6.2, 3.8]},
								"south": {"uv": [15, 7], "uv_size": [1.1, 1]},
								"west": {"uv": [15, 7], "uv_size": [1.1, 1]},
								"up": {"uv": [32.1, 37], "uv_size": [-5.1, -7]},
								"down": {"uv": [32.1, 37], "uv_size": [-5.1, -7]}
							}
						},
						{
							"origin": [-19.46363, 20.27502, -7.80658],
							"size": [1.05144, 1.45021, 3.68891],
							"inflate": -0.3,
							"pivot": [-17.38044, 45.44936, 1.18287],
							"rotation": [0, 0, -45],
							"uv": {
								"north": {"uv": [27, 40], "uv_size": [1.1, -1]},
								"east": {"uv": [27, 37], "uv_size": [5.1, -7]},
								"south": {"uv": [15, 8], "uv_size": [1.1, -1]},
								"west": {"uv": [15, 8], "uv_size": [1.1, -1]},
								"up": {"uv": [32.1, 30], "uv_size": [-5.1, 7]},
								"down": {"uv": [32.1, 30], "uv_size": [-5.1, 7]}
							}
						},
						{
							"origin": [-1.35336, 26.30174, -7.80658],
							"size": [2.63148, 0.9762, 3.68891],
							"inflate": -0.3,
							"uv": {
								"north": {"uv": [27, 40], "uv_size": [1.1, -1]},
								"east": {"uv": [27, 37], "uv_size": [5.1, -7]},
								"south": {"uv": [15, 8], "uv_size": [1.1, -1]},
								"west": {"uv": [27, 37], "uv_size": [5.1, -7]},
								"up": {"uv": [16.1, 7], "uv_size": [-1.1, 1]},
								"down": {"uv": [33.2, 32.2], "uv_size": [-6.2, 3.8]}
							}
						},
						{
							"origin": [17.50931, 18.06296, -7.80658],
							"size": [1.05144, 1.55555, 3.68891],
							"inflate": -0.3,
							"pivot": [19.5624, 43.34264, 1.18287],
							"rotation": [0, 0, 45],
							"uv": {
								"north": {"uv": [27, 40], "uv_size": [1.1, -1]},
								"east": {"uv": [15, 8], "uv_size": [1.1, -1]},
								"south": {"uv": [15, 8], "uv_size": [1.1, -1]},
								"west": {"uv": [27, 36], "uv_size": [6.2, -3.8]},
								"up": {"uv": [32.1, 30], "uv_size": [-5.1, 7]},
								"down": {"uv": [32.1, 30], "uv_size": [-5.1, 7]}
							}
						},
						{
							"origin": [-0.67882, 21.9968, -4.81165],
							"size": [5.8056, 7.5722, 7.5722],
							"inflate": -3.4,
							"pivot": [2.893, 25.6366, -1.94515],
							"rotation": [-27.5, 0, 0],
							"uv": {
								"north": {"uv": [15, 7], "uv_size": [1.1, 1]},
								"east": {"uv": [15, 7], "uv_size": [1.1, 1]},
								"south": {"uv": [15, 7], "uv_size": [1.1, 1]},
								"west": {"uv": [15, 7], "uv_size": [1.1, 1]},
								"up": {"uv": [16.1, 8], "uv_size": [-1.1, -1]},
								"down": {"uv": [16.1, 8], "uv_size": [-1.1, -1]}
							}
						},
						{
							"origin": [0.3258, 25.3222, -2.21775],
							"size": [2.1468, 1.5066, 1.5066],
							"inflate": -0.2,
							"pivot": [2.3078, 24.8215, -2.71845],
							"rotation": [-27.5, 0, 0],
							"uv": {
								"north": {"uv": [32, 44], "uv_size": [2, 3]},
								"east": {"uv": [3, 43], "uv_size": [3, 3]},
								"south": {"uv": [25, 45], "uv_size": [2, 3]},
								"west": {"uv": [27, 32.2], "uv_size": [6.2, 3.8]},
								"up": {"uv": [27, 45], "uv_size": [2, 3]},
								"down": {"uv": [34, 48], "uv_size": [2, -3]}
							}
						},
						{
							"origin": [-21.76012, 35.34858, -1.31235],
							"size": [1.0598, 1.69725, 3.75425],
							"inflate": -0.3,
							"pivot": [-19.3116, 9.0596, 0.80485],
							"rotation": [0, 0, 45],
							"uv": {
								"north": {"uv": [12, 46], "uv_size": [-3, 2]},
								"east": {"uv": [27, 32.2], "uv_size": [6.2, 3.8]},
								"south": {"uv": [27, 39], "uv_size": [1.1, 1]},
								"west": {"uv": [12, 46], "uv_size": [-3, 2]},
								"up": {"uv": [9, 48], "uv_size": [3, -2]},
								"down": {"uv": [9, 48], "uv_size": [3, -2]}
							}
						},
						{
							"origin": [20.70032, 35.34858, -1.31235],
							"size": [1.0598, 1.69725, 3.75425],
							"inflate": -0.3,
							"pivot": [19.3116, 9.0596, 0.80485],
							"rotation": [0, 0, -45],
							"uv": {
								"north": {"uv": [9, 46], "uv_size": [3, 2]},
								"east": {"uv": [9, 46], "uv_size": [3, 2]},
								"south": {"uv": [27, 39], "uv_size": [1.1, 1]},
								"west": {"uv": [27, 32.2], "uv_size": [6.2, 3.8]},
								"up": {"uv": [12, 48], "uv_size": [-3, -2]},
								"down": {"uv": [12, 48], "uv_size": [-3, -2]}
							}
						},
						{
							"origin": [20.70032, 19.46667, -1.30135],
							"size": [1.0598, 1.69725, 3.74325],
							"inflate": -0.3,
							"pivot": [19.3116, 47.4529, 0.80485],
							"rotation": [0, 0, 45],
							"uv": {
								"north": {"uv": [9, 48], "uv_size": [3, -2]},
								"east": {"uv": [9, 48], "uv_size": [3, -2]},
								"south": {"uv": [27, 39], "uv_size": [1.1, 1]},
								"west": {"uv": [27, 32.2], "uv_size": [6.2, 3.8]},
								"up": {"uv": [12, 46], "uv_size": [-3, 2]},
								"down": {"uv": [12, 46], "uv_size": [-3, 2]}
							}
						},
						{
							"origin": [-21.76012, 19.46667, -1.30135],
							"size": [1.0598, 1.69725, 3.74325],
							"inflate": -0.3,
							"pivot": [-19.3116, 47.4529, 0.80485],
							"rotation": [0, 0, -45],
							"uv": {
								"north": {"uv": [12, 48], "uv_size": [-3, -2]},
								"east": {"uv": [27, 32.2], "uv_size": [6.2, 3.8]},
								"south": {"uv": [27, 39], "uv_size": [1.1, 1]},
								"west": {"uv": [12, 48], "uv_size": [-3, -2]},
								"up": {"uv": [9, 46], "uv_size": [3, 2]},
								"down": {"uv": [9, 46], "uv_size": [3, 2]}
							}
						},
						{
							"origin": [-1.554, 26.05435, -1.30135],
							"size": [3.108, 0.96575, 3.74325],
							"inflate": -0.3,
							"uv": {
								"north": {"uv": [9, 48], "uv_size": [3, -2]},
								"east": {"uv": [9, 48], "uv_size": [3, -2]},
								"south": {"uv": [27, 39], "uv_size": [1.1, 1]},
								"west": {"uv": [9, 48], "uv_size": [3, -2]},
								"up": {"uv": [12, 46], "uv_size": [-3, 2]},
								"down": {"uv": [12, 46], "uv_size": [-3, 2]}
							}
						},
						{
							"origin": [1.24869, 26.85941, 2.06528],
							"size": [0.97724, 2.7642, 0.96077],
							"inflate": -0.3,
							"uv": {
								"north": {"uv": [27, 39], "uv_size": [1.1, 1]},
								"east": {"uv": [27, 30], "uv_size": [5.1, 7]},
								"south": {"uv": [27, 39], "uv_size": [1.1, 1]},
								"west": {"uv": [27, 32.2], "uv_size": [6.2, 3.8]},
								"up": {"uv": [32.1, 37], "uv_size": [-5.1, -7]},
								"down": {"uv": [32.1, 37], "uv_size": [-5.1, -7]}
							}
						},
						{
							"origin": [19.6503, 19.77634, 2.05797],
							"size": [1.03681, 1.75239, 0.96809],
							"inflate": -0.3,
							"pivot": [18.34602, 46.48826, 3.65586],
							"rotation": [0, 0, 45],
							"uv": {
								"north": {"uv": [9, 48], "uv_size": [3, -2]},
								"east": {"uv": [9, 48], "uv_size": [3, -2]},
								"south": {"uv": [27, 39], "uv_size": [1.1, 1]},
								"west": {"uv": [27, 32.2], "uv_size": [6.2, 3.8]},
								"up": {"uv": [12, 46], "uv_size": [-3, 2]},
								"down": {"uv": [12, 46], "uv_size": [-3, 2]}
							}
						},
						{
							"origin": [-1.37217, 26.31617, 2.86367],
							"size": [2.74434, 0.91272, 0.93128],
							"inflate": -0.3,
							"uv": {
								"north": {"uv": [9, 48], "uv_size": [3, -2]},
								"east": {"uv": [9, 48], "uv_size": [3, -2]},
								"south": {"uv": [27, 39], "uv_size": [1.1, 1]},
								"west": {"uv": [9, 48], "uv_size": [3, -2]},
								"up": {"uv": [12, 46], "uv_size": [-3, 2]},
								"down": {"uv": [12, 46], "uv_size": [-3, 2]}
							}
						},
						{
							"origin": [-20.68711, 19.77634, 2.05797],
							"size": [1.03681, 1.75239, 0.96809],
							"inflate": -0.3,
							"pivot": [-18.34602, 46.48826, 3.65586],
							"rotation": [0, 0, -45],
							"uv": {
								"north": {"uv": [12, 48], "uv_size": [-3, -2]},
								"east": {"uv": [27, 32.2], "uv_size": [6.2, 3.8]},
								"south": {"uv": [27, 39], "uv_size": [1.1, 1]},
								"west": {"uv": [12, 48], "uv_size": [-3, -2]},
								"up": {"uv": [9, 46], "uv_size": [3, 2]},
								"down": {"uv": [9, 46], "uv_size": [3, 2]}
							}
						},
						{
							"origin": [-2.22593, 26.85941, 2.06528],
							"size": [0.97724, 2.7642, 0.96077],
							"inflate": -0.3,
							"uv": {
								"north": {"uv": [28.1, 39], "uv_size": [-1.1, 1]},
								"east": {"uv": [33.2, 32.2], "uv_size": [-6.2, 3.8]},
								"south": {"uv": [27, 39], "uv_size": [1.1, 1]},
								"west": {"uv": [32.1, 30], "uv_size": [-5.1, 7]},
								"up": {"uv": [27, 37], "uv_size": [5.1, -7]},
								"down": {"uv": [27, 37], "uv_size": [5.1, -7]}
							}
						},
						{
							"origin": [-20.68711, 34.97415, 2.04752],
							"size": [1.03681, 1.64239, 0.97854],
							"inflate": -0.3,
							"pivot": [-18.34602, 10.01462, 3.65586],
							"rotation": [0, 0, 45],
							"uv": {
								"north": {"uv": [12, 46], "uv_size": [-3, 2]},
								"east": {"uv": [27, 32.2], "uv_size": [6.2, 3.8]},
								"south": {"uv": [27, 39], "uv_size": [1.1, 1]},
								"west": {"uv": [12, 46], "uv_size": [-3, 2]},
								"up": {"uv": [9, 48], "uv_size": [3, -2]},
								"down": {"uv": [9, 48], "uv_size": [3, -2]}
							}
						},
						{
							"origin": [-1.4913, 29.41078, 2.04752],
							"size": [2.9826, 0.94746, 0.97854],
							"inflate": -0.3,
							"uv": {
								"north": {"uv": [9, 46], "uv_size": [3, 2]},
								"east": {"uv": [9, 46], "uv_size": [3, 2]},
								"south": {"uv": [27, 39], "uv_size": [1.1, 1]},
								"west": {"uv": [9, 46], "uv_size": [3, 2]},
								"up": {"uv": [12, 48], "uv_size": [-3, -2]},
								"down": {"uv": [12, 48], "uv_size": [-3, -2]}
							}
						},
						{
							"origin": [-1.4165, 26.067, 2.04752],
							"size": [2.8275, 0.94746, 0.97854],
							"inflate": -0.3,
							"uv": {
								"north": {"uv": [9, 48], "uv_size": [3, -2]},
								"east": {"uv": [9, 48], "uv_size": [3, -2]},
								"south": {"uv": [27, 40], "uv_size": [1.1, -1]},
								"west": {"uv": [9, 48], "uv_size": [3, -2]},
								"up": {"uv": [12, 46], "uv_size": [-3, 2]},
								"down": {"uv": [12, 46], "uv_size": [-3, 2]}
							}
						},
						{
							"origin": [19.6503, 34.97415, 2.04752],
							"size": [1.03681, 1.64239, 0.97854],
							"inflate": -0.3,
							"pivot": [18.34602, 10.01462, 3.65586],
							"rotation": [0, 0, -45],
							"uv": {
								"north": {"uv": [9, 46], "uv_size": [3, 2]},
								"east": {"uv": [9, 46], "uv_size": [3, 2]},
								"south": {"uv": [27, 39], "uv_size": [1.1, 1]},
								"west": {"uv": [27, 32.2], "uv_size": [6.2, 3.8]},
								"up": {"uv": [12, 48], "uv_size": [-3, -2]},
								"down": {"uv": [12, 48], "uv_size": [-3, -2]}
							}
						},
						{
							"origin": [17.65527, 34.26274, -6.31973],
							"size": [0.99313, 1.53815, 1.93068],
							"inflate": -0.3,
							"pivot": [16.51142, 11.82916, -3.85223],
							"rotation": [0, 0, -45],
							"uv": {
								"north": {"uv": [9, 46], "uv_size": [3, 2]},
								"east": {"uv": [9, 46], "uv_size": [3, 2]},
								"south": {"uv": [27, 39], "uv_size": [1.1, 1]},
								"west": {"uv": [27, 32.2], "uv_size": [6.2, 3.8]},
								"up": {"uv": [12, 48], "uv_size": [-3, -2]},
								"down": {"uv": [12, 48], "uv_size": [-3, -2]}
							}
						},
						{
							"origin": [1.09382, 26.95947, -6.30375],
							"size": [0.93952, 2.54778, 1.9147],
							"inflate": -0.3,
							"uv": {
								"north": {"uv": [27, 39], "uv_size": [1.1, 1]},
								"east": {"uv": [27, 30], "uv_size": [5.1, 7]},
								"south": {"uv": [27, 39], "uv_size": [1.1, 1]},
								"west": {"uv": [27, 32.2], "uv_size": [6.2, 3.8]},
								"up": {"uv": [32.1, 37], "uv_size": [-5.1, -7]},
								"down": {"uv": [32.1, 37], "uv_size": [-5.1, -7]}
							}
						},
						{
							"origin": [17.65527, 20.5847, -6.31033],
							"size": [0.99313, 1.63715, 1.92128],
							"inflate": -0.3,
							"pivot": [16.51142, 44.65543, -3.85223],
							"rotation": [0, 0, 45],
							"uv": {
								"north": {"uv": [9, 48], "uv_size": [3, -2]},
								"east": {"uv": [9, 48], "uv_size": [3, -2]},
								"south": {"uv": [27, 39], "uv_size": [1.1, 1]},
								"west": {"uv": [27, 32.2], "uv_size": [6.2, 3.8]},
								"up": {"uv": [12, 46], "uv_size": [-3, 2]},
								"down": {"uv": [12, 46], "uv_size": [-3, 2]}
							}
						},
						{
							"origin": [-1.30485, 26.2463, -6.31973],
							"size": [2.60475, 0.91272, 1.93068],
							"inflate": -0.3,
							"uv": {
								"north": {"uv": [9, 48], "uv_size": [3, -2]},
								"east": {"uv": [9, 48], "uv_size": [3, -2]},
								"south": {"uv": [27, 40], "uv_size": [1.1, -1]},
								"west": {"uv": [9, 48], "uv_size": [3, -2]},
								"up": {"uv": [12, 46], "uv_size": [-3, 2]},
								"down": {"uv": [12, 46], "uv_size": [-3, 2]}
							}
						},
						{
							"origin": [-18.6484, 20.5847, -6.31033],
							"size": [0.99313, 1.63715, 1.92128],
							"inflate": -0.3,
							"pivot": [-16.51142, 44.65543, -3.85223],
							"rotation": [0, 0, -45],
							"uv": {
								"north": {"uv": [12, 48], "uv_size": [-3, -2]},
								"east": {"uv": [27, 32.2], "uv_size": [6.2, 3.8]},
								"south": {"uv": [27, 39], "uv_size": [1.1, 1]},
								"west": {"uv": [12, 48], "uv_size": [-3, -2]},
								"up": {"uv": [9, 46], "uv_size": [3, 2]},
								"down": {"uv": [9, 46], "uv_size": [3, 2]}
							}
						},
						{
							"origin": [-2.03334, 26.95947, -6.30375],
							"size": [0.93952, 2.54778, 1.9147],
							"inflate": -0.3,
							"uv": {
								"north": {"uv": [28.1, 39], "uv_size": [-1.1, 1]},
								"east": {"uv": [33.2, 32.2], "uv_size": [-6.2, 3.8]},
								"south": {"uv": [27, 39], "uv_size": [1.1, 1]},
								"west": {"uv": [32.1, 30], "uv_size": [-5.1, 7]},
								"up": {"uv": [27, 37], "uv_size": [5.1, -7]},
								"down": {"uv": [27, 37], "uv_size": [5.1, -7]}
							}
						},
						{
							"origin": [-18.6484, 34.26274, -6.31973],
							"size": [0.99313, 1.53815, 1.93068],
							"inflate": -0.3,
							"pivot": [-16.51142, 11.82916, -3.85223],
							"rotation": [0, 0, 45],
							"uv": {
								"north": {"uv": [12, 46], "uv_size": [-3, 2]},
								"east": {"uv": [27, 32.2], "uv_size": [6.2, 3.8]},
								"south": {"uv": [27, 39], "uv_size": [1.1, 1]},
								"west": {"uv": [12, 46], "uv_size": [-3, 2]},
								"up": {"uv": [9, 48], "uv_size": [3, -2]},
								"down": {"uv": [9, 48], "uv_size": [3, -2]}
							}
						},
						{
							"origin": [-1.37217, 29.2557, -6.31973],
							"size": [2.74434, 0.91272, 1.93068],
							"inflate": -0.3,
							"uv": {
								"north": {"uv": [9, 46], "uv_size": [3, 2]},
								"east": {"uv": [9, 46], "uv_size": [3, 2]},
								"south": {"uv": [27, 39], "uv_size": [1.1, 1]},
								"west": {"uv": [9, 46], "uv_size": [3, 2]},
								"up": {"uv": [12, 48], "uv_size": [-3, -2]},
								"down": {"uv": [12, 48], "uv_size": [-3, -2]}
							}
						},
						{
							"origin": [17.65527, 34.26274, -7.85973],
							"size": [0.99313, 1.53815, 1.93068],
							"inflate": -0.3,
							"pivot": [16.51142, 11.82916, -5.50223],
							"rotation": [0, 0, -45],
							"uv": {
								"north": {"uv": [9, 46], "uv_size": [3, 2]},
								"east": {"uv": [9, 46], "uv_size": [3, 2]},
								"south": {"uv": [27, 39], "uv_size": [1.1, 1]},
								"west": {"uv": [27, 32.2], "uv_size": [6.2, 3.8]},
								"up": {"uv": [12, 48], "uv_size": [-3, -2]},
								"down": {"uv": [12, 48], "uv_size": [-3, -2]}
							}
						},
						{
							"origin": [1.09382, 26.95947, -7.84375],
							"size": [0.93952, 2.54778, 1.9147],
							"inflate": -0.3,
							"uv": {
								"north": {"uv": [27, 39], "uv_size": [1.1, 1]},
								"east": {"uv": [27, 30], "uv_size": [5.1, 7]},
								"south": {"uv": [27, 39], "uv_size": [1.1, 1]},
								"west": {"uv": [27, 32.2], "uv_size": [6.2, 3.8]},
								"up": {"uv": [32.1, 37], "uv_size": [-5.1, -7]},
								"down": {"uv": [32.1, 37], "uv_size": [-5.1, -7]}
							}
						},
						{
							"origin": [17.65527, 20.5847, -7.85033],
							"size": [0.99313, 1.63715, 1.92128],
							"inflate": -0.3,
							"pivot": [16.51142, 44.65543, -5.50223],
							"rotation": [0, 0, 45],
							"uv": {
								"north": {"uv": [9, 48], "uv_size": [3, -2]},
								"east": {"uv": [9, 48], "uv_size": [3, -2]},
								"south": {"uv": [27, 39], "uv_size": [1.1, 1]},
								"west": {"uv": [27, 32.2], "uv_size": [6.2, 3.8]},
								"up": {"uv": [12, 46], "uv_size": [-3, 2]},
								"down": {"uv": [12, 46], "uv_size": [-3, 2]}
							}
						},
						{
							"origin": [-1.30485, 26.2463, -7.85973],
							"size": [2.60475, 0.91272, 1.93068],
							"inflate": -0.3,
							"uv": {
								"north": {"uv": [9, 48], "uv_size": [3, -2]},
								"east": {"uv": [9, 48], "uv_size": [3, -2]},
								"south": {"uv": [27, 40], "uv_size": [1.1, -1]},
								"west": {"uv": [9, 48], "uv_size": [3, -2]},
								"up": {"uv": [12, 46], "uv_size": [-3, 2]},
								"down": {"uv": [12, 46], "uv_size": [-3, 2]}
							}
						},
						{
							"origin": [-18.6484, 20.5847, -7.85033],
							"size": [0.99313, 1.63715, 1.92128],
							"inflate": -0.3,
							"pivot": [-16.51142, 44.65543, -5.50223],
							"rotation": [0, 0, -45],
							"uv": {
								"north": {"uv": [12, 48], "uv_size": [-3, -2]},
								"east": {"uv": [27, 32.2], "uv_size": [6.2, 3.8]},
								"south": {"uv": [27, 39], "uv_size": [1.1, 1]},
								"west": {"uv": [12, 48], "uv_size": [-3, -2]},
								"up": {"uv": [9, 46], "uv_size": [3, 2]},
								"down": {"uv": [9, 46], "uv_size": [3, 2]}
							}
						},
						{
							"origin": [-2.03334, 26.95947, -7.84375],
							"size": [0.93952, 2.54778, 1.9147],
							"inflate": -0.3,
							"uv": {
								"north": {"uv": [28.1, 39], "uv_size": [-1.1, 1]},
								"east": {"uv": [33.2, 32.2], "uv_size": [-6.2, 3.8]},
								"south": {"uv": [27, 39], "uv_size": [1.1, 1]},
								"west": {"uv": [32.1, 30], "uv_size": [-5.1, 7]},
								"up": {"uv": [27, 37], "uv_size": [5.1, -7]},
								"down": {"uv": [27, 37], "uv_size": [5.1, -7]}
							}
						},
						{
							"origin": [-18.6484, 34.26274, -7.85973],
							"size": [0.99313, 1.53815, 1.93068],
							"inflate": -0.3,
							"pivot": [-16.51142, 11.82916, -5.50223],
							"rotation": [0, 0, 45],
							"uv": {
								"north": {"uv": [12, 46], "uv_size": [-3, 2]},
								"east": {"uv": [27, 32.2], "uv_size": [6.2, 3.8]},
								"south": {"uv": [27, 39], "uv_size": [1.1, 1]},
								"west": {"uv": [12, 46], "uv_size": [-3, 2]},
								"up": {"uv": [9, 48], "uv_size": [3, -2]},
								"down": {"uv": [9, 48], "uv_size": [3, -2]}
							}
						},
						{
							"origin": [-1.37217, 29.2557, -7.85973],
							"size": [2.74434, 0.91272, 1.93068],
							"inflate": -0.3,
							"uv": {
								"north": {"uv": [9, 46], "uv_size": [3, 2]},
								"east": {"uv": [9, 46], "uv_size": [3, 2]},
								"south": {"uv": [27, 39], "uv_size": [1.1, 1]},
								"west": {"uv": [9, 46], "uv_size": [3, 2]},
								"up": {"uv": [12, 48], "uv_size": [-3, -2]},
								"down": {"uv": [12, 48], "uv_size": [-3, -2]}
							}
						},
						{
							"origin": [1.09382, 26.95947, 2.77125],
							"size": [0.93952, 2.54778, 1.0787],
							"inflate": -0.3,
							"uv": {
								"north": {"uv": [27, 39], "uv_size": [1.1, 1]},
								"east": {"uv": [27, 30], "uv_size": [5.1, 7]},
								"south": {"uv": [27, 39], "uv_size": [1.1, 1]},
								"west": {"uv": [27, 32.2], "uv_size": [6.2, 3.8]},
								"up": {"uv": [32.1, 37], "uv_size": [-5.1, -7]},
								"down": {"uv": [32.1, 37], "uv_size": [-5.1, -7]}
							}
						},
						{
							"origin": [17.65527, 20.5737, 2.76467],
							"size": [0.99313, 1.64815, 1.08528],
							"inflate": -0.3,
							"pivot": [16.51142, 44.65543, 4.82677],
							"rotation": [0, 0, 45],
							"uv": {
								"north": {"uv": [9, 48], "uv_size": [3, -2]},
								"east": {"uv": [9, 48], "uv_size": [3, -2]},
								"south": {"uv": [27, 39], "uv_size": [1.1, 1]},
								"west": {"uv": [27, 32.2], "uv_size": [6.2, 3.8]},
								"up": {"uv": [12, 46], "uv_size": [-3, 2]},
								"down": {"uv": [12, 46], "uv_size": [-3, 2]}
							}
						},
						{
							"origin": [-1.29, 26.2375, 2.76467],
							"size": [2.58, 0.91272, 1.08528],
							"inflate": -0.3,
							"uv": {
								"north": {"uv": [9, 48], "uv_size": [3, -2]},
								"east": {"uv": [9, 48], "uv_size": [3, -2]},
								"south": {"uv": [27, 39], "uv_size": [1.1, 1]},
								"west": {"uv": [9, 48], "uv_size": [3, -2]},
								"up": {"uv": [12, 46], "uv_size": [-3, 2]},
								"down": {"uv": [12, 46], "uv_size": [-3, 2]}
							}
						},
						{
							"origin": [-18.6484, 20.5737, 2.76467],
							"size": [0.99313, 1.64815, 1.08528],
							"inflate": -0.3,
							"pivot": [-16.51142, 44.65543, 4.82677],
							"rotation": [0, 0, -45],
							"uv": {
								"north": {"uv": [12, 48], "uv_size": [-3, -2]},
								"east": {"uv": [27, 32.2], "uv_size": [6.2, 3.8]},
								"south": {"uv": [27, 39], "uv_size": [1.1, 1]},
								"west": {"uv": [12, 48], "uv_size": [-3, -2]},
								"up": {"uv": [9, 46], "uv_size": [3, 2]},
								"down": {"uv": [9, 46], "uv_size": [3, 2]}
							}
						},
						{
							"origin": [-2.03334, 26.95947, 2.77125],
							"size": [0.93952, 2.54778, 1.0787],
							"inflate": -0.3,
							"uv": {
								"north": {"uv": [28.1, 39], "uv_size": [-1.1, 1]},
								"east": {"uv": [33.2, 32.2], "uv_size": [-6.2, 3.8]},
								"south": {"uv": [27, 39], "uv_size": [1.1, 1]},
								"west": {"uv": [32.1, 30], "uv_size": [-5.1, 7]},
								"up": {"uv": [27, 37], "uv_size": [5.1, -7]},
								"down": {"uv": [27, 37], "uv_size": [5.1, -7]}
							}
						},
						{
							"origin": [-18.6484, 34.26274, 2.75527],
							"size": [0.99313, 1.53815, 1.09468],
							"inflate": -0.3,
							"pivot": [-16.51142, 11.82916, 4.82677],
							"rotation": [0, 0, 45],
							"uv": {
								"north": {"uv": [12, 46], "uv_size": [-3, 2]},
								"east": {"uv": [27, 32.2], "uv_size": [6.2, 3.8]},
								"south": {"uv": [27, 39], "uv_size": [1.1, 1]},
								"west": {"uv": [12, 46], "uv_size": [-3, 2]},
								"up": {"uv": [9, 48], "uv_size": [3, -2]},
								"down": {"uv": [9, 48], "uv_size": [3, -2]}
							}
						},
						{
							"origin": [-1.37217, 29.2557, 2.75527],
							"size": [2.74434, 0.91272, 1.09468],
							"inflate": -0.3,
							"uv": {
								"north": {"uv": [9, 46], "uv_size": [3, 2]},
								"east": {"uv": [9, 46], "uv_size": [3, 2]},
								"south": {"uv": [27, 39], "uv_size": [1.1, 1]},
								"west": {"uv": [9, 46], "uv_size": [3, 2]},
								"up": {"uv": [12, 48], "uv_size": [-3, -2]},
								"down": {"uv": [12, 48], "uv_size": [-3, -2]}
							}
						},
						{
							"origin": [17.65527, 34.26274, 2.75527],
							"size": [0.99313, 1.53815, 1.09468],
							"inflate": -0.3,
							"pivot": [16.51142, 11.82916, 4.82677],
							"rotation": [0, 0, -45],
							"uv": {
								"north": {"uv": [9, 46], "uv_size": [3, 2]},
								"east": {"uv": [9, 46], "uv_size": [3, 2]},
								"south": {"uv": [27, 39], "uv_size": [1.1, 1]},
								"west": {"uv": [27, 32.2], "uv_size": [6.2, 3.8]},
								"up": {"uv": [12, 48], "uv_size": [-3, -2]},
								"down": {"uv": [12, 48], "uv_size": [-3, -2]}
							}
						}
					]
				},
				{
					"name": "specter2",
					"parent": "specter",
					"pivot": [-0.077, 32.3466, 0.69485],
					"rotation": [0, 0, -90],
					"cubes": [
						{
							"origin": [-2.5342, 31.84586, -0.68832],
							"size": [1.0468, 1.7266, 1.7266],
							"inflate": -0.2,
							"pivot": [-1.6522, 31.7515, -0.40845],
							"rotation": [-27.5, 0, 0],
							"uv": {
								"north": {"uv": [32, 44], "uv_size": [2, 3]},
								"east": {"uv": [3, 43], "uv_size": [3, 3]},
								"south": {"uv": [25, 45], "uv_size": [2, 3]},
								"west": {"uv": [27, 32.2], "uv_size": [6.2, 3.8]},
								"up": {"uv": [27, 45], "uv_size": [2, 3]},
								"down": {"uv": [34, 48], "uv_size": [2, -3]}
							}
						},
						{
							"origin": [-4.96882, 28.52046, -3.28222],
							"size": [6.5756, 7.7922, 7.7922],
							"inflate": -3.4,
							"pivot": [-1.067, 32.5666, 0.36485],
							"rotation": [-27.5, 0, 0],
							"uv": {
								"north": {"uv": [15, 7], "uv_size": [1.1, 1]},
								"east": {"uv": [15, 7], "uv_size": [1.1, 1]},
								"south": {"uv": [15, 7], "uv_size": [1.1, 1]},
								"west": {"uv": [15, 7], "uv_size": [1.1, 1]},
								"up": {"uv": [16.1, 8], "uv_size": [-1.1, -1]},
								"down": {"uv": [16.1, 8], "uv_size": [-1.1, -1]}
							}
						}
					]
				},
				{
					"name": "scopepip",
					"parent": "main",
					"pivot": [0.08, 27.64, 2.73]
				},
				{
					"name": "_ca_scope",
					"parent": "main",
					"pivot": [0, 25.98, -1.87],
					"cubes": [
						{
							"origin": [-0.28, 24.786, -2.1565],
							"size": [0.76, 0.76, 0.76],
							"uv": {
								"north": {"uv": [53, 14], "uv_size": [1, 1]},
								"east": {"uv": [15, 53], "uv_size": [1, 1]},
								"south": {"uv": [53, 15], "uv_size": [1, 1]},
								"west": {"uv": [16, 53], "uv_size": [1, 1]},
								"up": {"uv": [53, 16], "uv_size": [1, 1]},
								"down": {"uv": [17, 54], "uv_size": [1, -1]}
							}
						}
					]
				},
				{
					"name": "scope",
					"parent": "main",
					"pivot": [-0.04, 27.78, 9.79],
					"cubes": [
						{
							"origin": [-0.564, 27.63, 7.689],
							"size": [1, 1, 1],
							"inflate": -0.4,
							"uv": {
								"north": {"uv": [60, 19], "uv_size": [1, 1]},
								"east": {"uv": [23, 56], "uv_size": [1, 1]},
								"south": {"uv": [58, 18], "uv_size": [1, 1]},
								"west": {"uv": [24, 57], "uv_size": [1, 1]},
								"up": {"uv": [58, 23], "uv_size": [1, 1]},
								"down": {"uv": [26, 60], "uv_size": [1, -1]}
							}
						}
					]
				}
			]
		}
	]
}