{
	"format_version": "1.12.0",
	"minecraft:geometry": [
		{
			"description": {
				"identifier": "geometry.unknown",
				"texture_width": 256,
				"texture_height": 256,
				"visible_bounds_width": 8,
				"visible_bounds_height": 4,
				"visible_bounds_offset": [0, 1, 0]
			},
			"bones": [
				{
					"name": "main",
					"pivot": [0, 20, 0]
				},
				{
					"name": "gun",
					"parent": "main",
					"pivot": [1, 11, -1]
				},
				{
					"name": "stock",
					"parent": "gun",
					"pivot": [1, 11, -1],
					"cubes": [
						{
							"origin": [0, 24.5, 12.15],
							"size": [2, 2, 19.4],
							"pivot": [0, 26.5, 12.15],
							"rotation": [0, 0, 22],
							"uv": {
								"north": {"uv": [139, 119], "uv_size": [4, 1]},
								"east": {"uv": [139, 119], "uv_size": [4, 1]},
								"south": {"uv": [139, 119], "uv_size": [4, 1]},
								"west": {"uv": [139, 119], "uv_size": [4, 1]},
								"up": {"uv": [143, 120], "uv_size": [-4, -1]},
								"down": {"uv": [143, 120], "uv_size": [-4, -1]}
							}
						},
						{
							"origin": [1.85, 23.75, 12.15],
							"size": [2, 2, 19.4],
							"inflate": 0.001,
							"pivot": [1.85, 25.75, 12.15],
							"rotation": [0, 0, 85],
							"uv": {
								"north": {"uv": [139, 119], "uv_size": [4, 1]},
								"east": {"uv": [139, 119], "uv_size": [4, 1]},
								"south": {"uv": [139, 119], "uv_size": [4, 1]},
								"west": {"uv": [139, 119], "uv_size": [4, 1]},
								"up": {"uv": [143, 120], "uv_size": [-4, -1]},
								"down": {"uv": [143, 120], "uv_size": [-4, -1]}
							}
						},
						{
							"origin": [2.02, 21.75, 12.15],
							"size": [1, 2, 19.4],
							"pivot": [2.02, 23.75, 12.15],
							"rotation": [0, 0, 94],
							"uv": {
								"north": {"uv": [139, 119], "uv_size": [4, 1]},
								"east": {"uv": [139, 119], "uv_size": [4, 1]},
								"south": {"uv": [139, 119], "uv_size": [4, 1]},
								"west": {"uv": [139, 119], "uv_size": [4, 1]},
								"up": {"uv": [143, 120], "uv_size": [-4, -1]},
								"down": {"uv": [143, 120], "uv_size": [-4, -1]}
							}
						},
						{
							"origin": [-1.98, 10.25, 31.55],
							"size": [3.9, 12.8, 1.6],
							"uv": {
								"north": {"uv": [139, 119], "uv_size": [4, 1]},
								"east": {"uv": [139, 119], "uv_size": [4, 1]},
								"south": {"uv": [139, 119], "uv_size": [4, 1]},
								"west": {"uv": [139, 119], "uv_size": [4, 1]},
								"up": {"uv": [143, 120], "uv_size": [-4, -1]},
								"down": {"uv": [143, 120], "uv_size": [-4, -1]}
							}
						},
						{
							"origin": [-1.78, 10.25, 28.25],
							"size": [3.5, 2.8, 3.3],
							"uv": {
								"north": {"uv": [139, 119], "uv_size": [4, 1]},
								"east": {"uv": [139, 119], "uv_size": [4, 1]},
								"south": {"uv": [139, 119], "uv_size": [4, 1]},
								"west": {"uv": [139, 119], "uv_size": [4, 1]},
								"up": {"uv": [143, 120], "uv_size": [-4, -1]},
								"down": {"uv": [143, 120], "uv_size": [-4, -1]}
							}
						},
						{
							"origin": [-1.78, 13.05, 30.65],
							"size": [3.5, 8.7, 0.9],
							"uv": {
								"north": {"uv": [139, 119], "uv_size": [4, 1]},
								"east": {"uv": [139, 119], "uv_size": [4, 1]},
								"south": {"uv": [139, 119], "uv_size": [4, 1]},
								"west": {"uv": [139, 119], "uv_size": [4, 1]},
								"up": {"uv": [143, 120], "uv_size": [-4, -1]},
								"down": {"uv": [143, 120], "uv_size": [-4, -1]}
							}
						},
						{
							"origin": [-1.78, 21.75, 12.15],
							"size": [3.5, 1.3, 19.4],
							"uv": {
								"north": {"uv": [139, 119], "uv_size": [4, 1]},
								"east": {"uv": [139, 119], "uv_size": [4, 1]},
								"south": {"uv": [139, 119], "uv_size": [4, 1]},
								"west": {"uv": [139, 119], "uv_size": [4, 1]},
								"up": {"uv": [143, 120], "uv_size": [-4, -1]},
								"down": {"uv": [143, 120], "uv_size": [-4, -1]}
							}
						},
						{
							"origin": [-0.98, 22.05, 11.45],
							"size": [1.9, 1.2, 0.7],
							"uv": {
								"north": {"uv": [149, 42], "uv_size": [2, 1]},
								"east": {"uv": [149, 42], "uv_size": [2, 1]},
								"south": {"uv": [149, 42], "uv_size": [2, 1]},
								"west": {"uv": [149, 42], "uv_size": [2, 1]},
								"up": {"uv": [151, 43], "uv_size": [-2, -1]},
								"down": {"uv": [151, 43], "uv_size": [-2, -1]}
							}
						},
						{
							"origin": [-0.98, 21.95, 8.25],
							"size": [1.9, 1.5, 3.2],
							"pivot": [1.02, 21.95, 11.65],
							"rotation": [-30, 0, 0],
							"uv": {
								"north": {"uv": [149, 42], "uv_size": [2, 1]},
								"east": {"uv": [149, 42], "uv_size": [2, 1]},
								"south": {"uv": [149, 42], "uv_size": [2, 1]},
								"west": {"uv": [149, 42], "uv_size": [2, 1]},
								"up": {"uv": [151, 43], "uv_size": [-2, -1]},
								"down": {"uv": [151, 43], "uv_size": [-2, -1]}
							}
						},
						{
							"origin": [-1.78, 21.25, 18.65],
							"size": [3.5, 0.4, 1],
							"pivot": [1.72, 21.85, 19.05],
							"rotation": [45, 0, 0],
							"uv": {
								"north": {"uv": [139, 119], "uv_size": [4, 1]},
								"east": {"uv": [139, 119], "uv_size": [4, 1]},
								"south": {"uv": [139, 119], "uv_size": [4, 1]},
								"west": {"uv": [139, 119], "uv_size": [4, 1]},
								"up": {"uv": [143, 120], "uv_size": [-4, -1]},
								"down": {"uv": [143, 120], "uv_size": [-4, -1]}
							}
						},
						{
							"origin": [-1.78, 21.25, 30.15],
							"size": [3.5, 0.9, 0.4],
							"pivot": [1.72, 21.85, 30.55],
							"rotation": [45, 0, 0],
							"uv": {
								"north": {"uv": [139, 119], "uv_size": [4, 1]},
								"east": {"uv": [139, 119], "uv_size": [4, 1]},
								"south": {"uv": [139, 119], "uv_size": [4, 1]},
								"west": {"uv": [139, 119], "uv_size": [4, 1]},
								"up": {"uv": [143, 120], "uv_size": [-4, -1]},
								"down": {"uv": [143, 120], "uv_size": [-4, -1]}
							}
						},
						{
							"origin": [-1.78, 13.05, 30.25],
							"size": [3.5, 0.4, 0.7],
							"pivot": [1.72, 13.15, 30.75],
							"rotation": [45, 0, 0],
							"uv": {
								"north": {"uv": [139, 119], "uv_size": [4, 1]},
								"east": {"uv": [139, 119], "uv_size": [4, 1]},
								"south": {"uv": [139, 119], "uv_size": [4, 1]},
								"west": {"uv": [139, 119], "uv_size": [4, 1]},
								"up": {"uv": [143, 120], "uv_size": [-4, -1]},
								"down": {"uv": [143, 120], "uv_size": [-4, -1]}
							}
						},
						{
							"origin": [-1.78, 19.35, 18.85],
							"size": [3.5, 0.7, 0.3],
							"pivot": [1.72, 20.15, 19.25],
							"rotation": [32, 0, 0],
							"uv": {
								"north": {"uv": [139, 119], "uv_size": [4, 1]},
								"east": {"uv": [139, 119], "uv_size": [4, 1]},
								"south": {"uv": [139, 119], "uv_size": [4, 1]},
								"west": {"uv": [139, 119], "uv_size": [4, 1]},
								"up": {"uv": [143, 120], "uv_size": [-4, -1]},
								"down": {"uv": [143, 120], "uv_size": [-4, -1]}
							}
						},
						{
							"origin": [-1.78, 19.65, 17.75],
							"size": [3.5, 2.1, 1.5],
							"uv": {
								"north": {"uv": [139, 119], "uv_size": [4, 1]},
								"east": {"uv": [139, 119], "uv_size": [4, 1]},
								"south": {"uv": [139, 119], "uv_size": [4, 1]},
								"west": {"uv": [139, 119], "uv_size": [4, 1]},
								"up": {"uv": [143, 120], "uv_size": [-4, -1]},
								"down": {"uv": [143, 120], "uv_size": [-4, -1]}
							}
						},
						{
							"origin": [-1.78, 20.75, 16.25],
							"size": [3.5, 1, 1.5],
							"uv": {
								"north": {"uv": [139, 119], "uv_size": [4, 1]},
								"east": {"uv": [139, 119], "uv_size": [4, 1]},
								"south": {"uv": [139, 119], "uv_size": [4, 1]},
								"west": {"uv": [139, 119], "uv_size": [4, 1]},
								"up": {"uv": [143, 120], "uv_size": [-4, -1]},
								"down": {"uv": [143, 120], "uv_size": [-4, -1]}
							}
						},
						{
							"origin": [-1.78, 22.85, 12.45],
							"size": [3.5, 1.2, 19],
							"pivot": [1.02, 21.65, 12.45],
							"rotation": [-36, 0, 0],
							"uv": {
								"north": {"uv": [139, 119], "uv_size": [4, 1]},
								"east": {"uv": [139, 119], "uv_size": [4, 1]},
								"south": {"uv": [139, 119], "uv_size": [4, 1]},
								"west": {"uv": [139, 119], "uv_size": [4, 1]},
								"up": {"uv": [143, 120], "uv_size": [-4, -1]},
								"down": {"uv": [143, 120], "uv_size": [-4, -1]}
							}
						},
						{
							"origin": [-3.02, 21.75, 12.15],
							"size": [1, 2, 19.4],
							"pivot": [-2.02, 23.75, 12.15],
							"rotation": [0, 0, -94],
							"uv": {
								"north": {"uv": [139, 119], "uv_size": [4, 1]},
								"east": {"uv": [139, 119], "uv_size": [4, 1]},
								"south": {"uv": [139, 119], "uv_size": [4, 1]},
								"west": {"uv": [139, 119], "uv_size": [4, 1]},
								"up": {"uv": [143, 120], "uv_size": [-4, -1]},
								"down": {"uv": [143, 120], "uv_size": [-4, -1]}
							}
						},
						{
							"origin": [-3.02, 21.65, 31.55],
							"size": [1.02, 2.2, 1.6],
							"pivot": [-2.02, 23.75, 10.75],
							"rotation": [0, 0, -94],
							"uv": {
								"north": {"uv": [139, 119], "uv_size": [4, 1]},
								"east": {"uv": [139, 119], "uv_size": [4, 1]},
								"south": {"uv": [139, 119], "uv_size": [4, 1]},
								"west": {"uv": [139, 119], "uv_size": [4, 1]},
								"up": {"uv": [143, 120], "uv_size": [-4, -1]},
								"down": {"uv": [143, 120], "uv_size": [-4, -1]}
							}
						},
						{
							"origin": [-3.85, 23.75, 12.15],
							"size": [2, 2, 19.4],
							"inflate": 0.001,
							"pivot": [-1.85, 25.75, 12.15],
							"rotation": [0, 0, -85],
							"uv": {
								"north": {"uv": [139, 119], "uv_size": [4, 1]},
								"east": {"uv": [139, 119], "uv_size": [4, 1]},
								"south": {"uv": [139, 119], "uv_size": [4, 1]},
								"west": {"uv": [139, 119], "uv_size": [4, 1]},
								"up": {"uv": [143, 120], "uv_size": [-4, -1]},
								"down": {"uv": [143, 120], "uv_size": [-4, -1]}
							}
						},
						{
							"origin": [-3.85, 23.75, 31.55],
							"size": [2.05, 2.1, 1.6],
							"inflate": 0.001,
							"pivot": [-1.85, 25.75, 10.55],
							"rotation": [0, 0, -85],
							"uv": {
								"north": {"uv": [139, 119], "uv_size": [4, 1]},
								"east": {"uv": [139, 119], "uv_size": [4, 1]},
								"south": {"uv": [139, 119], "uv_size": [4, 1]},
								"west": {"uv": [139, 119], "uv_size": [4, 1]},
								"up": {"uv": [143, 120], "uv_size": [-4, -1]},
								"down": {"uv": [143, 120], "uv_size": [-4, -1]}
							}
						},
						{
							"origin": [-2, 24.5, 12.15],
							"size": [2, 2, 19.4],
							"inflate": -0.001,
							"pivot": [0, 26.5, 12.15],
							"rotation": [0, 0, -22],
							"uv": {
								"north": {"uv": [139, 119], "uv_size": [4, 1]},
								"east": {"uv": [139, 119], "uv_size": [4, 1]},
								"south": {"uv": [139, 119], "uv_size": [4, 1]},
								"west": {"uv": [139, 119], "uv_size": [4, 1]},
								"up": {"uv": [143, 120], "uv_size": [-4, -1]},
								"down": {"uv": [143, 120], "uv_size": [-4, -1]}
							}
						},
						{
							"origin": [0.1, 22, 12.15],
							"size": [2, 2, 19.4],
							"pivot": [0.1, 22, 12.15],
							"rotation": [0, 0, -22],
							"uv": {
								"north": {"uv": [139, 119], "uv_size": [4, 1]},
								"east": {"uv": [139, 119], "uv_size": [4, 1]},
								"south": {"uv": [139, 119], "uv_size": [4, 1]},
								"west": {"uv": [139, 119], "uv_size": [4, 1]},
								"up": {"uv": [143, 120], "uv_size": [-4, -1]},
								"down": {"uv": [143, 120], "uv_size": [-4, -1]}
							}
						},
						{
							"origin": [-2.1, 22, 12.15],
							"size": [2, 2, 19.4],
							"inflate": -0.001,
							"pivot": [-0.1, 22, 12.15],
							"rotation": [0, 0, 22],
							"uv": {
								"north": {"uv": [139, 119], "uv_size": [4, 1]},
								"east": {"uv": [139, 119], "uv_size": [4, 1]},
								"south": {"uv": [139, 119], "uv_size": [4, 1]},
								"west": {"uv": [139, 119], "uv_size": [4, 1]},
								"up": {"uv": [143, 120], "uv_size": [-4, -1]},
								"down": {"uv": [143, 120], "uv_size": [-4, -1]}
							}
						},
						{
							"origin": [-2.06, 24.5, 31.55],
							"size": [2.1, 2.1, 1.6],
							"inflate": -0.001,
							"pivot": [0, 26.5, 10.55],
							"rotation": [0, 0, -22],
							"uv": {
								"north": {"uv": [139, 119], "uv_size": [4, 1]},
								"east": {"uv": [139, 119], "uv_size": [4, 1]},
								"south": {"uv": [139, 119], "uv_size": [4, 1]},
								"west": {"uv": [139, 119], "uv_size": [4, 1]},
								"up": {"uv": [143, 120], "uv_size": [-4, -1]},
								"down": {"uv": [143, 120], "uv_size": [-4, -1]}
							}
						},
						{
							"origin": [2, 21.75, 31.55],
							"size": [1.02, 2.1, 1.6],
							"pivot": [2.02, 23.75, 10.75],
							"rotation": [0, 0, 94],
							"uv": {
								"north": {"uv": [139, 119], "uv_size": [4, 1]},
								"east": {"uv": [139, 119], "uv_size": [4, 1]},
								"south": {"uv": [139, 119], "uv_size": [4, 1]},
								"west": {"uv": [139, 119], "uv_size": [4, 1]},
								"up": {"uv": [143, 120], "uv_size": [-4, -1]},
								"down": {"uv": [143, 120], "uv_size": [-4, -1]}
							}
						},
						{
							"origin": [1.8, 23.65, 31.55],
							"size": [2.05, 2.2, 1.6],
							"inflate": 0.001,
							"pivot": [1.85, 25.75, 10.55],
							"rotation": [0, 0, 85],
							"uv": {
								"north": {"uv": [139, 119], "uv_size": [4, 1]},
								"east": {"uv": [139, 119], "uv_size": [4, 1]},
								"south": {"uv": [139, 119], "uv_size": [4, 1]},
								"west": {"uv": [139, 119], "uv_size": [4, 1]},
								"up": {"uv": [143, 120], "uv_size": [-4, -1]},
								"down": {"uv": [143, 120], "uv_size": [-4, -1]}
							}
						},
						{
							"origin": [-0.04, 24.5, 31.55],
							"size": [2.1, 2.1, 1.6],
							"inflate": -0.001,
							"pivot": [0, 26.5, 10.55],
							"rotation": [0, 0, 22],
							"uv": {
								"north": {"uv": [139, 119], "uv_size": [4, 1]},
								"east": {"uv": [139, 119], "uv_size": [4, 1]},
								"south": {"uv": [139, 119], "uv_size": [4, 1]},
								"west": {"uv": [139, 119], "uv_size": [4, 1]},
								"up": {"uv": [143, 120], "uv_size": [-4, -1]},
								"down": {"uv": [143, 120], "uv_size": [-4, -1]}
							}
						},
						{
							"origin": [-0.04, 21.9, 31.55],
							"size": [2.2, 2.1, 1.6],
							"inflate": -0.001,
							"pivot": [0, 22, 10.55],
							"rotation": [0, 0, -22],
							"uv": {
								"north": {"uv": [139, 119], "uv_size": [4, 1]},
								"east": {"uv": [139, 119], "uv_size": [4, 1]},
								"south": {"uv": [139, 119], "uv_size": [4, 1]},
								"west": {"uv": [139, 119], "uv_size": [4, 1]},
								"up": {"uv": [143, 120], "uv_size": [-4, -1]},
								"down": {"uv": [143, 120], "uv_size": [-4, -1]}
							}
						},
						{
							"origin": [-2.16, 21.9, 31.55],
							"size": [2.2, 2.1, 1.6],
							"inflate": -0.001,
							"pivot": [0, 22, 10.55],
							"rotation": [0, 0, 22],
							"uv": {
								"north": {"uv": [139, 119], "uv_size": [4, 1]},
								"east": {"uv": [139, 119], "uv_size": [4, 1]},
								"south": {"uv": [139, 119], "uv_size": [4, 1]},
								"west": {"uv": [139, 119], "uv_size": [4, 1]},
								"up": {"uv": [143, 120], "uv_size": [-4, -1]},
								"down": {"uv": [143, 120], "uv_size": [-4, -1]}
							}
						},
						{
							"origin": [-0.7, 23.65, 6],
							"size": [2, 2, 6],
							"inflate": 0.2,
							"pivot": [-0.7, 25.65, 8],
							"rotation": [0, 0, 16],
							"uv": {
								"north": {"uv": [149, 42], "uv_size": [2, 1]},
								"east": {"uv": [149, 42], "uv_size": [2, 1]},
								"south": {"uv": [149, 42], "uv_size": [2, 1]},
								"west": {"uv": [149, 42], "uv_size": [2, 1]},
								"up": {"uv": [151, 43], "uv_size": [-2, -1]},
								"down": {"uv": [151, 43], "uv_size": [-2, -1]}
							}
						},
						{
							"origin": [-1.88, 21.54, 18.308],
							"size": [3.76, 0.77, 4.4],
							"uv": {
								"north": {"uv": [36, 131], "uv_size": [1, 6]},
								"east": {"uv": [36, 131], "uv_size": [1, 6]},
								"south": {"uv": [36, 131], "uv_size": [1, 6]},
								"west": {"uv": [36, 131], "uv_size": [1, 6]},
								"up": {"uv": [37, 137], "uv_size": [-1, -6]},
								"down": {"uv": [37, 137], "uv_size": [-1, -6]}
							}
						},
						{
							"origin": [-1.88, 20.88, 17.758],
							"size": [3.76, 0.77, 6.38],
							"pivot": [0.715, 9.99, 24.49],
							"rotation": [-6, 0, 0],
							"uv": {
								"north": {"uv": [36, 131], "uv_size": [1, 6]},
								"east": {"uv": [36, 131], "uv_size": [1, 6]},
								"south": {"uv": [36, 131], "uv_size": [1, 6]},
								"west": {"uv": [36, 131], "uv_size": [1, 6]},
								"up": {"uv": [37, 137], "uv_size": [-1, -6]},
								"down": {"uv": [37, 137], "uv_size": [-1, -6]}
							}
						},
						{
							"origin": [-1.88, 20.66, 18.198],
							"size": [3.76, 0.55, 1.98],
							"pivot": [0.715, 9.88, 21.63],
							"rotation": [-21, 0, 0],
							"uv": {
								"north": {"uv": [36, 131], "uv_size": [1, 6]},
								"east": {"uv": [36, 131], "uv_size": [1, 6]},
								"south": {"uv": [36, 131], "uv_size": [1, 6]},
								"west": {"uv": [36, 131], "uv_size": [1, 6]},
								"up": {"uv": [37, 137], "uv_size": [-1, -6]},
								"down": {"uv": [37, 137], "uv_size": [-1, -6]}
							}
						},
						{
							"origin": [-1.88, 20.33, 23.038],
							"size": [3.76, 1.276, 2.53],
							"pivot": [0.715, 9.99, 24.38],
							"rotation": [-6, 0, 0],
							"uv": {
								"north": {"uv": [36, 131], "uv_size": [1, 6]},
								"east": {"uv": [36, 131], "uv_size": [1, 6]},
								"south": {"uv": [36, 131], "uv_size": [1, 6]},
								"west": {"uv": [36, 131], "uv_size": [1, 6]},
								"up": {"uv": [37, 137], "uv_size": [-1, -6]},
								"down": {"uv": [37, 137], "uv_size": [-1, -6]}
							}
						},
						{
							"origin": [-1.88, 21.65, 21.498],
							"size": [3.76, 0.396, 2.585],
							"pivot": [0.715, 10.43, 24.49],
							"rotation": [-6, 0, 0],
							"uv": {
								"north": {"uv": [36, 131], "uv_size": [1, 6]},
								"east": {"uv": [36, 131], "uv_size": [1, 6]},
								"south": {"uv": [36, 131], "uv_size": [1, 6]},
								"west": {"uv": [36, 131], "uv_size": [1, 6]},
								"up": {"uv": [37, 137], "uv_size": [-1, -6]},
								"down": {"uv": [37, 137], "uv_size": [-1, -6]}
							}
						},
						{
							"origin": [-1.88, 21.32, 20.948],
							"size": [3.76, 0.396, 1.595],
							"pivot": [0.715, 10.1, 23.94],
							"rotation": [-21, 0, 0],
							"uv": {
								"north": {"uv": [36, 131], "uv_size": [1, 6]},
								"east": {"uv": [36, 131], "uv_size": [1, 6]},
								"south": {"uv": [36, 131], "uv_size": [1, 6]},
								"west": {"uv": [36, 131], "uv_size": [1, 6]},
								"up": {"uv": [37, 137], "uv_size": [-1, -6]},
								"down": {"uv": [37, 137], "uv_size": [-1, -6]}
							}
						}
					]
				},
				{
					"name": "bone14",
					"parent": "stock",
					"pivot": [-1.78, 19.15, 20.15],
					"rotation": [-27, 0, 0]
				},
				{
					"name": "bone15",
					"parent": "stock",
					"pivot": [-1.78, 16.85, 24.85],
					"rotation": [-69, 0, 0]
				},
				{
					"name": "_ca_stock",
					"parent": "main",
					"pivot": [-0.2, 21.85, -1.425],
					"cubes": [
						{
							"origin": [-0.45, 23.95, 5.975],
							"size": [1, 1, 1],
							"uv": {
								"north": {"uv": [38, 187], "uv_size": [3, 5]},
								"east": {"uv": [38, 187], "uv_size": [3, 5]},
								"south": {"uv": [38, 187], "uv_size": [3, 5]},
								"west": {"uv": [38, 187], "uv_size": [3, 5]},
								"up": {"uv": [41, 192], "uv_size": [-3, -5]},
								"down": {"uv": [41, 192], "uv_size": [-3, -5]}
							}
						}
					]
				}
			]
		}
	]
}