{
	"format_version": "1.12.0",
	"minecraft:geometry": [
		{
			"description": {
				"identifier": "geometry.unknown",
				"texture_width": 128,
				"texture_height": 128,
				"visible_bounds_width": 9,
				"visible_bounds_height": 5,
				"visible_bounds_offset": [0, 0.5, 0]
			},
			"bones": [
				{
					"name": "main",
					"pivot": [0, 20, 0]
				},
				{
					"name": "1p87",
					"parent": "main",
					"pivot": [0.2, 29.5, -13.35],
					"cubes": [
						{
							"origin": [-1.323, 27.9958, -9.58413],
							"size": [2.836, 2.445, 4.917],
							"uv": {
								"north": {"uv": [79, 7], "uv_size": [10, 2]},
								"east": {"uv": [79, 7], "uv_size": [10, 2]},
								"south": {"uv": [79, 7], "uv_size": [10, 2]},
								"west": {"uv": [79, 7], "uv_size": [10, 2]},
								"up": {"uv": [89, 9], "uv_size": [-10, -2]},
								"down": {"uv": [89, 9], "uv_size": [-10, -2]}
							}
						},
						{
							"origin": [-1.323, 28.3958, -10.48412],
							"size": [2.836, 2.045, 0.917],
							"uv": {
								"north": {"uv": [79, 7], "uv_size": [10, 2]},
								"east": {"uv": [79, 7], "uv_size": [10, 2]},
								"south": {"uv": [79, 7], "uv_size": [10, 2]},
								"west": {"uv": [79, 7], "uv_size": [10, 2]},
								"up": {"uv": [89, 9], "uv_size": [-10, -2]},
								"down": {"uv": [89, 9], "uv_size": [-10, -2]}
							}
						},
						{
							"origin": [-1.323, 29.69565, -11.00451],
							"size": [2.836, 0.745, 0.517],
							"pivot": [1.5, 30.44985, -10.48621],
							"rotation": [21, 0, 0],
							"uv": {
								"north": {"uv": [79, 7], "uv_size": [10, 2]},
								"east": {"uv": [79, 7], "uv_size": [10, 2]},
								"south": {"uv": [79, 7], "uv_size": [10, 2]},
								"west": {"uv": [79, 7], "uv_size": [10, 2]},
								"up": {"uv": [89, 9], "uv_size": [-10, -2]},
								"down": {"uv": [89, 9], "uv_size": [-10, -2]}
							}
						},
						{
							"origin": [-1.323, 29.70912, -11.49014],
							"size": [2.836, 0.545, 0.517],
							"pivot": [1.5, 30.26332, -10.97184],
							"rotation": [41, 0, 0],
							"uv": {
								"north": {"uv": [79, 7], "uv_size": [10, 2]},
								"east": {"uv": [79, 7], "uv_size": [10, 2]},
								"south": {"uv": [79, 7], "uv_size": [10, 2]},
								"west": {"uv": [79, 7], "uv_size": [10, 2]},
								"up": {"uv": [89, 9], "uv_size": [-10, -2]},
								"down": {"uv": [89, 9], "uv_size": [-10, -2]}
							}
						},
						{
							"origin": [-1.323, 28.86563, -11.88388],
							"size": [2.836, 1.045, 0.517],
							"pivot": [1.5, 29.91983, -11.36558],
							"rotation": [76, 0, 0],
							"uv": {
								"north": {"uv": [79, 7], "uv_size": [10, 2]},
								"east": {"uv": [79, 7], "uv_size": [10, 2]},
								"south": {"uv": [79, 7], "uv_size": [10, 2]},
								"west": {"uv": [79, 7], "uv_size": [10, 2]},
								"up": {"uv": [89, 9], "uv_size": [-10, -2]},
								"down": {"uv": [89, 9], "uv_size": [-10, -2]}
							}
						},
						{
							"origin": [-1.323, 28.53739, -10.61833],
							"size": [2.836, 0.545, 0.517],
							"pivot": [1.513, 29.5324, -10.48413],
							"rotation": [-76, 0, 0],
							"uv": {
								"north": {"uv": [79, 9], "uv_size": [10, -2]},
								"east": {"uv": [79, 9], "uv_size": [10, -2]},
								"south": {"uv": [79, 9], "uv_size": [10, -2]},
								"west": {"uv": [79, 9], "uv_size": [10, -2]},
								"up": {"uv": [89, 7], "uv_size": [-10, 2]},
								"down": {"uv": [89, 7], "uv_size": [-10, 2]}
							}
						},
						{
							"origin": [-1.323, 28.49777, -10.74127],
							"size": [2.836, 1.145, 0.517],
							"pivot": [1.513, 29.5324, -10.48413],
							"rotation": [-41, 0, 0],
							"uv": {
								"north": {"uv": [79, 9], "uv_size": [10, -2]},
								"east": {"uv": [79, 9], "uv_size": [10, -2]},
								"south": {"uv": [79, 9], "uv_size": [10, -2]},
								"west": {"uv": [79, 9], "uv_size": [10, -2]},
								"up": {"uv": [89, 7], "uv_size": [-10, 2]},
								"down": {"uv": [89, 7], "uv_size": [-10, 2]}
							}
						},
						{
							"origin": [-1.323, 28.47129, -10.5938],
							"size": [2.836, 1.245, 0.517],
							"pivot": [1.513, 29.5324, -10.48413],
							"rotation": [-21, 0, 0],
							"uv": {
								"north": {"uv": [79, 9], "uv_size": [10, -2]},
								"east": {"uv": [79, 9], "uv_size": [10, -2]},
								"south": {"uv": [79, 9], "uv_size": [10, -2]},
								"west": {"uv": [79, 9], "uv_size": [10, -2]},
								"up": {"uv": [89, 7], "uv_size": [-10, 2]},
								"down": {"uv": [89, 7], "uv_size": [-10, 2]}
							}
						},
						{
							"origin": [1.577, 27.9958, -9.58413],
							"size": [0.136, 2.045, 4.217],
							"uv": {
								"north": {"uv": [79, 7], "uv_size": [10, 2]},
								"east": {"uv": [79, 7], "uv_size": [10, 2]},
								"south": {"uv": [79, 7], "uv_size": [10, 2]},
								"west": {"uv": [79, 7], "uv_size": [10, 2]},
								"up": {"uv": [89, 9], "uv_size": [-10, -2]},
								"down": {"uv": [89, 9], "uv_size": [-10, -2]}
							}
						},
						{
							"origin": [1.477, 27.9958, -9.48413],
							"size": [0.136, 2.045, 4.017],
							"uv": {
								"north": {"uv": [79, 7], "uv_size": [10, 2]},
								"east": {"uv": [79, 7], "uv_size": [10, 2]},
								"south": {"uv": [79, 7], "uv_size": [10, 2]},
								"west": {"uv": [79, 7], "uv_size": [10, 2]},
								"up": {"uv": [89, 9], "uv_size": [-10, -2]},
								"down": {"uv": [89, 9], "uv_size": [-10, -2]}
							}
						},
						{
							"origin": [-1.323, 30.3408, -9.18413],
							"size": [2.831, 0.175, 4.51],
							"uv": {
								"north": {"uv": [79, 7], "uv_size": [10, 2]},
								"east": {"uv": [79, 7], "uv_size": [10, 2]},
								"south": {"uv": [79, 7], "uv_size": [10, 2]},
								"west": {"uv": [79, 7], "uv_size": [10, 2]},
								"up": {"uv": [89, 9], "uv_size": [-10, -2]},
								"down": {"uv": [89, 9], "uv_size": [-10, -2]}
							}
						},
						{
							"origin": [-1.106, 31.9408, -3.27],
							"size": [0.131, 0.39, 0.14],
							"pivot": [-0.9, 32.328, -4.96583],
							"rotation": [-81, 0, 0],
							"uv": {
								"north": {"uv": [79, 7], "uv_size": [10, 2]},
								"east": {"uv": [79, 7], "uv_size": [10, 2]},
								"south": {"uv": [79, 7], "uv_size": [10, 2]},
								"west": {"uv": [79, 7], "uv_size": [10, 2]},
								"up": {"uv": [89, 9], "uv_size": [-10, -2]},
								"down": {"uv": [89, 9], "uv_size": [-10, -2]}
							}
						},
						{
							"origin": [-1.323, 30.1408, -9.52587],
							"size": [2.831, 0.375, 0.41],
							"uv": {
								"north": {"uv": [89, 7], "uv_size": [-10, 2]},
								"east": {"uv": [89, 7], "uv_size": [-10, 2]},
								"south": {"uv": [89, 7], "uv_size": [-10, 2]},
								"west": {"uv": [89, 7], "uv_size": [-10, 2]},
								"up": {"uv": [89, 7], "uv_size": [-10, 2]},
								"down": {"uv": [89, 7], "uv_size": [-10, 2]}
							}
						},
						{
							"origin": [1.3135, 30.2308, -9.38413],
							"size": [0.273, 0.63, 4.417],
							"pivot": [1.282, 30.8608, -5.46082],
							"rotation": [0, 0, 44],
							"uv": {
								"north": {"uv": [79, 7], "uv_size": [10, 2]},
								"east": {"uv": [79, 7], "uv_size": [10, 2]},
								"south": {"uv": [79, 7], "uv_size": [10, 2]},
								"west": {"uv": [79, 7], "uv_size": [10, 2]},
								"up": {"uv": [89, 9], "uv_size": [-10, -2]},
								"down": {"uv": [89, 9], "uv_size": [-10, -2]}
							}
						},
						{
							"origin": [-1.3965, 30.2308, -9.38413],
							"size": [0.273, 0.63, 4.417],
							"pivot": [-1.092, 30.8608, -5.46082],
							"rotation": [0, 0, -44],
							"uv": {
								"north": {"uv": [79, 7], "uv_size": [10, 2]},
								"east": {"uv": [79, 7], "uv_size": [10, 2]},
								"south": {"uv": [79, 7], "uv_size": [10, 2]},
								"west": {"uv": [79, 7], "uv_size": [10, 2]},
								"up": {"uv": [89, 9], "uv_size": [-10, -2]},
								"down": {"uv": [89, 9], "uv_size": [-10, -2]}
							}
						},
						{
							"origin": [-0.97064, 30.295, -5.001],
							"size": [0.125, 0.45, 0.31],
							"pivot": [-1.092, 30.4608, -4.66082],
							"rotation": [6.5, 1.04196, -44.83393],
							"uv": {
								"north": {"uv": [79, 7], "uv_size": [10, 2]},
								"east": {"uv": [79, 7], "uv_size": [10, 2]},
								"south": {"uv": [79, 7], "uv_size": [10, 2]},
								"west": {"uv": [79, 7], "uv_size": [10, 2]},
								"up": {"uv": [89, 9], "uv_size": [-10, -2]},
								"down": {"uv": [89, 9], "uv_size": [-10, -2]}
							}
						},
						{
							"origin": [1.04564, 30.295, -5.001],
							"size": [0.125, 0.45, 0.31],
							"pivot": [1.292, 30.4608, -4.66082],
							"rotation": [6.5, -1.04196, 44.83393],
							"uv": {
								"north": {"uv": [89, 7], "uv_size": [-10, 2]},
								"east": {"uv": [89, 7], "uv_size": [-10, 2]},
								"south": {"uv": [89, 7], "uv_size": [-10, 2]},
								"west": {"uv": [89, 7], "uv_size": [-10, 2]},
								"up": {"uv": [79, 9], "uv_size": [10, -2]},
								"down": {"uv": [79, 9], "uv_size": [10, -2]}
							}
						},
						{
							"origin": [1.175, 31.9408, -3.27],
							"size": [0.131, 0.39, 0.14],
							"pivot": [1.1, 32.328, -4.96583],
							"rotation": [-81, 0, 0],
							"uv": {
								"north": {"uv": [89, 7], "uv_size": [-10, 2]},
								"east": {"uv": [89, 7], "uv_size": [-10, 2]},
								"south": {"uv": [89, 7], "uv_size": [-10, 2]},
								"west": {"uv": [89, 7], "uv_size": [-10, 2]},
								"up": {"uv": [79, 9], "uv_size": [10, -2]},
								"down": {"uv": [79, 9], "uv_size": [10, -2]}
							}
						},
						{
							"origin": [1.04564, 30.295, -9.509],
							"size": [0.125, 0.45, 0.31],
							"pivot": [1.292, 30.4608, -9.53918],
							"rotation": [-6.5, 1.04196, 44.83393],
							"uv": {
								"north": {"uv": [79, 7], "uv_size": [10, 2]},
								"east": {"uv": [79, 7], "uv_size": [10, 2]},
								"south": {"uv": [79, 7], "uv_size": [10, 2]},
								"west": {"uv": [79, 7], "uv_size": [10, 2]},
								"up": {"uv": [79, 7], "uv_size": [10, 2]},
								"down": {"uv": [79, 7], "uv_size": [10, 2]}
							}
						},
						{
							"origin": [1.175, 31.9408, -11.07],
							"size": [0.131, 0.39, 0.14],
							"pivot": [1.1, 32.328, -9.23417],
							"rotation": [81, 0, 0],
							"uv": {
								"north": {"uv": [79, 7], "uv_size": [10, 2]},
								"east": {"uv": [79, 7], "uv_size": [10, 2]},
								"south": {"uv": [79, 7], "uv_size": [10, 2]},
								"west": {"uv": [79, 7], "uv_size": [10, 2]},
								"up": {"uv": [79, 7], "uv_size": [10, 2]},
								"down": {"uv": [79, 7], "uv_size": [10, 2]}
							}
						},
						{
							"origin": [-1.106, 31.9408, -11.07],
							"size": [0.131, 0.39, 0.14],
							"pivot": [-0.9, 32.328, -9.23417],
							"rotation": [81, 0, 0],
							"uv": {
								"north": {"uv": [89, 7], "uv_size": [-10, 2]},
								"east": {"uv": [89, 7], "uv_size": [-10, 2]},
								"south": {"uv": [89, 7], "uv_size": [-10, 2]},
								"west": {"uv": [89, 7], "uv_size": [-10, 2]},
								"up": {"uv": [89, 7], "uv_size": [-10, 2]},
								"down": {"uv": [89, 7], "uv_size": [-10, 2]}
							}
						},
						{
							"origin": [-0.97064, 30.295, -9.509],
							"size": [0.125, 0.45, 0.31],
							"pivot": [-1.092, 30.4608, -9.53918],
							"rotation": [-6.5, -1.04196, -44.83393],
							"uv": {
								"north": {"uv": [89, 7], "uv_size": [-10, 2]},
								"east": {"uv": [89, 7], "uv_size": [-10, 2]},
								"south": {"uv": [89, 7], "uv_size": [-10, 2]},
								"west": {"uv": [89, 7], "uv_size": [-10, 2]},
								"up": {"uv": [89, 7], "uv_size": [-10, 2]},
								"down": {"uv": [89, 7], "uv_size": [-10, 2]}
							}
						},
						{
							"origin": [-1.28324, 27.39976, -3.91874],
							"size": [2.53348, 0.93248, 3.51248],
							"inflate": -0.201,
							"uv": {
								"north": {"uv": [79, 7], "uv_size": [10, 2]},
								"east": {"uv": [79, 7], "uv_size": [10, 2]},
								"south": {"uv": [79, 7], "uv_size": [10, 2]},
								"west": {"uv": [79, 7], "uv_size": [10, 2]},
								"up": {"uv": [89, 9], "uv_size": [-10, -2]},
								"down": {"uv": [89, 9], "uv_size": [-10, -2]}
							}
						},
						{
							"origin": [-0.688, 27.296, -3.6825],
							"size": [1.748, 0.336, 3.04],
							"uv": {
								"north": {"uv": [79, 7], "uv_size": [10, 2]},
								"east": {"uv": [79, 7], "uv_size": [10, 2]},
								"south": {"uv": [79, 7], "uv_size": [10, 2]},
								"west": {"uv": [79, 7], "uv_size": [10, 2]},
								"up": {"uv": [89, 9], "uv_size": [-10, -2]},
								"down": {"uv": [89, 9], "uv_size": [-10, -2]}
							}
						},
						{
							"origin": [-0.888, 28.996, -3.6825],
							"size": [2.148, 1.436, 3.04],
							"uv": {
								"north": {"uv": [79, 7], "uv_size": [10, 2]},
								"east": {"uv": [79, 7], "uv_size": [10, 2]},
								"south": {"uv": [79, 7], "uv_size": [10, 2]},
								"west": {"uv": [79, 7], "uv_size": [10, 2]},
								"up": {"uv": [89, 9], "uv_size": [-10, -2]},
								"down": {"uv": [89, 9], "uv_size": [-10, -2]}
							}
						},
						{
							"origin": [-1.49, 27.552, -3.8725],
							"size": [1.06, 2.106, 3.476],
							"inflate": -0.2,
							"pivot": [-1, 28.1, -3.6365],
							"rotation": [0, 0, -41],
							"uv": {
								"north": {"uv": [79, 7], "uv_size": [10, 2]},
								"east": {"uv": [79, 7], "uv_size": [10, 2]},
								"south": {"uv": [79, 7], "uv_size": [10, 2]},
								"west": {"uv": [79, 7], "uv_size": [10, 2]},
								"up": {"uv": [89, 9], "uv_size": [-10, -2]},
								"down": {"uv": [89, 9], "uv_size": [-10, -2]}
							}
						},
						{
							"origin": [-19.8092, 22.4697, -4.0785],
							"size": [1.018, 0.9975, 3.8575],
							"inflate": -0.3,
							"pivot": [-17.556, 47.339, 2.8635],
							"rotation": [0, 0, -45],
							"uv": {
								"north": {"uv": [68, 59], "uv_size": [5, 3]},
								"east": {"uv": [68, 59], "uv_size": [5, 3]},
								"south": {"uv": [68, 59], "uv_size": [5, 3]},
								"west": {"uv": [68, 59], "uv_size": [5, 3]},
								"up": {"uv": [73, 62], "uv_size": [-5, -3]},
								"down": {"uv": [73, 62], "uv_size": [-5, -3]}
							}
						},
						{
							"origin": [-0.99, 29.252, -3.8725],
							"size": [0.56, 0.44, 3.476],
							"inflate": -0.2,
							"pivot": [-1, 28.1, -3.6365],
							"rotation": [0, 0, -34],
							"uv": {
								"north": {"uv": [79, 7], "uv_size": [10, 2]},
								"east": {"uv": [79, 7], "uv_size": [10, 2]},
								"south": {"uv": [79, 7], "uv_size": [10, 2]},
								"west": {"uv": [79, 7], "uv_size": [10, 2]},
								"up": {"uv": [89, 9], "uv_size": [-10, -2]},
								"down": {"uv": [89, 9], "uv_size": [-10, -2]}
							}
						},
						{
							"origin": [-0.99, 27.552, -3.8725],
							"size": [0.56, 2.106, 3.476],
							"inflate": -0.2,
							"pivot": [-1, 28.1, -3.6365],
							"rotation": [0, 0, -34],
							"uv": {
								"north": {"uv": [79, 7], "uv_size": [10, 2]},
								"east": {"uv": [79, 7], "uv_size": [10, 2]},
								"south": {"uv": [79, 7], "uv_size": [10, 2]},
								"west": {"uv": [79, 7], "uv_size": [10, 2]},
								"up": {"uv": [89, 9], "uv_size": [-10, -2]},
								"down": {"uv": [89, 9], "uv_size": [-10, -2]}
							}
						},
						{
							"origin": [-1.664, 28.326, -3.7915],
							"size": [3.252, 0.98, 3.309],
							"inflate": -0.3,
							"uv": {
								"north": {"uv": [79, 7], "uv_size": [10, 2]},
								"east": {"uv": [79, 7], "uv_size": [10, 2]},
								"south": {"uv": [79, 7], "uv_size": [10, 2]},
								"west": {"uv": [79, 7], "uv_size": [10, 2]},
								"up": {"uv": [89, 9], "uv_size": [-10, -2]},
								"down": {"uv": [89, 9], "uv_size": [-10, -2]}
							}
						},
						{
							"origin": [-0.887, 30.462, -3.5585],
							"size": [2.127, 2.208, 0.665],
							"uv": {
								"north": {"uv": [42, 11], "uv_size": [3, 4]},
								"east": {"uv": [11, 48], "uv_size": [1, 4]},
								"south": {"uv": [42, 11], "uv_size": [3, 4]},
								"west": {"uv": [20, 48], "uv_size": [1, 4]},
								"up": {"uv": [50, 29], "uv_size": [3, 1]},
								"down": {"uv": [50, 37], "uv_size": [3, -1]}
							}
						},
						{
							"origin": [-0.88, 30.67, 3.3415],
							"size": [2.07, 1.908, 0.665],
							"uv": {
								"north": {"uv": [42, 11], "uv_size": [3, 4]},
								"east": {"uv": [11, 48], "uv_size": [1, 4]},
								"south": {"uv": [42, 11], "uv_size": [3, 4]},
								"west": {"uv": [20, 48], "uv_size": [1, 4]},
								"up": {"uv": [50, 29], "uv_size": [3, 1]},
								"down": {"uv": [50, 37], "uv_size": [3, -1]}
							}
						}
					]
				},
				{
					"name": "1p89",
					"parent": "1p87",
					"pivot": [-0.882, 32.6292, -5.76082],
					"cubes": [
						{
							"origin": [1.282, 30.4408, -9.18413],
							"size": [0.231, 1.89, 4.217],
							"uv": {
								"north": {"uv": [79, 7], "uv_size": [10, 2]},
								"east": {"uv": [79, 7], "uv_size": [10, 2]},
								"south": {"uv": [79, 7], "uv_size": [10, 2]},
								"west": {"uv": [79, 7], "uv_size": [10, 2]},
								"up": {"uv": [89, 9], "uv_size": [-10, -2]},
								"down": {"uv": [89, 9], "uv_size": [-10, -2]}
							}
						},
						{
							"origin": [-1.323, 30.4408, -9.18413],
							"size": [0.231, 1.89, 4.217],
							"uv": {
								"north": {"uv": [79, 7], "uv_size": [10, 2]},
								"east": {"uv": [79, 7], "uv_size": [10, 2]},
								"south": {"uv": [79, 7], "uv_size": [10, 2]},
								"west": {"uv": [79, 7], "uv_size": [10, 2]},
								"up": {"uv": [89, 9], "uv_size": [-10, -2]},
								"down": {"uv": [89, 9], "uv_size": [-10, -2]}
							}
						},
						{
							"origin": [1.29, 32.32, -9.235],
							"size": [0.22, 0.33, 4.27],
							"pivot": [1.482, 32.3292, -5.76082],
							"rotation": [0, 0, -21],
							"uv": {
								"north": {"uv": [79, 7], "uv_size": [10, 2]},
								"east": {"uv": [79, 7], "uv_size": [10, 2]},
								"south": {"uv": [79, 7], "uv_size": [10, 2]},
								"west": {"uv": [79, 7], "uv_size": [10, 2]},
								"up": {"uv": [89, 9], "uv_size": [-10, -2]},
								"down": {"uv": [89, 9], "uv_size": [-10, -2]}
							}
						},
						{
							"origin": [-1.01, 32.5408, -9.235],
							"size": [2.22, 0.2415, 4.27],
							"uv": {
								"north": {"uv": [79, 7], "uv_size": [10, 2]},
								"east": {"uv": [79, 7], "uv_size": [10, 2]},
								"south": {"uv": [79, 7], "uv_size": [10, 2]},
								"west": {"uv": [79, 7], "uv_size": [10, 2]},
								"up": {"uv": [89, 9], "uv_size": [-10, -2]},
								"down": {"uv": [89, 9], "uv_size": [-10, -2]}
							}
						},
						{
							"origin": [1.282, 31.9408, -4.97],
							"size": [0.231, 0.39, 1.84],
							"pivot": [-0.7, 32.328, -4.96583],
							"rotation": [-81, 0, 0],
							"uv": {
								"north": {"uv": [79, 7], "uv_size": [10, 2]},
								"east": {"uv": [79, 7], "uv_size": [10, 2]},
								"south": {"uv": [79, 7], "uv_size": [10, 2]},
								"west": {"uv": [79, 7], "uv_size": [10, 2]},
								"up": {"uv": [89, 9], "uv_size": [-10, -2]},
								"down": {"uv": [89, 9], "uv_size": [-10, -2]}
							}
						},
						{
							"origin": [-1.323, 31.9408, -4.97],
							"size": [0.231, 0.39, 1.84],
							"pivot": [-1.1, 32.328, -4.96583],
							"rotation": [-81, 0, 0],
							"uv": {
								"north": {"uv": [79, 7], "uv_size": [10, 2]},
								"east": {"uv": [79, 7], "uv_size": [10, 2]},
								"south": {"uv": [79, 7], "uv_size": [10, 2]},
								"west": {"uv": [79, 7], "uv_size": [10, 2]},
								"up": {"uv": [89, 9], "uv_size": [-10, -2]},
								"down": {"uv": [89, 9], "uv_size": [-10, -2]}
							}
						},
						{
							"origin": [-1.323, 31.9408, -11.07],
							"size": [0.231, 0.39, 1.84],
							"pivot": [-1.1, 32.328, -9.23417],
							"rotation": [81, 0, 0],
							"uv": {
								"north": {"uv": [89, 7], "uv_size": [-10, 2]},
								"east": {"uv": [89, 7], "uv_size": [-10, 2]},
								"south": {"uv": [89, 7], "uv_size": [-10, 2]},
								"west": {"uv": [89, 7], "uv_size": [-10, 2]},
								"up": {"uv": [89, 7], "uv_size": [-10, 2]},
								"down": {"uv": [89, 7], "uv_size": [-10, 2]}
							}
						},
						{
							"origin": [1.282, 31.9408, -11.07],
							"size": [0.231, 0.39, 1.84],
							"pivot": [-0.7, 32.328, -9.23417],
							"rotation": [81, 0, 0],
							"uv": {
								"north": {"uv": [89, 7], "uv_size": [-10, 2]},
								"east": {"uv": [89, 7], "uv_size": [-10, 2]},
								"south": {"uv": [89, 7], "uv_size": [-10, 2]},
								"west": {"uv": [89, 7], "uv_size": [-10, 2]},
								"up": {"uv": [89, 7], "uv_size": [-10, 2]},
								"down": {"uv": [89, 7], "uv_size": [-10, 2]}
							}
						},
						{
							"origin": [0.8837, 32.64, -9.235],
							"size": [0.22, 0.23, 4.27],
							"pivot": [1.082, 32.6292, -5.76082],
							"rotation": [0, 0, 127],
							"uv": {
								"north": {"uv": [79, 7], "uv_size": [10, 2]},
								"east": {"uv": [79, 7], "uv_size": [10, 2]},
								"south": {"uv": [79, 7], "uv_size": [10, 2]},
								"west": {"uv": [79, 7], "uv_size": [10, 2]},
								"up": {"uv": [89, 9], "uv_size": [-10, -2]},
								"down": {"uv": [89, 9], "uv_size": [-10, -2]}
							}
						},
						{
							"origin": [-1.31, 32.32, -9.235],
							"size": [0.22, 0.33, 4.27],
							"pivot": [-1.282, 32.3292, -5.76082],
							"rotation": [0, 0, 21],
							"uv": {
								"north": {"uv": [89, 7], "uv_size": [-10, 2]},
								"east": {"uv": [89, 7], "uv_size": [-10, 2]},
								"south": {"uv": [89, 7], "uv_size": [-10, 2]},
								"west": {"uv": [89, 7], "uv_size": [-10, 2]},
								"up": {"uv": [79, 9], "uv_size": [10, -2]},
								"down": {"uv": [79, 9], "uv_size": [10, -2]}
							}
						},
						{
							"origin": [-0.9037, 32.64, -9.235],
							"size": [0.22, 0.23, 4.27],
							"pivot": [-0.882, 32.6292, -5.76082],
							"rotation": [0, 0, -127],
							"uv": {
								"north": {"uv": [89, 7], "uv_size": [-10, 2]},
								"east": {"uv": [89, 7], "uv_size": [-10, 2]},
								"south": {"uv": [89, 7], "uv_size": [-10, 2]},
								"west": {"uv": [89, 7], "uv_size": [-10, 2]},
								"up": {"uv": [79, 9], "uv_size": [10, -2]},
								"down": {"uv": [79, 9], "uv_size": [10, -2]}
							}
						}
					]
				},
				{
					"name": "1p2",
					"parent": "1p87",
					"pivot": [-1.082, 32.8292, -5.76082],
					"cubes": [
						{
							"origin": [1.6148, 30.20312, -9.16879],
							"size": [0.1772, 2.268, 4.2204],
							"uv": {
								"north": {"uv": [79, 7], "uv_size": [10, 2]},
								"east": {"uv": [79, 7], "uv_size": [10, 2]},
								"south": {"uv": [79, 7], "uv_size": [10, 2]},
								"west": {"uv": [79, 7], "uv_size": [10, 2]},
								"up": {"uv": [89, 9], "uv_size": [-10, -2]},
								"down": {"uv": [89, 9], "uv_size": [-10, -2]}
							}
						},
						{
							"origin": [1.76255, 27.97697, -9.57888],
							"size": [0.1772, 2.068, 4.985],
							"uv": {
								"north": {"uv": [79, 7], "uv_size": [10, 2]},
								"east": {"uv": [79, 7], "uv_size": [10, 2]},
								"south": {"uv": [79, 7], "uv_size": [10, 2]},
								"west": {"uv": [79, 7], "uv_size": [10, 2]},
								"up": {"uv": [89, 9], "uv_size": [-10, -2]},
								"down": {"uv": [89, 9], "uv_size": [-10, -2]}
							}
						},
						{
							"origin": [1.76255, 27.37697, -8.17888],
							"size": [0.1772, 0.668, 3.585],
							"uv": {
								"north": {"uv": [79, 7], "uv_size": [10, 2]},
								"east": {"uv": [79, 7], "uv_size": [10, 2]},
								"south": {"uv": [79, 7], "uv_size": [10, 2]},
								"west": {"uv": [79, 7], "uv_size": [10, 2]},
								"up": {"uv": [89, 9], "uv_size": [-10, -2]},
								"down": {"uv": [89, 9], "uv_size": [-10, -2]}
							}
						},
						{
							"origin": [1.76255, 27.77697, -8.67888],
							"size": [0.1772, 0.268, 0.585],
							"uv": {
								"north": {"uv": [79, 7], "uv_size": [10, 2]},
								"east": {"uv": [79, 7], "uv_size": [10, 2]},
								"south": {"uv": [79, 7], "uv_size": [10, 2]},
								"west": {"uv": [79, 7], "uv_size": [10, 2]},
								"up": {"uv": [89, 9], "uv_size": [-10, -2]},
								"down": {"uv": [89, 9], "uv_size": [-10, -2]}
							}
						},
						{
							"origin": [1.76255, 27.37697, -8.67888],
							"size": [0.1772, 0.268, 0.585],
							"uv": {
								"north": {"uv": [79, 7], "uv_size": [10, 2]},
								"east": {"uv": [79, 7], "uv_size": [10, 2]},
								"south": {"uv": [79, 7], "uv_size": [10, 2]},
								"west": {"uv": [79, 7], "uv_size": [10, 2]},
								"up": {"uv": [89, 9], "uv_size": [-10, -2]},
								"down": {"uv": [89, 9], "uv_size": [-10, -2]}
							}
						},
						{
							"origin": [1.76255, 27.57697, -8.67888],
							"size": [0.0772, 0.268, 0.585],
							"uv": {
								"north": {"uv": [79, 7], "uv_size": [10, 2]},
								"east": {"uv": [79, 7], "uv_size": [10, 2]},
								"south": {"uv": [79, 7], "uv_size": [10, 2]},
								"west": {"uv": [79, 7], "uv_size": [10, 2]},
								"up": {"uv": [89, 9], "uv_size": [-10, -2]},
								"down": {"uv": [89, 9], "uv_size": [-10, -2]}
							}
						},
						{
							"origin": [1.76255, 27.37697, -9.47888],
							"size": [0.0772, 0.568, 0.785],
							"uv": {
								"north": {"uv": [79, 7], "uv_size": [10, 2]},
								"east": {"uv": [79, 7], "uv_size": [10, 2]},
								"south": {"uv": [79, 7], "uv_size": [10, 2]},
								"west": {"uv": [79, 7], "uv_size": [10, 2]},
								"up": {"uv": [89, 9], "uv_size": [-10, -2]},
								"down": {"uv": [89, 9], "uv_size": [-10, -2]}
							}
						},
						{
							"origin": [-1.43745, 27.37697, -9.47888],
							"size": [3.0772, 0.568, 4.785],
							"uv": {
								"north": {"uv": [79, 7], "uv_size": [10, 2]},
								"east": {"uv": [79, 7], "uv_size": [10, 2]},
								"south": {"uv": [79, 7], "uv_size": [10, 2]},
								"west": {"uv": [79, 7], "uv_size": [10, 2]},
								"up": {"uv": [89, 9], "uv_size": [-10, -2]},
								"down": {"uv": [89, 9], "uv_size": [-10, -2]}
							}
						},
						{
							"origin": [1.66255, 27.37697, -9.57888],
							"size": [0.1772, 0.068, 0.885],
							"uv": {
								"north": {"uv": [79, 7], "uv_size": [10, 2]},
								"east": {"uv": [79, 7], "uv_size": [10, 2]},
								"south": {"uv": [79, 7], "uv_size": [10, 2]},
								"west": {"uv": [79, 7], "uv_size": [10, 2]},
								"up": {"uv": [89, 9], "uv_size": [-10, -2]},
								"down": {"uv": [89, 9], "uv_size": [-10, -2]}
							}
						},
						{
							"origin": [1.93975, 29.17697, -5.37888],
							"size": [0.1, 0.5, 0.5],
							"pivot": [0.70415, 29.27401, -5.19692],
							"rotation": [45, 0, 0],
							"uv": {
								"north": {"uv": [68, 59], "uv_size": [5, 3]},
								"east": {"uv": [68, 59], "uv_size": [5, 3]},
								"south": {"uv": [68, 59], "uv_size": [5, 3]},
								"west": {"uv": [68, 59], "uv_size": [5, 3]},
								"up": {"uv": [73, 62], "uv_size": [-5, -3]},
								"down": {"uv": [73, 62], "uv_size": [-5, -3]}
							}
						},
						{
							"origin": [-1.76025, 29.57697, -6.27888],
							"size": [0.1, 0.5, 0.5],
							"pivot": [-2.99585, 29.67401, -6.09692],
							"rotation": [45, 0, 0],
							"uv": {
								"north": {"uv": [48, 28], "uv_size": [5, 3]},
								"east": {"uv": [48, 28], "uv_size": [5, 3]},
								"south": {"uv": [48, 28], "uv_size": [5, 3]},
								"west": {"uv": [48, 28], "uv_size": [5, 3]},
								"up": {"uv": [53, 31], "uv_size": [-5, -3]},
								"down": {"uv": [53, 31], "uv_size": [-5, -3]}
							}
						},
						{
							"origin": [-1.76025, 28.77697, -8.17888],
							"size": [0.1, 0.5, 0.5],
							"pivot": [-2.99585, 28.87401, -7.99692],
							"rotation": [45, 0, 0],
							"uv": {
								"north": {"uv": [48, 28], "uv_size": [5, 3]},
								"east": {"uv": [48, 28], "uv_size": [5, 3]},
								"south": {"uv": [48, 28], "uv_size": [5, 3]},
								"west": {"uv": [48, 28], "uv_size": [5, 3]},
								"up": {"uv": [53, 31], "uv_size": [-5, -3]},
								"down": {"uv": [53, 31], "uv_size": [-5, -3]}
							}
						},
						{
							"origin": [-1.66025, 29.17697, -6.27888],
							"size": [0.1, 1, 1],
							"pivot": [-2.89585, 29.27401, -6.09692],
							"rotation": [45, 0, 0],
							"uv": {
								"north": {"uv": [68, 59], "uv_size": [5, 3]},
								"east": {"uv": [68, 59], "uv_size": [5, 3]},
								"south": {"uv": [68, 59], "uv_size": [5, 3]},
								"west": {"uv": [68, 59], "uv_size": [5, 3]},
								"up": {"uv": [73, 62], "uv_size": [-5, -3]},
								"down": {"uv": [73, 62], "uv_size": [-5, -3]}
							}
						},
						{
							"origin": [-1.66025, 28.37697, -8.17888],
							"size": [0.1, 1, 1],
							"pivot": [-2.89585, 28.47401, -7.99692],
							"rotation": [45, 0, 0],
							"uv": {
								"north": {"uv": [68, 59], "uv_size": [5, 3]},
								"east": {"uv": [68, 59], "uv_size": [5, 3]},
								"south": {"uv": [68, 59], "uv_size": [5, 3]},
								"west": {"uv": [68, 59], "uv_size": [5, 3]},
								"up": {"uv": [73, 62], "uv_size": [-5, -3]},
								"down": {"uv": [73, 62], "uv_size": [-5, -3]}
							}
						},
						{
							"origin": [-1.66025, 28.77697, -10.57888],
							"size": [0.4, 1, 1],
							"pivot": [-2.59585, 28.87401, -10.39692],
							"rotation": [45, 0, 0],
							"uv": {
								"north": {"uv": [68, 59], "uv_size": [5, 3]},
								"east": {"uv": [68, 59], "uv_size": [5, 3]},
								"south": {"uv": [68, 59], "uv_size": [5, 3]},
								"west": {"uv": [68, 59], "uv_size": [5, 3]},
								"up": {"uv": [73, 62], "uv_size": [-5, -3]},
								"down": {"uv": [73, 62], "uv_size": [-5, -3]}
							}
						},
						{
							"origin": [-1.76025, 28.67697, -10.67888],
							"size": [0.2, 1.2, 1.2],
							"pivot": [-2.99585, 28.87401, -10.39692],
							"rotation": [45, 0, 0],
							"uv": {
								"north": {"uv": [79, 9], "uv_size": [10, -2]},
								"east": {"uv": [79, 9], "uv_size": [10, -2]},
								"south": {"uv": [79, 9], "uv_size": [10, -2]},
								"west": {"uv": [79, 9], "uv_size": [10, -2]},
								"up": {"uv": [89, 7], "uv_size": [-10, 2]},
								"down": {"uv": [89, 7], "uv_size": [-10, 2]}
							}
						},
						{
							"origin": [1.93975, 28.37697, -6.57888],
							"size": [0.1, 0.2, 0.2],
							"pivot": [0.70415, 28.47401, -6.39692],
							"rotation": [45, 0, 0],
							"uv": {
								"north": {"uv": [68, 59], "uv_size": [5, 3]},
								"east": {"uv": [68, 59], "uv_size": [5, 3]},
								"south": {"uv": [68, 59], "uv_size": [5, 3]},
								"west": {"uv": [68, 59], "uv_size": [5, 3]},
								"up": {"uv": [73, 62], "uv_size": [-5, -3]},
								"down": {"uv": [73, 62], "uv_size": [-5, -3]}
							}
						},
						{
							"origin": [1.93975, 28.37697, -9.37888],
							"size": [0.1, 0.2, 0.2],
							"pivot": [0.70415, 28.47401, -9.19692],
							"rotation": [45, 0, 0],
							"uv": {
								"north": {"uv": [68, 59], "uv_size": [5, 3]},
								"east": {"uv": [68, 59], "uv_size": [5, 3]},
								"south": {"uv": [68, 59], "uv_size": [5, 3]},
								"west": {"uv": [68, 59], "uv_size": [5, 3]},
								"up": {"uv": [73, 62], "uv_size": [-5, -3]},
								"down": {"uv": [73, 62], "uv_size": [-5, -3]}
							}
						},
						{
							"origin": [-1.66025, 28.27697, -5.17888],
							"size": [0.1, 0.2, 0.2],
							"pivot": [-2.89585, 28.37401, -4.99692],
							"rotation": [45, 0, 0],
							"uv": {
								"north": {"uv": [68, 59], "uv_size": [5, 3]},
								"east": {"uv": [68, 59], "uv_size": [5, 3]},
								"south": {"uv": [68, 59], "uv_size": [5, 3]},
								"west": {"uv": [68, 59], "uv_size": [5, 3]},
								"up": {"uv": [73, 62], "uv_size": [-5, -3]},
								"down": {"uv": [73, 62], "uv_size": [-5, -3]}
							}
						},
						{
							"origin": [-1.56025, 27.67697, -8.67888],
							"size": [0.2, 0.2, 0.2],
							"pivot": [-2.79585, 27.77401, -8.49692],
							"rotation": [45, 0, 0],
							"uv": {
								"north": {"uv": [68, 59], "uv_size": [5, 3]},
								"east": {"uv": [68, 59], "uv_size": [5, 3]},
								"south": {"uv": [68, 59], "uv_size": [5, 3]},
								"west": {"uv": [68, 59], "uv_size": [5, 3]},
								"up": {"uv": [73, 62], "uv_size": [-5, -3]},
								"down": {"uv": [73, 62], "uv_size": [-5, -3]}
							}
						},
						{
							"origin": [2.53975, 28.07697, -3.57888],
							"size": [0.1, 0.2, 0.2],
							"pivot": [1.30415, 28.17401, -3.39692],
							"rotation": [0, 90, 45],
							"uv": {
								"north": {"uv": [68, 59], "uv_size": [5, 3]},
								"east": {"uv": [68, 59], "uv_size": [5, 3]},
								"south": {"uv": [68, 59], "uv_size": [5, 3]},
								"west": {"uv": [68, 59], "uv_size": [5, 3]},
								"up": {"uv": [73, 62], "uv_size": [-5, -3]},
								"down": {"uv": [73, 62], "uv_size": [-5, -3]}
							}
						},
						{
							"origin": [0.23975, 28.07697, -3.57888],
							"size": [0.1, 0.2, 0.2],
							"pivot": [-0.99585, 28.17401, -3.39692],
							"rotation": [0, 90, 45],
							"uv": {
								"north": {"uv": [68, 59], "uv_size": [5, 3]},
								"east": {"uv": [68, 59], "uv_size": [5, 3]},
								"south": {"uv": [68, 59], "uv_size": [5, 3]},
								"west": {"uv": [68, 59], "uv_size": [5, 3]},
								"up": {"uv": [73, 62], "uv_size": [-5, -3]},
								"down": {"uv": [73, 62], "uv_size": [-5, -3]}
							}
						},
						{
							"origin": [0.23975, 30.07697, -3.57888],
							"size": [0.1, 0.2, 0.2],
							"pivot": [-0.99585, 30.17401, -3.39692],
							"rotation": [0, 90, 45],
							"uv": {
								"north": {"uv": [68, 59], "uv_size": [5, 3]},
								"east": {"uv": [68, 59], "uv_size": [5, 3]},
								"south": {"uv": [68, 59], "uv_size": [5, 3]},
								"west": {"uv": [68, 59], "uv_size": [5, 3]},
								"up": {"uv": [73, 62], "uv_size": [-5, -3]},
								"down": {"uv": [73, 62], "uv_size": [-5, -3]}
							}
						},
						{
							"origin": [2.53975, 30.07697, -3.57888],
							"size": [0.1, 0.2, 0.2],
							"pivot": [1.30415, 30.17401, -3.39692],
							"rotation": [0, 90, 45],
							"uv": {
								"north": {"uv": [68, 59], "uv_size": [5, 3]},
								"east": {"uv": [68, 59], "uv_size": [5, 3]},
								"south": {"uv": [68, 59], "uv_size": [5, 3]},
								"west": {"uv": [68, 59], "uv_size": [5, 3]},
								"up": {"uv": [73, 62], "uv_size": [-5, -3]},
								"down": {"uv": [73, 62], "uv_size": [-5, -3]}
							}
						},
						{
							"origin": [1.93975, 28.37697, -5.37888],
							"size": [0.1, 0.5, 0.5],
							"uv": {
								"north": {"uv": [68, 59], "uv_size": [5, 3]},
								"east": {"uv": [68, 59], "uv_size": [5, 3]},
								"south": {"uv": [68, 59], "uv_size": [5, 3]},
								"west": {"uv": [68, 59], "uv_size": [5, 3]},
								"up": {"uv": [73, 62], "uv_size": [-5, -3]},
								"down": {"uv": [73, 62], "uv_size": [-5, -3]}
							}
						},
						{
							"origin": [1.93975, 28.37697, -6.07888],
							"size": [0.1, 0.5, 0.5],
							"uv": {
								"north": {"uv": [68, 59], "uv_size": [5, 3]},
								"east": {"uv": [68, 59], "uv_size": [5, 3]},
								"south": {"uv": [68, 59], "uv_size": [5, 3]},
								"west": {"uv": [68, 59], "uv_size": [5, 3]},
								"up": {"uv": [73, 62], "uv_size": [-5, -3]},
								"down": {"uv": [73, 62], "uv_size": [-5, -3]}
							}
						},
						{
							"origin": [-1.6112, 30.20312, -9.16879],
							"size": [0.1772, 2.268, 4.2204],
							"uv": {
								"north": {"uv": [79, 7], "uv_size": [10, 2]},
								"east": {"uv": [79, 7], "uv_size": [10, 2]},
								"south": {"uv": [79, 7], "uv_size": [10, 2]},
								"west": {"uv": [79, 7], "uv_size": [10, 2]},
								"up": {"uv": [89, 9], "uv_size": [-10, -2]},
								"down": {"uv": [89, 9], "uv_size": [-10, -2]}
							}
						},
						{
							"origin": [-1.6112, 28.02442, -9.57679],
							"size": [0.1772, 2.268, 4.98],
							"uv": {
								"north": {"uv": [79, 7], "uv_size": [10, 2]},
								"east": {"uv": [79, 7], "uv_size": [10, 2]},
								"south": {"uv": [79, 7], "uv_size": [10, 2]},
								"west": {"uv": [79, 7], "uv_size": [10, 2]},
								"up": {"uv": [89, 9], "uv_size": [-10, -2]},
								"down": {"uv": [89, 9], "uv_size": [-10, -2]}
							}
						},
						{
							"origin": [-1.6112, 27.52442, -7.27679],
							"size": [0.1772, 0.568, 2.68],
							"uv": {
								"north": {"uv": [79, 7], "uv_size": [10, 2]},
								"east": {"uv": [79, 7], "uv_size": [10, 2]},
								"south": {"uv": [79, 7], "uv_size": [10, 2]},
								"west": {"uv": [79, 7], "uv_size": [10, 2]},
								"up": {"uv": [89, 9], "uv_size": [-10, -2]},
								"down": {"uv": [89, 9], "uv_size": [-10, -2]}
							}
						},
						{
							"origin": [-1.6112, 27.52442, -8.25],
							"size": [0.1772, 0.568, 0.98],
							"pivot": [-1.614, 27.5244, -7.27],
							"rotation": [-33, 0, 0],
							"uv": {
								"north": {"uv": [79, 7], "uv_size": [10, 2]},
								"east": {"uv": [79, 7], "uv_size": [10, 2]},
								"south": {"uv": [79, 7], "uv_size": [10, 2]},
								"west": {"uv": [79, 7], "uv_size": [10, 2]},
								"up": {"uv": [89, 9], "uv_size": [-10, -2]},
								"down": {"uv": [89, 9], "uv_size": [-10, -2]}
							}
						},
						{
							"origin": [1.59658, 30.00513, -9.57888],
							"size": [0.1772, 0.368, 4.98],
							"pivot": [1.77378, 30.37071, -7.39692],
							"rotation": [0, 0, -27],
							"uv": {
								"north": {"uv": [79, 7], "uv_size": [10, 2]},
								"east": {"uv": [79, 7], "uv_size": [10, 2]},
								"south": {"uv": [79, 7], "uv_size": [10, 2]},
								"west": {"uv": [79, 7], "uv_size": [10, 2]},
								"up": {"uv": [89, 9], "uv_size": [-10, -2]},
								"down": {"uv": [89, 9], "uv_size": [-10, -2]}
							}
						},
						{
							"origin": [1.6244, 32.45816, -9.22984],
							"size": [0.164, 0.396, 4.284],
							"pivot": [1.7548, 32.4692, -5.76082],
							"rotation": [0, 0, -21],
							"uv": {
								"north": {"uv": [79, 7], "uv_size": [10, 2]},
								"east": {"uv": [79, 7], "uv_size": [10, 2]},
								"south": {"uv": [79, 7], "uv_size": [10, 2]},
								"west": {"uv": [79, 7], "uv_size": [10, 2]},
								"up": {"uv": [89, 9], "uv_size": [-10, -2]},
								"down": {"uv": [89, 9], "uv_size": [-10, -2]}
							}
						},
						{
							"origin": [-1.2356, 32.82312, -9.22984],
							"size": [2.664, 0.1898, 4.284],
							"uv": {
								"north": {"uv": [79, 7], "uv_size": [10, 2]},
								"east": {"uv": [79, 7], "uv_size": [10, 2]},
								"south": {"uv": [79, 7], "uv_size": [10, 2]},
								"west": {"uv": [79, 7], "uv_size": [10, 2]},
								"up": {"uv": [89, 9], "uv_size": [-10, -2]},
								"down": {"uv": [89, 9], "uv_size": [-10, -2]}
							}
						},
						{
							"origin": [1.6148, 32.00312, -4.95184],
							"size": [0.1772, 0.468, 2.208],
							"pivot": [-0.8636, 32.46776, -4.94683],
							"rotation": [-81, 0, 0],
							"uv": {
								"north": {"uv": [79, 7], "uv_size": [10, 2]},
								"east": {"uv": [79, 7], "uv_size": [10, 2]},
								"south": {"uv": [79, 7], "uv_size": [10, 2]},
								"west": {"uv": [79, 7], "uv_size": [10, 2]},
								"up": {"uv": [89, 9], "uv_size": [-10, -2]},
								"down": {"uv": [89, 9], "uv_size": [-10, -2]}
							}
						},
						{
							"origin": [-1.6112, 32.00312, -4.95184],
							"size": [0.1772, 0.468, 2.208],
							"pivot": [-1.3436, 32.46776, -4.94683],
							"rotation": [-81, 0, 0],
							"uv": {
								"north": {"uv": [79, 7], "uv_size": [10, 2]},
								"east": {"uv": [79, 7], "uv_size": [10, 2]},
								"south": {"uv": [79, 7], "uv_size": [10, 2]},
								"west": {"uv": [79, 7], "uv_size": [10, 2]},
								"up": {"uv": [89, 9], "uv_size": [-10, -2]},
								"down": {"uv": [89, 9], "uv_size": [-10, -2]}
							}
						},
						{
							"origin": [-1.6112, 32.00312, -11.43183],
							"size": [0.1772, 0.468, 2.208],
							"pivot": [-1.3436, 32.46776, -9.22884],
							"rotation": [81, 0, 0],
							"uv": {
								"north": {"uv": [89, 7], "uv_size": [-10, 2]},
								"east": {"uv": [89, 7], "uv_size": [-10, 2]},
								"south": {"uv": [89, 7], "uv_size": [-10, 2]},
								"west": {"uv": [89, 7], "uv_size": [-10, 2]},
								"up": {"uv": [89, 7], "uv_size": [-10, 2]},
								"down": {"uv": [89, 7], "uv_size": [-10, 2]}
							}
						},
						{
							"origin": [1.6148, 32.00312, -11.43183],
							"size": [0.1772, 0.468, 2.208],
							"pivot": [-0.8636, 32.46776, -9.22884],
							"rotation": [81, 0, 0],
							"uv": {
								"north": {"uv": [89, 7], "uv_size": [-10, 2]},
								"east": {"uv": [89, 7], "uv_size": [-10, 2]},
								"south": {"uv": [89, 7], "uv_size": [-10, 2]},
								"west": {"uv": [89, 7], "uv_size": [-10, 2]},
								"up": {"uv": [89, 7], "uv_size": [-10, 2]},
								"down": {"uv": [89, 7], "uv_size": [-10, 2]}
							}
						},
						{
							"origin": [1.03684, 32.84216, -9.22984],
							"size": [0.164, 0.276, 4.284],
							"pivot": [1.2748, 32.8292, -5.76082],
							"rotation": [0, 0, 127],
							"uv": {
								"north": {"uv": [79, 7], "uv_size": [10, 2]},
								"east": {"uv": [79, 7], "uv_size": [10, 2]},
								"south": {"uv": [79, 7], "uv_size": [10, 2]},
								"west": {"uv": [79, 7], "uv_size": [10, 2]},
								"up": {"uv": [89, 9], "uv_size": [-10, -2]},
								"down": {"uv": [89, 9], "uv_size": [-10, -2]}
							}
						},
						{
							"origin": [-1.5956, 32.45816, -9.22984],
							"size": [0.164, 0.396, 4.284],
							"pivot": [-1.562, 32.4692, -5.76082],
							"rotation": [0, 0, 21],
							"uv": {
								"north": {"uv": [89, 7], "uv_size": [-10, 2]},
								"east": {"uv": [89, 7], "uv_size": [-10, 2]},
								"south": {"uv": [89, 7], "uv_size": [-10, 2]},
								"west": {"uv": [89, 7], "uv_size": [-10, 2]},
								"up": {"uv": [79, 9], "uv_size": [10, -2]},
								"down": {"uv": [79, 9], "uv_size": [10, -2]}
							}
						},
						{
							"origin": [-1.00804, 32.84216, -9.22984],
							"size": [0.164, 0.276, 4.284],
							"pivot": [-1.082, 32.8292, -5.76082],
							"rotation": [0, 0, -127],
							"uv": {
								"north": {"uv": [89, 7], "uv_size": [-10, 2]},
								"east": {"uv": [89, 7], "uv_size": [-10, 2]},
								"south": {"uv": [89, 7], "uv_size": [-10, 2]},
								"west": {"uv": [89, 7], "uv_size": [-10, 2]},
								"up": {"uv": [79, 9], "uv_size": [10, -2]},
								"down": {"uv": [79, 9], "uv_size": [10, -2]}
							}
						}
					]
				},
				{
					"name": "pso4",
					"parent": "1p87",
					"pivot": [-0.8521, 29.25325, -16.17397],
					"rotation": [-17.5, 90, 0]
				},
				{
					"name": "pso3",
					"parent": "1p87",
					"pivot": [-3.0571, 30.61825, -11.44897],
					"rotation": [0, 0, -180]
				},
				{
					"name": "specter",
					"parent": "1p87",
					"pivot": [16.06, 43.636, 1.4635],
					"cubes": [
						{
							"origin": [0.9248, 30.4504, -3.9805],
							"size": [0.9648, 2.2088, 3.6672],
							"inflate": -0.3,
							"uv": {
								"north": {"uv": [79, 7], "uv_size": [10, 2]},
								"east": {"uv": [79, 7], "uv_size": [10, 2]},
								"south": {"uv": [79, 7], "uv_size": [10, 2]},
								"west": {"uv": [79, 7], "uv_size": [10, 2]},
								"up": {"uv": [89, 9], "uv_size": [-10, -2]},
								"down": {"uv": [89, 9], "uv_size": [-10, -2]}
							}
						},
						{
							"origin": [-1.8752, 30.4504, -1.7805],
							"size": [4.1648, 2.2088, 3.0672],
							"inflate": -0.3,
							"uv": {
								"north": {"uv": [79, 7], "uv_size": [10, 2]},
								"east": {"uv": [79, 7], "uv_size": [10, 2]},
								"south": {"uv": [79, 7], "uv_size": [10, 2]},
								"west": {"uv": [79, 7], "uv_size": [10, 2]},
								"up": {"uv": [89, 9], "uv_size": [-10, -2]},
								"down": {"uv": [89, 9], "uv_size": [-10, -2]}
							}
						},
						{
							"origin": [1.0248, 32.0504, -1.7805],
							"size": [1.2648, 1.88, 3.0672],
							"inflate": -0.3,
							"pivot": [1.99, 32.3472, 1.4635],
							"rotation": [0, 0, -44.6],
							"uv": {
								"north": {"uv": [79, 7], "uv_size": [10, 2]},
								"east": {"uv": [79, 7], "uv_size": [10, 2]},
								"south": {"uv": [79, 7], "uv_size": [10, 2]},
								"west": {"uv": [79, 7], "uv_size": [10, 2]},
								"up": {"uv": [89, 9], "uv_size": [-10, -2]},
								"down": {"uv": [89, 9], "uv_size": [-10, -2]}
							}
						},
						{
							"origin": [-1.8896, 32.0504, -1.7805],
							"size": [1.2648, 1.88, 3.0672],
							"inflate": -0.3,
							"pivot": [-1.59, 32.3472, 1.4635],
							"rotation": [0, 0, 44.6],
							"uv": {
								"north": {"uv": [89, 7], "uv_size": [-10, 2]},
								"east": {"uv": [89, 7], "uv_size": [-10, 2]},
								"south": {"uv": [89, 7], "uv_size": [-10, 2]},
								"west": {"uv": [89, 7], "uv_size": [-10, 2]},
								"up": {"uv": [79, 9], "uv_size": [10, -2]},
								"down": {"uv": [79, 9], "uv_size": [10, -2]}
							}
						},
						{
							"origin": [-0.9904, 32.0504, -1.7805],
							"size": [2.38, 1.5088, 3.0672],
							"inflate": -0.3,
							"uv": {
								"north": {"uv": [79, 7], "uv_size": [10, 2]},
								"east": {"uv": [79, 7], "uv_size": [10, 2]},
								"south": {"uv": [79, 7], "uv_size": [10, 2]},
								"west": {"uv": [79, 7], "uv_size": [10, 2]},
								"up": {"uv": [89, 9], "uv_size": [-10, -2]},
								"down": {"uv": [89, 9], "uv_size": [-10, -2]}
							}
						},
						{
							"origin": [1.0248, 29.1696, -1.7805],
							"size": [1.2648, 1.88, 3.0672],
							"inflate": -0.3,
							"pivot": [1.99, 30.7528, 1.4635],
							"rotation": [0, 0, 44.6],
							"uv": {
								"north": {"uv": [79, 9], "uv_size": [10, -2]},
								"east": {"uv": [79, 9], "uv_size": [10, -2]},
								"south": {"uv": [79, 9], "uv_size": [10, -2]},
								"west": {"uv": [79, 9], "uv_size": [10, -2]},
								"up": {"uv": [89, 7], "uv_size": [-10, 2]},
								"down": {"uv": [89, 7], "uv_size": [-10, 2]}
							}
						},
						{
							"origin": [-0.9904, 29.5408, -1.7805],
							"size": [2.38, 1.5088, 3.0672],
							"inflate": -0.3,
							"uv": {
								"north": {"uv": [79, 9], "uv_size": [10, -2]},
								"east": {"uv": [79, 9], "uv_size": [10, -2]},
								"south": {"uv": [79, 9], "uv_size": [10, -2]},
								"west": {"uv": [79, 9], "uv_size": [10, -2]},
								"up": {"uv": [89, 7], "uv_size": [-10, 2]},
								"down": {"uv": [89, 7], "uv_size": [-10, 2]}
							}
						},
						{
							"origin": [-1.8896, 29.1696, -1.7805],
							"size": [1.2648, 1.88, 3.0672],
							"inflate": -0.3,
							"pivot": [-1.59, 30.7528, 1.4635],
							"rotation": [0, 0, -44.6],
							"uv": {
								"north": {"uv": [89, 9], "uv_size": [-10, -2]},
								"east": {"uv": [89, 9], "uv_size": [-10, -2]},
								"south": {"uv": [89, 9], "uv_size": [-10, -2]},
								"west": {"uv": [89, 9], "uv_size": [-10, -2]},
								"up": {"uv": [79, 7], "uv_size": [10, 2]},
								"down": {"uv": [79, 7], "uv_size": [10, 2]}
							}
						},
						{
							"origin": [14.34336, 38.49184, -3.9805],
							"size": [0.9648, 1.37216, 3.6672],
							"inflate": -0.3,
							"pivot": [16.06, 19.3784, 1.5635],
							"rotation": [0, 0, -45],
							"uv": {
								"north": {"uv": [79, 7], "uv_size": [10, 2]},
								"east": {"uv": [79, 7], "uv_size": [10, 2]},
								"south": {"uv": [79, 7], "uv_size": [10, 2]},
								"west": {"uv": [79, 7], "uv_size": [10, 2]},
								"up": {"uv": [89, 9], "uv_size": [-10, -2]},
								"down": {"uv": [89, 9], "uv_size": [-10, -2]}
							}
						},
						{
							"origin": [-0.9992, 32.3024, -3.9805],
							"size": [2.3416, 0.904, 3.6672],
							"inflate": -0.3,
							"uv": {
								"north": {"uv": [79, 7], "uv_size": [10, 2]},
								"east": {"uv": [79, 7], "uv_size": [10, 2]},
								"south": {"uv": [79, 7], "uv_size": [10, 2]},
								"west": {"uv": [79, 7], "uv_size": [10, 2]},
								"up": {"uv": [89, 9], "uv_size": [-10, -2]},
								"down": {"uv": [89, 9], "uv_size": [-10, -2]}
							}
						},
						{
							"origin": [-15.63376, 36.78944, -3.9805],
							"size": [0.9648, 1.28704, 3.6672],
							"inflate": -0.3,
							"pivot": [-13.8928, 17.676, 1.5635],
							"rotation": [0, 0, 45],
							"uv": {
								"north": {"uv": [79, 7], "uv_size": [10, 2]},
								"east": {"uv": [79, 7], "uv_size": [10, 2]},
								"south": {"uv": [79, 7], "uv_size": [10, 2]},
								"west": {"uv": [79, 7], "uv_size": [10, 2]},
								"up": {"uv": [89, 9], "uv_size": [-10, -2]},
								"down": {"uv": [89, 9], "uv_size": [-10, -2]}
							}
						},
						{
							"origin": [-1.4856, 30.3856, -3.9805],
							"size": [0.904, 2.3344, 3.6672],
							"inflate": -0.3,
							"uv": {
								"north": {"uv": [79, 7], "uv_size": [10, 2]},
								"east": {"uv": [79, 7], "uv_size": [10, 2]},
								"south": {"uv": [79, 7], "uv_size": [10, 2]},
								"west": {"uv": [79, 7], "uv_size": [10, 2]},
								"up": {"uv": [89, 9], "uv_size": [-10, -2]},
								"down": {"uv": [89, 9], "uv_size": [-10, -2]}
							}
						},
						{
							"origin": [-15.63376, 25.03792, -3.9805],
							"size": [0.9648, 1.28704, 3.6672],
							"inflate": -0.3,
							"pivot": [-13.8928, 45.4384, 1.5635],
							"rotation": [0, 0, -45],
							"uv": {
								"north": {"uv": [79, 7], "uv_size": [10, 2]},
								"east": {"uv": [79, 7], "uv_size": [10, 2]},
								"south": {"uv": [79, 7], "uv_size": [10, 2]},
								"west": {"uv": [79, 7], "uv_size": [10, 2]},
								"up": {"uv": [89, 9], "uv_size": [-10, -2]},
								"down": {"uv": [89, 9], "uv_size": [-10, -2]}
							}
						},
						{
							"origin": [-0.9992, 29.908, -3.9805],
							"size": [2.3416, 0.904, 3.6672],
							"inflate": -0.3,
							"uv": {
								"north": {"uv": [79, 7], "uv_size": [10, 2]},
								"east": {"uv": [79, 7], "uv_size": [10, 2]},
								"south": {"uv": [79, 7], "uv_size": [10, 2]},
								"west": {"uv": [79, 7], "uv_size": [10, 2]},
								"up": {"uv": [89, 9], "uv_size": [-10, -2]},
								"down": {"uv": [89, 9], "uv_size": [-10, -2]}
							}
						},
						{
							"origin": [14.34336, 23.2504, -3.9805],
							"size": [0.9648, 1.37216, 3.6672],
							"inflate": -0.3,
							"pivot": [16.06, 43.736, 1.5635],
							"rotation": [0, 0, 45],
							"uv": {
								"north": {"uv": [79, 7], "uv_size": [10, 2]},
								"east": {"uv": [79, 7], "uv_size": [10, 2]},
								"south": {"uv": [79, 7], "uv_size": [10, 2]},
								"west": {"uv": [79, 7], "uv_size": [10, 2]},
								"up": {"uv": [89, 9], "uv_size": [-10, -2]},
								"down": {"uv": [89, 9], "uv_size": [-10, -2]}
							}
						}
					]
				},
				{
					"name": "specter3",
					"parent": "specter",
					"pivot": [1.79, 30.8528, 4.1635],
					"cubes": [
						{
							"origin": [-1.71868, 30.55064, 0.6139],
							"size": [3.80832, 2.04792, 2.76048],
							"inflate": -0.3,
							"uv": {
								"north": {"uv": [79, 7], "uv_size": [10, 2]},
								"east": {"uv": [79, 7], "uv_size": [10, 2]},
								"south": {"uv": [79, 7], "uv_size": [10, 2]},
								"west": {"uv": [79, 7], "uv_size": [10, 2]},
								"up": {"uv": [89, 9], "uv_size": [-10, -2]},
								"down": {"uv": [89, 9], "uv_size": [-10, -2]}
							}
						},
						{
							"origin": [-0.92236, 31.99064, 0.6139],
							"size": [2.202, 1.41792, 2.76048],
							"inflate": -0.3,
							"uv": {
								"north": {"uv": [79, 7], "uv_size": [10, 2]},
								"east": {"uv": [79, 7], "uv_size": [10, 2]},
								"south": {"uv": [79, 7], "uv_size": [10, 2]},
								"west": {"uv": [79, 7], "uv_size": [10, 2]},
								"up": {"uv": [89, 9], "uv_size": [-10, -2]},
								"down": {"uv": [89, 9], "uv_size": [-10, -2]}
							}
						},
						{
							"origin": [-0.52236, 32.09064, 0.9139],
							"size": [1.402, 1.41792, 2.26048],
							"inflate": -0.3,
							"uv": {
								"north": {"uv": [34, 35], "uv_size": [4, 3]},
								"east": {"uv": [34, 35], "uv_size": [4, 3]},
								"south": {"uv": [34, 35], "uv_size": [4, 3]},
								"west": {"uv": [34, 35], "uv_size": [4, 3]},
								"up": {"uv": [38, 38], "uv_size": [-4, -3]},
								"down": {"uv": [38, 38], "uv_size": [-4, -3]}
							}
						},
						{
							"origin": [-0.52236, 29.65, 0.9139],
							"size": [1.402, 1.41792, 2.26048],
							"inflate": -0.3,
							"uv": {
								"north": {"uv": [34, 35], "uv_size": [4, 3]},
								"east": {"uv": [34, 35], "uv_size": [4, 3]},
								"south": {"uv": [34, 35], "uv_size": [4, 3]},
								"west": {"uv": [34, 35], "uv_size": [4, 3]},
								"up": {"uv": [38, 38], "uv_size": [-4, -3]},
								"down": {"uv": [38, 38], "uv_size": [-4, -3]}
							}
						},
						{
							"origin": [-1.82236, 30.85, 0.9139],
							"size": [1.402, 1.41792, 2.26048],
							"inflate": -0.3,
							"uv": {
								"north": {"uv": [34, 35], "uv_size": [4, 3]},
								"east": {"uv": [34, 35], "uv_size": [4, 3]},
								"south": {"uv": [34, 35], "uv_size": [4, 3]},
								"west": {"uv": [34, 35], "uv_size": [4, 3]},
								"up": {"uv": [38, 38], "uv_size": [-4, -3]},
								"down": {"uv": [38, 38], "uv_size": [-4, -3]}
							}
						},
						{
							"origin": [0.77764, 30.85, 0.9139],
							"size": [1.402, 1.41792, 2.26048],
							"inflate": -0.3,
							"uv": {
								"north": {"uv": [34, 35], "uv_size": [4, 3]},
								"east": {"uv": [34, 35], "uv_size": [4, 3]},
								"south": {"uv": [34, 35], "uv_size": [4, 3]},
								"west": {"uv": [34, 35], "uv_size": [4, 3]},
								"up": {"uv": [38, 38], "uv_size": [-4, -3]},
								"down": {"uv": [38, 38], "uv_size": [-4, -3]}
							}
						},
						{
							"origin": [0.89132, 31.99064, 0.6139],
							"size": [1.19832, 1.752, 2.76048],
							"inflate": -0.3,
							"pivot": [1.79, 32.28776, 3.5635],
							"rotation": [0, 0, -44.6],
							"uv": {
								"north": {"uv": [79, 7], "uv_size": [10, 2]},
								"east": {"uv": [79, 7], "uv_size": [10, 2]},
								"south": {"uv": [79, 7], "uv_size": [10, 2]},
								"west": {"uv": [79, 7], "uv_size": [10, 2]},
								"up": {"uv": [89, 9], "uv_size": [-10, -2]},
								"down": {"uv": [89, 9], "uv_size": [-10, -2]}
							}
						},
						{
							"origin": [0.89132, 32.19064, 0.9139],
							"size": [1.29832, 1.352, 2.26048],
							"inflate": -0.3,
							"pivot": [1.79, 32.28776, 3.5635],
							"rotation": [0, 0, -44.6],
							"uv": {
								"north": {"uv": [34, 35], "uv_size": [4, 3]},
								"east": {"uv": [34, 35], "uv_size": [4, 3]},
								"south": {"uv": [34, 35], "uv_size": [4, 3]},
								"west": {"uv": [34, 35], "uv_size": [4, 3]},
								"up": {"uv": [38, 38], "uv_size": [-4, -3]},
								"down": {"uv": [38, 38], "uv_size": [-4, -3]}
							}
						},
						{
							"origin": [-1.78964, 32.19064, 0.9139],
							"size": [1.29832, 1.352, 2.26048],
							"inflate": -0.3,
							"pivot": [-1.39, 32.28776, 3.5635],
							"rotation": [0, 0, 44.6],
							"uv": {
								"north": {"uv": [34, 35], "uv_size": [4, 3]},
								"east": {"uv": [34, 35], "uv_size": [4, 3]},
								"south": {"uv": [34, 35], "uv_size": [4, 3]},
								"west": {"uv": [34, 35], "uv_size": [4, 3]},
								"up": {"uv": [38, 38], "uv_size": [-4, -3]},
								"down": {"uv": [38, 38], "uv_size": [-4, -3]}
							}
						},
						{
							"origin": [0.89132, 29.55736, 0.9139],
							"size": [1.29832, 1.352, 2.26048],
							"inflate": -0.3,
							"pivot": [1.79, 30.81224, 3.5635],
							"rotation": [0, 0, 44.6],
							"uv": {
								"north": {"uv": [34, 35], "uv_size": [4, 3]},
								"east": {"uv": [34, 35], "uv_size": [4, 3]},
								"south": {"uv": [34, 35], "uv_size": [4, 3]},
								"west": {"uv": [34, 35], "uv_size": [4, 3]},
								"up": {"uv": [38, 38], "uv_size": [-4, -3]},
								"down": {"uv": [38, 38], "uv_size": [-4, -3]}
							}
						},
						{
							"origin": [-1.78964, 29.55736, 0.9139],
							"size": [1.29832, 1.352, 2.26048],
							"inflate": -0.3,
							"pivot": [-1.39, 30.81224, 3.5635],
							"rotation": [0, 0, -44.6],
							"uv": {
								"north": {"uv": [34, 35], "uv_size": [4, 3]},
								"east": {"uv": [34, 35], "uv_size": [4, 3]},
								"south": {"uv": [34, 35], "uv_size": [4, 3]},
								"west": {"uv": [34, 35], "uv_size": [4, 3]},
								"up": {"uv": [38, 38], "uv_size": [-4, -3]},
								"down": {"uv": [38, 38], "uv_size": [-4, -3]}
							}
						},
						{
							"origin": [-1.73164, 31.99064, 0.6139],
							"size": [1.19832, 1.752, 2.76048],
							"inflate": -0.3,
							"pivot": [-1.432, 32.28776, 3.5635],
							"rotation": [0, 0, 44.6],
							"uv": {
								"north": {"uv": [89, 7], "uv_size": [-10, 2]},
								"east": {"uv": [89, 7], "uv_size": [-10, 2]},
								"south": {"uv": [89, 7], "uv_size": [-10, 2]},
								"west": {"uv": [89, 7], "uv_size": [-10, 2]},
								"up": {"uv": [79, 9], "uv_size": [10, -2]},
								"down": {"uv": [79, 9], "uv_size": [10, -2]}
							}
						},
						{
							"origin": [-1.73164, 29.39792, 0.6139],
							"size": [1.19832, 1.752, 2.76048],
							"inflate": -0.3,
							"pivot": [-1.432, 30.8528, 3.5635],
							"rotation": [0, 0, -44.6],
							"uv": {
								"north": {"uv": [89, 9], "uv_size": [-10, -2]},
								"east": {"uv": [89, 9], "uv_size": [-10, -2]},
								"south": {"uv": [89, 9], "uv_size": [-10, -2]},
								"west": {"uv": [89, 9], "uv_size": [-10, -2]},
								"up": {"uv": [79, 7], "uv_size": [10, 2]},
								"down": {"uv": [79, 7], "uv_size": [10, 2]}
							}
						},
						{
							"origin": [-0.92236, 29.732, 0.6139],
							"size": [2.202, 1.41792, 2.76048],
							"inflate": -0.3,
							"uv": {
								"north": {"uv": [79, 9], "uv_size": [10, -2]},
								"east": {"uv": [79, 9], "uv_size": [10, -2]},
								"south": {"uv": [79, 9], "uv_size": [10, -2]},
								"west": {"uv": [79, 9], "uv_size": [10, -2]},
								"up": {"uv": [89, 7], "uv_size": [-10, 2]},
								"down": {"uv": [89, 7], "uv_size": [-10, 2]}
							}
						},
						{
							"origin": [0.89132, 29.39792, 0.6139],
							"size": [1.19832, 1.752, 2.76048],
							"inflate": -0.3,
							"pivot": [1.79, 30.8528, 3.5635],
							"rotation": [0, 0, 44.6],
							"uv": {
								"north": {"uv": [79, 9], "uv_size": [10, -2]},
								"east": {"uv": [79, 9], "uv_size": [10, -2]},
								"south": {"uv": [79, 9], "uv_size": [10, -2]},
								"west": {"uv": [79, 9], "uv_size": [10, -2]},
								"up": {"uv": [89, 7], "uv_size": [-10, 2]},
								"down": {"uv": [89, 7], "uv_size": [-10, 2]}
							}
						},
						{
							"origin": [0.83175, 31.97611, 2.5632],
							"size": [1.1684, 1.6944, 0.95246],
							"inflate": -0.3,
							"pivot": [1.7005, 32.27337, 5.38032],
							"rotation": [0, 0, -44.6],
							"uv": {
								"north": {"uv": [79, 7], "uv_size": [10, 2]},
								"east": {"uv": [79, 7], "uv_size": [10, 2]},
								"south": {"uv": [79, 7], "uv_size": [10, 2]},
								"west": {"uv": [79, 7], "uv_size": [10, 2]},
								"up": {"uv": [89, 9], "uv_size": [-10, -2]},
								"down": {"uv": [89, 9], "uv_size": [-10, -2]}
							}
						},
						{
							"origin": [-0.89124, 31.97611, 2.5632],
							"size": [2.1219, 1.37702, 0.95246],
							"inflate": -0.3,
							"uv": {
								"north": {"uv": [79, 7], "uv_size": [10, 2]},
								"east": {"uv": [79, 7], "uv_size": [10, 2]},
								"south": {"uv": [79, 7], "uv_size": [10, 2]},
								"west": {"uv": [79, 7], "uv_size": [10, 2]},
								"up": {"uv": [89, 9], "uv_size": [-10, -2]},
								"down": {"uv": [89, 9], "uv_size": [-10, -2]}
							}
						},
						{
							"origin": [-1.66006, 31.97611, 2.5632],
							"size": [1.1684, 1.6944, 0.95246],
							"inflate": -0.3,
							"pivot": [-1.3604, 32.27337, 5.38032],
							"rotation": [0, 0, 44.6],
							"uv": {
								"north": {"uv": [89, 7], "uv_size": [-10, 2]},
								"east": {"uv": [89, 7], "uv_size": [-10, 2]},
								"south": {"uv": [89, 7], "uv_size": [-10, 2]},
								"west": {"uv": [89, 7], "uv_size": [-10, 2]},
								"up": {"uv": [79, 9], "uv_size": [10, -2]},
								"down": {"uv": [79, 9], "uv_size": [10, -2]}
							}
						},
						{
							"origin": [-1.64775, 30.60811, 2.5632],
							"size": [3.6479, 1.97552, 0.95246],
							"inflate": -0.3,
							"uv": {
								"north": {"uv": [79, 7], "uv_size": [10, 2]},
								"east": {"uv": [79, 7], "uv_size": [10, 2]},
								"south": {"uv": [79, 7], "uv_size": [10, 2]},
								"west": {"uv": [79, 7], "uv_size": [10, 2]},
								"up": {"uv": [89, 9], "uv_size": [-10, -2]},
								"down": {"uv": [89, 9], "uv_size": [-10, -2]}
							}
						},
						{
							"origin": [-1.66006, 29.51302, 2.5632],
							"size": [1.1684, 1.6944, 0.95246],
							"inflate": -0.3,
							"pivot": [-1.3604, 30.91016, 5.38032],
							"rotation": [0, 0, -44.6],
							"uv": {
								"north": {"uv": [89, 9], "uv_size": [-10, -2]},
								"east": {"uv": [89, 9], "uv_size": [-10, -2]},
								"south": {"uv": [89, 9], "uv_size": [-10, -2]},
								"west": {"uv": [89, 9], "uv_size": [-10, -2]},
								"up": {"uv": [79, 7], "uv_size": [10, 2]},
								"down": {"uv": [79, 7], "uv_size": [10, 2]}
							}
						},
						{
							"origin": [-0.89124, 29.8304, 2.5632],
							"size": [2.1219, 1.37702, 0.95246],
							"inflate": -0.3,
							"uv": {
								"north": {"uv": [79, 9], "uv_size": [10, -2]},
								"east": {"uv": [79, 9], "uv_size": [10, -2]},
								"south": {"uv": [79, 9], "uv_size": [10, -2]},
								"west": {"uv": [79, 9], "uv_size": [10, -2]},
								"up": {"uv": [89, 7], "uv_size": [-10, 2]},
								"down": {"uv": [89, 7], "uv_size": [-10, 2]}
							}
						},
						{
							"origin": [0.83175, 29.51302, 2.5632],
							"size": [1.1684, 1.6944, 0.95246],
							"inflate": -0.3,
							"pivot": [1.7005, 30.91016, 5.38032],
							"rotation": [0, 0, 44.6],
							"uv": {
								"north": {"uv": [79, 9], "uv_size": [10, -2]},
								"east": {"uv": [79, 9], "uv_size": [10, -2]},
								"south": {"uv": [79, 9], "uv_size": [10, -2]},
								"west": {"uv": [79, 9], "uv_size": [10, -2]},
								"up": {"uv": [89, 7], "uv_size": [-10, 2]},
								"down": {"uv": [89, 7], "uv_size": [-10, 2]}
							}
						},
						{
							"origin": [0.77517, 31.9623, 2.68504],
							"size": [1.13998, 1.63968, 0.93483],
							"inflate": -0.3,
							"pivot": [1.61547, 32.2597, 5.37631],
							"rotation": [0, 0, -44.6],
							"uv": {
								"north": {"uv": [79, 7], "uv_size": [10, 2]},
								"east": {"uv": [79, 7], "uv_size": [10, 2]},
								"south": {"uv": [79, 7], "uv_size": [10, 2]},
								"west": {"uv": [79, 7], "uv_size": [10, 2]},
								"up": {"uv": [89, 9], "uv_size": [-10, -2]},
								"down": {"uv": [89, 9], "uv_size": [-10, -2]}
							}
						},
						{
							"origin": [-0.86168, 31.9623, 2.68504],
							"size": [2.0458, 1.33817, 0.93483],
							"inflate": -0.3,
							"uv": {
								"north": {"uv": [79, 7], "uv_size": [10, 2]},
								"east": {"uv": [79, 7], "uv_size": [10, 2]},
								"south": {"uv": [79, 7], "uv_size": [10, 2]},
								"west": {"uv": [79, 7], "uv_size": [10, 2]},
								"up": {"uv": [89, 9], "uv_size": [-10, -2]},
								"down": {"uv": [89, 9], "uv_size": [-10, -2]}
							}
						},
						{
							"origin": [-1.59206, 31.9623, 2.68504],
							"size": [1.13998, 1.63968, 0.93483],
							"inflate": -0.3,
							"pivot": [-1.29238, 32.2597, 5.37631],
							"rotation": [0, 0, 44.6],
							"uv": {
								"north": {"uv": [89, 7], "uv_size": [-10, 2]},
								"east": {"uv": [89, 7], "uv_size": [-10, 2]},
								"south": {"uv": [89, 7], "uv_size": [-10, 2]},
								"west": {"uv": [89, 7], "uv_size": [-10, 2]},
								"up": {"uv": [79, 9], "uv_size": [10, -2]},
								"down": {"uv": [79, 9], "uv_size": [10, -2]}
							}
						},
						{
							"origin": [-1.58036, 30.6627, 2.68504],
							"size": [3.49551, 1.90675, 0.93483],
							"inflate": -0.3,
							"uv": {
								"north": {"uv": [79, 7], "uv_size": [10, 2]},
								"east": {"uv": [79, 7], "uv_size": [10, 2]},
								"south": {"uv": [79, 7], "uv_size": [10, 2]},
								"west": {"uv": [79, 7], "uv_size": [10, 2]},
								"up": {"uv": [89, 9], "uv_size": [-10, -2]},
								"down": {"uv": [89, 9], "uv_size": [-10, -2]}
							}
						},
						{
							"origin": [-1.59206, 29.62237, 2.68504],
							"size": [1.13998, 1.63968, 0.93483],
							"inflate": -0.3,
							"pivot": [-1.29238, 30.96465, 5.37631],
							"rotation": [0, 0, -44.6],
							"uv": {
								"north": {"uv": [89, 9], "uv_size": [-10, -2]},
								"east": {"uv": [89, 9], "uv_size": [-10, -2]},
								"south": {"uv": [89, 9], "uv_size": [-10, -2]},
								"west": {"uv": [89, 9], "uv_size": [-10, -2]},
								"up": {"uv": [79, 7], "uv_size": [10, 2]},
								"down": {"uv": [79, 7], "uv_size": [10, 2]}
							}
						},
						{
							"origin": [-0.86168, 29.92388, 2.68504],
							"size": [2.0458, 1.33817, 0.93483],
							"inflate": -0.3,
							"uv": {
								"north": {"uv": [79, 9], "uv_size": [10, -2]},
								"east": {"uv": [79, 9], "uv_size": [10, -2]},
								"south": {"uv": [79, 9], "uv_size": [10, -2]},
								"west": {"uv": [79, 9], "uv_size": [10, -2]},
								"up": {"uv": [89, 7], "uv_size": [-10, 2]},
								"down": {"uv": [89, 7], "uv_size": [-10, 2]}
							}
						},
						{
							"origin": [0.77517, 29.62237, 2.68504],
							"size": [1.13998, 1.63968, 0.93483],
							"inflate": -0.3,
							"pivot": [1.61547, 30.96465, 5.37631],
							"rotation": [0, 0, 44.6],
							"uv": {
								"north": {"uv": [79, 9], "uv_size": [10, -2]},
								"east": {"uv": [79, 9], "uv_size": [10, -2]},
								"south": {"uv": [79, 9], "uv_size": [10, -2]},
								"west": {"uv": [79, 9], "uv_size": [10, -2]},
								"up": {"uv": [89, 7], "uv_size": [-10, 2]},
								"down": {"uv": [89, 7], "uv_size": [-10, 2]}
							}
						},
						{
							"origin": [0.92141, 31.94919, 3.00579],
							"size": [0.91298, 1.5877, 1.61809],
							"inflate": -0.3,
							"pivot": [1.5347, 32.24672, 5.57749],
							"rotation": [0, 0, -44.6],
							"uv": {
								"north": {"uv": [79, 7], "uv_size": [10, 2]},
								"east": {"uv": [79, 7], "uv_size": [10, 2]},
								"south": {"uv": [79, 7], "uv_size": [10, 2]},
								"west": {"uv": [79, 7], "uv_size": [10, 2]},
								"up": {"uv": [89, 9], "uv_size": [-10, -2]},
								"down": {"uv": [89, 9], "uv_size": [-10, -2]}
							}
						},
						{
							"origin": [-0.83428, 32.27153, 3.00579],
							"size": [1.97351, 0.98, 1.61809],
							"inflate": -0.3,
							"uv": {
								"north": {"uv": [79, 7], "uv_size": [10, 2]},
								"east": {"uv": [79, 7], "uv_size": [10, 2]},
								"south": {"uv": [79, 7], "uv_size": [10, 2]},
								"west": {"uv": [79, 7], "uv_size": [10, 2]},
								"up": {"uv": [89, 9], "uv_size": [-10, -2]},
								"down": {"uv": [89, 9], "uv_size": [-10, -2]}
							}
						},
						{
							"origin": [-1.52745, 31.94919, 3.00579],
							"size": [0.91298, 1.5877, 1.61809],
							"inflate": -0.3,
							"pivot": [-1.22776, 32.24672, 5.57749],
							"rotation": [0, 0, 44.6],
							"uv": {
								"north": {"uv": [89, 7], "uv_size": [-10, 2]},
								"east": {"uv": [89, 7], "uv_size": [-10, 2]},
								"south": {"uv": [89, 7], "uv_size": [-10, 2]},
								"west": {"uv": [89, 7], "uv_size": [-10, 2]},
								"up": {"uv": [79, 9], "uv_size": [10, -2]},
								"down": {"uv": [79, 9], "uv_size": [10, -2]}
							}
						},
						{
							"origin": [0.88439, 30.71457, 3.00579],
							"size": [0.95, 1.84141, 1.61809],
							"inflate": -0.3,
							"uv": {
								"north": {"uv": [79, 7], "uv_size": [10, 2]},
								"east": {"uv": [79, 7], "uv_size": [10, 2]},
								"south": {"uv": [79, 7], "uv_size": [10, 2]},
								"west": {"uv": [79, 7], "uv_size": [10, 2]},
								"up": {"uv": [89, 9], "uv_size": [-10, -2]},
								"down": {"uv": [89, 9], "uv_size": [-10, -2]}
							}
						},
						{
							"origin": [-1.52581, 30.70685, 3.00579],
							"size": [0.95, 1.84141, 1.61809],
							"inflate": -0.3,
							"uv": {
								"north": {"uv": [79, 7], "uv_size": [10, 2]},
								"east": {"uv": [79, 7], "uv_size": [10, 2]},
								"south": {"uv": [79, 7], "uv_size": [10, 2]},
								"west": {"uv": [79, 7], "uv_size": [10, 2]},
								"up": {"uv": [89, 9], "uv_size": [-10, -2]},
								"down": {"uv": [89, 9], "uv_size": [-10, -2]}
							}
						},
						{
							"origin": [-1.52745, 29.72625, 3.00579],
							"size": [0.91298, 1.5877, 1.61809],
							"inflate": -0.3,
							"pivot": [-1.22776, 31.01642, 5.57749],
							"rotation": [0, 0, -44.6],
							"uv": {
								"north": {"uv": [89, 9], "uv_size": [-10, -2]},
								"east": {"uv": [89, 9], "uv_size": [-10, -2]},
								"south": {"uv": [89, 9], "uv_size": [-10, -2]},
								"west": {"uv": [89, 9], "uv_size": [-10, -2]},
								"up": {"uv": [79, 7], "uv_size": [10, 2]},
								"down": {"uv": [79, 7], "uv_size": [10, 2]}
							}
						},
						{
							"origin": [-0.8336, 30.01269, 3.00579],
							"size": [1.97351, 0.98, 1.61809],
							"inflate": -0.3,
							"uv": {
								"north": {"uv": [79, 9], "uv_size": [10, -2]},
								"east": {"uv": [79, 9], "uv_size": [10, -2]},
								"south": {"uv": [79, 9], "uv_size": [10, -2]},
								"west": {"uv": [79, 9], "uv_size": [10, -2]},
								"up": {"uv": [89, 7], "uv_size": [-10, 2]},
								"down": {"uv": [89, 7], "uv_size": [-10, 2]}
							}
						},
						{
							"origin": [0.92141, 29.72625, 3.00579],
							"size": [0.91298, 1.5877, 1.61809],
							"inflate": -0.3,
							"pivot": [1.5347, 31.01642, 5.57749],
							"rotation": [0, 0, 44.6],
							"uv": {
								"north": {"uv": [79, 9], "uv_size": [10, -2]},
								"east": {"uv": [79, 9], "uv_size": [10, -2]},
								"south": {"uv": [79, 9], "uv_size": [10, -2]},
								"west": {"uv": [79, 9], "uv_size": [10, -2]},
								"up": {"uv": [89, 7], "uv_size": [-10, 2]},
								"down": {"uv": [89, 7], "uv_size": [-10, 2]}
							}
						}
					]
				},
				{
					"name": "specter2",
					"parent": "specter",
					"pivot": [0.698, 34.965, -1.8395],
					"rotation": [0, 0, -90],
					"cubes": [
						{
							"origin": [-3.6262, 31.988, -4.1515],
							"size": [6.196, 7.702, 7.702],
							"inflate": -3.4,
							"pivot": [0.03, 35.706, -1.1365],
							"rotation": [-27.5, 0, 0],
							"uv": {
								"north": {"uv": [68, 59], "uv_size": [5, 3]},
								"east": {"uv": [68, 59], "uv_size": [5, 3]},
								"south": {"uv": [68, 59], "uv_size": [5, 3]},
								"west": {"uv": [68, 59], "uv_size": [5, 3]},
								"up": {"uv": [73, 62], "uv_size": [-5, -3]},
								"down": {"uv": [73, 62], "uv_size": [-5, -3]}
							}
						},
						{
							"origin": [-1.222, 35.302, -1.5025],
							"size": [0.888, 1.606, 1.606],
							"inflate": -0.2,
							"pivot": [-0.002, 34.965, -1.8395],
							"rotation": [-27.5, 0, 0],
							"uv": {
								"north": {"uv": [79, 7], "uv_size": [10, 2]},
								"east": {"uv": [79, 7], "uv_size": [10, 2]},
								"south": {"uv": [79, 7], "uv_size": [10, 2]},
								"west": {"uv": [79, 7], "uv_size": [10, 2]},
								"up": {"uv": [89, 9], "uv_size": [-10, -2]},
								"down": {"uv": [89, 9], "uv_size": [-10, -2]}
							}
						}
					]
				},
				{
					"name": "specter4",
					"parent": "specter",
					"pivot": [-3.298, 31.165, -1.8395],
					"cubes": [
						{
							"origin": [-5.1698, 28.188, -4.0515],
							"size": [6.196, 7.602, 7.602],
							"inflate": -3.4,
							"pivot": [-2.63, 31.906, -1.1365],
							"rotation": [-27.5, 0, 0],
							"uv": {
								"north": {"uv": [73, 59], "uv_size": [-5, 3]},
								"east": {"uv": [73, 59], "uv_size": [-5, 3]},
								"south": {"uv": [73, 59], "uv_size": [-5, 3]},
								"west": {"uv": [73, 59], "uv_size": [-5, 3]},
								"up": {"uv": [68, 62], "uv_size": [5, -3]},
								"down": {"uv": [68, 62], "uv_size": [5, -3]}
							}
						},
						{
							"origin": [-2.266, 31.502, -1.4025],
							"size": [0.888, 1.506, 1.506],
							"inflate": -0.2,
							"pivot": [-2.598, 31.165, -1.8395],
							"rotation": [-27.5, 0, 0],
							"uv": {
								"north": {"uv": [89, 7], "uv_size": [-10, 2]},
								"east": {"uv": [89, 7], "uv_size": [-10, 2]},
								"south": {"uv": [89, 7], "uv_size": [-10, 2]},
								"west": {"uv": [89, 7], "uv_size": [-10, 2]},
								"up": {"uv": [79, 9], "uv_size": [10, -2]},
								"down": {"uv": [79, 9], "uv_size": [10, -2]}
							}
						}
					]
				},
				{
					"name": "scopepip",
					"parent": "1p87",
					"pivot": [0.08, 27.64, 2.73],
					"cubes": [
						{
							"origin": [-0.88, 30.67, 3.4415],
							"size": [2.07, 1.908, 0.665],
							"uv": {
								"north": {"uv": [42, 11], "uv_size": [3, 4]},
								"east": {"uv": [11, 48], "uv_size": [1, 4]},
								"south": {"uv": [42, 11], "uv_size": [3, 4]},
								"west": {"uv": [20, 48], "uv_size": [1, 4]},
								"up": {"uv": [50, 29], "uv_size": [3, 1]},
								"down": {"uv": [50, 37], "uv_size": [3, -1]}
							}
						}
					]
				},
				{
					"name": "scope",
					"parent": "main",
					"pivot": [0.06, 31.38, 2.39],
					"cubes": [
						{
							"origin": [-0.34, 31.2, 6.91],
							"size": [0.96, 0.96, 0.96],
							"inflate": -0.4,
							"uv": {
								"north": {"uv": [60, 19], "uv_size": [1, 1]},
								"east": {"uv": [23, 56], "uv_size": [1, 1]},
								"south": {"uv": [58, 18], "uv_size": [1, 1]},
								"west": {"uv": [24, 57], "uv_size": [1, 1]},
								"up": {"uv": [58, 23], "uv_size": [1, 1]},
								"down": {"uv": [26, 60], "uv_size": [1, -1]}
							}
						}
					]
				},
				{
					"name": "_ca_scope",
					"parent": "main",
					"pivot": [-0.1, 28.98, -10.67],
					"cubes": [
						{
							"origin": [-0.18, 27.486, -7.8565],
							"size": [0.76, 0.76, 0.76],
							"uv": {
								"north": {"uv": [53, 14], "uv_size": [1, 1]},
								"east": {"uv": [15, 53], "uv_size": [1, 1]},
								"south": {"uv": [53, 15], "uv_size": [1, 1]},
								"west": {"uv": [16, 53], "uv_size": [1, 1]},
								"up": {"uv": [53, 16], "uv_size": [1, 1]},
								"down": {"uv": [17, 54], "uv_size": [1, -1]}
							}
						}
					]
				}
			]
		}
	]
}