{
	"format_version": "1.12.0",
	"minecraft:geometry": [
		{
			"description": {
				"identifier": "geometry.unknown",
				"texture_width": 128,
				"texture_height": 128,
				"visible_bounds_width": 9,
				"visible_bounds_height": 5,
				"visible_bounds_offset": [0, 0.5, 0]
			},
			"bones": [
				{
					"name": "main",
					"pivot": [0, 20, 0]
				},
				{
					"name": "1p87",
					"parent": "main",
					"pivot": [0.2, 29.5, -13.35],
					"cubes": [
						{
							"origin": [-1.323, 27.9958, -9.58413],
							"size": [2.836, 2.445, 4.917],
							"uv": {
								"north": {"uv": [79, 7], "uv_size": [10, 2]},
								"east": {"uv": [79, 7], "uv_size": [10, 2]},
								"south": {"uv": [79, 7], "uv_size": [10, 2]},
								"west": {"uv": [79, 7], "uv_size": [10, 2]},
								"up": {"uv": [89, 9], "uv_size": [-10, -2]},
								"down": {"uv": [89, 9], "uv_size": [-10, -2]}
							}
						},
						{
							"origin": [-1.323, 28.3958, -10.48412],
							"size": [2.836, 2.045, 0.917],
							"uv": {
								"north": {"uv": [79, 7], "uv_size": [10, 2]},
								"east": {"uv": [79, 7], "uv_size": [10, 2]},
								"south": {"uv": [79, 7], "uv_size": [10, 2]},
								"west": {"uv": [79, 7], "uv_size": [10, 2]},
								"up": {"uv": [89, 9], "uv_size": [-10, -2]},
								"down": {"uv": [89, 9], "uv_size": [-10, -2]}
							}
						},
						{
							"origin": [-1.323, 29.69565, -11.00451],
							"size": [2.836, 0.745, 0.517],
							"pivot": [1.5, 30.44985, -10.48621],
							"rotation": [21, 0, 0],
							"uv": {
								"north": {"uv": [79, 7], "uv_size": [10, 2]},
								"east": {"uv": [79, 7], "uv_size": [10, 2]},
								"south": {"uv": [79, 7], "uv_size": [10, 2]},
								"west": {"uv": [79, 7], "uv_size": [10, 2]},
								"up": {"uv": [89, 9], "uv_size": [-10, -2]},
								"down": {"uv": [89, 9], "uv_size": [-10, -2]}
							}
						},
						{
							"origin": [-1.323, 29.70912, -11.49014],
							"size": [2.836, 0.545, 0.517],
							"pivot": [1.5, 30.26332, -10.97184],
							"rotation": [41, 0, 0],
							"uv": {
								"north": {"uv": [79, 7], "uv_size": [10, 2]},
								"east": {"uv": [79, 7], "uv_size": [10, 2]},
								"south": {"uv": [79, 7], "uv_size": [10, 2]},
								"west": {"uv": [79, 7], "uv_size": [10, 2]},
								"up": {"uv": [89, 9], "uv_size": [-10, -2]},
								"down": {"uv": [89, 9], "uv_size": [-10, -2]}
							}
						},
						{
							"origin": [-1.323, 28.86563, -11.88388],
							"size": [2.836, 1.045, 0.517],
							"pivot": [1.5, 29.91983, -11.36558],
							"rotation": [76, 0, 0],
							"uv": {
								"north": {"uv": [79, 7], "uv_size": [10, 2]},
								"east": {"uv": [79, 7], "uv_size": [10, 2]},
								"south": {"uv": [79, 7], "uv_size": [10, 2]},
								"west": {"uv": [79, 7], "uv_size": [10, 2]},
								"up": {"uv": [89, 9], "uv_size": [-10, -2]},
								"down": {"uv": [89, 9], "uv_size": [-10, -2]}
							}
						},
						{
							"origin": [-1.323, 28.53739, -10.61833],
							"size": [2.836, 0.545, 0.517],
							"pivot": [1.513, 29.5324, -10.48413],
							"rotation": [-76, 0, 0],
							"uv": {
								"north": {"uv": [79, 9], "uv_size": [10, -2]},
								"east": {"uv": [79, 9], "uv_size": [10, -2]},
								"south": {"uv": [79, 9], "uv_size": [10, -2]},
								"west": {"uv": [79, 9], "uv_size": [10, -2]},
								"up": {"uv": [89, 7], "uv_size": [-10, 2]},
								"down": {"uv": [89, 7], "uv_size": [-10, 2]}
							}
						},
						{
							"origin": [-1.323, 28.49777, -10.74127],
							"size": [2.836, 1.145, 0.517],
							"pivot": [1.513, 29.5324, -10.48413],
							"rotation": [-41, 0, 0],
							"uv": {
								"north": {"uv": [79, 9], "uv_size": [10, -2]},
								"east": {"uv": [79, 9], "uv_size": [10, -2]},
								"south": {"uv": [79, 9], "uv_size": [10, -2]},
								"west": {"uv": [79, 9], "uv_size": [10, -2]},
								"up": {"uv": [89, 7], "uv_size": [-10, 2]},
								"down": {"uv": [89, 7], "uv_size": [-10, 2]}
							}
						},
						{
							"origin": [-1.323, 28.47129, -10.5938],
							"size": [2.836, 1.245, 0.517],
							"pivot": [1.513, 29.5324, -10.48413],
							"rotation": [-21, 0, 0],
							"uv": {
								"north": {"uv": [79, 9], "uv_size": [10, -2]},
								"east": {"uv": [79, 9], "uv_size": [10, -2]},
								"south": {"uv": [79, 9], "uv_size": [10, -2]},
								"west": {"uv": [79, 9], "uv_size": [10, -2]},
								"up": {"uv": [89, 7], "uv_size": [-10, 2]},
								"down": {"uv": [89, 7], "uv_size": [-10, 2]}
							}
						},
						{
							"origin": [1.577, 27.9958, -9.58413],
							"size": [0.136, 2.045, 4.217],
							"uv": {
								"north": {"uv": [79, 7], "uv_size": [10, 2]},
								"east": {"uv": [79, 7], "uv_size": [10, 2]},
								"south": {"uv": [79, 7], "uv_size": [10, 2]},
								"west": {"uv": [79, 7], "uv_size": [10, 2]},
								"up": {"uv": [89, 9], "uv_size": [-10, -2]},
								"down": {"uv": [89, 9], "uv_size": [-10, -2]}
							}
						},
						{
							"origin": [1.477, 27.9958, -9.48413],
							"size": [0.136, 2.045, 4.017],
							"uv": {
								"north": {"uv": [79, 7], "uv_size": [10, 2]},
								"east": {"uv": [79, 7], "uv_size": [10, 2]},
								"south": {"uv": [79, 7], "uv_size": [10, 2]},
								"west": {"uv": [79, 7], "uv_size": [10, 2]},
								"up": {"uv": [89, 9], "uv_size": [-10, -2]},
								"down": {"uv": [89, 9], "uv_size": [-10, -2]}
							}
						},
						{
							"origin": [-1.323, 30.3408, -9.18413],
							"size": [2.831, 0.175, 4.51],
							"uv": {
								"north": {"uv": [79, 7], "uv_size": [10, 2]},
								"east": {"uv": [79, 7], "uv_size": [10, 2]},
								"south": {"uv": [79, 7], "uv_size": [10, 2]},
								"west": {"uv": [79, 7], "uv_size": [10, 2]},
								"up": {"uv": [89, 9], "uv_size": [-10, -2]},
								"down": {"uv": [89, 9], "uv_size": [-10, -2]}
							}
						},
						{
							"origin": [-1.106, 31.9408, -3.27],
							"size": [0.131, 0.39, 0.14],
							"pivot": [-0.9, 32.328, -4.96583],
							"rotation": [-81, 0, 0],
							"uv": {
								"north": {"uv": [79, 7], "uv_size": [10, 2]},
								"east": {"uv": [79, 7], "uv_size": [10, 2]},
								"south": {"uv": [79, 7], "uv_size": [10, 2]},
								"west": {"uv": [79, 7], "uv_size": [10, 2]},
								"up": {"uv": [89, 9], "uv_size": [-10, -2]},
								"down": {"uv": [89, 9], "uv_size": [-10, -2]}
							}
						},
						{
							"origin": [-1.323, 30.1408, -9.52587],
							"size": [2.831, 0.375, 0.41],
							"uv": {
								"north": {"uv": [89, 7], "uv_size": [-10, 2]},
								"east": {"uv": [89, 7], "uv_size": [-10, 2]},
								"south": {"uv": [89, 7], "uv_size": [-10, 2]},
								"west": {"uv": [89, 7], "uv_size": [-10, 2]},
								"up": {"uv": [89, 7], "uv_size": [-10, 2]},
								"down": {"uv": [89, 7], "uv_size": [-10, 2]}
							}
						},
						{
							"origin": [1.3135, 30.2308, -9.38413],
							"size": [0.273, 0.63, 4.417],
							"pivot": [1.282, 30.8608, -5.46082],
							"rotation": [0, 0, 44],
							"uv": {
								"north": {"uv": [79, 7], "uv_size": [10, 2]},
								"east": {"uv": [79, 7], "uv_size": [10, 2]},
								"south": {"uv": [79, 7], "uv_size": [10, 2]},
								"west": {"uv": [79, 7], "uv_size": [10, 2]},
								"up": {"uv": [89, 9], "uv_size": [-10, -2]},
								"down": {"uv": [89, 9], "uv_size": [-10, -2]}
							}
						},
						{
							"origin": [-1.3965, 30.2308, -9.38413],
							"size": [0.273, 0.63, 4.417],
							"pivot": [-1.092, 30.8608, -5.46082],
							"rotation": [0, 0, -44],
							"uv": {
								"north": {"uv": [79, 7], "uv_size": [10, 2]},
								"east": {"uv": [79, 7], "uv_size": [10, 2]},
								"south": {"uv": [79, 7], "uv_size": [10, 2]},
								"west": {"uv": [79, 7], "uv_size": [10, 2]},
								"up": {"uv": [89, 9], "uv_size": [-10, -2]},
								"down": {"uv": [89, 9], "uv_size": [-10, -2]}
							}
						},
						{
							"origin": [-0.97064, 30.295, -5.001],
							"size": [0.125, 0.45, 0.31],
							"pivot": [-1.092, 30.4608, -4.66082],
							"rotation": [6.5, 1.04196, -44.83393],
							"uv": {
								"north": {"uv": [79, 7], "uv_size": [10, 2]},
								"east": {"uv": [79, 7], "uv_size": [10, 2]},
								"south": {"uv": [79, 7], "uv_size": [10, 2]},
								"west": {"uv": [79, 7], "uv_size": [10, 2]},
								"up": {"uv": [89, 9], "uv_size": [-10, -2]},
								"down": {"uv": [89, 9], "uv_size": [-10, -2]}
							}
						},
						{
							"origin": [1.04564, 30.295, -5.001],
							"size": [0.125, 0.45, 0.31],
							"pivot": [1.292, 30.4608, -4.66082],
							"rotation": [6.5, -1.04196, 44.83393],
							"uv": {
								"north": {"uv": [89, 7], "uv_size": [-10, 2]},
								"east": {"uv": [89, 7], "uv_size": [-10, 2]},
								"south": {"uv": [89, 7], "uv_size": [-10, 2]},
								"west": {"uv": [89, 7], "uv_size": [-10, 2]},
								"up": {"uv": [79, 9], "uv_size": [10, -2]},
								"down": {"uv": [79, 9], "uv_size": [10, -2]}
							}
						},
						{
							"origin": [1.175, 31.9408, -3.27],
							"size": [0.131, 0.39, 0.14],
							"pivot": [1.1, 32.328, -4.96583],
							"rotation": [-81, 0, 0],
							"uv": {
								"north": {"uv": [89, 7], "uv_size": [-10, 2]},
								"east": {"uv": [89, 7], "uv_size": [-10, 2]},
								"south": {"uv": [89, 7], "uv_size": [-10, 2]},
								"west": {"uv": [89, 7], "uv_size": [-10, 2]},
								"up": {"uv": [79, 9], "uv_size": [10, -2]},
								"down": {"uv": [79, 9], "uv_size": [10, -2]}
							}
						},
						{
							"origin": [1.04564, 30.295, -9.509],
							"size": [0.125, 0.45, 0.31],
							"pivot": [1.292, 30.4608, -9.53918],
							"rotation": [-6.5, 1.04196, 44.83393],
							"uv": {
								"north": {"uv": [79, 7], "uv_size": [10, 2]},
								"east": {"uv": [79, 7], "uv_size": [10, 2]},
								"south": {"uv": [79, 7], "uv_size": [10, 2]},
								"west": {"uv": [79, 7], "uv_size": [10, 2]},
								"up": {"uv": [79, 7], "uv_size": [10, 2]},
								"down": {"uv": [79, 7], "uv_size": [10, 2]}
							}
						},
						{
							"origin": [1.175, 31.9408, -11.07],
							"size": [0.131, 0.39, 0.14],
							"pivot": [1.1, 32.328, -9.23417],
							"rotation": [81, 0, 0],
							"uv": {
								"north": {"uv": [79, 7], "uv_size": [10, 2]},
								"east": {"uv": [79, 7], "uv_size": [10, 2]},
								"south": {"uv": [79, 7], "uv_size": [10, 2]},
								"west": {"uv": [79, 7], "uv_size": [10, 2]},
								"up": {"uv": [79, 7], "uv_size": [10, 2]},
								"down": {"uv": [79, 7], "uv_size": [10, 2]}
							}
						},
						{
							"origin": [-1.106, 31.9408, -11.07],
							"size": [0.131, 0.39, 0.14],
							"pivot": [-0.9, 32.328, -9.23417],
							"rotation": [81, 0, 0],
							"uv": {
								"north": {"uv": [89, 7], "uv_size": [-10, 2]},
								"east": {"uv": [89, 7], "uv_size": [-10, 2]},
								"south": {"uv": [89, 7], "uv_size": [-10, 2]},
								"west": {"uv": [89, 7], "uv_size": [-10, 2]},
								"up": {"uv": [89, 7], "uv_size": [-10, 2]},
								"down": {"uv": [89, 7], "uv_size": [-10, 2]}
							}
						},
						{
							"origin": [-0.97064, 30.295, -9.509],
							"size": [0.125, 0.45, 0.31],
							"pivot": [-1.092, 30.4608, -9.53918],
							"rotation": [-6.5, -1.04196, -44.83393],
							"uv": {
								"north": {"uv": [89, 7], "uv_size": [-10, 2]},
								"east": {"uv": [89, 7], "uv_size": [-10, 2]},
								"south": {"uv": [89, 7], "uv_size": [-10, 2]},
								"west": {"uv": [89, 7], "uv_size": [-10, 2]},
								"up": {"uv": [89, 7], "uv_size": [-10, 2]},
								"down": {"uv": [89, 7], "uv_size": [-10, 2]}
							}
						}
					]
				},
				{
					"name": "1p89",
					"parent": "1p87",
					"pivot": [-0.882, 32.6292, -5.76082],
					"cubes": [
						{
							"origin": [1.282, 30.4408, -9.18413],
							"size": [0.231, 1.89, 4.217],
							"uv": {
								"north": {"uv": [79, 7], "uv_size": [10, 2]},
								"east": {"uv": [79, 7], "uv_size": [10, 2]},
								"south": {"uv": [79, 7], "uv_size": [10, 2]},
								"west": {"uv": [79, 7], "uv_size": [10, 2]},
								"up": {"uv": [89, 9], "uv_size": [-10, -2]},
								"down": {"uv": [89, 9], "uv_size": [-10, -2]}
							}
						},
						{
							"origin": [-1.323, 30.4408, -9.18413],
							"size": [0.231, 1.89, 4.217],
							"uv": {
								"north": {"uv": [79, 7], "uv_size": [10, 2]},
								"east": {"uv": [79, 7], "uv_size": [10, 2]},
								"south": {"uv": [79, 7], "uv_size": [10, 2]},
								"west": {"uv": [79, 7], "uv_size": [10, 2]},
								"up": {"uv": [89, 9], "uv_size": [-10, -2]},
								"down": {"uv": [89, 9], "uv_size": [-10, -2]}
							}
						},
						{
							"origin": [1.29, 32.32, -9.235],
							"size": [0.22, 0.33, 4.27],
							"pivot": [1.482, 32.3292, -5.76082],
							"rotation": [0, 0, -21],
							"uv": {
								"north": {"uv": [79, 7], "uv_size": [10, 2]},
								"east": {"uv": [79, 7], "uv_size": [10, 2]},
								"south": {"uv": [79, 7], "uv_size": [10, 2]},
								"west": {"uv": [79, 7], "uv_size": [10, 2]},
								"up": {"uv": [89, 9], "uv_size": [-10, -2]},
								"down": {"uv": [89, 9], "uv_size": [-10, -2]}
							}
						},
						{
							"origin": [-1.01, 32.5408, -9.235],
							"size": [2.22, 0.2415, 4.27],
							"uv": {
								"north": {"uv": [79, 7], "uv_size": [10, 2]},
								"east": {"uv": [79, 7], "uv_size": [10, 2]},
								"south": {"uv": [79, 7], "uv_size": [10, 2]},
								"west": {"uv": [79, 7], "uv_size": [10, 2]},
								"up": {"uv": [89, 9], "uv_size": [-10, -2]},
								"down": {"uv": [89, 9], "uv_size": [-10, -2]}
							}
						},
						{
							"origin": [1.282, 31.9408, -4.97],
							"size": [0.231, 0.39, 1.84],
							"pivot": [-0.7, 32.328, -4.96583],
							"rotation": [-81, 0, 0],
							"uv": {
								"north": {"uv": [79, 7], "uv_size": [10, 2]},
								"east": {"uv": [79, 7], "uv_size": [10, 2]},
								"south": {"uv": [79, 7], "uv_size": [10, 2]},
								"west": {"uv": [79, 7], "uv_size": [10, 2]},
								"up": {"uv": [89, 9], "uv_size": [-10, -2]},
								"down": {"uv": [89, 9], "uv_size": [-10, -2]}
							}
						},
						{
							"origin": [-1.323, 31.9408, -4.97],
							"size": [0.231, 0.39, 1.84],
							"pivot": [-1.1, 32.328, -4.96583],
							"rotation": [-81, 0, 0],
							"uv": {
								"north": {"uv": [79, 7], "uv_size": [10, 2]},
								"east": {"uv": [79, 7], "uv_size": [10, 2]},
								"south": {"uv": [79, 7], "uv_size": [10, 2]},
								"west": {"uv": [79, 7], "uv_size": [10, 2]},
								"up": {"uv": [89, 9], "uv_size": [-10, -2]},
								"down": {"uv": [89, 9], "uv_size": [-10, -2]}
							}
						},
						{
							"origin": [-1.323, 31.9408, -11.07],
							"size": [0.231, 0.39, 1.84],
							"pivot": [-1.1, 32.328, -9.23417],
							"rotation": [81, 0, 0],
							"uv": {
								"north": {"uv": [89, 7], "uv_size": [-10, 2]},
								"east": {"uv": [89, 7], "uv_size": [-10, 2]},
								"south": {"uv": [89, 7], "uv_size": [-10, 2]},
								"west": {"uv": [89, 7], "uv_size": [-10, 2]},
								"up": {"uv": [89, 7], "uv_size": [-10, 2]},
								"down": {"uv": [89, 7], "uv_size": [-10, 2]}
							}
						},
						{
							"origin": [1.282, 31.9408, -11.07],
							"size": [0.231, 0.39, 1.84],
							"pivot": [-0.7, 32.328, -9.23417],
							"rotation": [81, 0, 0],
							"uv": {
								"north": {"uv": [89, 7], "uv_size": [-10, 2]},
								"east": {"uv": [89, 7], "uv_size": [-10, 2]},
								"south": {"uv": [89, 7], "uv_size": [-10, 2]},
								"west": {"uv": [89, 7], "uv_size": [-10, 2]},
								"up": {"uv": [89, 7], "uv_size": [-10, 2]},
								"down": {"uv": [89, 7], "uv_size": [-10, 2]}
							}
						},
						{
							"origin": [0.8837, 32.64, -9.235],
							"size": [0.22, 0.23, 4.27],
							"pivot": [1.082, 32.6292, -5.76082],
							"rotation": [0, 0, 127],
							"uv": {
								"north": {"uv": [79, 7], "uv_size": [10, 2]},
								"east": {"uv": [79, 7], "uv_size": [10, 2]},
								"south": {"uv": [79, 7], "uv_size": [10, 2]},
								"west": {"uv": [79, 7], "uv_size": [10, 2]},
								"up": {"uv": [89, 9], "uv_size": [-10, -2]},
								"down": {"uv": [89, 9], "uv_size": [-10, -2]}
							}
						},
						{
							"origin": [-1.31, 32.32, -9.235],
							"size": [0.22, 0.33, 4.27],
							"pivot": [-1.282, 32.3292, -5.76082],
							"rotation": [0, 0, 21],
							"uv": {
								"north": {"uv": [89, 7], "uv_size": [-10, 2]},
								"east": {"uv": [89, 7], "uv_size": [-10, 2]},
								"south": {"uv": [89, 7], "uv_size": [-10, 2]},
								"west": {"uv": [89, 7], "uv_size": [-10, 2]},
								"up": {"uv": [79, 9], "uv_size": [10, -2]},
								"down": {"uv": [79, 9], "uv_size": [10, -2]}
							}
						},
						{
							"origin": [-0.9037, 32.64, -9.235],
							"size": [0.22, 0.23, 4.27],
							"pivot": [-0.882, 32.6292, -5.76082],
							"rotation": [0, 0, -127],
							"uv": {
								"north": {"uv": [89, 7], "uv_size": [-10, 2]},
								"east": {"uv": [89, 7], "uv_size": [-10, 2]},
								"south": {"uv": [89, 7], "uv_size": [-10, 2]},
								"west": {"uv": [89, 7], "uv_size": [-10, 2]},
								"up": {"uv": [79, 9], "uv_size": [10, -2]},
								"down": {"uv": [79, 9], "uv_size": [10, -2]}
							}
						}
					]
				},
				{
					"name": "1p2",
					"parent": "1p87",
					"pivot": [-1.082, 32.8292, -5.76082],
					"cubes": [
						{
							"origin": [1.6148, 30.20312, -9.16879],
							"size": [0.1772, 2.268, 4.2204],
							"uv": {
								"north": {"uv": [79, 7], "uv_size": [10, 2]},
								"east": {"uv": [79, 7], "uv_size": [10, 2]},
								"south": {"uv": [79, 7], "uv_size": [10, 2]},
								"west": {"uv": [79, 7], "uv_size": [10, 2]},
								"up": {"uv": [89, 9], "uv_size": [-10, -2]},
								"down": {"uv": [89, 9], "uv_size": [-10, -2]}
							}
						},
						{
							"origin": [1.76255, 27.97697, -9.57888],
							"size": [0.1772, 2.068, 4.985],
							"uv": {
								"north": {"uv": [79, 7], "uv_size": [10, 2]},
								"east": {"uv": [79, 7], "uv_size": [10, 2]},
								"south": {"uv": [79, 7], "uv_size": [10, 2]},
								"west": {"uv": [79, 7], "uv_size": [10, 2]},
								"up": {"uv": [89, 9], "uv_size": [-10, -2]},
								"down": {"uv": [89, 9], "uv_size": [-10, -2]}
							}
						},
						{
							"origin": [1.76255, 27.37697, -8.17888],
							"size": [0.1772, 0.668, 3.585],
							"uv": {
								"north": {"uv": [79, 7], "uv_size": [10, 2]},
								"east": {"uv": [79, 7], "uv_size": [10, 2]},
								"south": {"uv": [79, 7], "uv_size": [10, 2]},
								"west": {"uv": [79, 7], "uv_size": [10, 2]},
								"up": {"uv": [89, 9], "uv_size": [-10, -2]},
								"down": {"uv": [89, 9], "uv_size": [-10, -2]}
							}
						},
						{
							"origin": [1.76255, 27.77697, -8.67888],
							"size": [0.1772, 0.268, 0.585],
							"uv": {
								"north": {"uv": [79, 7], "uv_size": [10, 2]},
								"east": {"uv": [79, 7], "uv_size": [10, 2]},
								"south": {"uv": [79, 7], "uv_size": [10, 2]},
								"west": {"uv": [79, 7], "uv_size": [10, 2]},
								"up": {"uv": [89, 9], "uv_size": [-10, -2]},
								"down": {"uv": [89, 9], "uv_size": [-10, -2]}
							}
						},
						{
							"origin": [1.76255, 27.37697, -8.67888],
							"size": [0.1772, 0.268, 0.585],
							"uv": {
								"north": {"uv": [79, 7], "uv_size": [10, 2]},
								"east": {"uv": [79, 7], "uv_size": [10, 2]},
								"south": {"uv": [79, 7], "uv_size": [10, 2]},
								"west": {"uv": [79, 7], "uv_size": [10, 2]},
								"up": {"uv": [89, 9], "uv_size": [-10, -2]},
								"down": {"uv": [89, 9], "uv_size": [-10, -2]}
							}
						},
						{
							"origin": [1.76255, 27.57697, -8.67888],
							"size": [0.0772, 0.268, 0.585],
							"uv": {
								"north": {"uv": [79, 7], "uv_size": [10, 2]},
								"east": {"uv": [79, 7], "uv_size": [10, 2]},
								"south": {"uv": [79, 7], "uv_size": [10, 2]},
								"west": {"uv": [79, 7], "uv_size": [10, 2]},
								"up": {"uv": [89, 9], "uv_size": [-10, -2]},
								"down": {"uv": [89, 9], "uv_size": [-10, -2]}
							}
						},
						{
							"origin": [1.76255, 27.37697, -9.47888],
							"size": [0.0772, 0.568, 0.785],
							"uv": {
								"north": {"uv": [79, 7], "uv_size": [10, 2]},
								"east": {"uv": [79, 7], "uv_size": [10, 2]},
								"south": {"uv": [79, 7], "uv_size": [10, 2]},
								"west": {"uv": [79, 7], "uv_size": [10, 2]},
								"up": {"uv": [89, 9], "uv_size": [-10, -2]},
								"down": {"uv": [89, 9], "uv_size": [-10, -2]}
							}
						},
						{
							"origin": [-1.43745, 27.37697, -9.47888],
							"size": [3.0772, 0.568, 4.785],
							"uv": {
								"north": {"uv": [79, 7], "uv_size": [10, 2]},
								"east": {"uv": [79, 7], "uv_size": [10, 2]},
								"south": {"uv": [79, 7], "uv_size": [10, 2]},
								"west": {"uv": [79, 7], "uv_size": [10, 2]},
								"up": {"uv": [89, 9], "uv_size": [-10, -2]},
								"down": {"uv": [89, 9], "uv_size": [-10, -2]}
							}
						},
						{
							"origin": [1.66255, 27.37697, -9.57888],
							"size": [0.1772, 0.068, 0.885],
							"uv": {
								"north": {"uv": [79, 7], "uv_size": [10, 2]},
								"east": {"uv": [79, 7], "uv_size": [10, 2]},
								"south": {"uv": [79, 7], "uv_size": [10, 2]},
								"west": {"uv": [79, 7], "uv_size": [10, 2]},
								"up": {"uv": [89, 9], "uv_size": [-10, -2]},
								"down": {"uv": [89, 9], "uv_size": [-10, -2]}
							}
						},
						{
							"origin": [1.93975, 29.17697, -5.37888],
							"size": [0.1, 0.5, 0.5],
							"pivot": [0.70415, 29.27401, -5.19692],
							"rotation": [45, 0, 0],
							"uv": {
								"north": {"uv": [68, 59], "uv_size": [5, 3]},
								"east": {"uv": [68, 59], "uv_size": [5, 3]},
								"south": {"uv": [68, 59], "uv_size": [5, 3]},
								"west": {"uv": [68, 59], "uv_size": [5, 3]},
								"up": {"uv": [73, 62], "uv_size": [-5, -3]},
								"down": {"uv": [73, 62], "uv_size": [-5, -3]}
							}
						},
						{
							"origin": [-1.76025, 29.57697, -6.27888],
							"size": [0.1, 0.5, 0.5],
							"pivot": [-2.99585, 29.67401, -6.09692],
							"rotation": [45, 0, 0],
							"uv": {
								"north": {"uv": [48, 28], "uv_size": [5, 3]},
								"east": {"uv": [48, 28], "uv_size": [5, 3]},
								"south": {"uv": [48, 28], "uv_size": [5, 3]},
								"west": {"uv": [48, 28], "uv_size": [5, 3]},
								"up": {"uv": [53, 31], "uv_size": [-5, -3]},
								"down": {"uv": [53, 31], "uv_size": [-5, -3]}
							}
						},
						{
							"origin": [-1.76025, 28.77697, -8.17888],
							"size": [0.1, 0.5, 0.5],
							"pivot": [-2.99585, 28.87401, -7.99692],
							"rotation": [45, 0, 0],
							"uv": {
								"north": {"uv": [48, 28], "uv_size": [5, 3]},
								"east": {"uv": [48, 28], "uv_size": [5, 3]},
								"south": {"uv": [48, 28], "uv_size": [5, 3]},
								"west": {"uv": [48, 28], "uv_size": [5, 3]},
								"up": {"uv": [53, 31], "uv_size": [-5, -3]},
								"down": {"uv": [53, 31], "uv_size": [-5, -3]}
							}
						},
						{
							"origin": [-1.66025, 29.17697, -6.27888],
							"size": [0.1, 1, 1],
							"pivot": [-2.89585, 29.27401, -6.09692],
							"rotation": [45, 0, 0],
							"uv": {
								"north": {"uv": [68, 59], "uv_size": [5, 3]},
								"east": {"uv": [68, 59], "uv_size": [5, 3]},
								"south": {"uv": [68, 59], "uv_size": [5, 3]},
								"west": {"uv": [68, 59], "uv_size": [5, 3]},
								"up": {"uv": [73, 62], "uv_size": [-5, -3]},
								"down": {"uv": [73, 62], "uv_size": [-5, -3]}
							}
						},
						{
							"origin": [-1.66025, 28.37697, -8.17888],
							"size": [0.1, 1, 1],
							"pivot": [-2.89585, 28.47401, -7.99692],
							"rotation": [45, 0, 0],
							"uv": {
								"north": {"uv": [68, 59], "uv_size": [5, 3]},
								"east": {"uv": [68, 59], "uv_size": [5, 3]},
								"south": {"uv": [68, 59], "uv_size": [5, 3]},
								"west": {"uv": [68, 59], "uv_size": [5, 3]},
								"up": {"uv": [73, 62], "uv_size": [-5, -3]},
								"down": {"uv": [73, 62], "uv_size": [-5, -3]}
							}
						},
						{
							"origin": [-1.66025, 28.77697, -10.57888],
							"size": [0.4, 1, 1],
							"pivot": [-2.59585, 28.87401, -10.39692],
							"rotation": [45, 0, 0],
							"uv": {
								"north": {"uv": [68, 59], "uv_size": [5, 3]},
								"east": {"uv": [68, 59], "uv_size": [5, 3]},
								"south": {"uv": [68, 59], "uv_size": [5, 3]},
								"west": {"uv": [68, 59], "uv_size": [5, 3]},
								"up": {"uv": [73, 62], "uv_size": [-5, -3]},
								"down": {"uv": [73, 62], "uv_size": [-5, -3]}
							}
						},
						{
							"origin": [-1.76025, 28.67697, -10.67888],
							"size": [0.2, 1.2, 1.2],
							"pivot": [-2.99585, 28.87401, -10.39692],
							"rotation": [45, 0, 0],
							"uv": {
								"north": {"uv": [79, 9], "uv_size": [10, -2]},
								"east": {"uv": [79, 9], "uv_size": [10, -2]},
								"south": {"uv": [79, 9], "uv_size": [10, -2]},
								"west": {"uv": [79, 9], "uv_size": [10, -2]},
								"up": {"uv": [89, 7], "uv_size": [-10, 2]},
								"down": {"uv": [89, 7], "uv_size": [-10, 2]}
							}
						},
						{
							"origin": [1.93975, 28.37697, -6.57888],
							"size": [0.1, 0.2, 0.2],
							"pivot": [0.70415, 28.47401, -6.39692],
							"rotation": [45, 0, 0],
							"uv": {
								"north": {"uv": [68, 59], "uv_size": [5, 3]},
								"east": {"uv": [68, 59], "uv_size": [5, 3]},
								"south": {"uv": [68, 59], "uv_size": [5, 3]},
								"west": {"uv": [68, 59], "uv_size": [5, 3]},
								"up": {"uv": [73, 62], "uv_size": [-5, -3]},
								"down": {"uv": [73, 62], "uv_size": [-5, -3]}
							}
						},
						{
							"origin": [1.93975, 28.37697, -9.37888],
							"size": [0.1, 0.2, 0.2],
							"pivot": [0.70415, 28.47401, -9.19692],
							"rotation": [45, 0, 0],
							"uv": {
								"north": {"uv": [68, 59], "uv_size": [5, 3]},
								"east": {"uv": [68, 59], "uv_size": [5, 3]},
								"south": {"uv": [68, 59], "uv_size": [5, 3]},
								"west": {"uv": [68, 59], "uv_size": [5, 3]},
								"up": {"uv": [73, 62], "uv_size": [-5, -3]},
								"down": {"uv": [73, 62], "uv_size": [-5, -3]}
							}
						},
						{
							"origin": [-1.66025, 28.27697, -5.17888],
							"size": [0.1, 0.2, 0.2],
							"pivot": [-2.89585, 28.37401, -4.99692],
							"rotation": [45, 0, 0],
							"uv": {
								"north": {"uv": [68, 59], "uv_size": [5, 3]},
								"east": {"uv": [68, 59], "uv_size": [5, 3]},
								"south": {"uv": [68, 59], "uv_size": [5, 3]},
								"west": {"uv": [68, 59], "uv_size": [5, 3]},
								"up": {"uv": [73, 62], "uv_size": [-5, -3]},
								"down": {"uv": [73, 62], "uv_size": [-5, -3]}
							}
						},
						{
							"origin": [-1.56025, 27.67697, -8.67888],
							"size": [0.2, 0.2, 0.2],
							"pivot": [-2.79585, 27.77401, -8.49692],
							"rotation": [45, 0, 0],
							"uv": {
								"north": {"uv": [68, 59], "uv_size": [5, 3]},
								"east": {"uv": [68, 59], "uv_size": [5, 3]},
								"south": {"uv": [68, 59], "uv_size": [5, 3]},
								"west": {"uv": [68, 59], "uv_size": [5, 3]},
								"up": {"uv": [73, 62], "uv_size": [-5, -3]},
								"down": {"uv": [73, 62], "uv_size": [-5, -3]}
							}
						},
						{
							"origin": [2.53975, 28.07697, -3.57888],
							"size": [0.1, 0.2, 0.2],
							"pivot": [1.30415, 28.17401, -3.39692],
							"rotation": [0, 90, 45],
							"uv": {
								"north": {"uv": [68, 59], "uv_size": [5, 3]},
								"east": {"uv": [68, 59], "uv_size": [5, 3]},
								"south": {"uv": [68, 59], "uv_size": [5, 3]},
								"west": {"uv": [68, 59], "uv_size": [5, 3]},
								"up": {"uv": [73, 62], "uv_size": [-5, -3]},
								"down": {"uv": [73, 62], "uv_size": [-5, -3]}
							}
						},
						{
							"origin": [0.23975, 28.07697, -3.57888],
							"size": [0.1, 0.2, 0.2],
							"pivot": [-0.99585, 28.17401, -3.39692],
							"rotation": [0, 90, 45],
							"uv": {
								"north": {"uv": [68, 59], "uv_size": [5, 3]},
								"east": {"uv": [68, 59], "uv_size": [5, 3]},
								"south": {"uv": [68, 59], "uv_size": [5, 3]},
								"west": {"uv": [68, 59], "uv_size": [5, 3]},
								"up": {"uv": [73, 62], "uv_size": [-5, -3]},
								"down": {"uv": [73, 62], "uv_size": [-5, -3]}
							}
						},
						{
							"origin": [0.23975, 30.07697, -3.57888],
							"size": [0.1, 0.2, 0.2],
							"pivot": [-0.99585, 30.17401, -3.39692],
							"rotation": [0, 90, 45],
							"uv": {
								"north": {"uv": [68, 59], "uv_size": [5, 3]},
								"east": {"uv": [68, 59], "uv_size": [5, 3]},
								"south": {"uv": [68, 59], "uv_size": [5, 3]},
								"west": {"uv": [68, 59], "uv_size": [5, 3]},
								"up": {"uv": [73, 62], "uv_size": [-5, -3]},
								"down": {"uv": [73, 62], "uv_size": [-5, -3]}
							}
						},
						{
							"origin": [2.53975, 30.07697, -3.57888],
							"size": [0.1, 0.2, 0.2],
							"pivot": [1.30415, 30.17401, -3.39692],
							"rotation": [0, 90, 45],
							"uv": {
								"north": {"uv": [68, 59], "uv_size": [5, 3]},
								"east": {"uv": [68, 59], "uv_size": [5, 3]},
								"south": {"uv": [68, 59], "uv_size": [5, 3]},
								"west": {"uv": [68, 59], "uv_size": [5, 3]},
								"up": {"uv": [73, 62], "uv_size": [-5, -3]},
								"down": {"uv": [73, 62], "uv_size": [-5, -3]}
							}
						},
						{
							"origin": [1.93975, 28.37697, -5.37888],
							"size": [0.1, 0.5, 0.5],
							"uv": {
								"north": {"uv": [68, 59], "uv_size": [5, 3]},
								"east": {"uv": [68, 59], "uv_size": [5, 3]},
								"south": {"uv": [68, 59], "uv_size": [5, 3]},
								"west": {"uv": [68, 59], "uv_size": [5, 3]},
								"up": {"uv": [73, 62], "uv_size": [-5, -3]},
								"down": {"uv": [73, 62], "uv_size": [-5, -3]}
							}
						},
						{
							"origin": [1.93975, 28.37697, -6.07888],
							"size": [0.1, 0.5, 0.5],
							"uv": {
								"north": {"uv": [68, 59], "uv_size": [5, 3]},
								"east": {"uv": [68, 59], "uv_size": [5, 3]},
								"south": {"uv": [68, 59], "uv_size": [5, 3]},
								"west": {"uv": [68, 59], "uv_size": [5, 3]},
								"up": {"uv": [73, 62], "uv_size": [-5, -3]},
								"down": {"uv": [73, 62], "uv_size": [-5, -3]}
							}
						},
						{
							"origin": [-1.6112, 30.20312, -9.16879],
							"size": [0.1772, 2.268, 4.2204],
							"uv": {
								"north": {"uv": [79, 7], "uv_size": [10, 2]},
								"east": {"uv": [79, 7], "uv_size": [10, 2]},
								"south": {"uv": [79, 7], "uv_size": [10, 2]},
								"west": {"uv": [79, 7], "uv_size": [10, 2]},
								"up": {"uv": [89, 9], "uv_size": [-10, -2]},
								"down": {"uv": [89, 9], "uv_size": [-10, -2]}
							}
						},
						{
							"origin": [-1.6112, 28.02442, -9.57679],
							"size": [0.1772, 2.268, 4.98],
							"uv": {
								"north": {"uv": [79, 7], "uv_size": [10, 2]},
								"east": {"uv": [79, 7], "uv_size": [10, 2]},
								"south": {"uv": [79, 7], "uv_size": [10, 2]},
								"west": {"uv": [79, 7], "uv_size": [10, 2]},
								"up": {"uv": [89, 9], "uv_size": [-10, -2]},
								"down": {"uv": [89, 9], "uv_size": [-10, -2]}
							}
						},
						{
							"origin": [-1.6112, 27.52442, -7.27679],
							"size": [0.1772, 0.568, 2.68],
							"uv": {
								"north": {"uv": [79, 7], "uv_size": [10, 2]},
								"east": {"uv": [79, 7], "uv_size": [10, 2]},
								"south": {"uv": [79, 7], "uv_size": [10, 2]},
								"west": {"uv": [79, 7], "uv_size": [10, 2]},
								"up": {"uv": [89, 9], "uv_size": [-10, -2]},
								"down": {"uv": [89, 9], "uv_size": [-10, -2]}
							}
						},
						{
							"origin": [-1.6112, 27.52442, -8.25],
							"size": [0.1772, 0.568, 0.98],
							"pivot": [-1.614, 27.5244, -7.27],
							"rotation": [-33, 0, 0],
							"uv": {
								"north": {"uv": [79, 7], "uv_size": [10, 2]},
								"east": {"uv": [79, 7], "uv_size": [10, 2]},
								"south": {"uv": [79, 7], "uv_size": [10, 2]},
								"west": {"uv": [79, 7], "uv_size": [10, 2]},
								"up": {"uv": [89, 9], "uv_size": [-10, -2]},
								"down": {"uv": [89, 9], "uv_size": [-10, -2]}
							}
						},
						{
							"origin": [1.59658, 30.00513, -9.57888],
							"size": [0.1772, 0.368, 4.98],
							"pivot": [1.77378, 30.37071, -7.39692],
							"rotation": [0, 0, -27],
							"uv": {
								"north": {"uv": [79, 7], "uv_size": [10, 2]},
								"east": {"uv": [79, 7], "uv_size": [10, 2]},
								"south": {"uv": [79, 7], "uv_size": [10, 2]},
								"west": {"uv": [79, 7], "uv_size": [10, 2]},
								"up": {"uv": [89, 9], "uv_size": [-10, -2]},
								"down": {"uv": [89, 9], "uv_size": [-10, -2]}
							}
						},
						{
							"origin": [1.6244, 32.45816, -9.22984],
							"size": [0.164, 0.396, 4.284],
							"pivot": [1.7548, 32.4692, -5.76082],
							"rotation": [0, 0, -21],
							"uv": {
								"north": {"uv": [79, 7], "uv_size": [10, 2]},
								"east": {"uv": [79, 7], "uv_size": [10, 2]},
								"south": {"uv": [79, 7], "uv_size": [10, 2]},
								"west": {"uv": [79, 7], "uv_size": [10, 2]},
								"up": {"uv": [89, 9], "uv_size": [-10, -2]},
								"down": {"uv": [89, 9], "uv_size": [-10, -2]}
							}
						},
						{
							"origin": [-1.2356, 32.82312, -9.22984],
							"size": [2.664, 0.1898, 4.284],
							"uv": {
								"north": {"uv": [79, 7], "uv_size": [10, 2]},
								"east": {"uv": [79, 7], "uv_size": [10, 2]},
								"south": {"uv": [79, 7], "uv_size": [10, 2]},
								"west": {"uv": [79, 7], "uv_size": [10, 2]},
								"up": {"uv": [89, 9], "uv_size": [-10, -2]},
								"down": {"uv": [89, 9], "uv_size": [-10, -2]}
							}
						},
						{
							"origin": [1.6148, 32.00312, -4.95184],
							"size": [0.1772, 0.468, 2.208],
							"pivot": [-0.8636, 32.46776, -4.94683],
							"rotation": [-81, 0, 0],
							"uv": {
								"north": {"uv": [79, 7], "uv_size": [10, 2]},
								"east": {"uv": [79, 7], "uv_size": [10, 2]},
								"south": {"uv": [79, 7], "uv_size": [10, 2]},
								"west": {"uv": [79, 7], "uv_size": [10, 2]},
								"up": {"uv": [89, 9], "uv_size": [-10, -2]},
								"down": {"uv": [89, 9], "uv_size": [-10, -2]}
							}
						},
						{
							"origin": [-1.6112, 32.00312, -4.95184],
							"size": [0.1772, 0.468, 2.208],
							"pivot": [-1.3436, 32.46776, -4.94683],
							"rotation": [-81, 0, 0],
							"uv": {
								"north": {"uv": [79, 7], "uv_size": [10, 2]},
								"east": {"uv": [79, 7], "uv_size": [10, 2]},
								"south": {"uv": [79, 7], "uv_size": [10, 2]},
								"west": {"uv": [79, 7], "uv_size": [10, 2]},
								"up": {"uv": [89, 9], "uv_size": [-10, -2]},
								"down": {"uv": [89, 9], "uv_size": [-10, -2]}
							}
						},
						{
							"origin": [-1.6112, 32.00312, -11.43183],
							"size": [0.1772, 0.468, 2.208],
							"pivot": [-1.3436, 32.46776, -9.22884],
							"rotation": [81, 0, 0],
							"uv": {
								"north": {"uv": [89, 7], "uv_size": [-10, 2]},
								"east": {"uv": [89, 7], "uv_size": [-10, 2]},
								"south": {"uv": [89, 7], "uv_size": [-10, 2]},
								"west": {"uv": [89, 7], "uv_size": [-10, 2]},
								"up": {"uv": [89, 7], "uv_size": [-10, 2]},
								"down": {"uv": [89, 7], "uv_size": [-10, 2]}
							}
						},
						{
							"origin": [1.6148, 32.00312, -11.43183],
							"size": [0.1772, 0.468, 2.208],
							"pivot": [-0.8636, 32.46776, -9.22884],
							"rotation": [81, 0, 0],
							"uv": {
								"north": {"uv": [89, 7], "uv_size": [-10, 2]},
								"east": {"uv": [89, 7], "uv_size": [-10, 2]},
								"south": {"uv": [89, 7], "uv_size": [-10, 2]},
								"west": {"uv": [89, 7], "uv_size": [-10, 2]},
								"up": {"uv": [89, 7], "uv_size": [-10, 2]},
								"down": {"uv": [89, 7], "uv_size": [-10, 2]}
							}
						},
						{
							"origin": [1.03684, 32.84216, -9.22984],
							"size": [0.164, 0.276, 4.284],
							"pivot": [1.2748, 32.8292, -5.76082],
							"rotation": [0, 0, 127],
							"uv": {
								"north": {"uv": [79, 7], "uv_size": [10, 2]},
								"east": {"uv": [79, 7], "uv_size": [10, 2]},
								"south": {"uv": [79, 7], "uv_size": [10, 2]},
								"west": {"uv": [79, 7], "uv_size": [10, 2]},
								"up": {"uv": [89, 9], "uv_size": [-10, -2]},
								"down": {"uv": [89, 9], "uv_size": [-10, -2]}
							}
						},
						{
							"origin": [-1.5956, 32.45816, -9.22984],
							"size": [0.164, 0.396, 4.284],
							"pivot": [-1.562, 32.4692, -5.76082],
							"rotation": [0, 0, 21],
							"uv": {
								"north": {"uv": [89, 7], "uv_size": [-10, 2]},
								"east": {"uv": [89, 7], "uv_size": [-10, 2]},
								"south": {"uv": [89, 7], "uv_size": [-10, 2]},
								"west": {"uv": [89, 7], "uv_size": [-10, 2]},
								"up": {"uv": [79, 9], "uv_size": [10, -2]},
								"down": {"uv": [79, 9], "uv_size": [10, -2]}
							}
						},
						{
							"origin": [-1.00804, 32.84216, -9.22984],
							"size": [0.164, 0.276, 4.284],
							"pivot": [-1.082, 32.8292, -5.76082],
							"rotation": [0, 0, -127],
							"uv": {
								"north": {"uv": [89, 7], "uv_size": [-10, 2]},
								"east": {"uv": [89, 7], "uv_size": [-10, 2]},
								"south": {"uv": [89, 7], "uv_size": [-10, 2]},
								"west": {"uv": [89, 7], "uv_size": [-10, 2]},
								"up": {"uv": [79, 9], "uv_size": [10, -2]},
								"down": {"uv": [79, 9], "uv_size": [10, -2]}
							}
						}
					]
				},
				{
					"name": "pso4",
					"parent": "1p87",
					"pivot": [-0.8521, 29.25325, -16.17397],
					"rotation": [-17.5, 90, 0]
				},
				{
					"name": "pso3",
					"parent": "1p87",
					"pivot": [-3.0571, 30.61825, -11.44897],
					"rotation": [0, 0, -180]
				},
				{
					"name": "scope",
					"parent": "main",
					"pivot": [0.06, 31.38, 2.39],
					"cubes": [
						{
							"origin": [-0.44, 31, 2.81],
							"size": [0.96, 0.96, 0.96],
							"inflate": -0.4,
							"uv": {
								"north": {"uv": [60, 19], "uv_size": [1, 1]},
								"east": {"uv": [23, 56], "uv_size": [1, 1]},
								"south": {"uv": [58, 18], "uv_size": [1, 1]},
								"west": {"uv": [24, 57], "uv_size": [1, 1]},
								"up": {"uv": [58, 23], "uv_size": [1, 1]},
								"down": {"uv": [26, 60], "uv_size": [1, -1]}
							}
						}
					]
				},
				{
					"name": "_ca_scope",
					"parent": "main",
					"pivot": [-0.1, 28.98, -10.67],
					"cubes": [
						{
							"origin": [-0.18, 27.486, -7.8565],
							"size": [0.76, 0.76, 0.76],
							"uv": {
								"north": {"uv": [53, 14], "uv_size": [1, 1]},
								"east": {"uv": [15, 53], "uv_size": [1, 1]},
								"south": {"uv": [53, 15], "uv_size": [1, 1]},
								"west": {"uv": [16, 53], "uv_size": [1, 1]},
								"up": {"uv": [53, 16], "uv_size": [1, 1]},
								"down": {"uv": [17, 54], "uv_size": [1, -1]}
							}
						}
					]
				}
			]
		}
	]
}