{
	"format_version": "1.12.0",
	"minecraft:geometry": [
		{
			"description": {
				"identifier": "geometry.unknown",
				"texture_width": 64,
				"texture_height": 64,
				"visible_bounds_width": 8,
				"visible_bounds_height": 4,
				"visible_bounds_offset": [0, 1, 0]
			},
			"bones": [
				{
					"name": "main",
					"pivot": [0, 20, 6.65],
					"cubes": [
						{
							"origin": [-1.311, 26.462, -5.1585],
							"size": [2.527, 2.608, 0.665],
							"uv": {
								"north": {"uv": [42, 11], "uv_size": [3, 4]},
								"east": {"uv": [11, 48], "uv_size": [1, 4]},
								"south": {"uv": [42, 11], "uv_size": [3, 4]},
								"west": {"uv": [20, 48], "uv_size": [1, 4]},
								"up": {"uv": [50, 29], "uv_size": [3, 1]},
								"down": {"uv": [50, 37], "uv_size": [3, -1]}
							}
						}
					]
				},
				{
					"name": "specter",
					"parent": "main",
					"pivot": [0, 26.4, -2.95],
					"cubes": [
						{
							"origin": [-1.083, 24.396, -5.0825],
							"size": [1.843, 0.836, 3.04],
							"uv": {
								"north": {"uv": [31, 37], "uv_size": [3, 1]},
								"east": {"uv": [47, 5], "uv_size": [4, 1]},
								"south": {"uv": [49, 31], "uv_size": [3, 1]},
								"west": {"uv": [47, 6], "uv_size": [4, 1]},
								"up": {"uv": [26, 5], "uv_size": [3, 4]},
								"down": {"uv": [39, 34], "uv_size": [3, -4]}
							}
						},
						{
							"origin": [-1.53, 24.804, -5.5865],
							"size": [3.06, 0.932, 2.946],
							"inflate": -0.2,
							"uv": {
								"north": {"uv": [13, 47], "uv_size": [4, 1]},
								"east": {"uv": [47, 15], "uv_size": [4, 1]},
								"south": {"uv": [47, 16], "uv_size": [4, 1]},
								"west": {"uv": [47, 23], "uv_size": [4, 1]},
								"up": {"uv": [27, 37], "uv_size": [4, 4]},
								"down": {"uv": [38, 18], "uv_size": [4, -4]}
							}
						},
						{
							"origin": [-1.53024, 24.80376, -5.16874],
							"size": [3.06048, 0.93248, 2.52848],
							"inflate": -0.201,
							"pivot": [0.038, 25.536, -2.8405],
							"rotation": [-19.25, 0, 0],
							"uv": {
								"north": {"uv": [47, 24], "uv_size": [4, 1]},
								"east": {"uv": [49, 32], "uv_size": [3, 1]},
								"south": {"uv": [47, 25], "uv_size": [4, 1]},
								"west": {"uv": [37, 49], "uv_size": [3, 1]},
								"up": {"uv": [14, 34], "uv_size": [4, 3]},
								"down": {"uv": [22, 43], "uv_size": [4, -3]}
							}
						},
						{
							"origin": [-1.53, 24.804, -5.5865],
							"size": [3.06, 0.932, 1.236],
							"inflate": -0.2,
							"pivot": [0.038, 25.536, -5.3865],
							"rotation": [53.75, 0, 0],
							"uv": {
								"north": {"uv": [47, 26], "uv_size": [4, 1]},
								"east": {"uv": [23, 32], "uv_size": [2, 1]},
								"south": {"uv": [47, 27], "uv_size": [4, 1]},
								"west": {"uv": [41, 2], "uv_size": [2, 1]},
								"up": {"uv": [35, 3], "uv_size": [4, 2]},
								"down": {"uv": [43, 7], "uv_size": [4, -2]}
							}
						},
						{
							"origin": [-1.772, 24.277, -2.9595],
							"size": [1.568, 0.808, 1.568],
							"inflate": -0.1,
							"pivot": [-0.988, 24.301, -2.1755],
							"rotation": [0, 9.5, 0],
							"uv": {
								"north": {"uv": [29, 41], "uv_size": [2, 1]},
								"east": {"uv": [37, 50], "uv_size": [2, 1]},
								"south": {"uv": [50, 37], "uv_size": [2, 1]},
								"west": {"uv": [39, 50], "uv_size": [2, 1]},
								"up": {"uv": [22, 46], "uv_size": [2, 2]},
								"down": {"uv": [29, 48], "uv_size": [2, -2]}
							}
						},
						{
							"origin": [-1.772, 24.277, -0.6795],
							"size": [1.568, 0.808, 1.568],
							"inflate": -0.1,
							"pivot": [-0.988, 24.301, 0.1045],
							"rotation": [0, 9.5, 0],
							"uv": {
								"north": {"uv": [41, 50], "uv_size": [2, 1]},
								"east": {"uv": [43, 50], "uv_size": [2, 1]},
								"south": {"uv": [45, 50], "uv_size": [2, 1]},
								"west": {"uv": [50, 45], "uv_size": [2, 1]},
								"up": {"uv": [37, 46], "uv_size": [2, 2]},
								"down": {"uv": [0, 49], "uv_size": [2, -2]}
							}
						},
						{
							"origin": [-0.988, 24.396, -1.2825],
							"size": [1.748, 0.836, 3.04],
							"uv": {
								"north": {"uv": [40, 49], "uv_size": [3, 1]},
								"east": {"uv": [47, 28], "uv_size": [4, 1]},
								"south": {"uv": [43, 49], "uv_size": [3, 1]},
								"west": {"uv": [47, 30], "uv_size": [4, 1]},
								"up": {"uv": [40, 34], "uv_size": [3, 4]},
								"down": {"uv": [0, 45], "uv_size": [3, -4]}
							}
						},
						{
							"origin": [-1.17824, 25.19376, -2.23274],
							"size": [2.28048, 1.29248, 2.28048],
							"inflate": -0.001,
							"uv": {
								"north": {"uv": [18, 44], "uv_size": [3, 2]},
								"east": {"uv": [29, 44], "uv_size": [3, 2]},
								"south": {"uv": [44, 43], "uv_size": [3, 2]},
								"west": {"uv": [0, 45], "uv_size": [3, 2]},
								"up": {"uv": [41, 42], "uv_size": [3, 3]},
								"down": {"uv": [43, 5], "uv_size": [3, -3]}
							}
						},
						{
							"origin": [-1.28324, 24.49976, -2.31874],
							"size": [2.43348, 0.93248, 5.11248],
							"inflate": -0.201,
							"uv": {
								"north": {"uv": [47, 33], "uv_size": [4, 1]},
								"east": {"uv": [43, 29], "uv_size": [7, 1]},
								"south": {"uv": [47, 34], "uv_size": [4, 1]},
								"west": {"uv": [43, 36], "uv_size": [7, 1]},
								"up": {"uv": [23, 33], "uv_size": [4, 7]},
								"down": {"uv": [0, 41], "uv_size": [4, -7]}
							}
						},
						{
							"origin": [-1.98624, 25.05076, -3.36374],
							"size": [0.93248, 0.85648, 2.83248],
							"inflate": -0.201,
							"pivot": [-1.786, 24.947, -1.5675],
							"rotation": [0, 37, 0],
							"uv": {
								"north": {"uv": [38, 18], "uv_size": [1, 1]},
								"east": {"uv": [47, 35], "uv_size": [4, 1]},
								"south": {"uv": [26, 40], "uv_size": [1, 1]},
								"west": {"uv": [39, 47], "uv_size": [4, 1]},
								"up": {"uv": [24, 46], "uv_size": [1, 4]},
								"down": {"uv": [2, 51], "uv_size": [1, -4]}
							}
						},
						{
							"origin": [-1.15024, 25.05076, -1.57774],
							"size": [0.93248, 1.38848, 2.07248],
							"inflate": -0.201,
							"pivot": [-0.95, 24.947, -0.5415],
							"rotation": [0, 45.5, 0],
							"uv": {
								"north": {"uv": [18, 26], "uv_size": [1, 2]},
								"east": {"uv": [45, 7], "uv_size": [3, 2]},
								"south": {"uv": [3, 41], "uv_size": [1, 2]},
								"west": {"uv": [45, 9], "uv_size": [3, 2]},
								"up": {"uv": [22, 37], "uv_size": [1, 3]},
								"down": {"uv": [39, 10], "uv_size": [1, -3]}
							}
						},
						{
							"origin": [-1.64424, 24.42376, -0.64674],
							"size": [0.85648, 0.85648, 2.45248],
							"inflate": -0.201,
							"pivot": [-1.444, 24.32, 1.1495],
							"rotation": [-12.25, 0, 0],
							"uv": {
								"north": {"uv": [42, 17], "uv_size": [1, 1]},
								"east": {"uv": [50, 9], "uv_size": [3, 1]},
								"south": {"uv": [13, 46], "uv_size": [1, 1]},
								"west": {"uv": [13, 50], "uv_size": [3, 1]},
								"up": {"uv": [21, 49], "uv_size": [1, 3]},
								"down": {"uv": [31, 52], "uv_size": [1, -3]}
							}
						},
						{
							"origin": [-1.311, 26.372, 5.1395],
							"size": [2.622, 2.698, 0.76],
							"uv": {
								"north": {"uv": [26, 41], "uv_size": [3, 4]},
								"east": {"uv": [17, 47], "uv_size": [1, 4]},
								"south": {"uv": [41, 38], "uv_size": [3, 4]},
								"west": {"uv": [33, 47], "uv_size": [1, 4]},
								"up": {"uv": [50, 13], "uv_size": [3, 1]},
								"down": {"uv": [50, 15], "uv_size": [3, -1]}
							}
						},
						{
							"origin": [-1.364, 28.694, -5.5915],
							"size": [2.652, 0.98, 12.209],
							"inflate": -0.3,
							"uv": {
								"north": {"uv": [27, 39], "uv_size": [1.1, 1]},
								"east": {"uv": [27, 30], "uv_size": [5.1, 7]},
								"south": {"uv": [15, 7], "uv_size": [1.1, 1]},
								"west": {"uv": [27, 30], "uv_size": [5.1, 7]},
								"up": {"uv": [33.2, 36], "uv_size": [-6.2, -3.8]},
								"down": {"uv": [16.1, 8], "uv_size": [-1.1, -1]}
							}
						},
						{
							"origin": [-1.364, 25.826, -5.5915],
							"size": [2.652, 0.98, 12.209],
							"inflate": -0.3,
							"uv": {
								"north": {"uv": [27, 40], "uv_size": [1.1, -1]},
								"east": {"uv": [27, 37], "uv_size": [5.1, -7]},
								"south": {"uv": [15, 8], "uv_size": [1.1, -1]},
								"west": {"uv": [27, 37], "uv_size": [5.1, -7]},
								"up": {"uv": [16.1, 7], "uv_size": [-1.1, 1]},
								"down": {"uv": [33.2, 32.2], "uv_size": [-6.2, 3.8]}
							}
						},
						{
							"origin": [-1.44, 28.884, -4.8885],
							"size": [2.88, 0.9325, 11.6675],
							"inflate": -0.3,
							"uv": {
								"north": {"uv": [9, 46], "uv_size": [3, 2]},
								"east": {"uv": [9, 46], "uv_size": [3, 2]},
								"south": {"uv": [27, 39], "uv_size": [1.1, 1]},
								"west": {"uv": [9, 46], "uv_size": [3, 2]},
								"up": {"uv": [12, 48], "uv_size": [-3, -2]},
								"down": {"uv": [12, 48], "uv_size": [-3, -2]}
							}
						},
						{
							"origin": [0.916, 26.504, -5.5915],
							"size": [1.056, 2.486, 12.209],
							"inflate": -0.3,
							"uv": {
								"north": {"uv": [27, 39], "uv_size": [1.1, 1]},
								"east": {"uv": [15, 7], "uv_size": [1.1, 1]},
								"south": {"uv": [15, 7], "uv_size": [1.1, 1]},
								"west": {"uv": [27, 32.2], "uv_size": [6.2, 3.8]},
								"up": {"uv": [32.1, 37], "uv_size": [-5.1, -7]},
								"down": {"uv": [32.1, 37], "uv_size": [-5.1, -7]}
							}
						},
						{
							"origin": [1.182, 26.4425, -0.2715],
							"size": [0.961, 2.671, 7.0505],
							"inflate": -0.3,
							"uv": {
								"north": {"uv": [27, 39], "uv_size": [1.1, 1]},
								"east": {"uv": [27, 30], "uv_size": [5.1, 7]},
								"south": {"uv": [27, 39], "uv_size": [1.1, 1]},
								"west": {"uv": [27, 32.2], "uv_size": [6.2, 3.8]},
								"up": {"uv": [32.1, 37], "uv_size": [-5.1, -7]},
								"down": {"uv": [32.1, 37], "uv_size": [-5.1, -7]}
							}
						},
						{
							"origin": [-2.143, 26.4425, -0.2715],
							"size": [0.961, 2.671, 7.0505],
							"inflate": -0.3,
							"uv": {
								"north": {"uv": [28.1, 39], "uv_size": [-1.1, 1]},
								"east": {"uv": [33.2, 32.2], "uv_size": [-6.2, 3.8]},
								"south": {"uv": [27, 39], "uv_size": [1.1, 1]},
								"west": {"uv": [32.1, 30], "uv_size": [-5.1, 7]},
								"up": {"uv": [27, 37], "uv_size": [5.1, -7]},
								"down": {"uv": [27, 37], "uv_size": [5.1, -7]}
							}
						},
						{
							"origin": [-2.238, 26.8225, 1.4385],
							"size": [1.056, 1.911, 4.3905],
							"inflate": -0.3,
							"uv": {
								"north": {"uv": [28.1, 39], "uv_size": [-1.1, 1]},
								"east": {"uv": [33.2, 32.2], "uv_size": [-6.2, 3.8]},
								"south": {"uv": [28.1, 39], "uv_size": [-1.1, 1]},
								"west": {"uv": [32.1, 30], "uv_size": [-5.1, 7]},
								"up": {"uv": [27, 37], "uv_size": [5.1, -7]},
								"down": {"uv": [27, 37], "uv_size": [5.1, -7]}
							}
						},
						{
							"origin": [-1.972, 26.423, -5.5915],
							"size": [0.98, 2.643, 12.209],
							"inflate": -0.3,
							"uv": {
								"north": {"uv": [27, 39], "uv_size": [1.1, 1]},
								"east": {"uv": [27, 32.2], "uv_size": [6.2, 3.8]},
								"south": {"uv": [15, 7], "uv_size": [1.1, 1]},
								"west": {"uv": [15, 7], "uv_size": [1.1, 1]},
								"up": {"uv": [32.1, 37], "uv_size": [-5.1, -7]},
								"down": {"uv": [32.1, 37], "uv_size": [-5.1, -7]}
							}
						},
						{
							"origin": [-19.6572, 34.3028, -5.5915],
							"size": [1.056, 1.4588, 12.209],
							"inflate": -0.3,
							"pivot": [-17.556, 10.336, 1.2635],
							"rotation": [0, 0, 45],
							"uv": {
								"north": {"uv": [27, 39], "uv_size": [1.1, 1]},
								"east": {"uv": [27, 30], "uv_size": [5.1, 7]},
								"south": {"uv": [15, 7], "uv_size": [1.1, 1]},
								"west": {"uv": [15, 7], "uv_size": [1.1, 1]},
								"up": {"uv": [32.1, 37], "uv_size": [-5.1, -7]},
								"down": {"uv": [32.1, 37], "uv_size": [-5.1, -7]}
							}
						},
						{
							"origin": [17.6892, 36.4308, -5.5915],
							"size": [1.056, 1.5652, 12.209],
							"inflate": -0.3,
							"pivot": [19.76, 12.464, 1.2635],
							"rotation": [0, 0, -45],
							"uv": {
								"north": {"uv": [27, 39], "uv_size": [1.1, 1]},
								"east": {"uv": [15, 7], "uv_size": [1.1, 1]},
								"south": {"uv": [15, 7], "uv_size": [1.1, 1]},
								"west": {"uv": [27, 32.2], "uv_size": [6.2, 3.8]},
								"up": {"uv": [32.1, 37], "uv_size": [-5.1, -7]},
								"down": {"uv": [32.1, 37], "uv_size": [-5.1, -7]}
							}
						},
						{
							"origin": [-19.6572, 19.7384, -5.5915],
							"size": [1.056, 1.4588, 12.209],
							"inflate": -0.3,
							"pivot": [-17.556, 45.164, 1.2635],
							"rotation": [0, 0, -45],
							"uv": {
								"north": {"uv": [27, 40], "uv_size": [1.1, -1]},
								"east": {"uv": [27, 37], "uv_size": [5.1, -7]},
								"south": {"uv": [15, 8], "uv_size": [1.1, -1]},
								"west": {"uv": [15, 8], "uv_size": [1.1, -1]},
								"up": {"uv": [32.1, 30], "uv_size": [-5.1, 7]},
								"down": {"uv": [32.1, 30], "uv_size": [-5.1, 7]}
							}
						},
						{
							"origin": [17.6892, 17.504, -5.5915],
							"size": [1.056, 1.5652, 12.209],
							"inflate": -0.3,
							"pivot": [19.76, 43.036, 1.2635],
							"rotation": [0, 0, 45],
							"uv": {
								"north": {"uv": [27, 40], "uv_size": [1.1, -1]},
								"east": {"uv": [15, 8], "uv_size": [1.1, -1]},
								"south": {"uv": [15, 8], "uv_size": [1.1, -1]},
								"west": {"uv": [27, 36], "uv_size": [6.2, -3.8]},
								"up": {"uv": [32.1, 30], "uv_size": [-5.1, 7]},
								"down": {"uv": [32.1, 30], "uv_size": [-5.1, 7]}
							}
						},
						{
							"origin": [-0.9262, 24.188, -1.8515],
							"size": [6.496, 7.902, 7.902],
							"inflate": -3.4,
							"pivot": [3.23, 28.006, 1.2635],
							"rotation": [-27.5, 0, 0],
							"uv": {
								"north": {"uv": [15, 7], "uv_size": [1.1, 1]},
								"east": {"uv": [15, 7], "uv_size": [1.1, 1]},
								"south": {"uv": [15, 7], "uv_size": [1.1, 1]},
								"west": {"uv": [15, 7], "uv_size": [1.1, 1]},
								"up": {"uv": [16.1, 8], "uv_size": [-1.1, -1]},
								"down": {"uv": [16.1, 8], "uv_size": [-1.1, -1]}
							}
						},
						{
							"origin": [0.978, 27.502, 0.7975],
							"size": [1.388, 1.806, 1.806],
							"inflate": -0.2,
							"pivot": [2.698, 27.265, 0.5605],
							"rotation": [-27.5, 0, 0],
							"uv": {
								"north": {"uv": [32, 44], "uv_size": [2, 3]},
								"east": {"uv": [3, 43], "uv_size": [3, 3]},
								"south": {"uv": [25, 45], "uv_size": [2, 3]},
								"west": {"uv": [27, 32.2], "uv_size": [6.2, 3.8]},
								"up": {"uv": [27, 45], "uv_size": [2, 3]},
								"down": {"uv": [34, 48], "uv_size": [2, -3]}
							}
						},
						{
							"origin": [1.524, 25.35, -5.3445],
							"size": [0.904, 1.664, 1.664],
							"inflate": -0.3,
							"pivot": [2.356, 25.422, -5.2725],
							"rotation": [-27.5, 0, 0],
							"uv": {
								"north": {"uv": [14, 51], "uv_size": [1, 2]},
								"east": {"uv": [48, 8], "uv_size": [2, 2]},
								"south": {"uv": [15, 51], "uv_size": [1, 2]},
								"west": {"uv": [13, 48], "uv_size": [2, 2]},
								"up": {"uv": [51, 15], "uv_size": [1, 2]},
								"down": {"uv": [17, 53], "uv_size": [1, -2]}
							}
						},
						{
							"origin": [-2.428, 25.35, -5.3445],
							"size": [0.904, 1.664, 1.664],
							"inflate": -0.3,
							"pivot": [-2.356, 25.422, -5.2725],
							"rotation": [-27.5, 0, 0],
							"uv": {
								"north": {"uv": [51, 17], "uv_size": [1, 2]},
								"east": {"uv": [48, 13], "uv_size": [2, 2]},
								"south": {"uv": [51, 19], "uv_size": [1, 2]},
								"west": {"uv": [15, 48], "uv_size": [2, 2]},
								"up": {"uv": [51, 21], "uv_size": [1, 2]},
								"down": {"uv": [51, 25], "uv_size": [1, -2]}
							}
						},
						{
							"origin": [1.13, 24.652, -5.4725],
							"size": [1.16, 1.806, 2.376],
							"inflate": -0.2,
							"uv": {
								"north": {"uv": [1, 52], "uv_size": [1, 2]},
								"east": {"uv": [45, 13], "uv_size": [3, 2]},
								"south": {"uv": [3, 52], "uv_size": [1, 2]},
								"west": {"uv": [39, 45], "uv_size": [3, 2]},
								"up": {"uv": [32, 49], "uv_size": [1, 3]},
								"down": {"uv": [16, 53], "uv_size": [1, -3]}
							}
						},
						{
							"origin": [-2.29, 24.652, -5.4725],
							"size": [1.16, 1.806, 2.376],
							"inflate": -0.2,
							"uv": {
								"north": {"uv": [4, 52], "uv_size": [1, 2]},
								"east": {"uv": [42, 45], "uv_size": [3, 2]},
								"south": {"uv": [5, 52], "uv_size": [1, 2]},
								"west": {"uv": [45, 45], "uv_size": [3, 2]},
								"up": {"uv": [18, 50], "uv_size": [1, 3]},
								"down": {"uv": [19, 53], "uv_size": [1, -3]}
							}
						},
						{
							"origin": [-2.28976, 26.05824, -5.47226],
							"size": [1.15952, 2.37552, 2.24252],
							"inflate": -0.199,
							"pivot": [-2.09, 26.258, -5.2725],
							"rotation": [-47.5, 0, 0],
							"uv": {
								"north": {"uv": [22, 50], "uv_size": [1, 3]},
								"east": {"uv": [9, 43], "uv_size": [3, 3]},
								"south": {"uv": [23, 50], "uv_size": [1, 3]},
								"west": {"uv": [43, 17], "uv_size": [3, 3]},
								"up": {"uv": [24, 50], "uv_size": [1, 3]},
								"down": {"uv": [25, 53], "uv_size": [1, -3]}
							}
						},
						{
							"origin": [1.13024, 26.05824, -5.47226],
							"size": [1.15952, 2.37552, 2.24252],
							"inflate": -0.199,
							"pivot": [2.09, 26.258, -5.2725],
							"rotation": [-47.5, 0, 0],
							"uv": {
								"north": {"uv": [26, 50], "uv_size": [1, 3]},
								"east": {"uv": [43, 20], "uv_size": [3, 3]},
								"south": {"uv": [27, 50], "uv_size": [1, 3]},
								"west": {"uv": [22, 43], "uv_size": [3, 3]},
								"up": {"uv": [28, 50], "uv_size": [1, 3]},
								"down": {"uv": [29, 53], "uv_size": [1, -3]}
							}
						},
						{
							"origin": [-1.30176, 25.83024, 1.36774],
							"size": [2.47052, 2.60352, 0.95052],
							"inflate": -0.199,
							"pivot": [1.482, 26.258, 0.2755],
							"rotation": [-47.5, 0, 0],
							"uv": {
								"north": {"uv": [26, 50], "uv_size": [1, 3]},
								"east": {"uv": [43, 20], "uv_size": [3, 3]},
								"south": {"uv": [27, 50], "uv_size": [1, 3]},
								"west": {"uv": [22, 43], "uv_size": [3, 3]},
								"up": {"uv": [28, 50], "uv_size": [1, 3]},
								"down": {"uv": [29, 53], "uv_size": [1, -3]}
							}
						},
						{
							"origin": [-2.29, 25.754, -4.0285],
							"size": [4.58, 2.034, 4.257],
							"inflate": -0.2,
							"uv": {
								"north": {"uv": [0, 27], "uv_size": [6, 2]},
								"east": {"uv": [46, 2], "uv_size": [3, 2]},
								"south": {"uv": [41, 0], "uv_size": [6, 2]},
								"west": {"uv": [3, 46], "uv_size": [3, 2]},
								"up": {"uv": [35, 0], "uv_size": [6, 3]},
								"down": {"uv": [14, 40], "uv_size": [6, -3]}
							}
						},
						{
							"origin": [-2.29, 27.388, -4.0285],
							"size": [0.818, 1.635, 4.257],
							"inflate": -0.2,
							"pivot": [-2.09, 27.588, -3.8285],
							"rotation": [0, 0, 12],
							"uv": {
								"north": {"uv": [7, 52], "uv_size": [-1, 2]},
								"east": {"uv": [12, 46], "uv_size": [-3, 2]},
								"south": {"uv": [8, 52], "uv_size": [-1, 2]},
								"west": {"uv": [9, 46], "uv_size": [-3, 2]},
								"up": {"uv": [31, 50], "uv_size": [-1, 3]},
								"down": {"uv": [35, 53], "uv_size": [-1, -3]}
							}
						},
						{
							"origin": [-2.29, 28.338, -4.5035],
							"size": [0.818, 0.685, 0.932],
							"inflate": -0.2,
							"pivot": [-2.09, 27.588, -3.8285],
							"rotation": [0, 0, 12],
							"uv": {
								"north": {"uv": [7, 52], "uv_size": [-1, 2]},
								"east": {"uv": [12, 46], "uv_size": [-3, 2]},
								"south": {"uv": [8, 52], "uv_size": [-1, 2]},
								"west": {"uv": [9, 46], "uv_size": [-3, 2]},
								"up": {"uv": [31, 50], "uv_size": [-1, 3]},
								"down": {"uv": [35, 53], "uv_size": [-1, -3]}
							}
						},
						{
							"origin": [-2.29, 28.338, -4.7885],
							"size": [0.818, 0.685, 0.742],
							"inflate": -0.2,
							"pivot": [-2.09, 27.588, -3.8285],
							"rotation": [0, 0, 12],
							"uv": {
								"north": {"uv": [7, 52], "uv_size": [-1, 2]},
								"east": {"uv": [12, 46], "uv_size": [-3, 2]},
								"south": {"uv": [8, 52], "uv_size": [-1, 2]},
								"west": {"uv": [9, 46], "uv_size": [-3, 2]},
								"up": {"uv": [31, 50], "uv_size": [-1, 3]},
								"down": {"uv": [35, 53], "uv_size": [-1, -3]}
							}
						},
						{
							"origin": [-2.29, 27.388, -4.0285],
							"size": [1.16, 1.616, 0.628],
							"inflate": -0.2,
							"pivot": [-2.09, 27.588, -3.8285],
							"rotation": [38.65552, 0, 12.2651],
							"uv": {
								"north": {"uv": [52, 19], "uv_size": [1, 2]},
								"east": {"uv": [20, 52], "uv_size": [1, 2]},
								"south": {"uv": [21, 52], "uv_size": [1, 2]},
								"west": {"uv": [52, 21], "uv_size": [1, 2]},
								"up": {"uv": [53, 13], "uv_size": [1, 1]},
								"down": {"uv": [14, 54], "uv_size": [1, -1]}
							}
						},
						{
							"origin": [-2.29, 27.388, -4.0285],
							"size": [1.16, 1.483, 1.008],
							"inflate": -0.2,
							"pivot": [-2.09, 27.588, -3.8285],
							"rotation": [38.65552, 0, 12.2651],
							"uv": {
								"north": {"uv": [52, 19], "uv_size": [1, 2]},
								"east": {"uv": [20, 52], "uv_size": [1, 2]},
								"south": {"uv": [21, 52], "uv_size": [1, 2]},
								"west": {"uv": [52, 21], "uv_size": [1, 2]},
								"up": {"uv": [53, 13], "uv_size": [1, 1]},
								"down": {"uv": [14, 54], "uv_size": [1, -1]}
							}
						},
						{
							"origin": [-19.8092, 34.2078, -4.8885],
							"size": [1.018, 1.5975, 11.6675],
							"inflate": -0.3,
							"pivot": [-17.556, 10.336, 1.2635],
							"rotation": [0, 0, 45],
							"uv": {
								"north": {"uv": [12, 46], "uv_size": [-3, 2]},
								"east": {"uv": [27, 32.2], "uv_size": [6.2, 3.8]},
								"south": {"uv": [27, 39], "uv_size": [1.1, 1]},
								"west": {"uv": [12, 46], "uv_size": [-3, 2]},
								"up": {"uv": [9, 48], "uv_size": [3, -2]},
								"down": {"uv": [9, 48], "uv_size": [3, -2]}
							}
						},
						{
							"origin": [18.7912, 34.2078, -4.8885],
							"size": [1.018, 1.5975, 11.6675],
							"inflate": -0.3,
							"pivot": [17.556, 10.336, 1.2635],
							"rotation": [0, 0, -45],
							"uv": {
								"north": {"uv": [9, 46], "uv_size": [3, 2]},
								"east": {"uv": [9, 46], "uv_size": [3, 2]},
								"south": {"uv": [27, 39], "uv_size": [1.1, 1]},
								"west": {"uv": [27, 32.2], "uv_size": [6.2, 3.8]},
								"up": {"uv": [12, 48], "uv_size": [-3, -2]},
								"down": {"uv": [12, 48], "uv_size": [-3, -2]}
							}
						},
						{
							"origin": [18.7912, 34.6828, 5.1815],
							"size": [1.018, 1.4075, 1.0275],
							"inflate": -0.3,
							"pivot": [17.556, 10.621, 1.2635],
							"rotation": [0, 0, -45],
							"uv": {
								"north": {"uv": [15, 7], "uv_size": [1.1, 1]},
								"east": {"uv": [15, 7], "uv_size": [1.1, 1]},
								"south": {"uv": [15, 7], "uv_size": [1.1, 1]},
								"west": {"uv": [15, 7], "uv_size": [1.1, 1]},
								"up": {"uv": [16.1, 8], "uv_size": [-1.1, -1]},
								"down": {"uv": [16.1, 8], "uv_size": [-1.1, -1]}
							}
						},
						{
							"origin": [-19.8092, 34.6828, 5.1815],
							"size": [1.018, 1.4075, 1.0275],
							"inflate": -0.3,
							"pivot": [-17.556, 10.621, 1.2635],
							"rotation": [0, 0, 45],
							"uv": {
								"north": {"uv": [15, 7], "uv_size": [1.1, 1]},
								"east": {"uv": [15, 7], "uv_size": [1.1, 1]},
								"south": {"uv": [15, 7], "uv_size": [1.1, 1]},
								"west": {"uv": [15, 7], "uv_size": [1.1, 1]},
								"up": {"uv": [16.1, 8], "uv_size": [-1.1, -1]},
								"down": {"uv": [16.1, 8], "uv_size": [-1.1, -1]}
							}
						},
						{
							"origin": [-1.44, 29.169, 5.1815],
							"size": [2.88, 0.9325, 1.0275],
							"inflate": -0.3,
							"uv": {
								"north": {"uv": [15, 7], "uv_size": [1.1, 1]},
								"east": {"uv": [15, 7], "uv_size": [1.1, 1]},
								"south": {"uv": [15, 7], "uv_size": [1.1, 1]},
								"west": {"uv": [15, 7], "uv_size": [1.1, 1]},
								"up": {"uv": [16.1, 8], "uv_size": [-1.1, -1]},
								"down": {"uv": [16.1, 8], "uv_size": [-1.1, -1]}
							}
						},
						{
							"origin": [18.7912, 34.6828, -4.6035],
							"size": [1.018, 1.4075, 1.0275],
							"inflate": -0.3,
							"pivot": [17.556, 10.621, -8.5215],
							"rotation": [0, 0, -45],
							"uv": {
								"north": {"uv": [15, 7], "uv_size": [1.1, 1]},
								"east": {"uv": [15, 7], "uv_size": [1.1, 1]},
								"south": {"uv": [15, 7], "uv_size": [1.1, 1]},
								"west": {"uv": [15, 7], "uv_size": [1.1, 1]},
								"up": {"uv": [16.1, 8], "uv_size": [-1.1, -1]},
								"down": {"uv": [16.1, 8], "uv_size": [-1.1, -1]}
							}
						},
						{
							"origin": [-1.44, 29.169, -4.6035],
							"size": [2.88, 0.9325, 1.0275],
							"inflate": -0.3,
							"uv": {
								"north": {"uv": [15, 7], "uv_size": [1.1, 1]},
								"east": {"uv": [15, 7], "uv_size": [1.1, 1]},
								"south": {"uv": [15, 7], "uv_size": [1.1, 1]},
								"west": {"uv": [15, 7], "uv_size": [1.1, 1]},
								"up": {"uv": [16.1, 8], "uv_size": [-1.1, -1]},
								"down": {"uv": [16.1, 8], "uv_size": [-1.1, -1]}
							}
						},
						{
							"origin": [-19.8092, 34.6828, -4.6035],
							"size": [1.018, 1.4075, 1.0275],
							"inflate": -0.3,
							"pivot": [-17.556, 10.621, -8.5215],
							"rotation": [0, 0, 45],
							"uv": {
								"north": {"uv": [15, 7], "uv_size": [1.1, 1]},
								"east": {"uv": [15, 7], "uv_size": [1.1, 1]},
								"south": {"uv": [15, 7], "uv_size": [1.1, 1]},
								"west": {"uv": [15, 7], "uv_size": [1.1, 1]},
								"up": {"uv": [16.1, 8], "uv_size": [-1.1, -1]},
								"down": {"uv": [16.1, 8], "uv_size": [-1.1, -1]}
							}
						},
						{
							"origin": [18.7912, 19.7697, -3.1785],
							"size": [1.018, 1.5975, 9.9575],
							"inflate": -0.3,
							"pivot": [17.556, 45.239, 1.2635],
							"rotation": [0, 0, 45],
							"uv": {
								"north": {"uv": [9, 48], "uv_size": [3, -2]},
								"east": {"uv": [9, 48], "uv_size": [3, -2]},
								"south": {"uv": [27, 39], "uv_size": [1.1, 1]},
								"west": {"uv": [27, 32.2], "uv_size": [6.2, 3.8]},
								"up": {"uv": [12, 46], "uv_size": [-3, 2]},
								"down": {"uv": [12, 46], "uv_size": [-3, 2]}
							}
						},
						{
							"origin": [-19.8092, 19.7697, -3.1785],
							"size": [1.018, 1.5975, 9.9575],
							"inflate": -0.3,
							"pivot": [-17.556, 45.239, 1.2635],
							"rotation": [0, 0, -45],
							"uv": {
								"north": {"uv": [12, 48], "uv_size": [-3, -2]},
								"east": {"uv": [27, 32.2], "uv_size": [6.2, 3.8]},
								"south": {"uv": [27, 39], "uv_size": [1.1, 1]},
								"west": {"uv": [12, 48], "uv_size": [-3, -2]},
								"up": {"uv": [9, 46], "uv_size": [3, 2]},
								"down": {"uv": [9, 46], "uv_size": [3, 2]}
							}
						},
						{
							"origin": [-1.44, 25.7585, -3.1785],
							"size": [2.88, 0.9325, 9.9575],
							"inflate": -0.3,
							"uv": {
								"north": {"uv": [9, 48], "uv_size": [3, -2]},
								"east": {"uv": [9, 48], "uv_size": [3, -2]},
								"south": {"uv": [27, 39], "uv_size": [1.1, 1]},
								"west": {"uv": [9, 48], "uv_size": [3, -2]},
								"up": {"uv": [12, 46], "uv_size": [-3, 2]},
								"down": {"uv": [12, 46], "uv_size": [-3, 2]}
							}
						},
						{
							"origin": [1.472, 28.338, -4.7885],
							"size": [0.818, 0.685, 0.742],
							"inflate": -0.2,
							"pivot": [2.09, 27.588, -3.8285],
							"rotation": [0, 0, -12],
							"uv": {
								"north": {"uv": [6, 52], "uv_size": [1, 2]},
								"east": {"uv": [6, 46], "uv_size": [3, 2]},
								"south": {"uv": [7, 52], "uv_size": [1, 2]},
								"west": {"uv": [9, 46], "uv_size": [3, 2]},
								"up": {"uv": [30, 50], "uv_size": [1, 3]},
								"down": {"uv": [34, 53], "uv_size": [1, -3]}
							}
						},
						{
							"origin": [1.472, 27.388, -4.0285],
							"size": [0.818, 1.635, 4.257],
							"inflate": -0.2,
							"pivot": [2.09, 27.588, -3.8285],
							"rotation": [0, 0, -12],
							"uv": {
								"north": {"uv": [6, 52], "uv_size": [1, 2]},
								"east": {"uv": [6, 46], "uv_size": [3, 2]},
								"south": {"uv": [7, 52], "uv_size": [1, 2]},
								"west": {"uv": [9, 46], "uv_size": [3, 2]},
								"up": {"uv": [30, 50], "uv_size": [1, 3]},
								"down": {"uv": [34, 53], "uv_size": [1, -3]}
							}
						},
						{
							"origin": [1.13, 27.388, -4.0285],
							"size": [1.16, 1.483, 1.008],
							"inflate": -0.2,
							"pivot": [2.09, 27.588, -3.8285],
							"rotation": [38.65552, 0, -12.2651],
							"uv": {
								"north": {"uv": [53, 19], "uv_size": [-1, 2]},
								"east": {"uv": [53, 21], "uv_size": [-1, 2]},
								"south": {"uv": [22, 52], "uv_size": [-1, 2]},
								"west": {"uv": [21, 52], "uv_size": [-1, 2]},
								"up": {"uv": [54, 13], "uv_size": [-1, 1]},
								"down": {"uv": [15, 54], "uv_size": [-1, -1]}
							}
						},
						{
							"origin": [1.472, 28.338, -4.5035],
							"size": [0.818, 0.685, 0.932],
							"inflate": -0.2,
							"pivot": [2.09, 27.588, -3.8285],
							"rotation": [0, 0, -12],
							"uv": {
								"north": {"uv": [6, 52], "uv_size": [1, 2]},
								"east": {"uv": [6, 46], "uv_size": [3, 2]},
								"south": {"uv": [7, 52], "uv_size": [1, 2]},
								"west": {"uv": [9, 46], "uv_size": [3, 2]},
								"up": {"uv": [30, 50], "uv_size": [1, 3]},
								"down": {"uv": [34, 53], "uv_size": [1, -3]}
							}
						},
						{
							"origin": [1.13, 27.388, -4.0285],
							"size": [1.16, 1.616, 0.628],
							"inflate": -0.2,
							"pivot": [2.09, 27.588, -3.8285],
							"rotation": [38.65552, 0, -12.2651],
							"uv": {
								"north": {"uv": [53, 19], "uv_size": [-1, 2]},
								"east": {"uv": [53, 21], "uv_size": [-1, 2]},
								"south": {"uv": [22, 52], "uv_size": [-1, 2]},
								"west": {"uv": [21, 52], "uv_size": [-1, 2]},
								"up": {"uv": [54, 13], "uv_size": [-1, 1]},
								"down": {"uv": [15, 54], "uv_size": [-1, -1]}
							}
						}
					]
				},
				{
					"name": "scopepip",
					"parent": "main",
					"pivot": [0.08, 27.64, 2.73],
					"cubes": [
						{
							"origin": [-1.311, 26.372, 5.1965],
							"size": [2.622, 2.698, 0.76],
							"uv": {
								"north": {"uv": [42, 7], "uv_size": [3, 4]},
								"east": {"uv": [11, 48], "uv_size": [1, 4]},
								"south": {"uv": [42, 11], "uv_size": [3, 4]},
								"west": {"uv": [20, 48], "uv_size": [1, 4]},
								"up": {"uv": [50, 29], "uv_size": [3, 1]},
								"down": {"uv": [50, 37], "uv_size": [3, -1]}
							}
						}
					]
				},
				{
					"name": "_ca_scope",
					"parent": "main",
					"pivot": [-0.1, 25.98, -1.87],
					"cubes": [
						{
							"origin": [-0.38, 24.486, -2.1565],
							"size": [0.76, 0.76, 0.76],
							"uv": {
								"north": {"uv": [53, 14], "uv_size": [1, 1]},
								"east": {"uv": [15, 53], "uv_size": [1, 1]},
								"south": {"uv": [53, 15], "uv_size": [1, 1]},
								"west": {"uv": [16, 53], "uv_size": [1, 1]},
								"up": {"uv": [53, 16], "uv_size": [1, 1]},
								"down": {"uv": [17, 54], "uv_size": [1, -1]}
							}
						}
					]
				},
				{
					"name": "_cb_scope",
					"parent": "main",
					"pivot": [0, 29.96, 2.03],
					"cubes": [
						{
							"origin": [-0.44, 29.42, 0.53],
							"size": [0.8, 0.8, 0.8],
							"uv": {
								"north": {"uv": [60, 18], "uv_size": [1, 1]},
								"east": {"uv": [19, 58], "uv_size": [1, 1]},
								"south": {"uv": [58, 18], "uv_size": [1, 1]},
								"west": {"uv": [20, 58], "uv_size": [1, 1]},
								"up": {"uv": [58, 20], "uv_size": [1, 1]},
								"down": {"uv": [58, 21], "uv_size": [1, -1]}
							}
						}
					]
				},
				{
					"name": "scope",
					"parent": "main",
					"pivot": [-0.04, 27.78, 9.79],
					"cubes": [
						{
							"origin": [-0.52, 27.3, 9.61],
							"size": [0.96, 0.96, 0.96],
							"inflate": -0.4,
							"uv": {
								"north": {"uv": [60, 19], "uv_size": [1, 1]},
								"east": {"uv": [23, 56], "uv_size": [1, 1]},
								"south": {"uv": [58, 18], "uv_size": [1, 1]},
								"west": {"uv": [24, 57], "uv_size": [1, 1]},
								"up": {"uv": [58, 23], "uv_size": [1, 1]},
								"down": {"uv": [26, 60], "uv_size": [1, -1]}
							}
						}
					]
				}
			]
		}
	]
}