{
	"format_version": "1.12.0",
	"minecraft:geometry": [
		{
			"description": {
				"identifier": "geometry.unknown",
				"texture_width": 128,
				"texture_height": 128,
				"visible_bounds_width": 8,
				"visible_bounds_height": 4,
				"visible_bounds_offset": [0, 1, 0]
			},
			"bones": [
				{
					"name": "main",
					"pivot": [0, 20, 0]
				},
				{
					"name": "gun",
					"parent": "main",
					"pivot": [1, 11, -1]
				},
				{
					"name": "handguard",
					"parent": "gun",
					"pivot": [0, 24.8, -74.35],
					"cubes": [
						{
							"origin": [1.55, 20.1, -46.3],
							"size": [0.6, 4.6, 27.26],
							"inflate": 0.001,
							"uv": {
								"north": {"uv": [85, 93], "uv_size": [1, 5]},
								"east": {"uv": [32, 10], "uv_size": [23, 5]},
								"south": {"uv": [86, 93], "uv_size": [1, 5]},
								"west": {"uv": [32, 15], "uv_size": [23, 5]},
								"up": {"uv": [0, 75], "uv_size": [1, 23]},
								"down": {"uv": [1, 98], "uv_size": [1, -23]}
							}
						},
						{
							"origin": [1.55, 16.345, -15.4],
							"size": [0.6, 3.545, 2.8],
							"inflate": 0.001,
							"pivot": [2.55, 13.2, -22.6],
							"rotation": [39, 0, 0],
							"uv": {
								"north": {"uv": [56, 94], "uv_size": [1, 4]},
								"east": {"uv": [84, 20], "uv_size": [3, 4]},
								"south": {"uv": [94, 56], "uv_size": [1, 4]},
								"west": {"uv": [84, 56], "uv_size": [3, 4]},
								"up": {"uv": [18, 96], "uv_size": [1, 3]},
								"down": {"uv": [96, 29], "uv_size": [1, -3]}
							}
						},
						{
							"origin": [1.55, 20.1, -19.1],
							"size": [0.6, 1.8, 2.26],
							"inflate": 0.001,
							"uv": {
								"north": {"uv": [94, 97], "uv_size": [1, 2]},
								"east": {"uv": [94, 60], "uv_size": [2, 2]},
								"south": {"uv": [95, 97], "uv_size": [1, 2]},
								"west": {"uv": [94, 62], "uv_size": [2, 2]},
								"up": {"uv": [97, 95], "uv_size": [1, 2]},
								"down": {"uv": [96, 99], "uv_size": [1, -2]}
							}
						},
						{
							"origin": [1.55, 17, -14.12],
							"size": [0.6, 1.91, 0.11],
							"inflate": 0.001,
							"pivot": [2.55, 12.5, -24],
							"rotation": [20, 0, 0],
							"uv": {
								"north": {"uv": [89, 97], "uv_size": [1, 2]},
								"east": {"uv": [91, 97], "uv_size": [1, 2]},
								"south": {"uv": [92, 97], "uv_size": [1, 2]},
								"west": {"uv": [93, 97], "uv_size": [1, 2]},
								"up": {"uv": [8, 100], "uv_size": [1, 1]},
								"down": {"uv": [9, 101], "uv_size": [1, -1]}
							}
						},
						{
							"origin": [1.55, 17.3, -14.72],
							"size": [0.6, 1.61, 0.61],
							"inflate": 0.001,
							"pivot": [2.55, 12.5, -24],
							"rotation": [20, 0, 0],
							"uv": {
								"north": {"uv": [97, 97], "uv_size": [1, 2]},
								"east": {"uv": [0, 98], "uv_size": [1, 2]},
								"south": {"uv": [1, 98], "uv_size": [1, 2]},
								"west": {"uv": [4, 98], "uv_size": [1, 2]},
								"up": {"uv": [100, 9], "uv_size": [1, 1]},
								"down": {"uv": [10, 101], "uv_size": [1, -1]}
							}
						},
						{
							"origin": [1.55, 20.1, -19.1],
							"size": [0.6, 0.3, 2.76],
							"inflate": 0.001,
							"uv": {
								"north": {"uv": [100, 13], "uv_size": [1, 1]},
								"east": {"uv": [96, 10], "uv_size": [3, 1]},
								"south": {"uv": [14, 100], "uv_size": [1, 1]},
								"west": {"uv": [96, 11], "uv_size": [3, 1]},
								"up": {"uv": [27, 96], "uv_size": [1, 3]},
								"down": {"uv": [28, 99], "uv_size": [1, -3]}
							}
						},
						{
							"origin": [-1.65, 20.4, -47.6],
							"size": [0.3, 0.8, 31.36],
							"inflate": 0.001,
							"pivot": [-0.68, 17.22, -29.1],
							"rotation": [0, 0, 54],
							"uv": {
								"north": {"uv": [72, 7], "uv_size": [25, 1]},
								"east": {"uv": [72, 7], "uv_size": [25, 1]},
								"south": {"uv": [72, 7], "uv_size": [25, 1]},
								"west": {"uv": [72, 7], "uv_size": [25, 1]},
								"up": {"uv": [97, 8], "uv_size": [-25, -1]},
								"down": {"uv": [97, 8], "uv_size": [-25, -1]}
							}
						},
						{
							"origin": [1.55, 20.1, -16.4],
							"size": [0.6, 0.1, 0.225],
							"inflate": 0.001,
							"uv": {
								"north": {"uv": [100, 10], "uv_size": [1, 1]},
								"east": {"uv": [11, 100], "uv_size": [1, 1]},
								"south": {"uv": [100, 11], "uv_size": [1, 1]},
								"west": {"uv": [12, 100], "uv_size": [1, 1]},
								"up": {"uv": [100, 12], "uv_size": [1, 1]},
								"down": {"uv": [13, 101], "uv_size": [1, -1]}
							}
						},
						{
							"origin": [1.55, 20.2, -16.4],
							"size": [0.6, 0.2, 0.125],
							"inflate": 0.001,
							"uv": {
								"north": {"uv": [100, 14], "uv_size": [1, 1]},
								"east": {"uv": [15, 100], "uv_size": [1, 1]},
								"south": {"uv": [100, 15], "uv_size": [1, 1]},
								"west": {"uv": [16, 100], "uv_size": [1, 1]},
								"up": {"uv": [100, 16], "uv_size": [1, 1]},
								"down": {"uv": [17, 101], "uv_size": [1, -1]}
							}
						},
						{
							"origin": [-2.775, 20.61, -47.6],
							"size": [0.3, 0.7, 31.36],
							"inflate": 0.001,
							"pivot": [-1.78, 17.42, -29.1],
							"rotation": [0, 0, 66],
							"uv": {
								"north": {"uv": [99, 97], "uv_size": [1, 1]},
								"east": {"uv": [72, 4], "uv_size": [25, 1]},
								"south": {"uv": [98, 99], "uv_size": [1, 1]},
								"west": {"uv": [72, 5], "uv_size": [25, 1]},
								"up": {"uv": [33, 73], "uv_size": [1, 25]},
								"down": {"uv": [34, 98], "uv_size": [1, -25]}
							}
						},
						{
							"origin": [-0.77, 19.355, -47.6],
							"size": [1.615, 0.3, 31.5],
							"inflate": 0.001,
							"uv": {
								"north": {"uv": [72, 97], "uv_size": [2, 1]},
								"east": {"uv": [63, 16], "uv_size": [26, 1]},
								"south": {"uv": [97, 72], "uv_size": [2, 1]},
								"west": {"uv": [63, 17], "uv_size": [26, 1]},
								"up": {"uv": [38, 53], "uv_size": [2, 26]},
								"down": {"uv": [50, 83], "uv_size": [2, -26]}
							}
						},
						{
							"origin": [1.55, 22.2, -47.6],
							"size": [0.3, 0.8, 31.36],
							"inflate": 0.001,
							"pivot": [2.5, 19.055, -29.1],
							"rotation": [0, 0, -68],
							"uv": {
								"north": {"uv": [99, 94], "uv_size": [1, 1]},
								"east": {"uv": [71, 27], "uv_size": [25, 1]},
								"south": {"uv": [95, 99], "uv_size": [1, 1]},
								"west": {"uv": [71, 28], "uv_size": [25, 1]},
								"up": {"uv": [72, 72], "uv_size": [1, 25]},
								"down": {"uv": [32, 98], "uv_size": [1, -25]}
							}
						},
						{
							"origin": [0.65, 21.7, -47.6],
							"size": [0.3, 0.8, 31.36],
							"inflate": 0.001,
							"pivot": [1.6, 18.555, -29.1],
							"rotation": [0, 0, -54],
							"uv": {
								"north": {"uv": [72, 7], "uv_size": [25, 1]},
								"east": {"uv": [72, 7], "uv_size": [25, 1]},
								"south": {"uv": [72, 7], "uv_size": [25, 1]},
								"west": {"uv": [72, 7], "uv_size": [25, 1]},
								"up": {"uv": [97, 8], "uv_size": [-25, -1]},
								"down": {"uv": [97, 8], "uv_size": [-25, -1]}
							}
						},
						{
							"origin": [-2.15, 20.1, -46.3],
							"size": [0.6, 4.6, 27.26],
							"inflate": 0.001,
							"uv": {
								"north": {"uv": [86, 93], "uv_size": [-1, 5]},
								"east": {"uv": [55, 15], "uv_size": [-23, 5]},
								"south": {"uv": [87, 93], "uv_size": [-1, 5]},
								"west": {"uv": [55, 10], "uv_size": [-23, 5]},
								"up": {"uv": [1, 75], "uv_size": [-1, 23]},
								"down": {"uv": [2, 98], "uv_size": [-1, -23]}
							}
						},
						{
							"origin": [-2.15, 20.1, -19.1],
							"size": [0.6, 1.8, 2.26],
							"inflate": 0.001,
							"uv": {
								"north": {"uv": [79, 96], "uv_size": [1, 2]},
								"east": {"uv": [94, 42], "uv_size": [2, 2]},
								"south": {"uv": [31, 97], "uv_size": [1, 2]},
								"west": {"uv": [94, 44], "uv_size": [2, 2]},
								"up": {"uv": [74, 97], "uv_size": [1, 2]},
								"down": {"uv": [75, 99], "uv_size": [1, -2]}
							}
						},
						{
							"origin": [-2.15, 17.3, -14.72],
							"size": [0.6, 1.61, 0.61],
							"inflate": 0.001,
							"pivot": [-1.15, 12.5, -24],
							"rotation": [20, 0, 0],
							"uv": {
								"north": {"uv": [80, 97], "uv_size": [1, 2]},
								"east": {"uv": [81, 97], "uv_size": [1, 2]},
								"south": {"uv": [87, 97], "uv_size": [1, 2]},
								"west": {"uv": [88, 97], "uv_size": [1, 2]},
								"up": {"uv": [2, 100], "uv_size": [1, 1]},
								"down": {"uv": [3, 101], "uv_size": [1, -1]}
							}
						},
						{
							"origin": [-2.15, 20.1, -19.1],
							"size": [0.6, 0.3, 2.76],
							"inflate": 0.001,
							"uv": {
								"north": {"uv": [99, 84], "uv_size": [1, 1]},
								"east": {"uv": [96, 8], "uv_size": [3, 1]},
								"south": {"uv": [85, 99], "uv_size": [1, 1]},
								"west": {"uv": [96, 9], "uv_size": [3, 1]},
								"up": {"uv": [2, 96], "uv_size": [1, 3]},
								"down": {"uv": [3, 99], "uv_size": [1, -3]}
							}
						},
						{
							"origin": [-2.15, 20.1, -16.4],
							"size": [0.6, 0.1, 0.225],
							"inflate": 0.001,
							"uv": {
								"north": {"uv": [99, 85], "uv_size": [1, 1]},
								"east": {"uv": [86, 99], "uv_size": [1, 1]},
								"south": {"uv": [87, 99], "uv_size": [1, 1]},
								"west": {"uv": [99, 87], "uv_size": [1, 1]},
								"up": {"uv": [88, 99], "uv_size": [1, 1]},
								"down": {"uv": [99, 89], "uv_size": [1, -1]}
							}
						},
						{
							"origin": [-2.15, 20.2, -16.4],
							"size": [0.6, 0.2, 0.125],
							"inflate": 0.001,
							"uv": {
								"north": {"uv": [89, 99], "uv_size": [1, 1]},
								"east": {"uv": [99, 89], "uv_size": [1, 1]},
								"south": {"uv": [99, 90], "uv_size": [1, 1]},
								"west": {"uv": [91, 99], "uv_size": [1, 1]},
								"up": {"uv": [92, 99], "uv_size": [1, 1]},
								"down": {"uv": [93, 100], "uv_size": [1, -1]}
							}
						},
						{
							"origin": [-2.15, 17, -14.12],
							"size": [0.6, 1.91, 0.11],
							"inflate": 0.001,
							"pivot": [-1.15, 12.5, -24],
							"rotation": [20, 0, 0],
							"uv": {
								"north": {"uv": [77, 97], "uv_size": [1, 2]},
								"east": {"uv": [77, 97], "uv_size": [1, 2]},
								"south": {"uv": [77, 97], "uv_size": [1, 2]},
								"west": {"uv": [77, 97], "uv_size": [1, 2]},
								"up": {"uv": [78, 99], "uv_size": [-1, -2]},
								"down": {"uv": [78, 99], "uv_size": [-1, -2]}
							}
						},
						{
							"origin": [-2.15, 16.345, -15.4],
							"size": [0.6, 3.545, 2.8],
							"inflate": 0.001,
							"pivot": [-1.15, 13.2, -22.6],
							"rotation": [39, 0, 0],
							"uv": {
								"north": {"uv": [94, 46], "uv_size": [1, 4]},
								"east": {"uv": [83, 80], "uv_size": [3, 4]},
								"south": {"uv": [94, 50], "uv_size": [1, 4]},
								"west": {"uv": [84, 8], "uv_size": [3, 4]},
								"up": {"uv": [15, 96], "uv_size": [1, 3]},
								"down": {"uv": [96, 19], "uv_size": [1, -3]}
							}
						},
						{
							"origin": [-2.15, 20.1, -46.9],
							"size": [0.6, 1.9, 0.66],
							"inflate": 0.001,
							"uv": {
								"north": {"uv": [86, 93], "uv_size": [-1, 5]},
								"east": {"uv": [55, 15], "uv_size": [-23, 5]},
								"south": {"uv": [87, 93], "uv_size": [-1, 5]},
								"west": {"uv": [55, 10], "uv_size": [-23, 5]},
								"up": {"uv": [1, 75], "uv_size": [-1, 23]},
								"down": {"uv": [2, 98], "uv_size": [-1, -23]}
							}
						},
						{
							"origin": [-2.15, 19.9, -46.3],
							"size": [0.6, 4.8, 0.8],
							"inflate": 0.001,
							"pivot": [-2.1, 24.7, -45.5],
							"rotation": [-16, 0, 0],
							"uv": {
								"north": {"uv": [86, 93], "uv_size": [-1, 5]},
								"east": {"uv": [55, 15], "uv_size": [-23, 5]},
								"south": {"uv": [87, 93], "uv_size": [-1, 5]},
								"west": {"uv": [55, 10], "uv_size": [-23, 5]},
								"up": {"uv": [1, 75], "uv_size": [-1, 23]},
								"down": {"uv": [2, 98], "uv_size": [-1, -23]}
							}
						},
						{
							"origin": [-2.15, 20.1, -47.6],
							"size": [0.6, 0.2, 0.7],
							"inflate": 0.001,
							"uv": {
								"north": {"uv": [86, 93], "uv_size": [-1, 5]},
								"east": {"uv": [55, 15], "uv_size": [-23, 5]},
								"south": {"uv": [87, 93], "uv_size": [-1, 5]},
								"west": {"uv": [55, 10], "uv_size": [-23, 5]},
								"up": {"uv": [1, 75], "uv_size": [-1, 23]},
								"down": {"uv": [2, 98], "uv_size": [-1, -23]}
							}
						},
						{
							"origin": [-0.875, 26.3, -45.5],
							"size": [1.7, 0.4, 15.1],
							"inflate": 0.001,
							"uv": {
								"north": {"uv": [24, 98], "uv_size": [2, 1]},
								"east": {"uv": [81, 63], "uv_size": [13, 1]},
								"south": {"uv": [98, 25], "uv_size": [2, 1]},
								"west": {"uv": [82, 0], "uv_size": [13, 1]},
								"up": {"uv": [60, 71], "uv_size": [2, 13]},
								"down": {"uv": [72, 72], "uv_size": [2, -13]}
							}
						},
						{
							"origin": [1.18205, 25.61053, -45.5],
							"size": [0.6, 1.4, 1.3],
							"inflate": 0.001,
							"pivot": [1.75, 25.6, -43.3],
							"rotation": [0, 0, -42],
							"uv": {
								"north": {"uv": [71, 24], "uv_size": [13, 2]},
								"east": {"uv": [71, 24], "uv_size": [13, 2]},
								"south": {"uv": [71, 24], "uv_size": [13, 2]},
								"west": {"uv": [71, 24], "uv_size": [13, 2]},
								"up": {"uv": [84, 26], "uv_size": [-13, -2]},
								"down": {"uv": [84, 26], "uv_size": [-13, -2]}
							}
						},
						{
							"origin": [1.55, 19.9, -46.3],
							"size": [0.6, 4.8, 0.8],
							"inflate": 0.001,
							"pivot": [2.1, 24.7, -45.5],
							"rotation": [-16, 0, 0],
							"uv": {
								"north": {"uv": [85, 93], "uv_size": [1, 5]},
								"east": {"uv": [32, 10], "uv_size": [23, 5]},
								"south": {"uv": [86, 93], "uv_size": [1, 5]},
								"west": {"uv": [32, 15], "uv_size": [23, 5]},
								"up": {"uv": [0, 75], "uv_size": [1, 23]},
								"down": {"uv": [1, 98], "uv_size": [1, -23]}
							}
						},
						{
							"origin": [1.55, 20.1, -46.9],
							"size": [0.6, 1.9, 0.66],
							"inflate": 0.001,
							"uv": {
								"north": {"uv": [85, 93], "uv_size": [1, 5]},
								"east": {"uv": [32, 10], "uv_size": [23, 5]},
								"south": {"uv": [86, 93], "uv_size": [1, 5]},
								"west": {"uv": [32, 15], "uv_size": [23, 5]},
								"up": {"uv": [0, 75], "uv_size": [1, 23]},
								"down": {"uv": [1, 98], "uv_size": [1, -23]}
							}
						},
						{
							"origin": [1.55, 20.1, -47.6],
							"size": [0.6, 0.2, 0.7],
							"inflate": 0.001,
							"uv": {
								"north": {"uv": [85, 93], "uv_size": [1, 5]},
								"east": {"uv": [32, 10], "uv_size": [23, 5]},
								"south": {"uv": [86, 93], "uv_size": [1, 5]},
								"west": {"uv": [32, 15], "uv_size": [23, 5]},
								"up": {"uv": [0, 75], "uv_size": [1, 23]},
								"down": {"uv": [1, 98], "uv_size": [1, -23]}
							}
						},
						{
							"origin": [1.54588, 24.69646, -45.5],
							"size": [0.6, 1, 1.3],
							"inflate": 0.001,
							"pivot": [2.15, 24.7, -49.3],
							"rotation": [0, 0, -22],
							"uv": {
								"north": {"uv": [83, 69], "uv_size": [13, 1]},
								"east": {"uv": [83, 69], "uv_size": [13, 1]},
								"south": {"uv": [83, 69], "uv_size": [13, 1]},
								"west": {"uv": [83, 69], "uv_size": [13, 1]},
								"up": {"uv": [96, 70], "uv_size": [-13, -1]},
								"down": {"uv": [96, 70], "uv_size": [-13, -1]}
							}
						},
						{
							"origin": [1.54588, 24.69646, -44.2],
							"size": [0.6, 0.7, 2.1],
							"inflate": 0.001,
							"pivot": [2.15, 24.7, -48],
							"rotation": [0, 0, -22],
							"uv": {
								"north": {"uv": [83, 69], "uv_size": [13, 1]},
								"east": {"uv": [83, 69], "uv_size": [13, 1]},
								"south": {"uv": [83, 69], "uv_size": [13, 1]},
								"west": {"uv": [83, 69], "uv_size": [13, 1]},
								"up": {"uv": [96, 70], "uv_size": [-13, -1]},
								"down": {"uv": [96, 70], "uv_size": [-13, -1]}
							}
						},
						{
							"origin": [1.18205, 26.11053, -44.2],
							"size": [0.6, 0.9, 2.1],
							"inflate": 0.001,
							"pivot": [1.75, 25.6, -42],
							"rotation": [0, 0, -42],
							"uv": {
								"north": {"uv": [71, 24], "uv_size": [13, 2]},
								"east": {"uv": [71, 24], "uv_size": [13, 2]},
								"south": {"uv": [71, 24], "uv_size": [13, 2]},
								"west": {"uv": [71, 24], "uv_size": [13, 2]},
								"up": {"uv": [84, 26], "uv_size": [-13, -2]},
								"down": {"uv": [84, 26], "uv_size": [-13, -2]}
							}
						},
						{
							"origin": [1.18205, 25.61053, -42.1],
							"size": [0.6, 1.4, 1.3],
							"inflate": 0.001,
							"pivot": [1.75, 25.6, -39.9],
							"rotation": [0, 0, -42],
							"uv": {
								"north": {"uv": [71, 24], "uv_size": [13, 2]},
								"east": {"uv": [71, 24], "uv_size": [13, 2]},
								"south": {"uv": [71, 24], "uv_size": [13, 2]},
								"west": {"uv": [71, 24], "uv_size": [13, 2]},
								"up": {"uv": [84, 26], "uv_size": [-13, -2]},
								"down": {"uv": [84, 26], "uv_size": [-13, -2]}
							}
						},
						{
							"origin": [1.54588, 24.69646, -42.1],
							"size": [0.6, 1, 1.3],
							"inflate": 0.001,
							"pivot": [2.15, 24.7, -45.9],
							"rotation": [0, 0, -22],
							"uv": {
								"north": {"uv": [83, 69], "uv_size": [13, 1]},
								"east": {"uv": [83, 69], "uv_size": [13, 1]},
								"south": {"uv": [83, 69], "uv_size": [13, 1]},
								"west": {"uv": [83, 69], "uv_size": [13, 1]},
								"up": {"uv": [96, 70], "uv_size": [-13, -1]},
								"down": {"uv": [96, 70], "uv_size": [-13, -1]}
							}
						},
						{
							"origin": [1.54588, 24.69646, -40.8],
							"size": [0.6, 0.7, 2.1],
							"inflate": 0.001,
							"pivot": [2.15, 24.7, -44.6],
							"rotation": [0, 0, -22],
							"uv": {
								"north": {"uv": [83, 69], "uv_size": [13, 1]},
								"east": {"uv": [83, 69], "uv_size": [13, 1]},
								"south": {"uv": [83, 69], "uv_size": [13, 1]},
								"west": {"uv": [83, 69], "uv_size": [13, 1]},
								"up": {"uv": [96, 70], "uv_size": [-13, -1]},
								"down": {"uv": [96, 70], "uv_size": [-13, -1]}
							}
						},
						{
							"origin": [1.18205, 26.11053, -40.8],
							"size": [0.6, 0.9, 2.1],
							"inflate": 0.001,
							"pivot": [1.75, 25.6, -38.6],
							"rotation": [0, 0, -42],
							"uv": {
								"north": {"uv": [71, 24], "uv_size": [13, 2]},
								"east": {"uv": [71, 24], "uv_size": [13, 2]},
								"south": {"uv": [71, 24], "uv_size": [13, 2]},
								"west": {"uv": [71, 24], "uv_size": [13, 2]},
								"up": {"uv": [84, 26], "uv_size": [-13, -2]},
								"down": {"uv": [84, 26], "uv_size": [-13, -2]}
							}
						},
						{
							"origin": [1.18205, 25.61053, -38.7],
							"size": [0.6, 1.4, 1.3],
							"inflate": 0.001,
							"pivot": [1.75, 25.6, -36.5],
							"rotation": [0, 0, -42],
							"uv": {
								"north": {"uv": [71, 24], "uv_size": [13, 2]},
								"east": {"uv": [71, 24], "uv_size": [13, 2]},
								"south": {"uv": [71, 24], "uv_size": [13, 2]},
								"west": {"uv": [71, 24], "uv_size": [13, 2]},
								"up": {"uv": [84, 26], "uv_size": [-13, -2]},
								"down": {"uv": [84, 26], "uv_size": [-13, -2]}
							}
						},
						{
							"origin": [1.54588, 24.69646, -38.7],
							"size": [0.6, 1, 1.3],
							"inflate": 0.001,
							"pivot": [2.15, 24.7, -42.5],
							"rotation": [0, 0, -22],
							"uv": {
								"north": {"uv": [83, 69], "uv_size": [13, 1]},
								"east": {"uv": [83, 69], "uv_size": [13, 1]},
								"south": {"uv": [83, 69], "uv_size": [13, 1]},
								"west": {"uv": [83, 69], "uv_size": [13, 1]},
								"up": {"uv": [96, 70], "uv_size": [-13, -1]},
								"down": {"uv": [96, 70], "uv_size": [-13, -1]}
							}
						},
						{
							"origin": [1.54588, 24.69646, -37.4],
							"size": [0.6, 0.7, 2.1],
							"inflate": 0.001,
							"pivot": [2.15, 24.7, -41.2],
							"rotation": [0, 0, -22],
							"uv": {
								"north": {"uv": [83, 69], "uv_size": [13, 1]},
								"east": {"uv": [83, 69], "uv_size": [13, 1]},
								"south": {"uv": [83, 69], "uv_size": [13, 1]},
								"west": {"uv": [83, 69], "uv_size": [13, 1]},
								"up": {"uv": [96, 70], "uv_size": [-13, -1]},
								"down": {"uv": [96, 70], "uv_size": [-13, -1]}
							}
						},
						{
							"origin": [1.54588, 24.69646, -35.3],
							"size": [0.6, 1, 1.3],
							"inflate": 0.001,
							"pivot": [2.15, 24.7, -39.1],
							"rotation": [0, 0, -22],
							"uv": {
								"north": {"uv": [83, 69], "uv_size": [13, 1]},
								"east": {"uv": [83, 69], "uv_size": [13, 1]},
								"south": {"uv": [83, 69], "uv_size": [13, 1]},
								"west": {"uv": [83, 69], "uv_size": [13, 1]},
								"up": {"uv": [96, 70], "uv_size": [-13, -1]},
								"down": {"uv": [96, 70], "uv_size": [-13, -1]}
							}
						},
						{
							"origin": [1.18205, 25.61053, -35.3],
							"size": [0.6, 1.4, 1.3],
							"inflate": 0.001,
							"pivot": [1.75, 25.6, -33.1],
							"rotation": [0, 0, -42],
							"uv": {
								"north": {"uv": [71, 24], "uv_size": [13, 2]},
								"east": {"uv": [71, 24], "uv_size": [13, 2]},
								"south": {"uv": [71, 24], "uv_size": [13, 2]},
								"west": {"uv": [71, 24], "uv_size": [13, 2]},
								"up": {"uv": [84, 26], "uv_size": [-13, -2]},
								"down": {"uv": [84, 26], "uv_size": [-13, -2]}
							}
						},
						{
							"origin": [1.18205, 26.11053, -37.4],
							"size": [0.6, 0.9, 2.1],
							"inflate": 0.001,
							"pivot": [1.75, 25.6, -35.2],
							"rotation": [0, 0, -42],
							"uv": {
								"north": {"uv": [71, 24], "uv_size": [13, 2]},
								"east": {"uv": [71, 24], "uv_size": [13, 2]},
								"south": {"uv": [71, 24], "uv_size": [13, 2]},
								"west": {"uv": [71, 24], "uv_size": [13, 2]},
								"up": {"uv": [84, 26], "uv_size": [-13, -2]},
								"down": {"uv": [84, 26], "uv_size": [-13, -2]}
							}
						},
						{
							"origin": [1.18205, 26.11053, -34],
							"size": [0.6, 0.9, 2.1],
							"inflate": 0.001,
							"pivot": [1.75, 25.6, -31.8],
							"rotation": [0, 0, -42],
							"uv": {
								"north": {"uv": [71, 24], "uv_size": [13, 2]},
								"east": {"uv": [71, 24], "uv_size": [13, 2]},
								"south": {"uv": [71, 24], "uv_size": [13, 2]},
								"west": {"uv": [71, 24], "uv_size": [13, 2]},
								"up": {"uv": [84, 26], "uv_size": [-13, -2]},
								"down": {"uv": [84, 26], "uv_size": [-13, -2]}
							}
						},
						{
							"origin": [1.18205, 25.61053, -31.9],
							"size": [0.6, 1.4, 1.5],
							"inflate": 0.001,
							"pivot": [1.75, 25.6, -29.7],
							"rotation": [0, 0, -42],
							"uv": {
								"north": {"uv": [71, 24], "uv_size": [13, 2]},
								"east": {"uv": [71, 24], "uv_size": [13, 2]},
								"south": {"uv": [71, 24], "uv_size": [13, 2]},
								"west": {"uv": [71, 24], "uv_size": [13, 2]},
								"up": {"uv": [84, 26], "uv_size": [-13, -2]},
								"down": {"uv": [84, 26], "uv_size": [-13, -2]}
							}
						},
						{
							"origin": [1.54588, 24.69646, -31.9],
							"size": [0.6, 1, 3.9],
							"inflate": 0.001,
							"pivot": [2.15, 24.7, -35.3],
							"rotation": [0, 0, -22],
							"uv": {
								"north": {"uv": [83, 69], "uv_size": [13, 1]},
								"east": {"uv": [83, 69], "uv_size": [13, 1]},
								"south": {"uv": [83, 69], "uv_size": [13, 1]},
								"west": {"uv": [83, 69], "uv_size": [13, 1]},
								"up": {"uv": [96, 70], "uv_size": [-13, -1]},
								"down": {"uv": [96, 70], "uv_size": [-13, -1]}
							}
						},
						{
							"origin": [1.54588, 24.69646, -34],
							"size": [0.6, 0.7, 2.1],
							"inflate": 0.001,
							"pivot": [2.15, 24.7, -37.8],
							"rotation": [0, 0, -22],
							"uv": {
								"north": {"uv": [83, 69], "uv_size": [13, 1]},
								"east": {"uv": [83, 69], "uv_size": [13, 1]},
								"south": {"uv": [83, 69], "uv_size": [13, 1]},
								"west": {"uv": [83, 69], "uv_size": [13, 1]},
								"up": {"uv": [96, 70], "uv_size": [-13, -1]},
								"down": {"uv": [96, 70], "uv_size": [-13, -1]}
							}
						},
						{
							"origin": [-2.14588, 24.69646, -31.9],
							"size": [0.6, 1, 3.9],
							"inflate": 0.001,
							"pivot": [-2.15, 24.7, -35.3],
							"rotation": [0, 0, 22],
							"uv": {
								"north": {"uv": [96, 69], "uv_size": [-13, 1]},
								"east": {"uv": [96, 69], "uv_size": [-13, 1]},
								"south": {"uv": [96, 69], "uv_size": [-13, 1]},
								"west": {"uv": [96, 69], "uv_size": [-13, 1]},
								"up": {"uv": [83, 70], "uv_size": [13, -1]},
								"down": {"uv": [83, 70], "uv_size": [13, -1]}
							}
						},
						{
							"origin": [-1.78205, 25.61053, -31.9],
							"size": [0.6, 1.4, 1.5],
							"inflate": 0.001,
							"pivot": [-1.75, 25.6, -29.7],
							"rotation": [0, 0, 42],
							"uv": {
								"north": {"uv": [84, 24], "uv_size": [-13, 2]},
								"east": {"uv": [84, 24], "uv_size": [-13, 2]},
								"south": {"uv": [84, 24], "uv_size": [-13, 2]},
								"west": {"uv": [84, 24], "uv_size": [-13, 2]},
								"up": {"uv": [71, 26], "uv_size": [13, -2]},
								"down": {"uv": [71, 26], "uv_size": [13, -2]}
							}
						},
						{
							"origin": [-2.14588, 24.69646, -34],
							"size": [0.6, 0.7, 2.1],
							"inflate": 0.001,
							"pivot": [-2.15, 24.7, -37.8],
							"rotation": [0, 0, 22],
							"uv": {
								"north": {"uv": [96, 69], "uv_size": [-13, 1]},
								"east": {"uv": [96, 69], "uv_size": [-13, 1]},
								"south": {"uv": [96, 69], "uv_size": [-13, 1]},
								"west": {"uv": [96, 69], "uv_size": [-13, 1]},
								"up": {"uv": [83, 70], "uv_size": [13, -1]},
								"down": {"uv": [83, 70], "uv_size": [13, -1]}
							}
						},
						{
							"origin": [-1.78205, 26.11053, -34],
							"size": [0.6, 0.9, 2.1],
							"inflate": 0.001,
							"pivot": [-1.75, 25.6, -31.8],
							"rotation": [0, 0, 42],
							"uv": {
								"north": {"uv": [84, 24], "uv_size": [-13, 2]},
								"east": {"uv": [84, 24], "uv_size": [-13, 2]},
								"south": {"uv": [84, 24], "uv_size": [-13, 2]},
								"west": {"uv": [84, 24], "uv_size": [-13, 2]},
								"up": {"uv": [71, 26], "uv_size": [13, -2]},
								"down": {"uv": [71, 26], "uv_size": [13, -2]}
							}
						},
						{
							"origin": [-1.78205, 25.61053, -35.3],
							"size": [0.6, 1.4, 1.3],
							"inflate": 0.001,
							"pivot": [-1.75, 25.6, -33.1],
							"rotation": [0, 0, 42],
							"uv": {
								"north": {"uv": [84, 24], "uv_size": [-13, 2]},
								"east": {"uv": [84, 24], "uv_size": [-13, 2]},
								"south": {"uv": [84, 24], "uv_size": [-13, 2]},
								"west": {"uv": [84, 24], "uv_size": [-13, 2]},
								"up": {"uv": [71, 26], "uv_size": [13, -2]},
								"down": {"uv": [71, 26], "uv_size": [13, -2]}
							}
						},
						{
							"origin": [-2.14588, 24.69646, -35.3],
							"size": [0.6, 1, 1.3],
							"inflate": 0.001,
							"pivot": [-2.15, 24.7, -39.1],
							"rotation": [0, 0, 22],
							"uv": {
								"north": {"uv": [96, 69], "uv_size": [-13, 1]},
								"east": {"uv": [96, 69], "uv_size": [-13, 1]},
								"south": {"uv": [96, 69], "uv_size": [-13, 1]},
								"west": {"uv": [96, 69], "uv_size": [-13, 1]},
								"up": {"uv": [83, 70], "uv_size": [13, -1]},
								"down": {"uv": [83, 70], "uv_size": [13, -1]}
							}
						},
						{
							"origin": [-2.14588, 24.69646, -37.4],
							"size": [0.6, 0.7, 2.1],
							"inflate": 0.001,
							"pivot": [-2.15, 24.7, -41.2],
							"rotation": [0, 0, 22],
							"uv": {
								"north": {"uv": [96, 69], "uv_size": [-13, 1]},
								"east": {"uv": [96, 69], "uv_size": [-13, 1]},
								"south": {"uv": [96, 69], "uv_size": [-13, 1]},
								"west": {"uv": [96, 69], "uv_size": [-13, 1]},
								"up": {"uv": [83, 70], "uv_size": [13, -1]},
								"down": {"uv": [83, 70], "uv_size": [13, -1]}
							}
						},
						{
							"origin": [-1.78205, 26.11053, -37.4],
							"size": [0.6, 0.9, 2.1],
							"inflate": 0.001,
							"pivot": [-1.75, 25.6, -35.2],
							"rotation": [0, 0, 42],
							"uv": {
								"north": {"uv": [84, 24], "uv_size": [-13, 2]},
								"east": {"uv": [84, 24], "uv_size": [-13, 2]},
								"south": {"uv": [84, 24], "uv_size": [-13, 2]},
								"west": {"uv": [84, 24], "uv_size": [-13, 2]},
								"up": {"uv": [71, 26], "uv_size": [13, -2]},
								"down": {"uv": [71, 26], "uv_size": [13, -2]}
							}
						},
						{
							"origin": [-1.78205, 25.61053, -38.7],
							"size": [0.6, 1.4, 1.3],
							"inflate": 0.001,
							"pivot": [-1.75, 25.6, -36.5],
							"rotation": [0, 0, 42],
							"uv": {
								"north": {"uv": [84, 24], "uv_size": [-13, 2]},
								"east": {"uv": [84, 24], "uv_size": [-13, 2]},
								"south": {"uv": [84, 24], "uv_size": [-13, 2]},
								"west": {"uv": [84, 24], "uv_size": [-13, 2]},
								"up": {"uv": [71, 26], "uv_size": [13, -2]},
								"down": {"uv": [71, 26], "uv_size": [13, -2]}
							}
						},
						{
							"origin": [-2.14588, 24.69646, -38.7],
							"size": [0.6, 1, 1.3],
							"inflate": 0.001,
							"pivot": [-2.15, 24.7, -42.5],
							"rotation": [0, 0, 22],
							"uv": {
								"north": {"uv": [96, 69], "uv_size": [-13, 1]},
								"east": {"uv": [96, 69], "uv_size": [-13, 1]},
								"south": {"uv": [96, 69], "uv_size": [-13, 1]},
								"west": {"uv": [96, 69], "uv_size": [-13, 1]},
								"up": {"uv": [83, 70], "uv_size": [13, -1]},
								"down": {"uv": [83, 70], "uv_size": [13, -1]}
							}
						},
						{
							"origin": [-1.78205, 26.11053, -40.8],
							"size": [0.6, 0.9, 2.1],
							"inflate": 0.001,
							"pivot": [-1.75, 25.6, -38.6],
							"rotation": [0, 0, 42],
							"uv": {
								"north": {"uv": [84, 24], "uv_size": [-13, 2]},
								"east": {"uv": [84, 24], "uv_size": [-13, 2]},
								"south": {"uv": [84, 24], "uv_size": [-13, 2]},
								"west": {"uv": [84, 24], "uv_size": [-13, 2]},
								"up": {"uv": [71, 26], "uv_size": [13, -2]},
								"down": {"uv": [71, 26], "uv_size": [13, -2]}
							}
						},
						{
							"origin": [-2.14588, 24.69646, -40.8],
							"size": [0.6, 0.7, 2.1],
							"inflate": 0.001,
							"pivot": [-2.15, 24.7, -44.6],
							"rotation": [0, 0, 22],
							"uv": {
								"north": {"uv": [96, 69], "uv_size": [-13, 1]},
								"east": {"uv": [96, 69], "uv_size": [-13, 1]},
								"south": {"uv": [96, 69], "uv_size": [-13, 1]},
								"west": {"uv": [96, 69], "uv_size": [-13, 1]},
								"up": {"uv": [83, 70], "uv_size": [13, -1]},
								"down": {"uv": [83, 70], "uv_size": [13, -1]}
							}
						},
						{
							"origin": [-2.14588, 24.69646, -42.1],
							"size": [0.6, 1, 1.3],
							"inflate": 0.001,
							"pivot": [-2.15, 24.7, -45.9],
							"rotation": [0, 0, 22],
							"uv": {
								"north": {"uv": [96, 69], "uv_size": [-13, 1]},
								"east": {"uv": [96, 69], "uv_size": [-13, 1]},
								"south": {"uv": [96, 69], "uv_size": [-13, 1]},
								"west": {"uv": [96, 69], "uv_size": [-13, 1]},
								"up": {"uv": [83, 70], "uv_size": [13, -1]},
								"down": {"uv": [83, 70], "uv_size": [13, -1]}
							}
						},
						{
							"origin": [-1.78205, 25.61053, -42.1],
							"size": [0.6, 1.4, 1.3],
							"inflate": 0.001,
							"pivot": [-1.75, 25.6, -39.9],
							"rotation": [0, 0, 42],
							"uv": {
								"north": {"uv": [84, 24], "uv_size": [-13, 2]},
								"east": {"uv": [84, 24], "uv_size": [-13, 2]},
								"south": {"uv": [84, 24], "uv_size": [-13, 2]},
								"west": {"uv": [84, 24], "uv_size": [-13, 2]},
								"up": {"uv": [71, 26], "uv_size": [13, -2]},
								"down": {"uv": [71, 26], "uv_size": [13, -2]}
							}
						},
						{
							"origin": [-1.78205, 26.11053, -44.2],
							"size": [0.6, 0.9, 2.1],
							"inflate": 0.001,
							"pivot": [-1.75, 25.6, -42],
							"rotation": [0, 0, 42],
							"uv": {
								"north": {"uv": [84, 24], "uv_size": [-13, 2]},
								"east": {"uv": [84, 24], "uv_size": [-13, 2]},
								"south": {"uv": [84, 24], "uv_size": [-13, 2]},
								"west": {"uv": [84, 24], "uv_size": [-13, 2]},
								"up": {"uv": [71, 26], "uv_size": [13, -2]},
								"down": {"uv": [71, 26], "uv_size": [13, -2]}
							}
						},
						{
							"origin": [-1.78205, 25.61053, -45.5],
							"size": [0.6, 1.4, 1.3],
							"inflate": 0.001,
							"pivot": [-1.75, 25.6, -43.3],
							"rotation": [0, 0, 42],
							"uv": {
								"north": {"uv": [84, 24], "uv_size": [-13, 2]},
								"east": {"uv": [84, 24], "uv_size": [-13, 2]},
								"south": {"uv": [84, 24], "uv_size": [-13, 2]},
								"west": {"uv": [84, 24], "uv_size": [-13, 2]},
								"up": {"uv": [71, 26], "uv_size": [13, -2]},
								"down": {"uv": [71, 26], "uv_size": [13, -2]}
							}
						},
						{
							"origin": [-2.14588, 24.69646, -45.5],
							"size": [0.6, 1, 1.3],
							"inflate": 0.001,
							"pivot": [-2.15, 24.7, -49.3],
							"rotation": [0, 0, 22],
							"uv": {
								"north": {"uv": [96, 69], "uv_size": [-13, 1]},
								"east": {"uv": [96, 69], "uv_size": [-13, 1]},
								"south": {"uv": [96, 69], "uv_size": [-13, 1]},
								"west": {"uv": [96, 69], "uv_size": [-13, 1]},
								"up": {"uv": [83, 70], "uv_size": [13, -1]},
								"down": {"uv": [83, 70], "uv_size": [13, -1]}
							}
						},
						{
							"origin": [-2.14588, 24.69646, -44.2],
							"size": [0.6, 0.7, 2.1],
							"inflate": 0.001,
							"pivot": [-2.15, 24.7, -48],
							"rotation": [0, 0, 22],
							"uv": {
								"north": {"uv": [96, 69], "uv_size": [-13, 1]},
								"east": {"uv": [96, 69], "uv_size": [-13, 1]},
								"south": {"uv": [96, 69], "uv_size": [-13, 1]},
								"west": {"uv": [96, 69], "uv_size": [-13, 1]},
								"up": {"uv": [83, 70], "uv_size": [13, -1]},
								"down": {"uv": [83, 70], "uv_size": [13, -1]}
							}
						},
						{
							"origin": [-0.7, 24.1, -47.25],
							"size": [1.4, 1.4, 17.7],
							"inflate": -0.3,
							"pivot": [0, 24.8, -64.05],
							"rotation": [0, 0, -20],
							"uv": {
								"north": {"uv": [48, 32], "uv_size": [44, 2]},
								"east": {"uv": [48, 32], "uv_size": [44, 2]},
								"south": {"uv": [48, 32], "uv_size": [44, 2]},
								"west": {"uv": [48, 32], "uv_size": [44, 2]},
								"up": {"uv": [92, 34], "uv_size": [-44, -2]},
								"down": {"uv": [92, 34], "uv_size": [-44, -2]}
							}
						},
						{
							"origin": [-0.6, 24.2, -47.65],
							"size": [1.2, 1.2, 7.8],
							"inflate": -0.3,
							"pivot": [0, 24.8, -74.35],
							"rotation": [0, 0, -20],
							"uv": {
								"north": {"uv": [48, 32], "uv_size": [44, 2]},
								"east": {"uv": [48, 32], "uv_size": [44, 2]},
								"south": {"uv": [48, 32], "uv_size": [44, 2]},
								"west": {"uv": [48, 32], "uv_size": [44, 2]},
								"up": {"uv": [92, 34], "uv_size": [-44, -2]},
								"down": {"uv": [92, 34], "uv_size": [-44, -2]}
							}
						},
						{
							"origin": [1.84588, 24.69646, -38.8],
							"size": [0.3, 0.2, 0.1],
							"inflate": 0.001,
							"pivot": [2.15, 24.7, -42.5],
							"rotation": [0, 0, -22],
							"uv": {
								"north": {"uv": [83, 69], "uv_size": [13, 1]},
								"east": {"uv": [83, 69], "uv_size": [13, 1]},
								"south": {"uv": [83, 69], "uv_size": [13, 1]},
								"west": {"uv": [83, 69], "uv_size": [13, 1]},
								"up": {"uv": [96, 70], "uv_size": [-13, -1]},
								"down": {"uv": [96, 70], "uv_size": [-13, -1]}
							}
						},
						{
							"origin": [-2.14588, 24.69646, -38.8],
							"size": [0.3, 0.2, 0.1],
							"inflate": 0.001,
							"pivot": [-2.15, 24.7, -42.5],
							"rotation": [0, 0, 22],
							"uv": {
								"north": {"uv": [96, 69], "uv_size": [-13, 1]},
								"east": {"uv": [96, 69], "uv_size": [-13, 1]},
								"south": {"uv": [96, 69], "uv_size": [-13, 1]},
								"west": {"uv": [96, 69], "uv_size": [-13, 1]},
								"up": {"uv": [83, 70], "uv_size": [13, -1]},
								"down": {"uv": [83, 70], "uv_size": [13, -1]}
							}
						}
					]
				},
				{
					"name": "gun8",
					"parent": "handguard",
					"pivot": [0.85, 26.7, -38.7],
					"rotation": [-21.04734, 3.70776, -1.50025],
					"cubes": [
						{
							"origin": [-0.12186, 23.50522, -45.03305],
							"size": [0.6, 1.4, 1.3],
							"inflate": 0.001,
							"pivot": [1.75, 25.6, -36.5],
							"rotation": [0, 0, -42],
							"uv": {
								"north": {"uv": [71, 24], "uv_size": [13, 2]},
								"east": {"uv": [71, 24], "uv_size": [13, 2]},
								"south": {"uv": [71, 24], "uv_size": [13, 2]},
								"west": {"uv": [71, 24], "uv_size": [13, 2]},
								"up": {"uv": [84, 26], "uv_size": [-13, -2]},
								"down": {"uv": [84, 26], "uv_size": [-13, -2]}
							}
						},
						{
							"origin": [1.04067, 22.37215, -45.03305],
							"size": [0.6, 0.9, 0.8],
							"inflate": 0.001,
							"pivot": [2.15, 24.7, -42.5],
							"rotation": [0, 0, -22],
							"uv": {
								"north": {"uv": [83, 69], "uv_size": [13, 1]},
								"east": {"uv": [83, 69], "uv_size": [13, 1]},
								"south": {"uv": [83, 69], "uv_size": [13, 1]},
								"west": {"uv": [83, 69], "uv_size": [13, 1]},
								"up": {"uv": [96, 70], "uv_size": [-13, -1]},
								"down": {"uv": [96, 70], "uv_size": [-13, -1]}
							}
						}
					]
				},
				{
					"name": "gun9",
					"parent": "handguard",
					"pivot": [-0.85, 26.7, -38.7],
					"rotation": [-21.04734, -3.70776, 1.50025],
					"cubes": [
						{
							"origin": [-0.47814, 23.50522, -45.03305],
							"size": [0.6, 1.4, 1.3],
							"inflate": 0.001,
							"pivot": [-1.75, 25.6, -36.5],
							"rotation": [0, 0, 42],
							"uv": {
								"north": {"uv": [84, 24], "uv_size": [-13, 2]},
								"east": {"uv": [84, 24], "uv_size": [-13, 2]},
								"south": {"uv": [84, 24], "uv_size": [-13, 2]},
								"west": {"uv": [84, 24], "uv_size": [-13, 2]},
								"up": {"uv": [71, 26], "uv_size": [13, -2]},
								"down": {"uv": [71, 26], "uv_size": [13, -2]}
							}
						},
						{
							"origin": [-1.64067, 22.37215, -45.03305],
							"size": [0.6, 0.9, 0.8],
							"inflate": 0.001,
							"pivot": [-2.15, 24.7, -42.5],
							"rotation": [0, 0, 22],
							"uv": {
								"north": {"uv": [96, 69], "uv_size": [-13, 1]},
								"east": {"uv": [96, 69], "uv_size": [-13, 1]},
								"south": {"uv": [96, 69], "uv_size": [-13, 1]},
								"west": {"uv": [96, 69], "uv_size": [-13, 1]},
								"up": {"uv": [83, 70], "uv_size": [13, -1]},
								"down": {"uv": [83, 70], "uv_size": [13, -1]}
							}
						}
					]
				},
				{
					"name": "gun6",
					"parent": "handguard",
					"pivot": [2.955, 19.1, -31.6],
					"cubes": [
						{
							"origin": [2.15, 21.2, -45.7],
							"size": [0.4, 1.3, 11.36],
							"inflate": 0.001,
							"uv": {
								"north": {"uv": [100, 3], "uv_size": [1, 1]},
								"east": {"uv": [72, 34], "uv_size": [22, 1]},
								"south": {"uv": [4, 100], "uv_size": [1, 1]},
								"west": {"uv": [72, 35], "uv_size": [22, 1]},
								"up": {"uv": [4, 75], "uv_size": [1, 22]},
								"down": {"uv": [5, 97], "uv_size": [1, -22]}
							}
						},
						{
							"origin": [2.55, 21.2, -45.7],
							"size": [0.2, 1.3, 0.8],
							"inflate": 0.001,
							"uv": {
								"north": {"uv": [100, 4], "uv_size": [1, 1]},
								"east": {"uv": [5, 100], "uv_size": [1, 1]},
								"south": {"uv": [100, 5], "uv_size": [1, 1]},
								"west": {"uv": [6, 100], "uv_size": [1, 1]},
								"up": {"uv": [100, 6], "uv_size": [1, 1]},
								"down": {"uv": [7, 101], "uv_size": [1, -1]}
							}
						},
						{
							"origin": [1.125, 21.54, -45.7],
							"size": [0.2, 0.2, 0.8],
							"pivot": [2.955, 20.4, -40.9],
							"rotation": [0, 0, 45],
							"uv": {
								"north": {"uv": [77, 100], "uv_size": [1, 1]},
								"east": {"uv": [100, 77], "uv_size": [1, 1]},
								"south": {"uv": [78, 100], "uv_size": [1, 1]},
								"west": {"uv": [100, 78], "uv_size": [1, 1]},
								"up": {"uv": [79, 100], "uv_size": [1, 1]},
								"down": {"uv": [100, 80], "uv_size": [1, -1]}
							}
						},
						{
							"origin": [1.125, 20.24, -45.7],
							"size": [0.2, 0.2, 0.8],
							"pivot": [2.955, 19.1, -40.9],
							"rotation": [0, 0, 45],
							"uv": {
								"north": {"uv": [80, 100], "uv_size": [1, 1]},
								"east": {"uv": [100, 80], "uv_size": [1, 1]},
								"south": {"uv": [81, 100], "uv_size": [1, 1]},
								"west": {"uv": [100, 81], "uv_size": [1, 1]},
								"up": {"uv": [82, 100], "uv_size": [1, 1]},
								"down": {"uv": [100, 83], "uv_size": [1, -1]}
							}
						},
						{
							"origin": [1.125, 20.24, -44.2],
							"size": [0.2, 0.2, 0.6],
							"pivot": [2.955, 19.1, -39.4],
							"rotation": [0, 0, 45],
							"uv": {
								"north": {"uv": [83, 100], "uv_size": [1, 1]},
								"east": {"uv": [100, 83], "uv_size": [1, 1]},
								"south": {"uv": [84, 100], "uv_size": [1, 1]},
								"west": {"uv": [100, 84], "uv_size": [1, 1]},
								"up": {"uv": [85, 100], "uv_size": [1, 1]},
								"down": {"uv": [100, 86], "uv_size": [1, -1]}
							}
						},
						{
							"origin": [1.125, 21.54, -44.2],
							"size": [0.2, 0.2, 0.6],
							"pivot": [2.955, 20.4, -39.4],
							"rotation": [0, 0, 45],
							"uv": {
								"north": {"uv": [86, 100], "uv_size": [1, 1]},
								"east": {"uv": [100, 86], "uv_size": [1, 1]},
								"south": {"uv": [87, 100], "uv_size": [1, 1]},
								"west": {"uv": [100, 87], "uv_size": [1, 1]},
								"up": {"uv": [88, 100], "uv_size": [1, 1]},
								"down": {"uv": [100, 89], "uv_size": [1, -1]}
							}
						},
						{
							"origin": [2.55, 21.2, -44.2],
							"size": [0.2, 1.3, 0.6],
							"inflate": 0.001,
							"uv": {
								"north": {"uv": [89, 100], "uv_size": [1, 1]},
								"east": {"uv": [100, 89], "uv_size": [1, 1]},
								"south": {"uv": [90, 100], "uv_size": [1, 1]},
								"west": {"uv": [100, 90], "uv_size": [1, 1]},
								"up": {"uv": [91, 100], "uv_size": [1, 1]},
								"down": {"uv": [100, 92], "uv_size": [1, -1]}
							}
						},
						{
							"origin": [1.125, 20.24, -42.9],
							"size": [0.2, 0.2, 0.6],
							"pivot": [2.955, 19.1, -38.1],
							"rotation": [0, 0, 45],
							"uv": {
								"north": {"uv": [92, 100], "uv_size": [1, 1]},
								"east": {"uv": [100, 92], "uv_size": [1, 1]},
								"south": {"uv": [93, 100], "uv_size": [1, 1]},
								"west": {"uv": [100, 93], "uv_size": [1, 1]},
								"up": {"uv": [94, 100], "uv_size": [1, 1]},
								"down": {"uv": [100, 95], "uv_size": [1, -1]}
							}
						},
						{
							"origin": [1.125, 21.54, -42.9],
							"size": [0.2, 0.2, 0.6],
							"pivot": [2.955, 20.4, -38.1],
							"rotation": [0, 0, 45],
							"uv": {
								"north": {"uv": [95, 100], "uv_size": [1, 1]},
								"east": {"uv": [100, 95], "uv_size": [1, 1]},
								"south": {"uv": [96, 100], "uv_size": [1, 1]},
								"west": {"uv": [100, 96], "uv_size": [1, 1]},
								"up": {"uv": [97, 100], "uv_size": [1, 1]},
								"down": {"uv": [100, 98], "uv_size": [1, -1]}
							}
						},
						{
							"origin": [2.55, 21.2, -42.9],
							"size": [0.2, 1.3, 0.6],
							"inflate": 0.001,
							"uv": {
								"north": {"uv": [98, 100], "uv_size": [1, 1]},
								"east": {"uv": [100, 98], "uv_size": [1, 1]},
								"south": {"uv": [99, 100], "uv_size": [1, 1]},
								"west": {"uv": [100, 99], "uv_size": [1, 1]},
								"up": {"uv": [100, 100], "uv_size": [1, 1]},
								"down": {"uv": [0, 102], "uv_size": [1, -1]}
							}
						},
						{
							"origin": [1.125, 20.24, -40.3],
							"size": [0.2, 0.2, 0.6],
							"pivot": [2.955, 19.1, -35.5],
							"rotation": [0, 0, 45],
							"uv": {
								"north": {"uv": [101, 0], "uv_size": [1, 1]},
								"east": {"uv": [1, 101], "uv_size": [1, 1]},
								"south": {"uv": [101, 1], "uv_size": [1, 1]},
								"west": {"uv": [2, 101], "uv_size": [1, 1]},
								"up": {"uv": [101, 2], "uv_size": [1, 1]},
								"down": {"uv": [3, 102], "uv_size": [1, -1]}
							}
						},
						{
							"origin": [1.125, 21.54, -40.3],
							"size": [0.2, 0.2, 0.6],
							"pivot": [2.955, 20.4, -35.5],
							"rotation": [0, 0, 45],
							"uv": {
								"north": {"uv": [101, 3], "uv_size": [1, 1]},
								"east": {"uv": [4, 101], "uv_size": [1, 1]},
								"south": {"uv": [101, 4], "uv_size": [1, 1]},
								"west": {"uv": [5, 101], "uv_size": [1, 1]},
								"up": {"uv": [101, 5], "uv_size": [1, 1]},
								"down": {"uv": [6, 102], "uv_size": [1, -1]}
							}
						},
						{
							"origin": [2.55, 21.2, -40.3],
							"size": [0.2, 1.3, 0.6],
							"inflate": 0.001,
							"uv": {
								"north": {"uv": [101, 6], "uv_size": [1, 1]},
								"east": {"uv": [7, 101], "uv_size": [1, 1]},
								"south": {"uv": [101, 7], "uv_size": [1, 1]},
								"west": {"uv": [8, 101], "uv_size": [1, 1]},
								"up": {"uv": [101, 8], "uv_size": [1, 1]},
								"down": {"uv": [9, 102], "uv_size": [1, -1]}
							}
						},
						{
							"origin": [2.55, 21.2, -41.6],
							"size": [0.2, 1.3, 0.6],
							"inflate": 0.001,
							"uv": {
								"north": {"uv": [101, 9], "uv_size": [1, 1]},
								"east": {"uv": [10, 101], "uv_size": [1, 1]},
								"south": {"uv": [101, 10], "uv_size": [1, 1]},
								"west": {"uv": [11, 101], "uv_size": [1, 1]},
								"up": {"uv": [101, 11], "uv_size": [1, 1]},
								"down": {"uv": [12, 102], "uv_size": [1, -1]}
							}
						},
						{
							"origin": [1.125, 21.54, -41.6],
							"size": [0.2, 0.2, 0.6],
							"pivot": [2.955, 20.4, -36.8],
							"rotation": [0, 0, 45],
							"uv": {
								"north": {"uv": [101, 12], "uv_size": [1, 1]},
								"east": {"uv": [13, 101], "uv_size": [1, 1]},
								"south": {"uv": [101, 13], "uv_size": [1, 1]},
								"west": {"uv": [14, 101], "uv_size": [1, 1]},
								"up": {"uv": [101, 14], "uv_size": [1, 1]},
								"down": {"uv": [15, 102], "uv_size": [1, -1]}
							}
						},
						{
							"origin": [1.125, 20.24, -41.6],
							"size": [0.2, 0.2, 0.6],
							"pivot": [2.955, 19.1, -36.8],
							"rotation": [0, 0, 45],
							"uv": {
								"north": {"uv": [101, 15], "uv_size": [1, 1]},
								"east": {"uv": [16, 101], "uv_size": [1, 1]},
								"south": {"uv": [101, 16], "uv_size": [1, 1]},
								"west": {"uv": [17, 101], "uv_size": [1, 1]},
								"up": {"uv": [101, 17], "uv_size": [1, 1]},
								"down": {"uv": [18, 102], "uv_size": [1, -1]}
							}
						},
						{
							"origin": [2.55, 21.2, -37.7],
							"size": [0.2, 1.3, 0.6],
							"inflate": 0.001,
							"uv": {
								"north": {"uv": [101, 18], "uv_size": [1, 1]},
								"east": {"uv": [19, 101], "uv_size": [1, 1]},
								"south": {"uv": [101, 19], "uv_size": [1, 1]},
								"west": {"uv": [20, 101], "uv_size": [1, 1]},
								"up": {"uv": [101, 20], "uv_size": [1, 1]},
								"down": {"uv": [21, 102], "uv_size": [1, -1]}
							}
						},
						{
							"origin": [1.125, 21.54, -37.7],
							"size": [0.2, 0.2, 0.6],
							"pivot": [2.955, 20.4, -32.9],
							"rotation": [0, 0, 45],
							"uv": {
								"north": {"uv": [101, 21], "uv_size": [1, 1]},
								"east": {"uv": [22, 101], "uv_size": [1, 1]},
								"south": {"uv": [101, 22], "uv_size": [1, 1]},
								"west": {"uv": [23, 101], "uv_size": [1, 1]},
								"up": {"uv": [101, 23], "uv_size": [1, 1]},
								"down": {"uv": [24, 102], "uv_size": [1, -1]}
							}
						},
						{
							"origin": [1.125, 20.24, -37.7],
							"size": [0.2, 0.2, 0.6],
							"pivot": [2.955, 19.1, -32.9],
							"rotation": [0, 0, 45],
							"uv": {
								"north": {"uv": [101, 24], "uv_size": [1, 1]},
								"east": {"uv": [25, 101], "uv_size": [1, 1]},
								"south": {"uv": [101, 25], "uv_size": [1, 1]},
								"west": {"uv": [26, 101], "uv_size": [1, 1]},
								"up": {"uv": [101, 26], "uv_size": [1, 1]},
								"down": {"uv": [27, 102], "uv_size": [1, -1]}
							}
						},
						{
							"origin": [1.125, 21.54, -39],
							"size": [0.2, 0.2, 0.6],
							"pivot": [2.955, 20.4, -34.2],
							"rotation": [0, 0, 45],
							"uv": {
								"north": {"uv": [101, 27], "uv_size": [1, 1]},
								"east": {"uv": [28, 101], "uv_size": [1, 1]},
								"south": {"uv": [101, 28], "uv_size": [1, 1]},
								"west": {"uv": [29, 101], "uv_size": [1, 1]},
								"up": {"uv": [101, 29], "uv_size": [1, 1]},
								"down": {"uv": [30, 102], "uv_size": [1, -1]}
							}
						},
						{
							"origin": [2.55, 21.2, -39],
							"size": [0.2, 1.3, 0.6],
							"inflate": 0.001,
							"uv": {
								"north": {"uv": [101, 30], "uv_size": [1, 1]},
								"east": {"uv": [31, 101], "uv_size": [1, 1]},
								"south": {"uv": [101, 31], "uv_size": [1, 1]},
								"west": {"uv": [32, 101], "uv_size": [1, 1]},
								"up": {"uv": [101, 32], "uv_size": [1, 1]},
								"down": {"uv": [33, 102], "uv_size": [1, -1]}
							}
						},
						{
							"origin": [1.125, 20.24, -39],
							"size": [0.2, 0.2, 0.6],
							"pivot": [2.955, 19.1, -34.2],
							"rotation": [0, 0, 45],
							"uv": {
								"north": {"uv": [101, 33], "uv_size": [1, 1]},
								"east": {"uv": [34, 101], "uv_size": [1, 1]},
								"south": {"uv": [101, 34], "uv_size": [1, 1]},
								"west": {"uv": [35, 101], "uv_size": [1, 1]},
								"up": {"uv": [101, 35], "uv_size": [1, 1]},
								"down": {"uv": [36, 102], "uv_size": [1, -1]}
							}
						},
						{
							"origin": [2.55, 21.2, -35.1],
							"size": [0.2, 1.3, 0.7],
							"inflate": 0.001,
							"uv": {
								"north": {"uv": [101, 36], "uv_size": [1, 1]},
								"east": {"uv": [37, 101], "uv_size": [1, 1]},
								"south": {"uv": [101, 37], "uv_size": [1, 1]},
								"west": {"uv": [38, 101], "uv_size": [1, 1]},
								"up": {"uv": [101, 38], "uv_size": [1, 1]},
								"down": {"uv": [39, 102], "uv_size": [1, -1]}
							}
						},
						{
							"origin": [1.125, 21.54, -35.1],
							"size": [0.2, 0.2, 0.7],
							"pivot": [2.955, 20.4, -30.3],
							"rotation": [0, 0, 45],
							"uv": {
								"north": {"uv": [101, 39], "uv_size": [1, 1]},
								"east": {"uv": [40, 101], "uv_size": [1, 1]},
								"south": {"uv": [101, 40], "uv_size": [1, 1]},
								"west": {"uv": [41, 101], "uv_size": [1, 1]},
								"up": {"uv": [101, 41], "uv_size": [1, 1]},
								"down": {"uv": [42, 102], "uv_size": [1, -1]}
							}
						},
						{
							"origin": [1.125, 20.24, -35.1],
							"size": [0.2, 0.2, 0.7],
							"pivot": [2.955, 19.1, -30.3],
							"rotation": [0, 0, 45],
							"uv": {
								"north": {"uv": [101, 42], "uv_size": [1, 1]},
								"east": {"uv": [43, 101], "uv_size": [1, 1]},
								"south": {"uv": [101, 43], "uv_size": [1, 1]},
								"west": {"uv": [44, 101], "uv_size": [1, 1]},
								"up": {"uv": [101, 44], "uv_size": [1, 1]},
								"down": {"uv": [45, 102], "uv_size": [1, -1]}
							}
						},
						{
							"origin": [1.125, 21.54, -36.4],
							"size": [0.2, 0.2, 0.6],
							"pivot": [2.955, 20.4, -31.6],
							"rotation": [0, 0, 45],
							"uv": {
								"north": {"uv": [101, 45], "uv_size": [1, 1]},
								"east": {"uv": [46, 101], "uv_size": [1, 1]},
								"south": {"uv": [101, 46], "uv_size": [1, 1]},
								"west": {"uv": [47, 101], "uv_size": [1, 1]},
								"up": {"uv": [101, 47], "uv_size": [1, 1]},
								"down": {"uv": [48, 102], "uv_size": [1, -1]}
							}
						},
						{
							"origin": [2.55, 21.2, -36.4],
							"size": [0.2, 1.3, 0.6],
							"inflate": 0.001,
							"uv": {
								"north": {"uv": [101, 48], "uv_size": [1, 1]},
								"east": {"uv": [49, 101], "uv_size": [1, 1]},
								"south": {"uv": [101, 49], "uv_size": [1, 1]},
								"west": {"uv": [50, 101], "uv_size": [1, 1]},
								"up": {"uv": [101, 50], "uv_size": [1, 1]},
								"down": {"uv": [51, 102], "uv_size": [1, -1]}
							}
						},
						{
							"origin": [1.125, 20.24, -36.4],
							"size": [0.2, 0.2, 0.6],
							"pivot": [2.955, 19.1, -31.6],
							"rotation": [0, 0, 45],
							"uv": {
								"north": {"uv": [101, 51], "uv_size": [1, 1]},
								"east": {"uv": [52, 101], "uv_size": [1, 1]},
								"south": {"uv": [101, 52], "uv_size": [1, 1]},
								"west": {"uv": [53, 101], "uv_size": [1, 1]},
								"up": {"uv": [101, 53], "uv_size": [1, 1]},
								"down": {"uv": [54, 102], "uv_size": [1, -1]}
							}
						}
					]
				},
				{
					"name": "gun7",
					"parent": "handguard",
					"pivot": [-2.955, 19.1, -31.6],
					"cubes": [
						{
							"origin": [-2.55, 21.2, -45.7],
							"size": [0.4, 1.3, 11.36],
							"inflate": 0.001,
							"uv": {
								"north": {"uv": [101, 3], "uv_size": [-1, 1]},
								"east": {"uv": [94, 35], "uv_size": [-22, 1]},
								"south": {"uv": [5, 100], "uv_size": [-1, 1]},
								"west": {"uv": [94, 34], "uv_size": [-22, 1]},
								"up": {"uv": [5, 75], "uv_size": [-1, 22]},
								"down": {"uv": [6, 97], "uv_size": [-1, -22]}
							}
						},
						{
							"origin": [-2.75, 21.2, -45.7],
							"size": [0.2, 1.3, 0.8],
							"inflate": 0.001,
							"uv": {
								"north": {"uv": [101, 4], "uv_size": [-1, 1]},
								"east": {"uv": [7, 100], "uv_size": [-1, 1]},
								"south": {"uv": [101, 5], "uv_size": [-1, 1]},
								"west": {"uv": [6, 100], "uv_size": [-1, 1]},
								"up": {"uv": [101, 6], "uv_size": [-1, 1]},
								"down": {"uv": [8, 101], "uv_size": [-1, -1]}
							}
						},
						{
							"origin": [-1.325, 21.54, -45.7],
							"size": [0.2, 0.2, 0.8],
							"pivot": [-2.955, 20.4, -40.9],
							"rotation": [0, 0, -45],
							"uv": {
								"north": {"uv": [78, 100], "uv_size": [-1, 1]},
								"east": {"uv": [101, 78], "uv_size": [-1, 1]},
								"south": {"uv": [79, 100], "uv_size": [-1, 1]},
								"west": {"uv": [101, 77], "uv_size": [-1, 1]},
								"up": {"uv": [80, 100], "uv_size": [-1, 1]},
								"down": {"uv": [101, 80], "uv_size": [-1, -1]}
							}
						},
						{
							"origin": [-1.325, 20.24, -45.7],
							"size": [0.2, 0.2, 0.8],
							"pivot": [-2.955, 19.1, -40.9],
							"rotation": [0, 0, -45],
							"uv": {
								"north": {"uv": [81, 100], "uv_size": [-1, 1]},
								"east": {"uv": [101, 81], "uv_size": [-1, 1]},
								"south": {"uv": [82, 100], "uv_size": [-1, 1]},
								"west": {"uv": [101, 80], "uv_size": [-1, 1]},
								"up": {"uv": [83, 100], "uv_size": [-1, 1]},
								"down": {"uv": [101, 83], "uv_size": [-1, -1]}
							}
						},
						{
							"origin": [-1.325, 20.24, -44.2],
							"size": [0.2, 0.2, 0.6],
							"pivot": [-2.955, 19.1, -39.4],
							"rotation": [0, 0, -45],
							"uv": {
								"north": {"uv": [84, 100], "uv_size": [-1, 1]},
								"east": {"uv": [101, 84], "uv_size": [-1, 1]},
								"south": {"uv": [85, 100], "uv_size": [-1, 1]},
								"west": {"uv": [101, 83], "uv_size": [-1, 1]},
								"up": {"uv": [86, 100], "uv_size": [-1, 1]},
								"down": {"uv": [101, 86], "uv_size": [-1, -1]}
							}
						},
						{
							"origin": [-1.325, 21.54, -44.2],
							"size": [0.2, 0.2, 0.6],
							"pivot": [-2.955, 20.4, -39.4],
							"rotation": [0, 0, -45],
							"uv": {
								"north": {"uv": [87, 100], "uv_size": [-1, 1]},
								"east": {"uv": [101, 87], "uv_size": [-1, 1]},
								"south": {"uv": [88, 100], "uv_size": [-1, 1]},
								"west": {"uv": [101, 86], "uv_size": [-1, 1]},
								"up": {"uv": [89, 100], "uv_size": [-1, 1]},
								"down": {"uv": [101, 89], "uv_size": [-1, -1]}
							}
						},
						{
							"origin": [-2.75, 21.2, -44.2],
							"size": [0.2, 1.3, 0.6],
							"inflate": 0.001,
							"uv": {
								"north": {"uv": [90, 100], "uv_size": [-1, 1]},
								"east": {"uv": [101, 90], "uv_size": [-1, 1]},
								"south": {"uv": [91, 100], "uv_size": [-1, 1]},
								"west": {"uv": [101, 89], "uv_size": [-1, 1]},
								"up": {"uv": [92, 100], "uv_size": [-1, 1]},
								"down": {"uv": [101, 92], "uv_size": [-1, -1]}
							}
						},
						{
							"origin": [-1.325, 20.24, -42.9],
							"size": [0.2, 0.2, 0.6],
							"pivot": [-2.955, 19.1, -38.1],
							"rotation": [0, 0, -45],
							"uv": {
								"north": {"uv": [93, 100], "uv_size": [-1, 1]},
								"east": {"uv": [101, 93], "uv_size": [-1, 1]},
								"south": {"uv": [94, 100], "uv_size": [-1, 1]},
								"west": {"uv": [101, 92], "uv_size": [-1, 1]},
								"up": {"uv": [95, 100], "uv_size": [-1, 1]},
								"down": {"uv": [101, 95], "uv_size": [-1, -1]}
							}
						},
						{
							"origin": [-1.325, 21.54, -42.9],
							"size": [0.2, 0.2, 0.6],
							"pivot": [-2.955, 20.4, -38.1],
							"rotation": [0, 0, -45],
							"uv": {
								"north": {"uv": [96, 100], "uv_size": [-1, 1]},
								"east": {"uv": [101, 96], "uv_size": [-1, 1]},
								"south": {"uv": [97, 100], "uv_size": [-1, 1]},
								"west": {"uv": [101, 95], "uv_size": [-1, 1]},
								"up": {"uv": [98, 100], "uv_size": [-1, 1]},
								"down": {"uv": [101, 98], "uv_size": [-1, -1]}
							}
						},
						{
							"origin": [-2.75, 21.2, -42.9],
							"size": [0.2, 1.3, 0.6],
							"inflate": 0.001,
							"uv": {
								"north": {"uv": [99, 100], "uv_size": [-1, 1]},
								"east": {"uv": [101, 99], "uv_size": [-1, 1]},
								"south": {"uv": [100, 100], "uv_size": [-1, 1]},
								"west": {"uv": [101, 98], "uv_size": [-1, 1]},
								"up": {"uv": [101, 100], "uv_size": [-1, 1]},
								"down": {"uv": [1, 102], "uv_size": [-1, -1]}
							}
						},
						{
							"origin": [-1.325, 20.24, -40.3],
							"size": [0.2, 0.2, 0.6],
							"pivot": [-2.955, 19.1, -35.5],
							"rotation": [0, 0, -45],
							"uv": {
								"north": {"uv": [102, 0], "uv_size": [-1, 1]},
								"east": {"uv": [3, 101], "uv_size": [-1, 1]},
								"south": {"uv": [102, 1], "uv_size": [-1, 1]},
								"west": {"uv": [2, 101], "uv_size": [-1, 1]},
								"up": {"uv": [102, 2], "uv_size": [-1, 1]},
								"down": {"uv": [4, 102], "uv_size": [-1, -1]}
							}
						},
						{
							"origin": [-1.325, 21.54, -40.3],
							"size": [0.2, 0.2, 0.6],
							"pivot": [-2.955, 20.4, -35.5],
							"rotation": [0, 0, -45],
							"uv": {
								"north": {"uv": [102, 3], "uv_size": [-1, 1]},
								"east": {"uv": [6, 101], "uv_size": [-1, 1]},
								"south": {"uv": [102, 4], "uv_size": [-1, 1]},
								"west": {"uv": [5, 101], "uv_size": [-1, 1]},
								"up": {"uv": [102, 5], "uv_size": [-1, 1]},
								"down": {"uv": [7, 102], "uv_size": [-1, -1]}
							}
						},
						{
							"origin": [-2.75, 21.2, -40.3],
							"size": [0.2, 1.3, 0.6],
							"inflate": 0.001,
							"uv": {
								"north": {"uv": [102, 6], "uv_size": [-1, 1]},
								"east": {"uv": [9, 101], "uv_size": [-1, 1]},
								"south": {"uv": [102, 7], "uv_size": [-1, 1]},
								"west": {"uv": [8, 101], "uv_size": [-1, 1]},
								"up": {"uv": [102, 8], "uv_size": [-1, 1]},
								"down": {"uv": [10, 102], "uv_size": [-1, -1]}
							}
						},
						{
							"origin": [-2.75, 21.2, -41.6],
							"size": [0.2, 1.3, 0.6],
							"inflate": 0.001,
							"uv": {
								"north": {"uv": [102, 9], "uv_size": [-1, 1]},
								"east": {"uv": [12, 101], "uv_size": [-1, 1]},
								"south": {"uv": [102, 10], "uv_size": [-1, 1]},
								"west": {"uv": [11, 101], "uv_size": [-1, 1]},
								"up": {"uv": [102, 11], "uv_size": [-1, 1]},
								"down": {"uv": [13, 102], "uv_size": [-1, -1]}
							}
						},
						{
							"origin": [-1.325, 21.54, -41.6],
							"size": [0.2, 0.2, 0.6],
							"pivot": [-2.955, 20.4, -36.8],
							"rotation": [0, 0, -45],
							"uv": {
								"north": {"uv": [102, 12], "uv_size": [-1, 1]},
								"east": {"uv": [15, 101], "uv_size": [-1, 1]},
								"south": {"uv": [102, 13], "uv_size": [-1, 1]},
								"west": {"uv": [14, 101], "uv_size": [-1, 1]},
								"up": {"uv": [102, 14], "uv_size": [-1, 1]},
								"down": {"uv": [16, 102], "uv_size": [-1, -1]}
							}
						},
						{
							"origin": [-1.325, 20.24, -41.6],
							"size": [0.2, 0.2, 0.6],
							"pivot": [-2.955, 19.1, -36.8],
							"rotation": [0, 0, -45],
							"uv": {
								"north": {"uv": [102, 15], "uv_size": [-1, 1]},
								"east": {"uv": [18, 101], "uv_size": [-1, 1]},
								"south": {"uv": [102, 16], "uv_size": [-1, 1]},
								"west": {"uv": [17, 101], "uv_size": [-1, 1]},
								"up": {"uv": [102, 17], "uv_size": [-1, 1]},
								"down": {"uv": [19, 102], "uv_size": [-1, -1]}
							}
						},
						{
							"origin": [-2.75, 21.2, -37.7],
							"size": [0.2, 1.3, 0.6],
							"inflate": 0.001,
							"uv": {
								"north": {"uv": [102, 18], "uv_size": [-1, 1]},
								"east": {"uv": [21, 101], "uv_size": [-1, 1]},
								"south": {"uv": [102, 19], "uv_size": [-1, 1]},
								"west": {"uv": [20, 101], "uv_size": [-1, 1]},
								"up": {"uv": [102, 20], "uv_size": [-1, 1]},
								"down": {"uv": [22, 102], "uv_size": [-1, -1]}
							}
						},
						{
							"origin": [-1.325, 21.54, -37.7],
							"size": [0.2, 0.2, 0.6],
							"pivot": [-2.955, 20.4, -32.9],
							"rotation": [0, 0, -45],
							"uv": {
								"north": {"uv": [102, 21], "uv_size": [-1, 1]},
								"east": {"uv": [24, 101], "uv_size": [-1, 1]},
								"south": {"uv": [102, 22], "uv_size": [-1, 1]},
								"west": {"uv": [23, 101], "uv_size": [-1, 1]},
								"up": {"uv": [102, 23], "uv_size": [-1, 1]},
								"down": {"uv": [25, 102], "uv_size": [-1, -1]}
							}
						},
						{
							"origin": [-1.325, 20.24, -37.7],
							"size": [0.2, 0.2, 0.6],
							"pivot": [-2.955, 19.1, -32.9],
							"rotation": [0, 0, -45],
							"uv": {
								"north": {"uv": [102, 24], "uv_size": [-1, 1]},
								"east": {"uv": [27, 101], "uv_size": [-1, 1]},
								"south": {"uv": [102, 25], "uv_size": [-1, 1]},
								"west": {"uv": [26, 101], "uv_size": [-1, 1]},
								"up": {"uv": [102, 26], "uv_size": [-1, 1]},
								"down": {"uv": [28, 102], "uv_size": [-1, -1]}
							}
						},
						{
							"origin": [-1.325, 21.54, -39],
							"size": [0.2, 0.2, 0.6],
							"pivot": [-2.955, 20.4, -34.2],
							"rotation": [0, 0, -45],
							"uv": {
								"north": {"uv": [102, 27], "uv_size": [-1, 1]},
								"east": {"uv": [30, 101], "uv_size": [-1, 1]},
								"south": {"uv": [102, 28], "uv_size": [-1, 1]},
								"west": {"uv": [29, 101], "uv_size": [-1, 1]},
								"up": {"uv": [102, 29], "uv_size": [-1, 1]},
								"down": {"uv": [31, 102], "uv_size": [-1, -1]}
							}
						},
						{
							"origin": [-2.75, 21.2, -39],
							"size": [0.2, 1.3, 0.6],
							"inflate": 0.001,
							"uv": {
								"north": {"uv": [102, 30], "uv_size": [-1, 1]},
								"east": {"uv": [33, 101], "uv_size": [-1, 1]},
								"south": {"uv": [102, 31], "uv_size": [-1, 1]},
								"west": {"uv": [32, 101], "uv_size": [-1, 1]},
								"up": {"uv": [102, 32], "uv_size": [-1, 1]},
								"down": {"uv": [34, 102], "uv_size": [-1, -1]}
							}
						},
						{
							"origin": [-1.325, 20.24, -39],
							"size": [0.2, 0.2, 0.6],
							"pivot": [-2.955, 19.1, -34.2],
							"rotation": [0, 0, -45],
							"uv": {
								"north": {"uv": [102, 33], "uv_size": [-1, 1]},
								"east": {"uv": [36, 101], "uv_size": [-1, 1]},
								"south": {"uv": [102, 34], "uv_size": [-1, 1]},
								"west": {"uv": [35, 101], "uv_size": [-1, 1]},
								"up": {"uv": [102, 35], "uv_size": [-1, 1]},
								"down": {"uv": [37, 102], "uv_size": [-1, -1]}
							}
						},
						{
							"origin": [-2.75, 21.2, -35.1],
							"size": [0.2, 1.3, 0.7],
							"inflate": 0.001,
							"uv": {
								"north": {"uv": [102, 36], "uv_size": [-1, 1]},
								"east": {"uv": [39, 101], "uv_size": [-1, 1]},
								"south": {"uv": [102, 37], "uv_size": [-1, 1]},
								"west": {"uv": [38, 101], "uv_size": [-1, 1]},
								"up": {"uv": [102, 38], "uv_size": [-1, 1]},
								"down": {"uv": [40, 102], "uv_size": [-1, -1]}
							}
						},
						{
							"origin": [-1.325, 21.54, -35.1],
							"size": [0.2, 0.2, 0.7],
							"pivot": [-2.955, 20.4, -30.3],
							"rotation": [0, 0, -45],
							"uv": {
								"north": {"uv": [102, 39], "uv_size": [-1, 1]},
								"east": {"uv": [42, 101], "uv_size": [-1, 1]},
								"south": {"uv": [102, 40], "uv_size": [-1, 1]},
								"west": {"uv": [41, 101], "uv_size": [-1, 1]},
								"up": {"uv": [102, 41], "uv_size": [-1, 1]},
								"down": {"uv": [43, 102], "uv_size": [-1, -1]}
							}
						},
						{
							"origin": [-1.325, 20.24, -35.1],
							"size": [0.2, 0.2, 0.7],
							"pivot": [-2.955, 19.1, -30.3],
							"rotation": [0, 0, -45],
							"uv": {
								"north": {"uv": [102, 42], "uv_size": [-1, 1]},
								"east": {"uv": [45, 101], "uv_size": [-1, 1]},
								"south": {"uv": [102, 43], "uv_size": [-1, 1]},
								"west": {"uv": [44, 101], "uv_size": [-1, 1]},
								"up": {"uv": [102, 44], "uv_size": [-1, 1]},
								"down": {"uv": [46, 102], "uv_size": [-1, -1]}
							}
						},
						{
							"origin": [-1.325, 21.54, -36.4],
							"size": [0.2, 0.2, 0.6],
							"pivot": [-2.955, 20.4, -31.6],
							"rotation": [0, 0, -45],
							"uv": {
								"north": {"uv": [102, 45], "uv_size": [-1, 1]},
								"east": {"uv": [48, 101], "uv_size": [-1, 1]},
								"south": {"uv": [102, 46], "uv_size": [-1, 1]},
								"west": {"uv": [47, 101], "uv_size": [-1, 1]},
								"up": {"uv": [102, 47], "uv_size": [-1, 1]},
								"down": {"uv": [49, 102], "uv_size": [-1, -1]}
							}
						},
						{
							"origin": [-2.75, 21.2, -36.4],
							"size": [0.2, 1.3, 0.6],
							"inflate": 0.001,
							"uv": {
								"north": {"uv": [102, 48], "uv_size": [-1, 1]},
								"east": {"uv": [51, 101], "uv_size": [-1, 1]},
								"south": {"uv": [102, 49], "uv_size": [-1, 1]},
								"west": {"uv": [50, 101], "uv_size": [-1, 1]},
								"up": {"uv": [102, 50], "uv_size": [-1, 1]},
								"down": {"uv": [52, 102], "uv_size": [-1, -1]}
							}
						},
						{
							"origin": [-1.325, 20.24, -36.4],
							"size": [0.2, 0.2, 0.6],
							"pivot": [-2.955, 19.1, -31.6],
							"rotation": [0, 0, -45],
							"uv": {
								"north": {"uv": [102, 51], "uv_size": [-1, 1]},
								"east": {"uv": [54, 101], "uv_size": [-1, 1]},
								"south": {"uv": [102, 52], "uv_size": [-1, 1]},
								"west": {"uv": [53, 101], "uv_size": [-1, 1]},
								"up": {"uv": [102, 53], "uv_size": [-1, 1]},
								"down": {"uv": [55, 102], "uv_size": [-1, -1]}
							}
						}
					]
				},
				{
					"name": "gun3",
					"parent": "handguard",
					"pivot": [-2.545, 18.6, -43.6],
					"rotation": [0, 0, 90],
					"cubes": [
						{
							"origin": [-3.35, 20.7, -45.4],
							"size": [0.4, 1.1, 16.56],
							"inflate": 0.001,
							"uv": {
								"north": {"uv": [105, 96], "uv_size": [1, 1]},
								"east": {"uv": [74, 67], "uv_size": [22, 1]},
								"south": {"uv": [97, 105], "uv_size": [1, 1]},
								"west": {"uv": [74, 68], "uv_size": [22, 1]},
								"up": {"uv": [10, 75], "uv_size": [1, 22]},
								"down": {"uv": [11, 97], "uv_size": [1, -22]}
							}
						},
						{
							"origin": [-2.95, 20.7, -45.4],
							"size": [0.2, 1.1, 0.8],
							"inflate": 0.001,
							"uv": {
								"north": {"uv": [10, 106], "uv_size": [1, 1]},
								"east": {"uv": [106, 10], "uv_size": [1, 1]},
								"south": {"uv": [11, 106], "uv_size": [1, 1]},
								"west": {"uv": [106, 11], "uv_size": [1, 1]},
								"up": {"uv": [12, 106], "uv_size": [1, 1]},
								"down": {"uv": [106, 13], "uv_size": [1, -1]}
							}
						},
						{
							"origin": [-4.375, 19.74, -45.4],
							"size": [0.2, 0.2, 0.8],
							"pivot": [-2.545, 18.6, -40.8],
							"rotation": [0, 0, 45],
							"uv": {
								"north": {"uv": [13, 106], "uv_size": [1, 1]},
								"east": {"uv": [106, 13], "uv_size": [1, 1]},
								"south": {"uv": [14, 106], "uv_size": [1, 1]},
								"west": {"uv": [106, 14], "uv_size": [1, 1]},
								"up": {"uv": [15, 106], "uv_size": [1, 1]},
								"down": {"uv": [106, 16], "uv_size": [1, -1]}
							}
						},
						{
							"origin": [-4.375, 20.84, -45.4],
							"size": [0.2, 0.2, 0.8],
							"pivot": [-2.545, 19.7, -40.8],
							"rotation": [0, 0, 45],
							"uv": {
								"north": {"uv": [16, 106], "uv_size": [1, 1]},
								"east": {"uv": [106, 16], "uv_size": [1, 1]},
								"south": {"uv": [17, 106], "uv_size": [1, 1]},
								"west": {"uv": [106, 17], "uv_size": [1, 1]},
								"up": {"uv": [18, 106], "uv_size": [1, 1]},
								"down": {"uv": [106, 19], "uv_size": [1, -1]}
							}
						},
						{
							"origin": [-2.95, 20.7, -42.6],
							"size": [0.2, 1.1, 0.6],
							"inflate": 0.001,
							"uv": {
								"north": {"uv": [19, 106], "uv_size": [1, 1]},
								"east": {"uv": [106, 19], "uv_size": [1, 1]},
								"south": {"uv": [20, 106], "uv_size": [1, 1]},
								"west": {"uv": [106, 20], "uv_size": [1, 1]},
								"up": {"uv": [21, 106], "uv_size": [1, 1]},
								"down": {"uv": [106, 22], "uv_size": [1, -1]}
							}
						},
						{
							"origin": [-4.375, 19.74, -42.6],
							"size": [0.2, 0.2, 0.6],
							"pivot": [-2.545, 18.6, -38.2],
							"rotation": [0, 0, 45],
							"uv": {
								"north": {"uv": [22, 106], "uv_size": [1, 1]},
								"east": {"uv": [106, 22], "uv_size": [1, 1]},
								"south": {"uv": [23, 106], "uv_size": [1, 1]},
								"west": {"uv": [106, 23], "uv_size": [1, 1]},
								"up": {"uv": [24, 106], "uv_size": [1, 1]},
								"down": {"uv": [106, 25], "uv_size": [1, -1]}
							}
						},
						{
							"origin": [-4.375, 20.84, -42.6],
							"size": [0.2, 0.2, 0.6],
							"pivot": [-2.545, 19.7, -38.2],
							"rotation": [0, 0, 45],
							"uv": {
								"north": {"uv": [25, 106], "uv_size": [1, 1]},
								"east": {"uv": [106, 25], "uv_size": [1, 1]},
								"south": {"uv": [26, 106], "uv_size": [1, 1]},
								"west": {"uv": [106, 26], "uv_size": [1, 1]},
								"up": {"uv": [27, 106], "uv_size": [1, 1]},
								"down": {"uv": [106, 28], "uv_size": [1, -1]}
							}
						},
						{
							"origin": [-2.95, 20.7, -43.9],
							"size": [0.2, 1.1, 0.6],
							"inflate": 0.001,
							"uv": {
								"north": {"uv": [28, 106], "uv_size": [1, 1]},
								"east": {"uv": [106, 28], "uv_size": [1, 1]},
								"south": {"uv": [29, 106], "uv_size": [1, 1]},
								"west": {"uv": [106, 29], "uv_size": [1, 1]},
								"up": {"uv": [30, 106], "uv_size": [1, 1]},
								"down": {"uv": [106, 31], "uv_size": [1, -1]}
							}
						},
						{
							"origin": [-4.375, 19.74, -43.9],
							"size": [0.2, 0.2, 0.6],
							"pivot": [-2.545, 18.6, -39.5],
							"rotation": [0, 0, 45],
							"uv": {
								"north": {"uv": [31, 106], "uv_size": [1, 1]},
								"east": {"uv": [106, 31], "uv_size": [1, 1]},
								"south": {"uv": [32, 106], "uv_size": [1, 1]},
								"west": {"uv": [106, 32], "uv_size": [1, 1]},
								"up": {"uv": [33, 106], "uv_size": [1, 1]},
								"down": {"uv": [106, 34], "uv_size": [1, -1]}
							}
						},
						{
							"origin": [-4.375, 20.84, -43.9],
							"size": [0.2, 0.2, 0.6],
							"pivot": [-2.545, 19.7, -39.5],
							"rotation": [0, 0, 45],
							"uv": {
								"north": {"uv": [34, 106], "uv_size": [1, 1]},
								"east": {"uv": [106, 34], "uv_size": [1, 1]},
								"south": {"uv": [35, 106], "uv_size": [1, 1]},
								"west": {"uv": [106, 35], "uv_size": [1, 1]},
								"up": {"uv": [36, 106], "uv_size": [1, 1]},
								"down": {"uv": [106, 37], "uv_size": [1, -1]}
							}
						},
						{
							"origin": [-2.95, 20.7, -40],
							"size": [0.2, 1.1, 0.6],
							"inflate": 0.001,
							"uv": {
								"north": {"uv": [37, 106], "uv_size": [1, 1]},
								"east": {"uv": [106, 37], "uv_size": [1, 1]},
								"south": {"uv": [38, 106], "uv_size": [1, 1]},
								"west": {"uv": [106, 38], "uv_size": [1, 1]},
								"up": {"uv": [39, 106], "uv_size": [1, 1]},
								"down": {"uv": [106, 40], "uv_size": [1, -1]}
							}
						},
						{
							"origin": [-4.375, 19.74, -40],
							"size": [0.2, 0.2, 0.6],
							"pivot": [-2.545, 18.6, -35.6],
							"rotation": [0, 0, 45],
							"uv": {
								"north": {"uv": [40, 106], "uv_size": [1, 1]},
								"east": {"uv": [106, 40], "uv_size": [1, 1]},
								"south": {"uv": [41, 106], "uv_size": [1, 1]},
								"west": {"uv": [106, 41], "uv_size": [1, 1]},
								"up": {"uv": [42, 106], "uv_size": [1, 1]},
								"down": {"uv": [106, 43], "uv_size": [1, -1]}
							}
						},
						{
							"origin": [-4.375, 20.84, -40],
							"size": [0.2, 0.2, 0.6],
							"pivot": [-2.545, 19.7, -35.6],
							"rotation": [0, 0, 45],
							"uv": {
								"north": {"uv": [43, 106], "uv_size": [1, 1]},
								"east": {"uv": [106, 43], "uv_size": [1, 1]},
								"south": {"uv": [44, 106], "uv_size": [1, 1]},
								"west": {"uv": [106, 44], "uv_size": [1, 1]},
								"up": {"uv": [45, 106], "uv_size": [1, 1]},
								"down": {"uv": [106, 46], "uv_size": [1, -1]}
							}
						},
						{
							"origin": [-2.95, 20.7, -41.3],
							"size": [0.2, 1.1, 0.6],
							"inflate": 0.001,
							"uv": {
								"north": {"uv": [46, 106], "uv_size": [1, 1]},
								"east": {"uv": [106, 46], "uv_size": [1, 1]},
								"south": {"uv": [47, 106], "uv_size": [1, 1]},
								"west": {"uv": [106, 47], "uv_size": [1, 1]},
								"up": {"uv": [48, 106], "uv_size": [1, 1]},
								"down": {"uv": [106, 49], "uv_size": [1, -1]}
							}
						},
						{
							"origin": [-4.375, 19.74, -41.3],
							"size": [0.2, 0.2, 0.6],
							"pivot": [-2.545, 18.6, -36.9],
							"rotation": [0, 0, 45],
							"uv": {
								"north": {"uv": [49, 106], "uv_size": [1, 1]},
								"east": {"uv": [106, 49], "uv_size": [1, 1]},
								"south": {"uv": [50, 106], "uv_size": [1, 1]},
								"west": {"uv": [106, 50], "uv_size": [1, 1]},
								"up": {"uv": [51, 106], "uv_size": [1, 1]},
								"down": {"uv": [106, 52], "uv_size": [1, -1]}
							}
						},
						{
							"origin": [-4.375, 20.84, -41.3],
							"size": [0.2, 0.2, 0.6],
							"pivot": [-2.545, 19.7, -36.9],
							"rotation": [0, 0, 45],
							"uv": {
								"north": {"uv": [52, 106], "uv_size": [1, 1]},
								"east": {"uv": [106, 52], "uv_size": [1, 1]},
								"south": {"uv": [53, 106], "uv_size": [1, 1]},
								"west": {"uv": [106, 53], "uv_size": [1, 1]},
								"up": {"uv": [54, 106], "uv_size": [1, 1]},
								"down": {"uv": [106, 55], "uv_size": [1, -1]}
							}
						},
						{
							"origin": [-2.95, 20.7, -37.4],
							"size": [0.2, 1.1, 0.6],
							"inflate": 0.001,
							"uv": {
								"north": {"uv": [55, 106], "uv_size": [1, 1]},
								"east": {"uv": [106, 55], "uv_size": [1, 1]},
								"south": {"uv": [56, 106], "uv_size": [1, 1]},
								"west": {"uv": [106, 56], "uv_size": [1, 1]},
								"up": {"uv": [57, 106], "uv_size": [1, 1]},
								"down": {"uv": [106, 58], "uv_size": [1, -1]}
							}
						},
						{
							"origin": [-4.375, 19.74, -37.4],
							"size": [0.2, 0.2, 0.6],
							"pivot": [-2.545, 18.6, -33],
							"rotation": [0, 0, 45],
							"uv": {
								"north": {"uv": [58, 106], "uv_size": [1, 1]},
								"east": {"uv": [106, 58], "uv_size": [1, 1]},
								"south": {"uv": [59, 106], "uv_size": [1, 1]},
								"west": {"uv": [106, 59], "uv_size": [1, 1]},
								"up": {"uv": [60, 106], "uv_size": [1, 1]},
								"down": {"uv": [106, 61], "uv_size": [1, -1]}
							}
						},
						{
							"origin": [-4.375, 20.84, -37.4],
							"size": [0.2, 0.2, 0.6],
							"pivot": [-2.545, 19.7, -33],
							"rotation": [0, 0, 45],
							"uv": {
								"north": {"uv": [61, 106], "uv_size": [1, 1]},
								"east": {"uv": [106, 61], "uv_size": [1, 1]},
								"south": {"uv": [62, 106], "uv_size": [1, 1]},
								"west": {"uv": [106, 62], "uv_size": [1, 1]},
								"up": {"uv": [63, 106], "uv_size": [1, 1]},
								"down": {"uv": [106, 64], "uv_size": [1, -1]}
							}
						},
						{
							"origin": [-2.95, 20.7, -38.7],
							"size": [0.2, 1.1, 0.6],
							"inflate": 0.001,
							"uv": {
								"north": {"uv": [64, 106], "uv_size": [1, 1]},
								"east": {"uv": [106, 64], "uv_size": [1, 1]},
								"south": {"uv": [65, 106], "uv_size": [1, 1]},
								"west": {"uv": [106, 65], "uv_size": [1, 1]},
								"up": {"uv": [66, 106], "uv_size": [1, 1]},
								"down": {"uv": [106, 67], "uv_size": [1, -1]}
							}
						},
						{
							"origin": [-4.375, 19.74, -38.7],
							"size": [0.2, 0.2, 0.6],
							"pivot": [-2.545, 18.6, -34.3],
							"rotation": [0, 0, 45],
							"uv": {
								"north": {"uv": [67, 106], "uv_size": [1, 1]},
								"east": {"uv": [106, 67], "uv_size": [1, 1]},
								"south": {"uv": [68, 106], "uv_size": [1, 1]},
								"west": {"uv": [106, 68], "uv_size": [1, 1]},
								"up": {"uv": [69, 106], "uv_size": [1, 1]},
								"down": {"uv": [106, 70], "uv_size": [1, -1]}
							}
						},
						{
							"origin": [-4.375, 20.84, -38.7],
							"size": [0.2, 0.2, 0.6],
							"pivot": [-2.545, 19.7, -34.3],
							"rotation": [0, 0, 45],
							"uv": {
								"north": {"uv": [70, 106], "uv_size": [1, 1]},
								"east": {"uv": [106, 70], "uv_size": [1, 1]},
								"south": {"uv": [71, 106], "uv_size": [1, 1]},
								"west": {"uv": [106, 71], "uv_size": [1, 1]},
								"up": {"uv": [72, 106], "uv_size": [1, 1]},
								"down": {"uv": [106, 73], "uv_size": [1, -1]}
							}
						},
						{
							"origin": [-2.95, 20.7, -34.8],
							"size": [0.2, 1.1, 0.6],
							"inflate": 0.001,
							"uv": {
								"north": {"uv": [73, 106], "uv_size": [1, 1]},
								"east": {"uv": [106, 73], "uv_size": [1, 1]},
								"south": {"uv": [74, 106], "uv_size": [1, 1]},
								"west": {"uv": [106, 74], "uv_size": [1, 1]},
								"up": {"uv": [75, 106], "uv_size": [1, 1]},
								"down": {"uv": [106, 76], "uv_size": [1, -1]}
							}
						},
						{
							"origin": [-4.375, 19.74, -34.8],
							"size": [0.2, 0.2, 0.6],
							"pivot": [-2.545, 18.6, -30.4],
							"rotation": [0, 0, 45],
							"uv": {
								"north": {"uv": [76, 106], "uv_size": [1, 1]},
								"east": {"uv": [106, 76], "uv_size": [1, 1]},
								"south": {"uv": [77, 106], "uv_size": [1, 1]},
								"west": {"uv": [106, 77], "uv_size": [1, 1]},
								"up": {"uv": [78, 106], "uv_size": [1, 1]},
								"down": {"uv": [106, 79], "uv_size": [1, -1]}
							}
						},
						{
							"origin": [-4.375, 20.84, -34.8],
							"size": [0.2, 0.2, 0.6],
							"pivot": [-2.545, 19.7, -30.4],
							"rotation": [0, 0, 45],
							"uv": {
								"north": {"uv": [79, 106], "uv_size": [1, 1]},
								"east": {"uv": [106, 79], "uv_size": [1, 1]},
								"south": {"uv": [80, 106], "uv_size": [1, 1]},
								"west": {"uv": [106, 80], "uv_size": [1, 1]},
								"up": {"uv": [81, 106], "uv_size": [1, 1]},
								"down": {"uv": [106, 82], "uv_size": [1, -1]}
							}
						},
						{
							"origin": [-2.95, 20.7, -33.5],
							"size": [0.2, 1.1, 0.6],
							"inflate": 0.001,
							"uv": {
								"north": {"uv": [73, 106], "uv_size": [1, 1]},
								"east": {"uv": [106, 73], "uv_size": [1, 1]},
								"south": {"uv": [74, 106], "uv_size": [1, 1]},
								"west": {"uv": [106, 74], "uv_size": [1, 1]},
								"up": {"uv": [75, 106], "uv_size": [1, 1]},
								"down": {"uv": [106, 76], "uv_size": [1, -1]}
							}
						},
						{
							"origin": [-4.375, 20.84, -33.5],
							"size": [0.2, 0.2, 0.6],
							"pivot": [-2.545, 19.7, -29.1],
							"rotation": [0, 0, 45],
							"uv": {
								"north": {"uv": [79, 106], "uv_size": [1, 1]},
								"east": {"uv": [106, 79], "uv_size": [1, 1]},
								"south": {"uv": [80, 106], "uv_size": [1, 1]},
								"west": {"uv": [106, 80], "uv_size": [1, 1]},
								"up": {"uv": [81, 106], "uv_size": [1, 1]},
								"down": {"uv": [106, 82], "uv_size": [1, -1]}
							}
						},
						{
							"origin": [-4.375, 19.74, -33.5],
							"size": [0.2, 0.2, 0.6],
							"pivot": [-2.545, 18.6, -29.1],
							"rotation": [0, 0, 45],
							"uv": {
								"north": {"uv": [76, 106], "uv_size": [1, 1]},
								"east": {"uv": [106, 76], "uv_size": [1, 1]},
								"south": {"uv": [77, 106], "uv_size": [1, 1]},
								"west": {"uv": [106, 77], "uv_size": [1, 1]},
								"up": {"uv": [78, 106], "uv_size": [1, 1]},
								"down": {"uv": [106, 79], "uv_size": [1, -1]}
							}
						},
						{
							"origin": [-2.95, 20.7, -32.2],
							"size": [0.2, 1.1, 0.6],
							"inflate": 0.001,
							"uv": {
								"north": {"uv": [73, 106], "uv_size": [1, 1]},
								"east": {"uv": [106, 73], "uv_size": [1, 1]},
								"south": {"uv": [74, 106], "uv_size": [1, 1]},
								"west": {"uv": [106, 74], "uv_size": [1, 1]},
								"up": {"uv": [75, 106], "uv_size": [1, 1]},
								"down": {"uv": [106, 76], "uv_size": [1, -1]}
							}
						},
						{
							"origin": [-4.375, 20.84, -32.2],
							"size": [0.2, 0.2, 0.6],
							"pivot": [-2.545, 19.7, -27.8],
							"rotation": [0, 0, 45],
							"uv": {
								"north": {"uv": [79, 106], "uv_size": [1, 1]},
								"east": {"uv": [106, 79], "uv_size": [1, 1]},
								"south": {"uv": [80, 106], "uv_size": [1, 1]},
								"west": {"uv": [106, 80], "uv_size": [1, 1]},
								"up": {"uv": [81, 106], "uv_size": [1, 1]},
								"down": {"uv": [106, 82], "uv_size": [1, -1]}
							}
						},
						{
							"origin": [-4.375, 19.74, -32.2],
							"size": [0.2, 0.2, 0.6],
							"pivot": [-2.545, 18.6, -27.8],
							"rotation": [0, 0, 45],
							"uv": {
								"north": {"uv": [76, 106], "uv_size": [1, 1]},
								"east": {"uv": [106, 76], "uv_size": [1, 1]},
								"south": {"uv": [77, 106], "uv_size": [1, 1]},
								"west": {"uv": [106, 77], "uv_size": [1, 1]},
								"up": {"uv": [78, 106], "uv_size": [1, 1]},
								"down": {"uv": [106, 79], "uv_size": [1, -1]}
							}
						},
						{
							"origin": [-2.95, 20.7, -30.9],
							"size": [0.2, 1.1, 0.6],
							"inflate": 0.001,
							"uv": {
								"north": {"uv": [73, 106], "uv_size": [1, 1]},
								"east": {"uv": [106, 73], "uv_size": [1, 1]},
								"south": {"uv": [74, 106], "uv_size": [1, 1]},
								"west": {"uv": [106, 74], "uv_size": [1, 1]},
								"up": {"uv": [75, 106], "uv_size": [1, 1]},
								"down": {"uv": [106, 76], "uv_size": [1, -1]}
							}
						},
						{
							"origin": [-4.375, 20.84, -30.9],
							"size": [0.2, 0.2, 0.6],
							"pivot": [-2.545, 19.7, -26.5],
							"rotation": [0, 0, 45],
							"uv": {
								"north": {"uv": [79, 106], "uv_size": [1, 1]},
								"east": {"uv": [106, 79], "uv_size": [1, 1]},
								"south": {"uv": [80, 106], "uv_size": [1, 1]},
								"west": {"uv": [106, 80], "uv_size": [1, 1]},
								"up": {"uv": [81, 106], "uv_size": [1, 1]},
								"down": {"uv": [106, 82], "uv_size": [1, -1]}
							}
						},
						{
							"origin": [-4.375, 19.74, -30.9],
							"size": [0.2, 0.2, 0.6],
							"pivot": [-2.545, 18.6, -26.5],
							"rotation": [0, 0, 45],
							"uv": {
								"north": {"uv": [76, 106], "uv_size": [1, 1]},
								"east": {"uv": [106, 76], "uv_size": [1, 1]},
								"south": {"uv": [77, 106], "uv_size": [1, 1]},
								"west": {"uv": [106, 77], "uv_size": [1, 1]},
								"up": {"uv": [78, 106], "uv_size": [1, 1]},
								"down": {"uv": [106, 79], "uv_size": [1, -1]}
							}
						},
						{
							"origin": [-2.95, 20.7, -29.6],
							"size": [0.2, 1.1, 0.8],
							"inflate": 0.001,
							"uv": {
								"north": {"uv": [73, 106], "uv_size": [1, 1]},
								"east": {"uv": [106, 73], "uv_size": [1, 1]},
								"south": {"uv": [74, 106], "uv_size": [1, 1]},
								"west": {"uv": [106, 74], "uv_size": [1, 1]},
								"up": {"uv": [75, 106], "uv_size": [1, 1]},
								"down": {"uv": [106, 76], "uv_size": [1, -1]}
							}
						},
						{
							"origin": [-4.375, 20.84, -29.6],
							"size": [0.2, 0.2, 0.8],
							"pivot": [-2.545, 19.7, -25.2],
							"rotation": [0, 0, 45],
							"uv": {
								"north": {"uv": [79, 106], "uv_size": [1, 1]},
								"east": {"uv": [106, 79], "uv_size": [1, 1]},
								"south": {"uv": [80, 106], "uv_size": [1, 1]},
								"west": {"uv": [106, 80], "uv_size": [1, 1]},
								"up": {"uv": [81, 106], "uv_size": [1, 1]},
								"down": {"uv": [106, 82], "uv_size": [1, -1]}
							}
						},
						{
							"origin": [-4.375, 19.74, -29.6],
							"size": [0.2, 0.2, 0.8],
							"pivot": [-2.545, 18.6, -25.2],
							"rotation": [0, 0, 45],
							"uv": {
								"north": {"uv": [76, 106], "uv_size": [1, 1]},
								"east": {"uv": [106, 76], "uv_size": [1, 1]},
								"south": {"uv": [77, 106], "uv_size": [1, 1]},
								"west": {"uv": [106, 77], "uv_size": [1, 1]},
								"up": {"uv": [78, 106], "uv_size": [1, 1]},
								"down": {"uv": [106, 79], "uv_size": [1, -1]}
							}
						},
						{
							"origin": [-2.95, 20.7, -36.1],
							"size": [0.2, 1.1, 0.6],
							"inflate": 0.001,
							"uv": {
								"north": {"uv": [82, 106], "uv_size": [1, 1]},
								"east": {"uv": [106, 82], "uv_size": [1, 1]},
								"south": {"uv": [83, 106], "uv_size": [1, 1]},
								"west": {"uv": [106, 83], "uv_size": [1, 1]},
								"up": {"uv": [84, 106], "uv_size": [1, 1]},
								"down": {"uv": [106, 85], "uv_size": [1, -1]}
							}
						},
						{
							"origin": [-4.375, 19.74, -36.1],
							"size": [0.2, 0.2, 0.6],
							"pivot": [-2.545, 18.6, -31.7],
							"rotation": [0, 0, 45],
							"uv": {
								"north": {"uv": [85, 106], "uv_size": [1, 1]},
								"east": {"uv": [106, 85], "uv_size": [1, 1]},
								"south": {"uv": [86, 106], "uv_size": [1, 1]},
								"west": {"uv": [106, 86], "uv_size": [1, 1]},
								"up": {"uv": [87, 106], "uv_size": [1, 1]},
								"down": {"uv": [106, 88], "uv_size": [1, -1]}
							}
						},
						{
							"origin": [-4.375, 20.84, -36.1],
							"size": [0.2, 0.2, 0.6],
							"pivot": [-2.545, 19.7, -31.7],
							"rotation": [0, 0, 45],
							"uv": {
								"north": {"uv": [88, 106], "uv_size": [1, 1]},
								"east": {"uv": [106, 88], "uv_size": [1, 1]},
								"south": {"uv": [89, 106], "uv_size": [1, 1]},
								"west": {"uv": [106, 89], "uv_size": [1, 1]},
								"up": {"uv": [90, 106], "uv_size": [1, 1]},
								"down": {"uv": [106, 91], "uv_size": [1, -1]}
							}
						}
					]
				},
				{
					"name": "_ca_handguard",
					"parent": "main",
					"pivot": [-0.2, 21.35, -34.825],
					"cubes": [
						{"origin": [-0.5, 20.85, -29.825], "size": [1, 1, 1], "uv": [27, 69]}
					]
				}
			]
		}
	]
}