{
	"format_version": "1.12.0",
	"minecraft:geometry": [
		{
			"description": {
				"identifier": "geometry.unknown",
				"texture_width": 128,
				"texture_height": 128,
				"visible_bounds_width": 8,
				"visible_bounds_height": 4,
				"visible_bounds_offset": [0, 1, 0]
			},
			"bones": [
				{
					"name": "main",
					"pivot": [0, 20, 0]
				},
				{
					"name": "gun",
					"parent": "main",
					"pivot": [1, 11, -1]
				},
				{
					"name": "barrel",
					"parent": "gun",
					"pivot": [0.2, 21.3, -73.65],
					"cubes": [
						{
							"origin": [-1, 21.7, -57.45],
							"size": [2, 2, 42.4],
							"inflate": -0.3,
							"pivot": [0, 22.7, -64.05],
							"rotation": [0, 0, -20],
							"uv": {
								"north": {"uv": [94, 79], "uv_size": [2, 2]},
								"east": {"uv": [48, 30], "uv_size": [44, 2]},
								"south": {"uv": [94, 83], "uv_size": [2, 2]},
								"west": {"uv": [48, 32], "uv_size": [44, 2]},
								"up": {"uv": [48, 34], "uv_size": [2, 44]},
								"down": {"uv": [40, 92], "uv_size": [2, -44]}
							}
						}
					]
				},
				{
					"name": "muzzledef",
					"parent": "barrel",
					"pivot": [0.2, 21.3, -73.65],
					"cubes": [
						{
							"origin": [-1.1, 21.6, -60.15],
							"size": [2.2, 2.2, 3.3],
							"inflate": -0.3,
							"pivot": [0, 22.7, -85.95],
							"rotation": [0, 0, -20],
							"uv": {
								"north": {"uv": [23, 95], "uv_size": [2, 2]},
								"east": {"uv": [88, 91], "uv_size": [3, 2]},
								"south": {"uv": [95, 34], "uv_size": [2, 2]},
								"west": {"uv": [91, 91], "uv_size": [3, 2]},
								"up": {"uv": [63, 91], "uv_size": [2, 3]},
								"down": {"uv": [92, 33], "uv_size": [2, -3]}
							}
						},
						{
							"origin": [0.3, 22.7, -61.65],
							"size": [0.8, 1.1, 2.1],
							"inflate": -0.3,
							"pivot": [0, 22.7, -88.65],
							"rotation": [0, 0, -20],
							"uv": {
								"north": {"uv": [99, 23], "uv_size": [2, 1]},
								"east": {"uv": [99, 23], "uv_size": [2, 1]},
								"south": {"uv": [99, 23], "uv_size": [2, 1]},
								"west": {"uv": [99, 23], "uv_size": [2, 1]},
								"up": {"uv": [101, 24], "uv_size": [-2, -1]},
								"down": {"uv": [101, 24], "uv_size": [-2, -1]}
							}
						},
						{
							"origin": [0, 23, -61.65],
							"size": [0.9, 0.8, 2.1],
							"inflate": -0.3,
							"pivot": [0, 22.7, -88.65],
							"rotation": [0, 0, -20],
							"uv": {
								"north": {"uv": [99, 23], "uv_size": [2, 1]},
								"east": {"uv": [99, 23], "uv_size": [2, 1]},
								"south": {"uv": [99, 23], "uv_size": [2, 1]},
								"west": {"uv": [99, 23], "uv_size": [2, 1]},
								"up": {"uv": [101, 24], "uv_size": [-2, -1]},
								"down": {"uv": [101, 24], "uv_size": [-2, -1]}
							}
						},
						{
							"origin": [-0.6, 21.2, -61.65],
							"size": [0.8, 1.1, 2.1],
							"inflate": -0.3,
							"pivot": [-0.9, 21.2, -88.65],
							"rotation": [0, 0, -20],
							"uv": {
								"north": {"uv": [99, 23], "uv_size": [2, 1]},
								"east": {"uv": [99, 23], "uv_size": [2, 1]},
								"south": {"uv": [99, 23], "uv_size": [2, 1]},
								"west": {"uv": [99, 23], "uv_size": [2, 1]},
								"up": {"uv": [101, 24], "uv_size": [-2, -1]},
								"down": {"uv": [101, 24], "uv_size": [-2, -1]}
							}
						},
						{
							"origin": [-0.4, 21.2, -61.65],
							"size": [0.9, 0.8, 2.1],
							"inflate": -0.3,
							"pivot": [-0.9, 21.2, -88.65],
							"rotation": [0, 0, -20],
							"uv": {
								"north": {"uv": [99, 23], "uv_size": [2, 1]},
								"east": {"uv": [99, 23], "uv_size": [2, 1]},
								"south": {"uv": [99, 23], "uv_size": [2, 1]},
								"west": {"uv": [99, 23], "uv_size": [2, 1]},
								"up": {"uv": [101, 24], "uv_size": [-2, -1]},
								"down": {"uv": [101, 24], "uv_size": [-2, -1]}
							}
						},
						{
							"origin": [-1, 22.5, -61.65],
							"size": [1.1, 0.8, 2.1],
							"inflate": -0.3,
							"pivot": [-1.3, 22.2, -88.65],
							"rotation": [0, 0, -20],
							"uv": {
								"north": {"uv": [99, 23], "uv_size": [2, 1]},
								"east": {"uv": [99, 23], "uv_size": [2, 1]},
								"south": {"uv": [99, 23], "uv_size": [2, 1]},
								"west": {"uv": [99, 23], "uv_size": [2, 1]},
								"up": {"uv": [101, 24], "uv_size": [-2, -1]},
								"down": {"uv": [101, 24], "uv_size": [-2, -1]}
							}
						},
						{
							"origin": [-1, 22.2, -61.65],
							"size": [0.8, 0.9, 2.1],
							"inflate": -0.3,
							"pivot": [-1.3, 22.2, -88.65],
							"rotation": [0, 0, -20],
							"uv": {
								"north": {"uv": [99, 23], "uv_size": [2, 1]},
								"east": {"uv": [99, 23], "uv_size": [2, 1]},
								"south": {"uv": [99, 23], "uv_size": [2, 1]},
								"west": {"uv": [99, 23], "uv_size": [2, 1]},
								"up": {"uv": [101, 24], "uv_size": [-2, -1]},
								"down": {"uv": [101, 24], "uv_size": [-2, -1]}
							}
						},
						{
							"origin": [0.5, 21.6, -61.65],
							"size": [1.1, 0.8, 2.1],
							"inflate": -0.3,
							"pivot": [0.2, 21.3, -88.65],
							"rotation": [0, 0, -20],
							"uv": {
								"north": {"uv": [99, 23], "uv_size": [2, 1]},
								"east": {"uv": [99, 23], "uv_size": [2, 1]},
								"south": {"uv": [99, 23], "uv_size": [2, 1]},
								"west": {"uv": [99, 23], "uv_size": [2, 1]},
								"up": {"uv": [101, 24], "uv_size": [-2, -1]},
								"down": {"uv": [101, 24], "uv_size": [-2, -1]}
							}
						},
						{
							"origin": [0.8, 21.8, -61.65],
							"size": [0.8, 0.9, 2.1],
							"inflate": -0.3,
							"pivot": [0.2, 21.3, -88.65],
							"rotation": [0, 0, -20],
							"uv": {
								"north": {"uv": [99, 23], "uv_size": [2, 1]},
								"east": {"uv": [99, 23], "uv_size": [2, 1]},
								"south": {"uv": [99, 23], "uv_size": [2, 1]},
								"west": {"uv": [99, 23], "uv_size": [2, 1]},
								"up": {"uv": [101, 24], "uv_size": [-2, -1]},
								"down": {"uv": [101, 24], "uv_size": [-2, -1]}
							}
						}
					]
				},
				{
					"name": "stockadapter",
					"parent": "gun",
					"pivot": [-4.95, 18.5, 12.2]
				},
				{
					"name": "muzzleflash",
					"parent": "main",
					"pivot": [0, 23.65, -68.45],
					"cubes": [
						{
							"origin": [-0.6, 22.25, -62.05],
							"size": [1, 1, 1],
							"inflate": -0.4,
							"uv": {
								"north": {"uv": [107, 40], "uv_size": [1, 1]},
								"east": {"uv": [41, 107], "uv_size": [1, 1]},
								"south": {"uv": [107, 41], "uv_size": [1, 1]},
								"west": {"uv": [42, 107], "uv_size": [1, 1]},
								"up": {"uv": [107, 42], "uv_size": [1, 1]},
								"down": {"uv": [43, 108], "uv_size": [1, -1]}
							}
						}
					]
				},
				{
					"name": "_cb_suppressor",
					"parent": "main",
					"pivot": [0, 23.45, -67.625],
					"cubes": [
						{"origin": [-0.5, 22.25, -58.225], "size": [1, 1, 1], "uv": [27, 69]}
					]
				},
				{
					"name": "_ca_barrel",
					"parent": "main",
					"pivot": [-0.2, 20.65, -26.725],
					"cubes": [
						{"origin": [-0.4, 22.35, -19.725], "size": [1, 1, 1], "uv": [27, 69]}
					]
				}
			]
		}
	]
}