{
	"format_version": "1.12.0",
	"minecraft:geometry": [
		{
			"description": {
				"identifier": "geometry.stg762.geo",
				"texture_width": 128,
				"texture_height": 128,
				"visible_bounds_width": 12,
				"visible_bounds_height": 4,
				"visible_bounds_offset": [0, 1, 0]
			},
			"bones": [
				{
					"name": "main",
					"pivot": [0, 20, 0]
				},
				{
					"name": "gun",
					"parent": "main",
					"pivot": [1, 11, -1]
				},
				{
					"name": "stock",
					"parent": "gun",
					"pivot": [0.65, 20.7, 9.1],
					"cubes": [
						{
							"origin": [-0.85, 13.4, 36],
							"size": [1.7, 11.9, 1.2],
							"uv": {
								"north": {"uv": [10, 83], "uv_size": [2, 12]},
								"east": {"uv": [53, 93], "uv_size": [1, 12]},
								"south": {"uv": [71, 84], "uv_size": [2, 12]},
								"west": {"uv": [54, 93], "uv_size": [1, 12]},
								"up": {"uv": [58, 106], "uv_size": [2, 1]},
								"down": {"uv": [62, 107], "uv_size": [2, -1]}
							}
						},
						{
							"origin": [-0.85, 16.4, 34.1],
							"size": [1.7, 7.4, 1.9],
							"uv": {
								"north": {"uv": [36, 89], "uv_size": [2, 7]},
								"east": {"uv": [32, 90], "uv_size": [2, 7]},
								"south": {"uv": [34, 90], "uv_size": [2, 7]},
								"west": {"uv": [67, 90], "uv_size": [2, 7]},
								"up": {"uv": [36, 103], "uv_size": [2, 2]},
								"down": {"uv": [103, 50], "uv_size": [2, -2]}
							}
						},
						{
							"origin": [-0.85, 20.7, 10.6],
							"size": [1.7, 3, 26.6],
							"pivot": [0.65, 20.7, 9.1],
							"rotation": [-15, 0, 0],
							"uv": {
								"north": {"uv": [80, 106], "uv_size": [2, 1]},
								"east": {"uv": [6, 48], "uv_size": [27, 3]},
								"south": {"uv": [100, 69], "uv_size": [2, 3]},
								"west": {"uv": [49, 36], "uv_size": [27, 3]},
								"up": {"uv": [49, 65], "uv_size": [2, 27]},
								"down": {"uv": [51, 92], "uv_size": [2, -27]}
							}
						},
						{
							"origin": [-0.85, 23.7, 10.1],
							"size": [1.7, 3.2, 24.3],
							"pivot": [0.65, 20.7, 9.1],
							"rotation": [-15, 0, 0],
							"uv": {
								"north": {"uv": [80, 106], "uv_size": [2, 1]},
								"east": {"uv": [50, 6], "uv_size": [24, 3]},
								"south": {"uv": [16, 101], "uv_size": [2, 3]},
								"west": {"uv": [50, 9], "uv_size": [24, 3]},
								"up": {"uv": [6, 70], "uv_size": [2, 24]},
								"down": {"uv": [8, 94], "uv_size": [2, -24]}
							}
						},
						{
							"origin": [-0.85, 24.3, 11.6],
							"size": [1.7, 1.5, 24.4],
							"pivot": [0.65, 24.3, 9.1],
							"rotation": [-1, 0, 0],
							"uv": {
								"north": {"uv": [106, 63], "uv_size": [2, 1]},
								"east": {"uv": [75, 56], "uv_size": [24, 1]},
								"south": {"uv": [106, 64], "uv_size": [2, 1]},
								"west": {"uv": [80, 20], "uv_size": [24, 1]},
								"up": {"uv": [53, 65], "uv_size": [2, 24]},
								"down": {"uv": [55, 89], "uv_size": [2, -24]}
							}
						},
						{
							"origin": [-0.85, 18.1, 20.1],
							"size": [1.7, 6.2, 15.9],
							"pivot": [0.65, 24.3, 9.1],
							"rotation": [-1, 0, 0],
							"uv": {
								"north": {"uv": [93, 40], "uv_size": [2, 6]},
								"east": {"uv": [45, 20], "uv_size": [16, 6]},
								"south": {"uv": [55, 93], "uv_size": [2, 6]},
								"west": {"uv": [45, 26], "uv_size": [16, 6]},
								"up": {"uv": [80, 79], "uv_size": [2, 16]},
								"down": {"uv": [41, 97], "uv_size": [2, -16]}
							}
						},
						{
							"origin": [-0.85, 26.5, 9.8],
							"size": [1.7, 1, 1.8],
							"uv": {
								"north": {"uv": [80, 106], "uv_size": [2, 1]},
								"east": {"uv": [106, 103], "uv_size": [2, 1]},
								"south": {"uv": [106, 104], "uv_size": [2, 1]},
								"west": {"uv": [105, 106], "uv_size": [2, 1]},
								"up": {"uv": [34, 103], "uv_size": [2, 2]},
								"down": {"uv": [103, 36], "uv_size": [2, -2]}
							}
						},
						{
							"origin": [-0.95, 20, 9.8],
							"size": [1.9, 3, 1.9],
							"uv": {
								"north": {"uv": [80, 106], "uv_size": [2, 1]},
								"east": {"uv": [87, 40], "uv_size": [6, 3]},
								"south": {"uv": [49, 96], "uv_size": [3, 3]},
								"west": {"uv": [87, 43], "uv_size": [6, 3]},
								"up": {"uv": [82, 107], "uv_size": [-2, -1]},
								"down": {"uv": [87, 64], "uv_size": [3, -6]}
							}
						}
					]
				},
				{
					"name": "bone3",
					"parent": "stock",
					"pivot": [-3.05, 23, 6.4],
					"rotation": [0, 14, 0],
					"cubes": [
						{
							"origin": [-2.95, 24.9, 10],
							"size": [1.8, 1.4, 2],
							"pivot": [-0.65, 24.6, 6.4],
							"rotation": [0, 0, 32],
							"uv": {
								"north": {"uv": [106, 71], "uv_size": [2, 1]},
								"east": {"uv": [106, 71], "uv_size": [2, 1]},
								"south": {"uv": [106, 71], "uv_size": [2, 1]},
								"west": {"uv": [106, 71], "uv_size": [2, 1]},
								"up": {"uv": [108, 72], "uv_size": [-2, -1]},
								"down": {"uv": [108, 72], "uv_size": [-2, -1]}
							}
						},
						{
							"origin": [-3.05, 24.1, 10],
							"size": [1.8, 1.4, 2.1],
							"pivot": [-0.75, 23.8, 6.4],
							"rotation": [0, 0, 17],
							"uv": {
								"north": {"uv": [106, 75], "uv_size": [2, 1]},
								"east": {"uv": [106, 75], "uv_size": [2, 1]},
								"south": {"uv": [106, 75], "uv_size": [2, 1]},
								"west": {"uv": [106, 75], "uv_size": [2, 1]},
								"up": {"uv": [108, 76], "uv_size": [-2, -1]},
								"down": {"uv": [108, 76], "uv_size": [-2, -1]}
							}
						},
						{
							"origin": [-3.05, 24.1, 12],
							"size": [1, 1.4, 2.9],
							"pivot": [-0.75, 23.8, 6.4],
							"rotation": [0, 0, 17],
							"uv": {
								"north": {"uv": [106, 75], "uv_size": [2, 1]},
								"east": {"uv": [106, 75], "uv_size": [2, 1]},
								"south": {"uv": [106, 75], "uv_size": [2, 1]},
								"west": {"uv": [106, 75], "uv_size": [2, 1]},
								"up": {"uv": [108, 76], "uv_size": [-2, -1]},
								"down": {"uv": [108, 76], "uv_size": [-2, -1]}
							}
						},
						{
							"origin": [-2.95, 24.9, 12],
							"size": [1.2, 0.5, 2.8],
							"pivot": [-0.65, 24.6, 6.4],
							"rotation": [0, 0, 32],
							"uv": {
								"north": {"uv": [106, 71], "uv_size": [2, 1]},
								"east": {"uv": [106, 71], "uv_size": [2, 1]},
								"south": {"uv": [106, 71], "uv_size": [2, 1]},
								"west": {"uv": [106, 71], "uv_size": [2, 1]},
								"up": {"uv": [108, 72], "uv_size": [-2, -1]},
								"down": {"uv": [108, 72], "uv_size": [-2, -1]}
							}
						},
						{
							"origin": [-2.85, 23.9, 10],
							"size": [1.2, 0.9, 4.9],
							"uv": {
								"north": {"uv": [91, 106], "uv_size": [2, 1]},
								"east": {"uv": [91, 106], "uv_size": [2, 1]},
								"south": {"uv": [91, 106], "uv_size": [2, 1]},
								"west": {"uv": [91, 106], "uv_size": [2, 1]},
								"up": {"uv": [93, 107], "uv_size": [-2, -1]},
								"down": {"uv": [93, 107], "uv_size": [-2, -1]}
							}
						},
						{
							"origin": [-2.45, 23.3, 10],
							"size": [0.6, 1.4, 4.9],
							"pivot": [-0.15, 23, 4.2],
							"rotation": [0, 0, -17],
							"uv": {
								"north": {"uv": [1, 107], "uv_size": [2, 1]},
								"east": {"uv": [1, 107], "uv_size": [2, 1]},
								"south": {"uv": [1, 107], "uv_size": [2, 1]},
								"west": {"uv": [1, 107], "uv_size": [2, 1]},
								"up": {"uv": [3, 108], "uv_size": [-2, -1]},
								"down": {"uv": [3, 108], "uv_size": [-2, -1]}
							}
						},
						{
							"origin": [-2.45, 20, 10.1],
							"size": [0.8, 3, 4.8],
							"uv": {
								"north": {"uv": [100, 103], "uv_size": [1, 3]},
								"east": {"uv": [100, 95], "uv_size": [2, 3]},
								"south": {"uv": [17, 104], "uv_size": [1, 3]},
								"west": {"uv": [80, 106], "uv_size": [2, 1]},
								"up": {"uv": [82, 107], "uv_size": [-2, -1]},
								"down": {"uv": [16, 109], "uv_size": [1, -2]}
							}
						}
					]
				},
				{
					"name": "bone",
					"parent": "stock",
					"pivot": [1.55, 23, 6],
					"rotation": [0, -14, 0],
					"cubes": [
						{
							"origin": [1.65, 27, 9.7],
							"size": [0.8, 1.4, 2.8],
							"pivot": [4.15, 26.7, 6],
							"rotation": [0, 0, -32],
							"uv": {
								"north": {"uv": [80, 106], "uv_size": [2, 1]},
								"east": {"uv": [80, 106], "uv_size": [2, 1]},
								"south": {"uv": [80, 106], "uv_size": [2, 1]},
								"west": {"uv": [80, 106], "uv_size": [2, 1]},
								"up": {"uv": [82, 107], "uv_size": [-2, -1]},
								"down": {"uv": [82, 107], "uv_size": [-2, -1]}
							}
						},
						{
							"origin": [1.65, 27, 12.5],
							"size": [0.8, 0.9, 0.4],
							"pivot": [4.15, 26.7, 6],
							"rotation": [0, 0, -32],
							"uv": {
								"north": {"uv": [64, 108], "uv_size": [1, 1]},
								"east": {"uv": [106, 79], "uv_size": [2, 1]},
								"south": {"uv": [108, 64], "uv_size": [1, 1]},
								"west": {"uv": [80, 106], "uv_size": [2, 1]},
								"up": {"uv": [68, 106], "uv_size": [1, 2]},
								"down": {"uv": [72, 108], "uv_size": [1, -2]}
							}
						},
						{
							"origin": [1.85, 25.3, 9.6],
							"size": [1.1, 1.32, 5],
							"pivot": [4.65, 25, 6],
							"rotation": [0, 0, -17],
							"uv": {
								"north": {"uv": [84, 106], "uv_size": [2, 1]},
								"east": {"uv": [84, 106], "uv_size": [2, 1]},
								"south": {"uv": [84, 106], "uv_size": [2, 1]},
								"west": {"uv": [84, 106], "uv_size": [2, 1]},
								"up": {"uv": [86, 107], "uv_size": [-2, -1]},
								"down": {"uv": [86, 107], "uv_size": [-2, -1]}
							}
						},
						{
							"origin": [1.75, 23.9, 9.6],
							"size": [1.2, 0.9, 5],
							"uv": {
								"north": {"uv": [106, 88], "uv_size": [2, 1]},
								"east": {"uv": [106, 88], "uv_size": [2, 1]},
								"south": {"uv": [106, 88], "uv_size": [2, 1]},
								"west": {"uv": [106, 88], "uv_size": [2, 1]},
								"up": {"uv": [108, 89], "uv_size": [-2, -1]},
								"down": {"uv": [108, 89], "uv_size": [-2, -1]}
							}
						},
						{
							"origin": [1.75, 22.1, 9.6],
							"size": [0.6, 1.4, 5],
							"pivot": [4.05, 21.8, 3.8],
							"rotation": [0, 0, 17],
							"uv": {
								"north": {"uv": [72, 108], "uv_size": [1, 1]},
								"east": {"uv": [80, 106], "uv_size": [2, 1]},
								"south": {"uv": [108, 72], "uv_size": [1, 1]},
								"west": {"uv": [6, 107], "uv_size": [2, 1]},
								"up": {"uv": [8, 107], "uv_size": [1, 2]},
								"down": {"uv": [107, 11], "uv_size": [1, -2]}
							}
						},
						{
							"origin": [1.75, 20, 9.7],
							"size": [0.8, 3, 4.9],
							"uv": {
								"north": {"uv": [97, 103], "uv_size": [1, 3]},
								"east": {"uv": [80, 106], "uv_size": [2, 1]},
								"south": {"uv": [99, 103], "uv_size": [1, 3]},
								"west": {"uv": [80, 100], "uv_size": [2, 3]},
								"up": {"uv": [82, 107], "uv_size": [-2, -1]},
								"down": {"uv": [13, 109], "uv_size": [1, -2]}
							}
						}
					]
				},
				{
					"name": "bone5",
					"parent": "stock",
					"pivot": [-2.45, 13.6, 37.1],
					"rotation": [-21, 0, 0],
					"cubes": [
						{
							"origin": [-0.35, 17.1, 6.3],
							"size": [0.7, 0.4, 7.9],
							"uv": {
								"north": {"uv": [80, 106], "uv_size": [2, 1]},
								"east": {"uv": [95, 5], "uv_size": [8, 1]},
								"south": {"uv": [108, 68], "uv_size": [1, 1]},
								"west": {"uv": [99, 44], "uv_size": [8, 1]},
								"up": {"uv": [76, 95], "uv_size": [1, 8]},
								"down": {"uv": [82, 107], "uv_size": [-2, -1]}
							}
						},
						{
							"origin": [-0.85, 16.4, 8.3],
							"size": [1.7, 1.04, 5.5],
							"uv": {
								"north": {"uv": [19, 107], "uv_size": [2, 1]},
								"east": {"uv": [101, 12], "uv_size": [5, 1]},
								"south": {"uv": [107, 20], "uv_size": [2, 1]},
								"west": {"uv": [101, 13], "uv_size": [5, 1]},
								"up": {"uv": [80, 95], "uv_size": [2, 5]},
								"down": {"uv": [95, 96], "uv_size": [2, -5]}
							}
						},
						{
							"origin": [2.2, 19.2, 6.4],
							"size": [0.9, 0.7, 1.9],
							"pivot": [3.75, 15.4, 37.1],
							"rotation": [0, 0, -55],
							"uv": {
								"north": {"uv": [80, 106], "uv_size": [2, 1]},
								"east": {"uv": [80, 106], "uv_size": [2, 1]},
								"south": {"uv": [108, 69], "uv_size": [1, 1]},
								"west": {"uv": [106, 97], "uv_size": [2, 1]},
								"up": {"uv": [94, 106], "uv_size": [1, 2]},
								"down": {"uv": [82, 107], "uv_size": [-2, -1]}
							}
						},
						{
							"origin": [-4, 17.4, 6.4],
							"size": [0.87, 0.7, 1.9],
							"pivot": [-2.45, 13.6, 37.1],
							"rotation": [0, 0, 55],
							"uv": {
								"north": {"uv": [80, 106], "uv_size": [2, 1]},
								"east": {"uv": [100, 106], "uv_size": [2, 1]},
								"south": {"uv": [108, 70], "uv_size": [1, 1]},
								"west": {"uv": [80, 106], "uv_size": [2, 1]},
								"up": {"uv": [106, 101], "uv_size": [1, 2]},
								"down": {"uv": [82, 107], "uv_size": [-2, -1]}
							}
						}
					]
				},
				{
					"name": "_ca_stock",
					"parent": "main",
					"pivot": [-0.2, 21.35, 2.675],
					"cubes": [
						{"origin": [-0.45, 24.45, 9.775], "size": [1, 1, 1], "uv": [52, 179]}
					]
				}
			]
		}
	]
}