{
	"format_version": "1.12.0",
	"minecraft:geometry": [
		{
			"description": {
				"identifier": "geometry.unknown",
				"texture_width": 256,
				"texture_height": 256,
				"visible_bounds_width": 9,
				"visible_bounds_height": 4,
				"visible_bounds_offset": [0, 1, 0]
			},
			"bones": [
				{
					"name": "main",
					"pivot": [0, 20, 0]
				},
				{
					"name": "gun",
					"parent": "main",
					"pivot": [1, 11, -1]
				},
				{
					"name": "handguard",
					"parent": "gun",
					"pivot": [2.35, 23.05, -65.45],
					"cubes": [
						{
							"origin": [-0.9, 26.25, -19.85],
							"size": [1.8, 0.9, 1.8],
							"inflate": 0.002,
							"uv": {
								"north": {"uv": [139, 119], "uv_size": [4, 1]},
								"east": {"uv": [139, 119], "uv_size": [4, 1]},
								"south": {"uv": [139, 119], "uv_size": [4, 1]},
								"west": {"uv": [139, 119], "uv_size": [4, 1]},
								"up": {"uv": [143, 120], "uv_size": [-4, -1]},
								"down": {"uv": [143, 120], "uv_size": [-4, -1]}
							}
						},
						{
							"origin": [1.35, 25.6, -19.85],
							"size": [0.8, 2.1, 1.8],
							"inflate": 0.001,
							"pivot": [2.35, 25.55, -42.85],
							"rotation": [0, 0, -37],
							"uv": {
								"north": {"uv": [139, 119], "uv_size": [4, 1]},
								"east": {"uv": [139, 119], "uv_size": [4, 1]},
								"south": {"uv": [139, 119], "uv_size": [4, 1]},
								"west": {"uv": [139, 119], "uv_size": [4, 1]},
								"up": {"uv": [143, 120], "uv_size": [-4, -1]},
								"down": {"uv": [143, 120], "uv_size": [-4, -1]}
							}
						},
						{
							"origin": [-2.15, 25.6, -19.85],
							"size": [0.8, 2.1, 1.8],
							"inflate": 0.001,
							"pivot": [-2.35, 25.55, -42.85],
							"rotation": [0, 0, 37],
							"uv": {
								"north": {"uv": [139, 119], "uv_size": [4, 1]},
								"east": {"uv": [139, 119], "uv_size": [4, 1]},
								"south": {"uv": [139, 119], "uv_size": [4, 1]},
								"west": {"uv": [139, 119], "uv_size": [4, 1]},
								"up": {"uv": [143, 120], "uv_size": [-4, -1]},
								"down": {"uv": [143, 120], "uv_size": [-4, -1]}
							}
						},
						{
							"origin": [1.35, 20.8, -19.85],
							"size": [0.8, 2.1, 1.8],
							"inflate": 0.001,
							"pivot": [2.35, 22.95, -42.85],
							"rotation": [0, 0, 37],
							"uv": {
								"north": {"uv": [139, 119], "uv_size": [4, 1]},
								"east": {"uv": [139, 119], "uv_size": [4, 1]},
								"south": {"uv": [139, 119], "uv_size": [4, 1]},
								"west": {"uv": [139, 119], "uv_size": [4, 1]},
								"up": {"uv": [143, 120], "uv_size": [-4, -1]},
								"down": {"uv": [143, 120], "uv_size": [-4, -1]}
							}
						},
						{
							"origin": [-0.9, 21.35, -19.85],
							"size": [1.8, 0.9, 1.8],
							"inflate": 0.002,
							"uv": {
								"north": {"uv": [139, 119], "uv_size": [4, 1]},
								"east": {"uv": [139, 119], "uv_size": [4, 1]},
								"south": {"uv": [139, 119], "uv_size": [4, 1]},
								"west": {"uv": [139, 119], "uv_size": [4, 1]},
								"up": {"uv": [143, 120], "uv_size": [-4, -1]},
								"down": {"uv": [143, 120], "uv_size": [-4, -1]}
							}
						},
						{
							"origin": [-0.9, 21.35, -49.95],
							"size": [1.8, 1.3, 1.8],
							"inflate": 0.002,
							"uv": {
								"north": {"uv": [139, 119], "uv_size": [4, 1]},
								"east": {"uv": [139, 119], "uv_size": [4, 1]},
								"south": {"uv": [139, 119], "uv_size": [4, 1]},
								"west": {"uv": [139, 119], "uv_size": [4, 1]},
								"up": {"uv": [143, 120], "uv_size": [-4, -1]},
								"down": {"uv": [143, 120], "uv_size": [-4, -1]}
							}
						},
						{
							"origin": [-0.9, 25.85, -49.95],
							"size": [1.8, 1.3, 1.8],
							"inflate": 0.002,
							"uv": {
								"north": {"uv": [139, 119], "uv_size": [4, 1]},
								"east": {"uv": [139, 119], "uv_size": [4, 1]},
								"south": {"uv": [139, 119], "uv_size": [4, 1]},
								"west": {"uv": [139, 119], "uv_size": [4, 1]},
								"up": {"uv": [143, 120], "uv_size": [-4, -1]},
								"down": {"uv": [143, 120], "uv_size": [-4, -1]}
							}
						},
						{
							"origin": [-2.15, 20.8, -19.85],
							"size": [0.8, 2.1, 1.8],
							"inflate": 0.001,
							"pivot": [-2.35, 22.95, -42.85],
							"rotation": [0, 0, -37],
							"uv": {
								"north": {"uv": [139, 119], "uv_size": [4, 1]},
								"east": {"uv": [139, 119], "uv_size": [4, 1]},
								"south": {"uv": [139, 119], "uv_size": [4, 1]},
								"west": {"uv": [139, 119], "uv_size": [4, 1]},
								"up": {"uv": [143, 120], "uv_size": [-4, -1]},
								"down": {"uv": [143, 120], "uv_size": [-4, -1]}
							}
						},
						{
							"origin": [1.35, 23.05, -19.85],
							"size": [0.8, 2.4, 1.8],
							"uv": {
								"north": {"uv": [139, 119], "uv_size": [4, 1]},
								"east": {"uv": [139, 119], "uv_size": [4, 1]},
								"south": {"uv": [139, 119], "uv_size": [4, 1]},
								"west": {"uv": [139, 119], "uv_size": [4, 1]},
								"up": {"uv": [143, 120], "uv_size": [-4, -1]},
								"down": {"uv": [143, 120], "uv_size": [-4, -1]}
							}
						},
						{
							"origin": [-2.15, 23.05, -19.85],
							"size": [0.8, 2.4, 1.8],
							"uv": {
								"north": {"uv": [139, 119], "uv_size": [4, 1]},
								"east": {"uv": [139, 119], "uv_size": [4, 1]},
								"south": {"uv": [139, 119], "uv_size": [4, 1]},
								"west": {"uv": [139, 119], "uv_size": [4, 1]},
								"up": {"uv": [143, 120], "uv_size": [-4, -1]},
								"down": {"uv": [143, 120], "uv_size": [-4, -1]}
							}
						},
						{
							"origin": [0.95, 25.6, -49.95],
							"size": [1.2, 2.1, 1.8],
							"inflate": 0.001,
							"pivot": [2.35, 25.55, -72.95],
							"rotation": [0, 0, -37],
							"uv": {
								"north": {"uv": [139, 119], "uv_size": [4, 1]},
								"east": {"uv": [139, 119], "uv_size": [4, 1]},
								"south": {"uv": [139, 119], "uv_size": [4, 1]},
								"west": {"uv": [139, 119], "uv_size": [4, 1]},
								"up": {"uv": [143, 120], "uv_size": [-4, -1]},
								"down": {"uv": [143, 120], "uv_size": [-4, -1]}
							}
						},
						{
							"origin": [1.05, 23.05, -49.95],
							"size": [1.1, 2.4, 1.8],
							"uv": {
								"north": {"uv": [139, 119], "uv_size": [4, 1]},
								"east": {"uv": [139, 119], "uv_size": [4, 1]},
								"south": {"uv": [139, 119], "uv_size": [4, 1]},
								"west": {"uv": [139, 119], "uv_size": [4, 1]},
								"up": {"uv": [143, 120], "uv_size": [-4, -1]},
								"down": {"uv": [143, 120], "uv_size": [-4, -1]}
							}
						},
						{
							"origin": [0.95, 20.8, -49.95],
							"size": [1.2, 2.1, 1.8],
							"inflate": 0.001,
							"pivot": [2.35, 22.95, -72.95],
							"rotation": [0, 0, 37],
							"uv": {
								"north": {"uv": [139, 119], "uv_size": [4, 1]},
								"east": {"uv": [139, 119], "uv_size": [4, 1]},
								"south": {"uv": [139, 119], "uv_size": [4, 1]},
								"west": {"uv": [139, 119], "uv_size": [4, 1]},
								"up": {"uv": [143, 120], "uv_size": [-4, -1]},
								"down": {"uv": [143, 120], "uv_size": [-4, -1]}
							}
						},
						{
							"origin": [-2.15, 20.8, -49.95],
							"size": [1.2, 2.1, 1.8],
							"inflate": 0.001,
							"pivot": [-2.35, 22.95, -72.95],
							"rotation": [0, 0, -37],
							"uv": {
								"north": {"uv": [139, 119], "uv_size": [4, 1]},
								"east": {"uv": [139, 119], "uv_size": [4, 1]},
								"south": {"uv": [139, 119], "uv_size": [4, 1]},
								"west": {"uv": [139, 119], "uv_size": [4, 1]},
								"up": {"uv": [143, 120], "uv_size": [-4, -1]},
								"down": {"uv": [143, 120], "uv_size": [-4, -1]}
							}
						},
						{
							"origin": [-2.15, 23.05, -49.95],
							"size": [1.1, 2.4, 1.8],
							"uv": {
								"north": {"uv": [139, 119], "uv_size": [4, 1]},
								"east": {"uv": [139, 119], "uv_size": [4, 1]},
								"south": {"uv": [139, 119], "uv_size": [4, 1]},
								"west": {"uv": [139, 119], "uv_size": [4, 1]},
								"up": {"uv": [143, 120], "uv_size": [-4, -1]},
								"down": {"uv": [143, 120], "uv_size": [-4, -1]}
							}
						},
						{
							"origin": [-2.15, 25.6, -49.95],
							"size": [1.2, 2.1, 1.8],
							"inflate": 0.001,
							"pivot": [-2.35, 25.55, -72.95],
							"rotation": [0, 0, 37],
							"uv": {
								"north": {"uv": [139, 119], "uv_size": [4, 1]},
								"east": {"uv": [139, 119], "uv_size": [4, 1]},
								"south": {"uv": [139, 119], "uv_size": [4, 1]},
								"west": {"uv": [139, 119], "uv_size": [4, 1]},
								"up": {"uv": [143, 120], "uv_size": [-4, -1]},
								"down": {"uv": [143, 120], "uv_size": [-4, -1]}
							}
						}
					]
				},
				{
					"name": "bone12",
					"parent": "handguard",
					"pivot": [1.35, 25.45, -23.85],
					"cubes": [
						{
							"origin": [2.25, 23.05, -21.95],
							"size": [0.1, 0.95, 0.5],
							"uv": {
								"north": {"uv": [52, 45], "uv_size": [13, 5]},
								"east": {"uv": [52, 45], "uv_size": [13, 5]},
								"south": {"uv": [52, 45], "uv_size": [13, 5]},
								"west": {"uv": [52, 45], "uv_size": [13, 5]},
								"up": {"uv": [65, 50], "uv_size": [-13, -5]},
								"down": {"uv": [65, 50], "uv_size": [-13, -5]}
							}
						},
						{
							"origin": [2.25, 23.05, -24.05],
							"size": [0.1, 0.95, 0.5],
							"uv": {
								"north": {"uv": [52, 45], "uv_size": [13, 5]},
								"east": {"uv": [52, 45], "uv_size": [13, 5]},
								"south": {"uv": [52, 45], "uv_size": [13, 5]},
								"west": {"uv": [52, 45], "uv_size": [13, 5]},
								"up": {"uv": [65, 50], "uv_size": [-13, -5]},
								"down": {"uv": [65, 50], "uv_size": [-13, -5]}
							}
						},
						{
							"origin": [2.25, 23.05, -26.15],
							"size": [0.1, 0.95, 0.5],
							"uv": {
								"north": {"uv": [52, 45], "uv_size": [13, 5]},
								"east": {"uv": [52, 45], "uv_size": [13, 5]},
								"south": {"uv": [52, 45], "uv_size": [13, 5]},
								"west": {"uv": [52, 45], "uv_size": [13, 5]},
								"up": {"uv": [65, 50], "uv_size": [-13, -5]},
								"down": {"uv": [65, 50], "uv_size": [-13, -5]}
							}
						},
						{
							"origin": [2.25, 23.05, -28.25],
							"size": [0.1, 0.95, 0.5],
							"uv": {
								"north": {"uv": [52, 45], "uv_size": [13, 5]},
								"east": {"uv": [52, 45], "uv_size": [13, 5]},
								"south": {"uv": [52, 45], "uv_size": [13, 5]},
								"west": {"uv": [52, 45], "uv_size": [13, 5]},
								"up": {"uv": [65, 50], "uv_size": [-13, -5]},
								"down": {"uv": [65, 50], "uv_size": [-13, -5]}
							}
						},
						{
							"origin": [2.25, 23.05, -30.35],
							"size": [0.1, 0.95, 0.5],
							"uv": {
								"north": {"uv": [52, 45], "uv_size": [13, 5]},
								"east": {"uv": [52, 45], "uv_size": [13, 5]},
								"south": {"uv": [52, 45], "uv_size": [13, 5]},
								"west": {"uv": [52, 45], "uv_size": [13, 5]},
								"up": {"uv": [65, 50], "uv_size": [-13, -5]},
								"down": {"uv": [65, 50], "uv_size": [-13, -5]}
							}
						},
						{
							"origin": [2.25, 23.05, -32.45],
							"size": [0.1, 0.95, 0.5],
							"uv": {
								"north": {"uv": [52, 45], "uv_size": [13, 5]},
								"east": {"uv": [52, 45], "uv_size": [13, 5]},
								"south": {"uv": [52, 45], "uv_size": [13, 5]},
								"west": {"uv": [52, 45], "uv_size": [13, 5]},
								"up": {"uv": [65, 50], "uv_size": [-13, -5]},
								"down": {"uv": [65, 50], "uv_size": [-13, -5]}
							}
						},
						{
							"origin": [2.25, 23.05, -34.55],
							"size": [0.1, 0.95, 0.5],
							"uv": {
								"north": {"uv": [52, 45], "uv_size": [13, 5]},
								"east": {"uv": [52, 45], "uv_size": [13, 5]},
								"south": {"uv": [52, 45], "uv_size": [13, 5]},
								"west": {"uv": [52, 45], "uv_size": [13, 5]},
								"up": {"uv": [65, 50], "uv_size": [-13, -5]},
								"down": {"uv": [65, 50], "uv_size": [-13, -5]}
							}
						},
						{
							"origin": [2.25, 23.05, -36.65],
							"size": [0.1, 0.95, 0.5],
							"uv": {
								"north": {"uv": [52, 45], "uv_size": [13, 5]},
								"east": {"uv": [52, 45], "uv_size": [13, 5]},
								"south": {"uv": [52, 45], "uv_size": [13, 5]},
								"west": {"uv": [52, 45], "uv_size": [13, 5]},
								"up": {"uv": [65, 50], "uv_size": [-13, -5]},
								"down": {"uv": [65, 50], "uv_size": [-13, -5]}
							}
						},
						{
							"origin": [2.25, 23.05, -38.75],
							"size": [0.1, 0.95, 0.5],
							"uv": {
								"north": {"uv": [52, 45], "uv_size": [13, 5]},
								"east": {"uv": [52, 45], "uv_size": [13, 5]},
								"south": {"uv": [52, 45], "uv_size": [13, 5]},
								"west": {"uv": [52, 45], "uv_size": [13, 5]},
								"up": {"uv": [65, 50], "uv_size": [-13, -5]},
								"down": {"uv": [65, 50], "uv_size": [-13, -5]}
							}
						},
						{
							"origin": [2.25, 23.05, -40.85],
							"size": [0.1, 0.95, 0.5],
							"uv": {
								"north": {"uv": [52, 45], "uv_size": [13, 5]},
								"east": {"uv": [52, 45], "uv_size": [13, 5]},
								"south": {"uv": [52, 45], "uv_size": [13, 5]},
								"west": {"uv": [52, 45], "uv_size": [13, 5]},
								"up": {"uv": [65, 50], "uv_size": [-13, -5]},
								"down": {"uv": [65, 50], "uv_size": [-13, -5]}
							}
						},
						{
							"origin": [2.25, 23.05, -42.95],
							"size": [0.1, 0.95, 0.5],
							"uv": {
								"north": {"uv": [52, 45], "uv_size": [13, 5]},
								"east": {"uv": [52, 45], "uv_size": [13, 5]},
								"south": {"uv": [52, 45], "uv_size": [13, 5]},
								"west": {"uv": [52, 45], "uv_size": [13, 5]},
								"up": {"uv": [65, 50], "uv_size": [-13, -5]},
								"down": {"uv": [65, 50], "uv_size": [-13, -5]}
							}
						},
						{
							"origin": [1.35, 23.05, -49.55],
							"size": [0.9, 2.5, 29.7],
							"uv": {
								"north": {"uv": [126, 74], "uv_size": [3, 3]},
								"east": {"uv": [126, 74], "uv_size": [3, 3]},
								"south": {"uv": [126, 74], "uv_size": [3, 3]},
								"west": {"uv": [126, 74], "uv_size": [3, 3]},
								"up": {"uv": [129, 77], "uv_size": [-3, -3]},
								"down": {"uv": [129, 77], "uv_size": [-3, -3]}
							}
						},
						{
							"origin": [2.25, 24.3, -49.55],
							"size": [0.1, 0.2, 29.7],
							"uv": {
								"north": {"uv": [52, 45], "uv_size": [13, 5]},
								"east": {"uv": [52, 45], "uv_size": [13, 5]},
								"south": {"uv": [52, 45], "uv_size": [13, 5]},
								"west": {"uv": [52, 45], "uv_size": [13, 5]},
								"up": {"uv": [65, 50], "uv_size": [-13, -5]},
								"down": {"uv": [65, 50], "uv_size": [-13, -5]}
							}
						},
						{
							"origin": [2.25, 24, -49.55],
							"size": [0.1, 0.2, 29.7],
							"uv": {
								"north": {"uv": [52, 45], "uv_size": [13, 5]},
								"east": {"uv": [52, 45], "uv_size": [13, 5]},
								"south": {"uv": [52, 45], "uv_size": [13, 5]},
								"west": {"uv": [52, 45], "uv_size": [13, 5]},
								"up": {"uv": [65, 50], "uv_size": [-13, -5]},
								"down": {"uv": [65, 50], "uv_size": [-13, -5]}
							}
						},
						{
							"origin": [2.25, 24.5, -42.95],
							"size": [0.1, 1.05, 0.5],
							"uv": {
								"north": {"uv": [52, 45], "uv_size": [13, 5]},
								"east": {"uv": [52, 45], "uv_size": [13, 5]},
								"south": {"uv": [52, 45], "uv_size": [13, 5]},
								"west": {"uv": [52, 45], "uv_size": [13, 5]},
								"up": {"uv": [65, 50], "uv_size": [-13, -5]},
								"down": {"uv": [65, 50], "uv_size": [-13, -5]}
							}
						},
						{
							"origin": [2.25, 23.05, -45.05],
							"size": [0.1, 0.95, 0.5],
							"uv": {
								"north": {"uv": [52, 45], "uv_size": [13, 5]},
								"east": {"uv": [52, 45], "uv_size": [13, 5]},
								"south": {"uv": [52, 45], "uv_size": [13, 5]},
								"west": {"uv": [52, 45], "uv_size": [13, 5]},
								"up": {"uv": [65, 50], "uv_size": [-13, -5]},
								"down": {"uv": [65, 50], "uv_size": [-13, -5]}
							}
						},
						{
							"origin": [2.25, 24.5, -45.05],
							"size": [0.1, 1.05, 0.5],
							"uv": {
								"north": {"uv": [52, 45], "uv_size": [13, 5]},
								"east": {"uv": [52, 45], "uv_size": [13, 5]},
								"south": {"uv": [52, 45], "uv_size": [13, 5]},
								"west": {"uv": [52, 45], "uv_size": [13, 5]},
								"up": {"uv": [65, 50], "uv_size": [-13, -5]},
								"down": {"uv": [65, 50], "uv_size": [-13, -5]}
							}
						},
						{
							"origin": [2.25, 23.05, -47.15],
							"size": [0.1, 0.95, 0.5],
							"uv": {
								"north": {"uv": [52, 45], "uv_size": [13, 5]},
								"east": {"uv": [52, 45], "uv_size": [13, 5]},
								"south": {"uv": [52, 45], "uv_size": [13, 5]},
								"west": {"uv": [52, 45], "uv_size": [13, 5]},
								"up": {"uv": [65, 50], "uv_size": [-13, -5]},
								"down": {"uv": [65, 50], "uv_size": [-13, -5]}
							}
						},
						{
							"origin": [2.25, 24.5, -47.15],
							"size": [0.1, 1.05, 0.5],
							"uv": {
								"north": {"uv": [52, 45], "uv_size": [13, 5]},
								"east": {"uv": [52, 45], "uv_size": [13, 5]},
								"south": {"uv": [52, 45], "uv_size": [13, 5]},
								"west": {"uv": [52, 45], "uv_size": [13, 5]},
								"up": {"uv": [65, 50], "uv_size": [-13, -5]},
								"down": {"uv": [65, 50], "uv_size": [-13, -5]}
							}
						},
						{
							"origin": [2.25, 24.5, -40.85],
							"size": [0.1, 1.05, 0.5],
							"uv": {
								"north": {"uv": [52, 45], "uv_size": [13, 5]},
								"east": {"uv": [52, 45], "uv_size": [13, 5]},
								"south": {"uv": [52, 45], "uv_size": [13, 5]},
								"west": {"uv": [52, 45], "uv_size": [13, 5]},
								"up": {"uv": [65, 50], "uv_size": [-13, -5]},
								"down": {"uv": [65, 50], "uv_size": [-13, -5]}
							}
						},
						{
							"origin": [2.25, 24.5, -38.75],
							"size": [0.1, 1.05, 0.5],
							"uv": {
								"north": {"uv": [52, 45], "uv_size": [13, 5]},
								"east": {"uv": [52, 45], "uv_size": [13, 5]},
								"south": {"uv": [52, 45], "uv_size": [13, 5]},
								"west": {"uv": [52, 45], "uv_size": [13, 5]},
								"up": {"uv": [65, 50], "uv_size": [-13, -5]},
								"down": {"uv": [65, 50], "uv_size": [-13, -5]}
							}
						},
						{
							"origin": [2.25, 24.5, -36.65],
							"size": [0.1, 1.05, 0.5],
							"uv": {
								"north": {"uv": [52, 45], "uv_size": [13, 5]},
								"east": {"uv": [52, 45], "uv_size": [13, 5]},
								"south": {"uv": [52, 45], "uv_size": [13, 5]},
								"west": {"uv": [52, 45], "uv_size": [13, 5]},
								"up": {"uv": [65, 50], "uv_size": [-13, -5]},
								"down": {"uv": [65, 50], "uv_size": [-13, -5]}
							}
						},
						{
							"origin": [2.25, 24.5, -34.55],
							"size": [0.1, 1.05, 0.5],
							"uv": {
								"north": {"uv": [52, 45], "uv_size": [13, 5]},
								"east": {"uv": [52, 45], "uv_size": [13, 5]},
								"south": {"uv": [52, 45], "uv_size": [13, 5]},
								"west": {"uv": [52, 45], "uv_size": [13, 5]},
								"up": {"uv": [65, 50], "uv_size": [-13, -5]},
								"down": {"uv": [65, 50], "uv_size": [-13, -5]}
							}
						},
						{
							"origin": [2.25, 24.5, -32.45],
							"size": [0.1, 1.05, 0.5],
							"uv": {
								"north": {"uv": [52, 45], "uv_size": [13, 5]},
								"east": {"uv": [52, 45], "uv_size": [13, 5]},
								"south": {"uv": [52, 45], "uv_size": [13, 5]},
								"west": {"uv": [52, 45], "uv_size": [13, 5]},
								"up": {"uv": [65, 50], "uv_size": [-13, -5]},
								"down": {"uv": [65, 50], "uv_size": [-13, -5]}
							}
						},
						{
							"origin": [2.25, 24.5, -30.35],
							"size": [0.1, 1.05, 0.5],
							"uv": {
								"north": {"uv": [52, 45], "uv_size": [13, 5]},
								"east": {"uv": [52, 45], "uv_size": [13, 5]},
								"south": {"uv": [52, 45], "uv_size": [13, 5]},
								"west": {"uv": [52, 45], "uv_size": [13, 5]},
								"up": {"uv": [65, 50], "uv_size": [-13, -5]},
								"down": {"uv": [65, 50], "uv_size": [-13, -5]}
							}
						},
						{
							"origin": [2.25, 24.5, -28.25],
							"size": [0.1, 1.05, 0.5],
							"uv": {
								"north": {"uv": [52, 45], "uv_size": [13, 5]},
								"east": {"uv": [52, 45], "uv_size": [13, 5]},
								"south": {"uv": [52, 45], "uv_size": [13, 5]},
								"west": {"uv": [52, 45], "uv_size": [13, 5]},
								"up": {"uv": [65, 50], "uv_size": [-13, -5]},
								"down": {"uv": [65, 50], "uv_size": [-13, -5]}
							}
						},
						{
							"origin": [2.25, 24.5, -26.15],
							"size": [0.1, 1.05, 0.5],
							"uv": {
								"north": {"uv": [52, 45], "uv_size": [13, 5]},
								"east": {"uv": [52, 45], "uv_size": [13, 5]},
								"south": {"uv": [52, 45], "uv_size": [13, 5]},
								"west": {"uv": [52, 45], "uv_size": [13, 5]},
								"up": {"uv": [65, 50], "uv_size": [-13, -5]},
								"down": {"uv": [65, 50], "uv_size": [-13, -5]}
							}
						},
						{
							"origin": [2.25, 24.5, -24.05],
							"size": [0.1, 1.05, 0.5],
							"uv": {
								"north": {"uv": [52, 45], "uv_size": [13, 5]},
								"east": {"uv": [52, 45], "uv_size": [13, 5]},
								"south": {"uv": [52, 45], "uv_size": [13, 5]},
								"west": {"uv": [52, 45], "uv_size": [13, 5]},
								"up": {"uv": [65, 50], "uv_size": [-13, -5]},
								"down": {"uv": [65, 50], "uv_size": [-13, -5]}
							}
						},
						{
							"origin": [2.25, 24.5, -21.95],
							"size": [0.1, 1.05, 0.5],
							"uv": {
								"north": {"uv": [52, 45], "uv_size": [13, 5]},
								"east": {"uv": [52, 45], "uv_size": [13, 5]},
								"south": {"uv": [52, 45], "uv_size": [13, 5]},
								"west": {"uv": [52, 45], "uv_size": [13, 5]},
								"up": {"uv": [65, 50], "uv_size": [-13, -5]},
								"down": {"uv": [65, 50], "uv_size": [-13, -5]}
							}
						}
					]
				},
				{
					"name": "bone13",
					"parent": "handguard",
					"pivot": [-1.35, 25.45, -23.85],
					"cubes": [
						{
							"origin": [-2.35, 23.05, -21.95],
							"size": [0.1, 0.95, 0.5],
							"uv": {
								"north": {"uv": [65, 45], "uv_size": [-13, 5]},
								"east": {"uv": [65, 45], "uv_size": [-13, 5]},
								"south": {"uv": [65, 45], "uv_size": [-13, 5]},
								"west": {"uv": [65, 45], "uv_size": [-13, 5]},
								"up": {"uv": [52, 50], "uv_size": [13, -5]},
								"down": {"uv": [52, 50], "uv_size": [13, -5]}
							}
						},
						{
							"origin": [-2.35, 23.05, -24.05],
							"size": [0.1, 0.95, 0.5],
							"uv": {
								"north": {"uv": [65, 45], "uv_size": [-13, 5]},
								"east": {"uv": [65, 45], "uv_size": [-13, 5]},
								"south": {"uv": [65, 45], "uv_size": [-13, 5]},
								"west": {"uv": [65, 45], "uv_size": [-13, 5]},
								"up": {"uv": [52, 50], "uv_size": [13, -5]},
								"down": {"uv": [52, 50], "uv_size": [13, -5]}
							}
						},
						{
							"origin": [-2.35, 23.05, -26.15],
							"size": [0.1, 0.95, 0.5],
							"uv": {
								"north": {"uv": [65, 45], "uv_size": [-13, 5]},
								"east": {"uv": [65, 45], "uv_size": [-13, 5]},
								"south": {"uv": [65, 45], "uv_size": [-13, 5]},
								"west": {"uv": [65, 45], "uv_size": [-13, 5]},
								"up": {"uv": [52, 50], "uv_size": [13, -5]},
								"down": {"uv": [52, 50], "uv_size": [13, -5]}
							}
						},
						{
							"origin": [-2.35, 23.05, -28.25],
							"size": [0.1, 0.95, 0.5],
							"uv": {
								"north": {"uv": [65, 45], "uv_size": [-13, 5]},
								"east": {"uv": [65, 45], "uv_size": [-13, 5]},
								"south": {"uv": [65, 45], "uv_size": [-13, 5]},
								"west": {"uv": [65, 45], "uv_size": [-13, 5]},
								"up": {"uv": [52, 50], "uv_size": [13, -5]},
								"down": {"uv": [52, 50], "uv_size": [13, -5]}
							}
						},
						{
							"origin": [-2.35, 23.05, -30.35],
							"size": [0.1, 0.95, 0.5],
							"uv": {
								"north": {"uv": [65, 45], "uv_size": [-13, 5]},
								"east": {"uv": [65, 45], "uv_size": [-13, 5]},
								"south": {"uv": [65, 45], "uv_size": [-13, 5]},
								"west": {"uv": [65, 45], "uv_size": [-13, 5]},
								"up": {"uv": [52, 50], "uv_size": [13, -5]},
								"down": {"uv": [52, 50], "uv_size": [13, -5]}
							}
						},
						{
							"origin": [-2.35, 23.05, -32.45],
							"size": [0.1, 0.95, 0.5],
							"uv": {
								"north": {"uv": [65, 45], "uv_size": [-13, 5]},
								"east": {"uv": [65, 45], "uv_size": [-13, 5]},
								"south": {"uv": [65, 45], "uv_size": [-13, 5]},
								"west": {"uv": [65, 45], "uv_size": [-13, 5]},
								"up": {"uv": [52, 50], "uv_size": [13, -5]},
								"down": {"uv": [52, 50], "uv_size": [13, -5]}
							}
						},
						{
							"origin": [-2.35, 23.05, -34.55],
							"size": [0.1, 0.95, 0.5],
							"uv": {
								"north": {"uv": [65, 45], "uv_size": [-13, 5]},
								"east": {"uv": [65, 45], "uv_size": [-13, 5]},
								"south": {"uv": [65, 45], "uv_size": [-13, 5]},
								"west": {"uv": [65, 45], "uv_size": [-13, 5]},
								"up": {"uv": [52, 50], "uv_size": [13, -5]},
								"down": {"uv": [52, 50], "uv_size": [13, -5]}
							}
						},
						{
							"origin": [-2.35, 23.05, -36.65],
							"size": [0.1, 0.95, 0.5],
							"uv": {
								"north": {"uv": [65, 45], "uv_size": [-13, 5]},
								"east": {"uv": [65, 45], "uv_size": [-13, 5]},
								"south": {"uv": [65, 45], "uv_size": [-13, 5]},
								"west": {"uv": [65, 45], "uv_size": [-13, 5]},
								"up": {"uv": [52, 50], "uv_size": [13, -5]},
								"down": {"uv": [52, 50], "uv_size": [13, -5]}
							}
						},
						{
							"origin": [-2.35, 23.05, -38.75],
							"size": [0.1, 0.95, 0.5],
							"uv": {
								"north": {"uv": [65, 45], "uv_size": [-13, 5]},
								"east": {"uv": [65, 45], "uv_size": [-13, 5]},
								"south": {"uv": [65, 45], "uv_size": [-13, 5]},
								"west": {"uv": [65, 45], "uv_size": [-13, 5]},
								"up": {"uv": [52, 50], "uv_size": [13, -5]},
								"down": {"uv": [52, 50], "uv_size": [13, -5]}
							}
						},
						{
							"origin": [-2.35, 23.05, -40.85],
							"size": [0.1, 0.95, 0.5],
							"uv": {
								"north": {"uv": [65, 45], "uv_size": [-13, 5]},
								"east": {"uv": [65, 45], "uv_size": [-13, 5]},
								"south": {"uv": [65, 45], "uv_size": [-13, 5]},
								"west": {"uv": [65, 45], "uv_size": [-13, 5]},
								"up": {"uv": [52, 50], "uv_size": [13, -5]},
								"down": {"uv": [52, 50], "uv_size": [13, -5]}
							}
						},
						{
							"origin": [-2.35, 23.05, -42.95],
							"size": [0.1, 0.95, 0.5],
							"uv": {
								"north": {"uv": [65, 45], "uv_size": [-13, 5]},
								"east": {"uv": [65, 45], "uv_size": [-13, 5]},
								"south": {"uv": [65, 45], "uv_size": [-13, 5]},
								"west": {"uv": [65, 45], "uv_size": [-13, 5]},
								"up": {"uv": [52, 50], "uv_size": [13, -5]},
								"down": {"uv": [52, 50], "uv_size": [13, -5]}
							}
						},
						{
							"origin": [-2.25, 23.05, -49.55],
							"size": [0.9, 2.5, 29.7],
							"uv": {
								"north": {"uv": [126, 74], "uv_size": [3, 3]},
								"east": {"uv": [126, 74], "uv_size": [3, 3]},
								"south": {"uv": [126, 74], "uv_size": [3, 3]},
								"west": {"uv": [126, 74], "uv_size": [3, 3]},
								"up": {"uv": [129, 77], "uv_size": [-3, -3]},
								"down": {"uv": [129, 77], "uv_size": [-3, -3]}
							}
						},
						{
							"origin": [-2.35, 24.3, -49.55],
							"size": [0.1, 0.2, 29.7],
							"uv": {
								"north": {"uv": [65, 45], "uv_size": [-13, 5]},
								"east": {"uv": [65, 45], "uv_size": [-13, 5]},
								"south": {"uv": [65, 45], "uv_size": [-13, 5]},
								"west": {"uv": [65, 45], "uv_size": [-13, 5]},
								"up": {"uv": [52, 50], "uv_size": [13, -5]},
								"down": {"uv": [52, 50], "uv_size": [13, -5]}
							}
						},
						{
							"origin": [-2.35, 24, -49.55],
							"size": [0.1, 0.2, 29.7],
							"uv": {
								"north": {"uv": [65, 45], "uv_size": [-13, 5]},
								"east": {"uv": [65, 45], "uv_size": [-13, 5]},
								"south": {"uv": [65, 45], "uv_size": [-13, 5]},
								"west": {"uv": [65, 45], "uv_size": [-13, 5]},
								"up": {"uv": [52, 50], "uv_size": [13, -5]},
								"down": {"uv": [52, 50], "uv_size": [13, -5]}
							}
						},
						{
							"origin": [-2.35, 24.5, -42.95],
							"size": [0.1, 1.05, 0.5],
							"uv": {
								"north": {"uv": [65, 45], "uv_size": [-13, 5]},
								"east": {"uv": [65, 45], "uv_size": [-13, 5]},
								"south": {"uv": [65, 45], "uv_size": [-13, 5]},
								"west": {"uv": [65, 45], "uv_size": [-13, 5]},
								"up": {"uv": [52, 50], "uv_size": [13, -5]},
								"down": {"uv": [52, 50], "uv_size": [13, -5]}
							}
						},
						{
							"origin": [-2.35, 23.05, -45.05],
							"size": [0.1, 0.95, 0.5],
							"uv": {
								"north": {"uv": [65, 45], "uv_size": [-13, 5]},
								"east": {"uv": [65, 45], "uv_size": [-13, 5]},
								"south": {"uv": [65, 45], "uv_size": [-13, 5]},
								"west": {"uv": [65, 45], "uv_size": [-13, 5]},
								"up": {"uv": [52, 50], "uv_size": [13, -5]},
								"down": {"uv": [52, 50], "uv_size": [13, -5]}
							}
						},
						{
							"origin": [-2.35, 24.5, -45.05],
							"size": [0.1, 1.05, 0.5],
							"uv": {
								"north": {"uv": [65, 45], "uv_size": [-13, 5]},
								"east": {"uv": [65, 45], "uv_size": [-13, 5]},
								"south": {"uv": [65, 45], "uv_size": [-13, 5]},
								"west": {"uv": [65, 45], "uv_size": [-13, 5]},
								"up": {"uv": [52, 50], "uv_size": [13, -5]},
								"down": {"uv": [52, 50], "uv_size": [13, -5]}
							}
						},
						{
							"origin": [-2.35, 23.05, -47.15],
							"size": [0.1, 0.95, 0.5],
							"uv": {
								"north": {"uv": [65, 45], "uv_size": [-13, 5]},
								"east": {"uv": [65, 45], "uv_size": [-13, 5]},
								"south": {"uv": [65, 45], "uv_size": [-13, 5]},
								"west": {"uv": [65, 45], "uv_size": [-13, 5]},
								"up": {"uv": [52, 50], "uv_size": [13, -5]},
								"down": {"uv": [52, 50], "uv_size": [13, -5]}
							}
						},
						{
							"origin": [-2.35, 24.5, -47.15],
							"size": [0.1, 1.05, 0.5],
							"uv": {
								"north": {"uv": [65, 45], "uv_size": [-13, 5]},
								"east": {"uv": [65, 45], "uv_size": [-13, 5]},
								"south": {"uv": [65, 45], "uv_size": [-13, 5]},
								"west": {"uv": [65, 45], "uv_size": [-13, 5]},
								"up": {"uv": [52, 50], "uv_size": [13, -5]},
								"down": {"uv": [52, 50], "uv_size": [13, -5]}
							}
						},
						{
							"origin": [-2.35, 24.5, -40.85],
							"size": [0.1, 1.05, 0.5],
							"uv": {
								"north": {"uv": [65, 45], "uv_size": [-13, 5]},
								"east": {"uv": [65, 45], "uv_size": [-13, 5]},
								"south": {"uv": [65, 45], "uv_size": [-13, 5]},
								"west": {"uv": [65, 45], "uv_size": [-13, 5]},
								"up": {"uv": [52, 50], "uv_size": [13, -5]},
								"down": {"uv": [52, 50], "uv_size": [13, -5]}
							}
						},
						{
							"origin": [-2.35, 24.5, -38.75],
							"size": [0.1, 1.05, 0.5],
							"uv": {
								"north": {"uv": [65, 45], "uv_size": [-13, 5]},
								"east": {"uv": [65, 45], "uv_size": [-13, 5]},
								"south": {"uv": [65, 45], "uv_size": [-13, 5]},
								"west": {"uv": [65, 45], "uv_size": [-13, 5]},
								"up": {"uv": [52, 50], "uv_size": [13, -5]},
								"down": {"uv": [52, 50], "uv_size": [13, -5]}
							}
						},
						{
							"origin": [-2.35, 24.5, -36.65],
							"size": [0.1, 1.05, 0.5],
							"uv": {
								"north": {"uv": [65, 45], "uv_size": [-13, 5]},
								"east": {"uv": [65, 45], "uv_size": [-13, 5]},
								"south": {"uv": [65, 45], "uv_size": [-13, 5]},
								"west": {"uv": [65, 45], "uv_size": [-13, 5]},
								"up": {"uv": [52, 50], "uv_size": [13, -5]},
								"down": {"uv": [52, 50], "uv_size": [13, -5]}
							}
						},
						{
							"origin": [-2.35, 24.5, -34.55],
							"size": [0.1, 1.05, 0.5],
							"uv": {
								"north": {"uv": [65, 45], "uv_size": [-13, 5]},
								"east": {"uv": [65, 45], "uv_size": [-13, 5]},
								"south": {"uv": [65, 45], "uv_size": [-13, 5]},
								"west": {"uv": [65, 45], "uv_size": [-13, 5]},
								"up": {"uv": [52, 50], "uv_size": [13, -5]},
								"down": {"uv": [52, 50], "uv_size": [13, -5]}
							}
						},
						{
							"origin": [-2.35, 24.5, -32.45],
							"size": [0.1, 1.05, 0.5],
							"uv": {
								"north": {"uv": [65, 45], "uv_size": [-13, 5]},
								"east": {"uv": [65, 45], "uv_size": [-13, 5]},
								"south": {"uv": [65, 45], "uv_size": [-13, 5]},
								"west": {"uv": [65, 45], "uv_size": [-13, 5]},
								"up": {"uv": [52, 50], "uv_size": [13, -5]},
								"down": {"uv": [52, 50], "uv_size": [13, -5]}
							}
						},
						{
							"origin": [-2.35, 24.5, -30.35],
							"size": [0.1, 1.05, 0.5],
							"uv": {
								"north": {"uv": [65, 45], "uv_size": [-13, 5]},
								"east": {"uv": [65, 45], "uv_size": [-13, 5]},
								"south": {"uv": [65, 45], "uv_size": [-13, 5]},
								"west": {"uv": [65, 45], "uv_size": [-13, 5]},
								"up": {"uv": [52, 50], "uv_size": [13, -5]},
								"down": {"uv": [52, 50], "uv_size": [13, -5]}
							}
						},
						{
							"origin": [-2.35, 24.5, -28.25],
							"size": [0.1, 1.05, 0.5],
							"uv": {
								"north": {"uv": [65, 45], "uv_size": [-13, 5]},
								"east": {"uv": [65, 45], "uv_size": [-13, 5]},
								"south": {"uv": [65, 45], "uv_size": [-13, 5]},
								"west": {"uv": [65, 45], "uv_size": [-13, 5]},
								"up": {"uv": [52, 50], "uv_size": [13, -5]},
								"down": {"uv": [52, 50], "uv_size": [13, -5]}
							}
						},
						{
							"origin": [-2.35, 24.5, -26.15],
							"size": [0.1, 1.05, 0.5],
							"uv": {
								"north": {"uv": [65, 45], "uv_size": [-13, 5]},
								"east": {"uv": [65, 45], "uv_size": [-13, 5]},
								"south": {"uv": [65, 45], "uv_size": [-13, 5]},
								"west": {"uv": [65, 45], "uv_size": [-13, 5]},
								"up": {"uv": [52, 50], "uv_size": [13, -5]},
								"down": {"uv": [52, 50], "uv_size": [13, -5]}
							}
						},
						{
							"origin": [-2.35, 24.5, -24.05],
							"size": [0.1, 1.05, 0.5],
							"uv": {
								"north": {"uv": [65, 45], "uv_size": [-13, 5]},
								"east": {"uv": [65, 45], "uv_size": [-13, 5]},
								"south": {"uv": [65, 45], "uv_size": [-13, 5]},
								"west": {"uv": [65, 45], "uv_size": [-13, 5]},
								"up": {"uv": [52, 50], "uv_size": [13, -5]},
								"down": {"uv": [52, 50], "uv_size": [13, -5]}
							}
						},
						{
							"origin": [-2.35, 24.5, -21.95],
							"size": [0.1, 1.05, 0.5],
							"uv": {
								"north": {"uv": [65, 45], "uv_size": [-13, 5]},
								"east": {"uv": [65, 45], "uv_size": [-13, 5]},
								"south": {"uv": [65, 45], "uv_size": [-13, 5]},
								"west": {"uv": [65, 45], "uv_size": [-13, 5]},
								"up": {"uv": [52, 50], "uv_size": [13, -5]},
								"down": {"uv": [52, 50], "uv_size": [13, -5]}
							}
						}
					]
				},
				{
					"name": "bone16",
					"parent": "handguard",
					"pivot": [-0.7, 27.25, -42.8],
					"cubes": [
						{
							"origin": [-0.7, 26.25, -49.55],
							"size": [1.4, 1, 29.7],
							"inflate": 0.002,
							"uv": {
								"north": {"uv": [126, 74], "uv_size": [3, 3]},
								"east": {"uv": [126, 74], "uv_size": [3, 3]},
								"south": {"uv": [126, 74], "uv_size": [3, 3]},
								"west": {"uv": [126, 74], "uv_size": [3, 3]},
								"up": {"uv": [129, 77], "uv_size": [-3, -3]},
								"down": {"uv": [129, 77], "uv_size": [-3, -3]}
							}
						},
						{
							"origin": [0.7, 26.25, -49.55],
							"size": [0.3, 1.1, 29.7],
							"inflate": 0.002,
							"uv": {
								"north": {"uv": [52, 45], "uv_size": [13, 5]},
								"east": {"uv": [52, 45], "uv_size": [13, 5]},
								"south": {"uv": [52, 45], "uv_size": [13, 5]},
								"west": {"uv": [52, 45], "uv_size": [13, 5]},
								"up": {"uv": [65, 50], "uv_size": [-13, -5]},
								"down": {"uv": [65, 50], "uv_size": [-13, -5]}
							}
						},
						{
							"origin": [-1, 26.25, -49.55],
							"size": [0.3, 1.1, 29.7],
							"inflate": 0.002,
							"uv": {
								"north": {"uv": [52, 45], "uv_size": [13, 5]},
								"east": {"uv": [52, 45], "uv_size": [13, 5]},
								"south": {"uv": [52, 45], "uv_size": [13, 5]},
								"west": {"uv": [52, 45], "uv_size": [13, 5]},
								"up": {"uv": [65, 50], "uv_size": [-13, -5]},
								"down": {"uv": [65, 50], "uv_size": [-13, -5]}
							}
						}
					]
				},
				{
					"name": "bone17",
					"parent": "handguard",
					"pivot": [-0.7, 21.25, -42.8],
					"cubes": [
						{
							"origin": [-0.7, 21.25, -49.55],
							"size": [1.4, 1, 29.7],
							"inflate": 0.002,
							"uv": {
								"north": {"uv": [126, 74], "uv_size": [3, 3]},
								"east": {"uv": [126, 74], "uv_size": [3, 3]},
								"south": {"uv": [126, 74], "uv_size": [3, 3]},
								"west": {"uv": [126, 74], "uv_size": [3, 3]},
								"up": {"uv": [129, 77], "uv_size": [-3, -3]},
								"down": {"uv": [129, 77], "uv_size": [-3, -3]}
							}
						},
						{
							"origin": [0.7, 21.15, -49.55],
							"size": [0.3, 1.1, 29.7],
							"inflate": 0.002,
							"uv": {
								"north": {"uv": [52, 50], "uv_size": [13, -5]},
								"east": {"uv": [52, 50], "uv_size": [13, -5]},
								"south": {"uv": [52, 50], "uv_size": [13, -5]},
								"west": {"uv": [52, 50], "uv_size": [13, -5]},
								"up": {"uv": [65, 45], "uv_size": [-13, 5]},
								"down": {"uv": [65, 45], "uv_size": [-13, 5]}
							}
						},
						{
							"origin": [-1, 21.15, -49.55],
							"size": [0.3, 1.1, 29.7],
							"inflate": 0.002,
							"uv": {
								"north": {"uv": [52, 50], "uv_size": [13, -5]},
								"east": {"uv": [52, 50], "uv_size": [13, -5]},
								"south": {"uv": [52, 50], "uv_size": [13, -5]},
								"west": {"uv": [52, 50], "uv_size": [13, -5]},
								"up": {"uv": [65, 45], "uv_size": [-13, 5]},
								"down": {"uv": [65, 45], "uv_size": [-13, 5]}
							}
						}
					]
				},
				{
					"name": "bone20",
					"parent": "handguard",
					"pivot": [2.35, 25.55, -45.15],
					"cubes": [
						{
							"origin": [1.35, 25.55, -49.55],
							"size": [0.9, 2.2, 29.7],
							"inflate": 0.001,
							"pivot": [2.35, 25.55, -67.35],
							"rotation": [0, 0, -37],
							"uv": {
								"north": {"uv": [126, 74], "uv_size": [3, 3]},
								"east": {"uv": [126, 74], "uv_size": [3, 3]},
								"south": {"uv": [126, 74], "uv_size": [3, 3]},
								"west": {"uv": [126, 74], "uv_size": [3, 3]},
								"up": {"uv": [129, 77], "uv_size": [-3, -3]},
								"down": {"uv": [129, 77], "uv_size": [-3, -3]}
							}
						},
						{
							"origin": [1.35, 25.55, -42.95],
							"size": [1, 2.2, 0.5],
							"inflate": 0.001,
							"pivot": [2.35, 25.55, -65.45],
							"rotation": [0, 0, -37],
							"uv": {
								"north": {"uv": [52, 45], "uv_size": [13, 5]},
								"east": {"uv": [52, 45], "uv_size": [13, 5]},
								"south": {"uv": [52, 45], "uv_size": [13, 5]},
								"west": {"uv": [52, 45], "uv_size": [13, 5]},
								"up": {"uv": [65, 50], "uv_size": [-13, -5]},
								"down": {"uv": [65, 50], "uv_size": [-13, -5]}
							}
						},
						{
							"origin": [1.35, 25.55, -45.05],
							"size": [1, 2.2, 0.5],
							"inflate": 0.001,
							"pivot": [2.35, 25.55, -67.55],
							"rotation": [0, 0, -37],
							"uv": {
								"north": {"uv": [52, 45], "uv_size": [13, 5]},
								"east": {"uv": [52, 45], "uv_size": [13, 5]},
								"south": {"uv": [52, 45], "uv_size": [13, 5]},
								"west": {"uv": [52, 45], "uv_size": [13, 5]},
								"up": {"uv": [65, 50], "uv_size": [-13, -5]},
								"down": {"uv": [65, 50], "uv_size": [-13, -5]}
							}
						},
						{
							"origin": [1.35, 25.55, -47.15],
							"size": [1, 2.2, 0.5],
							"inflate": 0.001,
							"pivot": [2.35, 25.55, -69.65],
							"rotation": [0, 0, -37],
							"uv": {
								"north": {"uv": [52, 45], "uv_size": [13, 5]},
								"east": {"uv": [52, 45], "uv_size": [13, 5]},
								"south": {"uv": [52, 45], "uv_size": [13, 5]},
								"west": {"uv": [52, 45], "uv_size": [13, 5]},
								"up": {"uv": [65, 50], "uv_size": [-13, -5]},
								"down": {"uv": [65, 50], "uv_size": [-13, -5]}
							}
						},
						{
							"origin": [1.35, 25.55, -40.85],
							"size": [1, 2.2, 0.5],
							"inflate": 0.001,
							"pivot": [2.35, 25.55, -64.05],
							"rotation": [0, 0, -37],
							"uv": {
								"north": {"uv": [52, 45], "uv_size": [13, 5]},
								"east": {"uv": [52, 45], "uv_size": [13, 5]},
								"south": {"uv": [52, 45], "uv_size": [13, 5]},
								"west": {"uv": [52, 45], "uv_size": [13, 5]},
								"up": {"uv": [65, 50], "uv_size": [-13, -5]},
								"down": {"uv": [65, 50], "uv_size": [-13, -5]}
							}
						},
						{
							"origin": [1.35, 25.55, -38.75],
							"size": [1, 2.2, 0.5],
							"inflate": 0.001,
							"pivot": [2.35, 25.55, -65.85],
							"rotation": [0, 0, -37],
							"uv": {
								"north": {"uv": [52, 45], "uv_size": [13, 5]},
								"east": {"uv": [52, 45], "uv_size": [13, 5]},
								"south": {"uv": [52, 45], "uv_size": [13, 5]},
								"west": {"uv": [52, 45], "uv_size": [13, 5]},
								"up": {"uv": [65, 50], "uv_size": [-13, -5]},
								"down": {"uv": [65, 50], "uv_size": [-13, -5]}
							}
						},
						{
							"origin": [1.35, 25.55, -36.65],
							"size": [1, 2.2, 0.5],
							"inflate": 0.001,
							"pivot": [2.35, 25.55, -59.85],
							"rotation": [0, 0, -37],
							"uv": {
								"north": {"uv": [52, 45], "uv_size": [13, 5]},
								"east": {"uv": [52, 45], "uv_size": [13, 5]},
								"south": {"uv": [52, 45], "uv_size": [13, 5]},
								"west": {"uv": [52, 45], "uv_size": [13, 5]},
								"up": {"uv": [65, 50], "uv_size": [-13, -5]},
								"down": {"uv": [65, 50], "uv_size": [-13, -5]}
							}
						},
						{
							"origin": [1.35, 25.55, -34.55],
							"size": [1, 2.2, 0.5],
							"inflate": 0.001,
							"pivot": [2.35, 25.55, -61.65],
							"rotation": [0, 0, -37],
							"uv": {
								"north": {"uv": [52, 45], "uv_size": [13, 5]},
								"east": {"uv": [52, 45], "uv_size": [13, 5]},
								"south": {"uv": [52, 45], "uv_size": [13, 5]},
								"west": {"uv": [52, 45], "uv_size": [13, 5]},
								"up": {"uv": [65, 50], "uv_size": [-13, -5]},
								"down": {"uv": [65, 50], "uv_size": [-13, -5]}
							}
						},
						{
							"origin": [1.35, 25.55, -32.45],
							"size": [1, 2.2, 0.5],
							"inflate": 0.001,
							"pivot": [2.35, 25.55, -55.65],
							"rotation": [0, 0, -37],
							"uv": {
								"north": {"uv": [52, 45], "uv_size": [13, 5]},
								"east": {"uv": [52, 45], "uv_size": [13, 5]},
								"south": {"uv": [52, 45], "uv_size": [13, 5]},
								"west": {"uv": [52, 45], "uv_size": [13, 5]},
								"up": {"uv": [65, 50], "uv_size": [-13, -5]},
								"down": {"uv": [65, 50], "uv_size": [-13, -5]}
							}
						},
						{
							"origin": [1.35, 25.55, -30.35],
							"size": [1, 2.2, 0.5],
							"inflate": 0.001,
							"pivot": [2.35, 25.55, -57.45],
							"rotation": [0, 0, -37],
							"uv": {
								"north": {"uv": [52, 45], "uv_size": [13, 5]},
								"east": {"uv": [52, 45], "uv_size": [13, 5]},
								"south": {"uv": [52, 45], "uv_size": [13, 5]},
								"west": {"uv": [52, 45], "uv_size": [13, 5]},
								"up": {"uv": [65, 50], "uv_size": [-13, -5]},
								"down": {"uv": [65, 50], "uv_size": [-13, -5]}
							}
						},
						{
							"origin": [1.35, 25.55, -28.25],
							"size": [1, 2.2, 0.5],
							"inflate": 0.001,
							"pivot": [2.35, 25.55, -51.45],
							"rotation": [0, 0, -37],
							"uv": {
								"north": {"uv": [52, 45], "uv_size": [13, 5]},
								"east": {"uv": [52, 45], "uv_size": [13, 5]},
								"south": {"uv": [52, 45], "uv_size": [13, 5]},
								"west": {"uv": [52, 45], "uv_size": [13, 5]},
								"up": {"uv": [65, 50], "uv_size": [-13, -5]},
								"down": {"uv": [65, 50], "uv_size": [-13, -5]}
							}
						},
						{
							"origin": [1.35, 25.55, -26.15],
							"size": [1, 2.2, 0.5],
							"inflate": 0.001,
							"pivot": [2.35, 25.55, -53.25],
							"rotation": [0, 0, -37],
							"uv": {
								"north": {"uv": [52, 45], "uv_size": [13, 5]},
								"east": {"uv": [52, 45], "uv_size": [13, 5]},
								"south": {"uv": [52, 45], "uv_size": [13, 5]},
								"west": {"uv": [52, 45], "uv_size": [13, 5]},
								"up": {"uv": [65, 50], "uv_size": [-13, -5]},
								"down": {"uv": [65, 50], "uv_size": [-13, -5]}
							}
						},
						{
							"origin": [1.35, 25.55, -24.05],
							"size": [1, 2.2, 0.5],
							"inflate": 0.001,
							"pivot": [2.35, 25.55, -47.25],
							"rotation": [0, 0, -37],
							"uv": {
								"north": {"uv": [52, 45], "uv_size": [13, 5]},
								"east": {"uv": [52, 45], "uv_size": [13, 5]},
								"south": {"uv": [52, 45], "uv_size": [13, 5]},
								"west": {"uv": [52, 45], "uv_size": [13, 5]},
								"up": {"uv": [65, 50], "uv_size": [-13, -5]},
								"down": {"uv": [65, 50], "uv_size": [-13, -5]}
							}
						},
						{
							"origin": [1.35, 25.55, -21.95],
							"size": [1, 2.2, 0.5],
							"inflate": 0.001,
							"pivot": [2.35, 25.55, -45.15],
							"rotation": [0, 0, -37],
							"uv": {
								"north": {"uv": [52, 45], "uv_size": [13, 5]},
								"east": {"uv": [52, 45], "uv_size": [13, 5]},
								"south": {"uv": [52, 45], "uv_size": [13, 5]},
								"west": {"uv": [52, 45], "uv_size": [13, 5]},
								"up": {"uv": [65, 50], "uv_size": [-13, -5]},
								"down": {"uv": [65, 50], "uv_size": [-13, -5]}
							}
						}
					]
				},
				{
					"name": "bone21",
					"parent": "handguard",
					"pivot": [-2.35, 25.55, -45.15],
					"cubes": [
						{
							"origin": [-2.25, 25.55, -49.55],
							"size": [0.9, 2.2, 29.7],
							"inflate": 0.001,
							"pivot": [-2.35, 25.55, -67.35],
							"rotation": [0, 0, 37],
							"uv": {
								"north": {"uv": [126, 74], "uv_size": [3, 3]},
								"east": {"uv": [126, 74], "uv_size": [3, 3]},
								"south": {"uv": [126, 74], "uv_size": [3, 3]},
								"west": {"uv": [126, 74], "uv_size": [3, 3]},
								"up": {"uv": [129, 77], "uv_size": [-3, -3]},
								"down": {"uv": [129, 77], "uv_size": [-3, -3]}
							}
						},
						{
							"origin": [-2.35, 25.55, -42.95],
							"size": [1, 2.2, 0.5],
							"inflate": 0.001,
							"pivot": [-2.35, 25.55, -65.45],
							"rotation": [0, 0, 37],
							"uv": {
								"north": {"uv": [65, 45], "uv_size": [-13, 5]},
								"east": {"uv": [65, 45], "uv_size": [-13, 5]},
								"south": {"uv": [65, 45], "uv_size": [-13, 5]},
								"west": {"uv": [65, 45], "uv_size": [-13, 5]},
								"up": {"uv": [52, 50], "uv_size": [13, -5]},
								"down": {"uv": [52, 50], "uv_size": [13, -5]}
							}
						},
						{
							"origin": [-2.35, 25.55, -45.05],
							"size": [1, 2.2, 0.5],
							"inflate": 0.001,
							"pivot": [-2.35, 25.55, -67.55],
							"rotation": [0, 0, 37],
							"uv": {
								"north": {"uv": [65, 45], "uv_size": [-13, 5]},
								"east": {"uv": [65, 45], "uv_size": [-13, 5]},
								"south": {"uv": [65, 45], "uv_size": [-13, 5]},
								"west": {"uv": [65, 45], "uv_size": [-13, 5]},
								"up": {"uv": [52, 50], "uv_size": [13, -5]},
								"down": {"uv": [52, 50], "uv_size": [13, -5]}
							}
						},
						{
							"origin": [-2.35, 25.55, -47.15],
							"size": [1, 2.2, 0.5],
							"inflate": 0.001,
							"pivot": [-2.35, 25.55, -69.65],
							"rotation": [0, 0, 37],
							"uv": {
								"north": {"uv": [65, 45], "uv_size": [-13, 5]},
								"east": {"uv": [65, 45], "uv_size": [-13, 5]},
								"south": {"uv": [65, 45], "uv_size": [-13, 5]},
								"west": {"uv": [65, 45], "uv_size": [-13, 5]},
								"up": {"uv": [52, 50], "uv_size": [13, -5]},
								"down": {"uv": [52, 50], "uv_size": [13, -5]}
							}
						},
						{
							"origin": [-2.35, 25.55, -40.85],
							"size": [1, 2.2, 0.5],
							"inflate": 0.001,
							"pivot": [-2.35, 25.55, -64.05],
							"rotation": [0, 0, 37],
							"uv": {
								"north": {"uv": [65, 45], "uv_size": [-13, 5]},
								"east": {"uv": [65, 45], "uv_size": [-13, 5]},
								"south": {"uv": [65, 45], "uv_size": [-13, 5]},
								"west": {"uv": [65, 45], "uv_size": [-13, 5]},
								"up": {"uv": [52, 50], "uv_size": [13, -5]},
								"down": {"uv": [52, 50], "uv_size": [13, -5]}
							}
						},
						{
							"origin": [-2.35, 25.55, -38.75],
							"size": [1, 2.2, 0.5],
							"inflate": 0.001,
							"pivot": [-2.35, 25.55, -65.85],
							"rotation": [0, 0, 37],
							"uv": {
								"north": {"uv": [65, 45], "uv_size": [-13, 5]},
								"east": {"uv": [65, 45], "uv_size": [-13, 5]},
								"south": {"uv": [65, 45], "uv_size": [-13, 5]},
								"west": {"uv": [65, 45], "uv_size": [-13, 5]},
								"up": {"uv": [52, 50], "uv_size": [13, -5]},
								"down": {"uv": [52, 50], "uv_size": [13, -5]}
							}
						},
						{
							"origin": [-2.35, 25.55, -36.65],
							"size": [1, 2.2, 0.5],
							"inflate": 0.001,
							"pivot": [-2.35, 25.55, -59.85],
							"rotation": [0, 0, 37],
							"uv": {
								"north": {"uv": [65, 45], "uv_size": [-13, 5]},
								"east": {"uv": [65, 45], "uv_size": [-13, 5]},
								"south": {"uv": [65, 45], "uv_size": [-13, 5]},
								"west": {"uv": [65, 45], "uv_size": [-13, 5]},
								"up": {"uv": [52, 50], "uv_size": [13, -5]},
								"down": {"uv": [52, 50], "uv_size": [13, -5]}
							}
						},
						{
							"origin": [-2.35, 25.55, -34.55],
							"size": [1, 2.2, 0.5],
							"inflate": 0.001,
							"pivot": [-2.35, 25.55, -61.65],
							"rotation": [0, 0, 37],
							"uv": {
								"north": {"uv": [65, 45], "uv_size": [-13, 5]},
								"east": {"uv": [65, 45], "uv_size": [-13, 5]},
								"south": {"uv": [65, 45], "uv_size": [-13, 5]},
								"west": {"uv": [65, 45], "uv_size": [-13, 5]},
								"up": {"uv": [52, 50], "uv_size": [13, -5]},
								"down": {"uv": [52, 50], "uv_size": [13, -5]}
							}
						},
						{
							"origin": [-2.35, 25.55, -32.45],
							"size": [1, 2.2, 0.5],
							"inflate": 0.001,
							"pivot": [-2.35, 25.55, -55.65],
							"rotation": [0, 0, 37],
							"uv": {
								"north": {"uv": [65, 45], "uv_size": [-13, 5]},
								"east": {"uv": [65, 45], "uv_size": [-13, 5]},
								"south": {"uv": [65, 45], "uv_size": [-13, 5]},
								"west": {"uv": [65, 45], "uv_size": [-13, 5]},
								"up": {"uv": [52, 50], "uv_size": [13, -5]},
								"down": {"uv": [52, 50], "uv_size": [13, -5]}
							}
						},
						{
							"origin": [-2.35, 25.55, -30.35],
							"size": [1, 2.2, 0.5],
							"inflate": 0.001,
							"pivot": [-2.35, 25.55, -57.45],
							"rotation": [0, 0, 37],
							"uv": {
								"north": {"uv": [65, 45], "uv_size": [-13, 5]},
								"east": {"uv": [65, 45], "uv_size": [-13, 5]},
								"south": {"uv": [65, 45], "uv_size": [-13, 5]},
								"west": {"uv": [65, 45], "uv_size": [-13, 5]},
								"up": {"uv": [52, 50], "uv_size": [13, -5]},
								"down": {"uv": [52, 50], "uv_size": [13, -5]}
							}
						},
						{
							"origin": [-2.35, 25.55, -28.25],
							"size": [1, 2.2, 0.5],
							"inflate": 0.001,
							"pivot": [-2.35, 25.55, -51.45],
							"rotation": [0, 0, 37],
							"uv": {
								"north": {"uv": [65, 45], "uv_size": [-13, 5]},
								"east": {"uv": [65, 45], "uv_size": [-13, 5]},
								"south": {"uv": [65, 45], "uv_size": [-13, 5]},
								"west": {"uv": [65, 45], "uv_size": [-13, 5]},
								"up": {"uv": [52, 50], "uv_size": [13, -5]},
								"down": {"uv": [52, 50], "uv_size": [13, -5]}
							}
						},
						{
							"origin": [-2.35, 25.55, -26.15],
							"size": [1, 2.2, 0.5],
							"inflate": 0.001,
							"pivot": [-2.35, 25.55, -53.25],
							"rotation": [0, 0, 37],
							"uv": {
								"north": {"uv": [65, 45], "uv_size": [-13, 5]},
								"east": {"uv": [65, 45], "uv_size": [-13, 5]},
								"south": {"uv": [65, 45], "uv_size": [-13, 5]},
								"west": {"uv": [65, 45], "uv_size": [-13, 5]},
								"up": {"uv": [52, 50], "uv_size": [13, -5]},
								"down": {"uv": [52, 50], "uv_size": [13, -5]}
							}
						},
						{
							"origin": [-2.35, 25.55, -24.05],
							"size": [1, 2.2, 0.5],
							"inflate": 0.001,
							"pivot": [-2.35, 25.55, -47.25],
							"rotation": [0, 0, 37],
							"uv": {
								"north": {"uv": [65, 45], "uv_size": [-13, 5]},
								"east": {"uv": [65, 45], "uv_size": [-13, 5]},
								"south": {"uv": [65, 45], "uv_size": [-13, 5]},
								"west": {"uv": [65, 45], "uv_size": [-13, 5]},
								"up": {"uv": [52, 50], "uv_size": [13, -5]},
								"down": {"uv": [52, 50], "uv_size": [13, -5]}
							}
						},
						{
							"origin": [-2.35, 25.55, -21.95],
							"size": [1, 2.2, 0.5],
							"inflate": 0.001,
							"pivot": [-2.35, 25.55, -45.15],
							"rotation": [0, 0, 37],
							"uv": {
								"north": {"uv": [65, 45], "uv_size": [-13, 5]},
								"east": {"uv": [65, 45], "uv_size": [-13, 5]},
								"south": {"uv": [65, 45], "uv_size": [-13, 5]},
								"west": {"uv": [65, 45], "uv_size": [-13, 5]},
								"up": {"uv": [52, 50], "uv_size": [13, -5]},
								"down": {"uv": [52, 50], "uv_size": [13, -5]}
							}
						}
					]
				},
				{
					"name": "bone24",
					"parent": "handguard",
					"pivot": [2.35, 23.05, -45.15],
					"cubes": [
						{
							"origin": [1.35, 20.85, -49.55],
							"size": [0.9, 2.2, 29.7],
							"inflate": 0.001,
							"pivot": [2.35, 23.05, -67.35],
							"rotation": [0, 0, 37],
							"uv": {
								"north": {"uv": [126, 74], "uv_size": [3, 3]},
								"east": {"uv": [126, 74], "uv_size": [3, 3]},
								"south": {"uv": [126, 74], "uv_size": [3, 3]},
								"west": {"uv": [126, 74], "uv_size": [3, 3]},
								"up": {"uv": [129, 77], "uv_size": [-3, -3]},
								"down": {"uv": [129, 77], "uv_size": [-3, -3]}
							}
						},
						{
							"origin": [1.35, 20.85, -42.95],
							"size": [1, 2.2, 0.5],
							"inflate": 0.001,
							"pivot": [2.35, 23.05, -65.45],
							"rotation": [0, 0, 37],
							"uv": {
								"north": {"uv": [52, 50], "uv_size": [13, -5]},
								"east": {"uv": [52, 50], "uv_size": [13, -5]},
								"south": {"uv": [52, 50], "uv_size": [13, -5]},
								"west": {"uv": [52, 50], "uv_size": [13, -5]},
								"up": {"uv": [65, 45], "uv_size": [-13, 5]},
								"down": {"uv": [65, 45], "uv_size": [-13, 5]}
							}
						},
						{
							"origin": [1.35, 20.85, -45.05],
							"size": [1, 2.2, 0.5],
							"inflate": 0.001,
							"pivot": [2.35, 23.05, -67.55],
							"rotation": [0, 0, 37],
							"uv": {
								"north": {"uv": [52, 50], "uv_size": [13, -5]},
								"east": {"uv": [52, 50], "uv_size": [13, -5]},
								"south": {"uv": [52, 50], "uv_size": [13, -5]},
								"west": {"uv": [52, 50], "uv_size": [13, -5]},
								"up": {"uv": [65, 45], "uv_size": [-13, 5]},
								"down": {"uv": [65, 45], "uv_size": [-13, 5]}
							}
						},
						{
							"origin": [1.35, 20.85, -47.15],
							"size": [1, 2.2, 0.5],
							"inflate": 0.001,
							"pivot": [2.35, 23.05, -69.65],
							"rotation": [0, 0, 37],
							"uv": {
								"north": {"uv": [52, 50], "uv_size": [13, -5]},
								"east": {"uv": [52, 50], "uv_size": [13, -5]},
								"south": {"uv": [52, 50], "uv_size": [13, -5]},
								"west": {"uv": [52, 50], "uv_size": [13, -5]},
								"up": {"uv": [65, 45], "uv_size": [-13, 5]},
								"down": {"uv": [65, 45], "uv_size": [-13, 5]}
							}
						},
						{
							"origin": [1.35, 20.85, -40.85],
							"size": [1, 2.2, 0.5],
							"inflate": 0.001,
							"pivot": [2.35, 23.05, -64.05],
							"rotation": [0, 0, 37],
							"uv": {
								"north": {"uv": [52, 50], "uv_size": [13, -5]},
								"east": {"uv": [52, 50], "uv_size": [13, -5]},
								"south": {"uv": [52, 50], "uv_size": [13, -5]},
								"west": {"uv": [52, 50], "uv_size": [13, -5]},
								"up": {"uv": [65, 45], "uv_size": [-13, 5]},
								"down": {"uv": [65, 45], "uv_size": [-13, 5]}
							}
						},
						{
							"origin": [1.35, 20.85, -38.75],
							"size": [1, 2.2, 0.5],
							"inflate": 0.001,
							"pivot": [2.35, 23.05, -65.85],
							"rotation": [0, 0, 37],
							"uv": {
								"north": {"uv": [52, 50], "uv_size": [13, -5]},
								"east": {"uv": [52, 50], "uv_size": [13, -5]},
								"south": {"uv": [52, 50], "uv_size": [13, -5]},
								"west": {"uv": [52, 50], "uv_size": [13, -5]},
								"up": {"uv": [65, 45], "uv_size": [-13, 5]},
								"down": {"uv": [65, 45], "uv_size": [-13, 5]}
							}
						},
						{
							"origin": [1.35, 20.85, -36.65],
							"size": [1, 2.2, 0.5],
							"inflate": 0.001,
							"pivot": [2.35, 23.05, -59.85],
							"rotation": [0, 0, 37],
							"uv": {
								"north": {"uv": [52, 50], "uv_size": [13, -5]},
								"east": {"uv": [52, 50], "uv_size": [13, -5]},
								"south": {"uv": [52, 50], "uv_size": [13, -5]},
								"west": {"uv": [52, 50], "uv_size": [13, -5]},
								"up": {"uv": [65, 45], "uv_size": [-13, 5]},
								"down": {"uv": [65, 45], "uv_size": [-13, 5]}
							}
						},
						{
							"origin": [1.35, 20.85, -34.55],
							"size": [1, 2.2, 0.5],
							"inflate": 0.001,
							"pivot": [2.35, 23.05, -61.65],
							"rotation": [0, 0, 37],
							"uv": {
								"north": {"uv": [52, 50], "uv_size": [13, -5]},
								"east": {"uv": [52, 50], "uv_size": [13, -5]},
								"south": {"uv": [52, 50], "uv_size": [13, -5]},
								"west": {"uv": [52, 50], "uv_size": [13, -5]},
								"up": {"uv": [65, 45], "uv_size": [-13, 5]},
								"down": {"uv": [65, 45], "uv_size": [-13, 5]}
							}
						},
						{
							"origin": [1.35, 20.85, -32.45],
							"size": [1, 2.2, 0.5],
							"inflate": 0.001,
							"pivot": [2.35, 23.05, -55.65],
							"rotation": [0, 0, 37],
							"uv": {
								"north": {"uv": [52, 50], "uv_size": [13, -5]},
								"east": {"uv": [52, 50], "uv_size": [13, -5]},
								"south": {"uv": [52, 50], "uv_size": [13, -5]},
								"west": {"uv": [52, 50], "uv_size": [13, -5]},
								"up": {"uv": [65, 45], "uv_size": [-13, 5]},
								"down": {"uv": [65, 45], "uv_size": [-13, 5]}
							}
						},
						{
							"origin": [1.35, 20.85, -30.35],
							"size": [1, 2.2, 0.5],
							"inflate": 0.001,
							"pivot": [2.35, 23.05, -57.45],
							"rotation": [0, 0, 37],
							"uv": {
								"north": {"uv": [52, 50], "uv_size": [13, -5]},
								"east": {"uv": [52, 50], "uv_size": [13, -5]},
								"south": {"uv": [52, 50], "uv_size": [13, -5]},
								"west": {"uv": [52, 50], "uv_size": [13, -5]},
								"up": {"uv": [65, 45], "uv_size": [-13, 5]},
								"down": {"uv": [65, 45], "uv_size": [-13, 5]}
							}
						},
						{
							"origin": [1.35, 20.85, -28.25],
							"size": [1, 2.2, 0.5],
							"inflate": 0.001,
							"pivot": [2.35, 23.05, -51.45],
							"rotation": [0, 0, 37],
							"uv": {
								"north": {"uv": [52, 50], "uv_size": [13, -5]},
								"east": {"uv": [52, 50], "uv_size": [13, -5]},
								"south": {"uv": [52, 50], "uv_size": [13, -5]},
								"west": {"uv": [52, 50], "uv_size": [13, -5]},
								"up": {"uv": [65, 45], "uv_size": [-13, 5]},
								"down": {"uv": [65, 45], "uv_size": [-13, 5]}
							}
						},
						{
							"origin": [1.35, 20.85, -26.15],
							"size": [1, 2.2, 0.5],
							"inflate": 0.001,
							"pivot": [2.35, 23.05, -53.25],
							"rotation": [0, 0, 37],
							"uv": {
								"north": {"uv": [52, 50], "uv_size": [13, -5]},
								"east": {"uv": [52, 50], "uv_size": [13, -5]},
								"south": {"uv": [52, 50], "uv_size": [13, -5]},
								"west": {"uv": [52, 50], "uv_size": [13, -5]},
								"up": {"uv": [65, 45], "uv_size": [-13, 5]},
								"down": {"uv": [65, 45], "uv_size": [-13, 5]}
							}
						},
						{
							"origin": [1.35, 20.85, -24.05],
							"size": [1, 2.2, 0.5],
							"inflate": 0.001,
							"pivot": [2.35, 23.05, -47.25],
							"rotation": [0, 0, 37],
							"uv": {
								"north": {"uv": [52, 50], "uv_size": [13, -5]},
								"east": {"uv": [52, 50], "uv_size": [13, -5]},
								"south": {"uv": [52, 50], "uv_size": [13, -5]},
								"west": {"uv": [52, 50], "uv_size": [13, -5]},
								"up": {"uv": [65, 45], "uv_size": [-13, 5]},
								"down": {"uv": [65, 45], "uv_size": [-13, 5]}
							}
						},
						{
							"origin": [1.35, 20.85, -21.95],
							"size": [1, 2.2, 0.5],
							"inflate": 0.001,
							"pivot": [2.35, 23.05, -45.15],
							"rotation": [0, 0, 37],
							"uv": {
								"north": {"uv": [52, 50], "uv_size": [13, -5]},
								"east": {"uv": [52, 50], "uv_size": [13, -5]},
								"south": {"uv": [52, 50], "uv_size": [13, -5]},
								"west": {"uv": [52, 50], "uv_size": [13, -5]},
								"up": {"uv": [65, 45], "uv_size": [-13, 5]},
								"down": {"uv": [65, 45], "uv_size": [-13, 5]}
							}
						}
					]
				},
				{
					"name": "bone25",
					"parent": "handguard",
					"pivot": [-2.35, 23.05, -45.15],
					"cubes": [
						{
							"origin": [-2.25, 20.85, -49.55],
							"size": [0.9, 2.2, 29.7],
							"inflate": 0.001,
							"pivot": [-2.35, 23.05, -67.35],
							"rotation": [0, 0, -37],
							"uv": {
								"north": {"uv": [126, 74], "uv_size": [3, 3]},
								"east": {"uv": [126, 74], "uv_size": [3, 3]},
								"south": {"uv": [126, 74], "uv_size": [3, 3]},
								"west": {"uv": [126, 74], "uv_size": [3, 3]},
								"up": {"uv": [129, 77], "uv_size": [-3, -3]},
								"down": {"uv": [129, 77], "uv_size": [-3, -3]}
							}
						},
						{
							"origin": [-2.35, 20.85, -42.95],
							"size": [1, 2.2, 0.5],
							"inflate": 0.001,
							"pivot": [-2.35, 23.05, -65.45],
							"rotation": [0, 0, -37],
							"uv": {
								"north": {"uv": [65, 50], "uv_size": [-13, -5]},
								"east": {"uv": [65, 50], "uv_size": [-13, -5]},
								"south": {"uv": [65, 50], "uv_size": [-13, -5]},
								"west": {"uv": [65, 50], "uv_size": [-13, -5]},
								"up": {"uv": [52, 45], "uv_size": [13, 5]},
								"down": {"uv": [52, 45], "uv_size": [13, 5]}
							}
						},
						{
							"origin": [-2.35, 20.85, -45.05],
							"size": [1, 2.2, 0.5],
							"inflate": 0.001,
							"pivot": [-2.35, 23.05, -67.55],
							"rotation": [0, 0, -37],
							"uv": {
								"north": {"uv": [65, 50], "uv_size": [-13, -5]},
								"east": {"uv": [65, 50], "uv_size": [-13, -5]},
								"south": {"uv": [65, 50], "uv_size": [-13, -5]},
								"west": {"uv": [65, 50], "uv_size": [-13, -5]},
								"up": {"uv": [52, 45], "uv_size": [13, 5]},
								"down": {"uv": [52, 45], "uv_size": [13, 5]}
							}
						},
						{
							"origin": [-2.35, 20.85, -47.15],
							"size": [1, 2.2, 0.5],
							"inflate": 0.001,
							"pivot": [-2.35, 23.05, -69.65],
							"rotation": [0, 0, -37],
							"uv": {
								"north": {"uv": [65, 50], "uv_size": [-13, -5]},
								"east": {"uv": [65, 50], "uv_size": [-13, -5]},
								"south": {"uv": [65, 50], "uv_size": [-13, -5]},
								"west": {"uv": [65, 50], "uv_size": [-13, -5]},
								"up": {"uv": [52, 45], "uv_size": [13, 5]},
								"down": {"uv": [52, 45], "uv_size": [13, 5]}
							}
						},
						{
							"origin": [-2.35, 20.85, -40.85],
							"size": [1, 2.2, 0.5],
							"inflate": 0.001,
							"pivot": [-2.35, 23.05, -64.05],
							"rotation": [0, 0, -37],
							"uv": {
								"north": {"uv": [65, 50], "uv_size": [-13, -5]},
								"east": {"uv": [65, 50], "uv_size": [-13, -5]},
								"south": {"uv": [65, 50], "uv_size": [-13, -5]},
								"west": {"uv": [65, 50], "uv_size": [-13, -5]},
								"up": {"uv": [52, 45], "uv_size": [13, 5]},
								"down": {"uv": [52, 45], "uv_size": [13, 5]}
							}
						},
						{
							"origin": [-2.35, 20.85, -38.75],
							"size": [1, 2.2, 0.5],
							"inflate": 0.001,
							"pivot": [-2.35, 23.05, -65.85],
							"rotation": [0, 0, -37],
							"uv": {
								"north": {"uv": [65, 50], "uv_size": [-13, -5]},
								"east": {"uv": [65, 50], "uv_size": [-13, -5]},
								"south": {"uv": [65, 50], "uv_size": [-13, -5]},
								"west": {"uv": [65, 50], "uv_size": [-13, -5]},
								"up": {"uv": [52, 45], "uv_size": [13, 5]},
								"down": {"uv": [52, 45], "uv_size": [13, 5]}
							}
						},
						{
							"origin": [-2.35, 20.85, -36.65],
							"size": [1, 2.2, 0.5],
							"inflate": 0.001,
							"pivot": [-2.35, 23.05, -59.85],
							"rotation": [0, 0, -37],
							"uv": {
								"north": {"uv": [65, 50], "uv_size": [-13, -5]},
								"east": {"uv": [65, 50], "uv_size": [-13, -5]},
								"south": {"uv": [65, 50], "uv_size": [-13, -5]},
								"west": {"uv": [65, 50], "uv_size": [-13, -5]},
								"up": {"uv": [52, 45], "uv_size": [13, 5]},
								"down": {"uv": [52, 45], "uv_size": [13, 5]}
							}
						},
						{
							"origin": [-2.35, 20.85, -34.55],
							"size": [1, 2.2, 0.5],
							"inflate": 0.001,
							"pivot": [-2.35, 23.05, -61.65],
							"rotation": [0, 0, -37],
							"uv": {
								"north": {"uv": [65, 50], "uv_size": [-13, -5]},
								"east": {"uv": [65, 50], "uv_size": [-13, -5]},
								"south": {"uv": [65, 50], "uv_size": [-13, -5]},
								"west": {"uv": [65, 50], "uv_size": [-13, -5]},
								"up": {"uv": [52, 45], "uv_size": [13, 5]},
								"down": {"uv": [52, 45], "uv_size": [13, 5]}
							}
						},
						{
							"origin": [-2.35, 20.85, -32.45],
							"size": [1, 2.2, 0.5],
							"inflate": 0.001,
							"pivot": [-2.35, 23.05, -55.65],
							"rotation": [0, 0, -37],
							"uv": {
								"north": {"uv": [65, 50], "uv_size": [-13, -5]},
								"east": {"uv": [65, 50], "uv_size": [-13, -5]},
								"south": {"uv": [65, 50], "uv_size": [-13, -5]},
								"west": {"uv": [65, 50], "uv_size": [-13, -5]},
								"up": {"uv": [52, 45], "uv_size": [13, 5]},
								"down": {"uv": [52, 45], "uv_size": [13, 5]}
							}
						},
						{
							"origin": [-2.35, 20.85, -30.35],
							"size": [1, 2.2, 0.5],
							"inflate": 0.001,
							"pivot": [-2.35, 23.05, -57.45],
							"rotation": [0, 0, -37],
							"uv": {
								"north": {"uv": [65, 50], "uv_size": [-13, -5]},
								"east": {"uv": [65, 50], "uv_size": [-13, -5]},
								"south": {"uv": [65, 50], "uv_size": [-13, -5]},
								"west": {"uv": [65, 50], "uv_size": [-13, -5]},
								"up": {"uv": [52, 45], "uv_size": [13, 5]},
								"down": {"uv": [52, 45], "uv_size": [13, 5]}
							}
						},
						{
							"origin": [-2.35, 20.85, -28.25],
							"size": [1, 2.2, 0.5],
							"inflate": 0.001,
							"pivot": [-2.35, 23.05, -51.45],
							"rotation": [0, 0, -37],
							"uv": {
								"north": {"uv": [65, 50], "uv_size": [-13, -5]},
								"east": {"uv": [65, 50], "uv_size": [-13, -5]},
								"south": {"uv": [65, 50], "uv_size": [-13, -5]},
								"west": {"uv": [65, 50], "uv_size": [-13, -5]},
								"up": {"uv": [52, 45], "uv_size": [13, 5]},
								"down": {"uv": [52, 45], "uv_size": [13, 5]}
							}
						},
						{
							"origin": [-2.35, 20.85, -26.15],
							"size": [1, 2.2, 0.5],
							"inflate": 0.001,
							"pivot": [-2.35, 23.05, -53.25],
							"rotation": [0, 0, -37],
							"uv": {
								"north": {"uv": [65, 50], "uv_size": [-13, -5]},
								"east": {"uv": [65, 50], "uv_size": [-13, -5]},
								"south": {"uv": [65, 50], "uv_size": [-13, -5]},
								"west": {"uv": [65, 50], "uv_size": [-13, -5]},
								"up": {"uv": [52, 45], "uv_size": [13, 5]},
								"down": {"uv": [52, 45], "uv_size": [13, 5]}
							}
						},
						{
							"origin": [-2.35, 20.85, -24.05],
							"size": [1, 2.2, 0.5],
							"inflate": 0.001,
							"pivot": [-2.35, 23.05, -47.25],
							"rotation": [0, 0, -37],
							"uv": {
								"north": {"uv": [65, 50], "uv_size": [-13, -5]},
								"east": {"uv": [65, 50], "uv_size": [-13, -5]},
								"south": {"uv": [65, 50], "uv_size": [-13, -5]},
								"west": {"uv": [65, 50], "uv_size": [-13, -5]},
								"up": {"uv": [52, 45], "uv_size": [13, 5]},
								"down": {"uv": [52, 45], "uv_size": [13, 5]}
							}
						},
						{
							"origin": [-2.35, 20.85, -21.95],
							"size": [1, 2.2, 0.5],
							"inflate": 0.001,
							"pivot": [-2.35, 23.05, -45.15],
							"rotation": [0, 0, -37],
							"uv": {
								"north": {"uv": [65, 50], "uv_size": [-13, -5]},
								"east": {"uv": [65, 50], "uv_size": [-13, -5]},
								"south": {"uv": [65, 50], "uv_size": [-13, -5]},
								"west": {"uv": [65, 50], "uv_size": [-13, -5]},
								"up": {"uv": [52, 45], "uv_size": [13, 5]},
								"down": {"uv": [52, 45], "uv_size": [13, 5]}
							}
						}
					]
				},
				{
					"name": "_ca_handguard",
					"parent": "main",
					"pivot": [-0.2, 24.85, -23.925],
					"cubes": [
						{
							"origin": [-0.5, 23.85, -18.925],
							"size": [1, 1, 1],
							"uv": {
								"north": {"uv": [83, 196], "uv_size": [1, 1]},
								"east": {"uv": [83, 196], "uv_size": [1, 1]},
								"south": {"uv": [83, 196], "uv_size": [1, 1]},
								"west": {"uv": [83, 196], "uv_size": [1, 1]},
								"up": {"uv": [84, 197], "uv_size": [-1, -1]},
								"down": {"uv": [84, 197], "uv_size": [-1, -1]}
							}
						}
					]
				}
			]
		}
	]
}