{
	"format_version": "1.12.0",
	"minecraft:geometry": [
		{
			"description": {
				"identifier": "geometry.unknown",
				"texture_width": 256,
				"texture_height": 256,
				"visible_bounds_width": 8,
				"visible_bounds_height": 4,
				"visible_bounds_offset": [0, 1, 0]
			},
			"bones": [
				{
					"name": "main",
					"pivot": [0, 20, 0]
				},
				{
					"name": "gun",
					"parent": "main",
					"pivot": [1, 11, -1]
				},
				{
					"name": "barrel",
					"parent": "gun",
					"pivot": [0, 24.3, -117.05],
					"cubes": [
						{
							"origin": [-1, 23.3, -46.95],
							"size": [2, 2, 29.4],
							"inflate": -0.3,
							"pivot": [0, 24.3, -67.05],
							"rotation": [0, 0, -20],
							"uv": {
								"north": {"uv": [129, 34], "uv_size": [4, 2]},
								"east": {"uv": [129, 34], "uv_size": [4, 2]},
								"south": {"uv": [129, 34], "uv_size": [4, 2]},
								"west": {"uv": [129, 34], "uv_size": [4, 2]},
								"up": {"uv": [133, 36], "uv_size": [-4, -2]},
								"down": {"uv": [133, 36], "uv_size": [-4, -2]}
							}
						},
						{
							"origin": [-0.9, 23.4, -53.35],
							"size": [1.8, 1.8, 3.4],
							"inflate": -0.3,
							"pivot": [0, 24.3, -99.45],
							"rotation": [0, 0, -20],
							"uv": {
								"north": {"uv": [135, 28], "uv_size": [3, 2]},
								"east": {"uv": [135, 28], "uv_size": [3, 2]},
								"south": {"uv": [135, 28], "uv_size": [3, 2]},
								"west": {"uv": [135, 28], "uv_size": [3, 2]},
								"up": {"uv": [138, 30], "uv_size": [-3, -2]},
								"down": {"uv": [138, 30], "uv_size": [-3, -2]}
							}
						},
						{
							"origin": [-1, 23.3, -50.55],
							"size": [2, 2, 4.2],
							"inflate": -0.3,
							"pivot": [0, 24.3, -95.85],
							"rotation": [0, 0, -20],
							"uv": {
								"north": {"uv": [129, 34], "uv_size": [4, 2]},
								"east": {"uv": [129, 34], "uv_size": [4, 2]},
								"south": {"uv": [129, 34], "uv_size": [4, 2]},
								"west": {"uv": [129, 34], "uv_size": [4, 2]},
								"up": {"uv": [133, 36], "uv_size": [-4, -2]},
								"down": {"uv": [133, 36], "uv_size": [-4, -2]}
							}
						},
						{
							"origin": [-0.8, 23.5, -56.15],
							"size": [1.6, 1.6, 3.4],
							"inflate": -0.3,
							"pivot": [0, 24.3, -102.25],
							"rotation": [0, 0, -20],
							"uv": {
								"north": {"uv": [135, 37], "uv_size": [3, 2]},
								"east": {"uv": [135, 37], "uv_size": [3, 2]},
								"south": {"uv": [135, 37], "uv_size": [3, 2]},
								"west": {"uv": [135, 37], "uv_size": [3, 2]},
								"up": {"uv": [138, 39], "uv_size": [-3, -2]},
								"down": {"uv": [138, 39], "uv_size": [-3, -2]}
							}
						},
						{
							"origin": [-1, 23.3, -56.85],
							"size": [2, 2, 1.3],
							"inflate": -0.3,
							"pivot": [0, 24.3, -101.35],
							"rotation": [0, 0, -20],
							"uv": {
								"north": {"uv": [89, 4], "uv_size": [8, 2]},
								"east": {"uv": [89, 4], "uv_size": [8, 2]},
								"south": {"uv": [89, 4], "uv_size": [8, 2]},
								"west": {"uv": [89, 4], "uv_size": [8, 2]},
								"up": {"uv": [97, 6], "uv_size": [-8, -2]},
								"down": {"uv": [97, 6], "uv_size": [-8, -2]}
							}
						}
					]
				},
				{
					"name": "muzzledef",
					"parent": "barrel",
					"pivot": [0, 24.3, -117.05],
					"cubes": [
						{
							"origin": [-1.2, 23.1, -57.25],
							"size": [2.4, 2.4, 1],
							"inflate": -0.3,
							"pivot": [0, 24.3, -105.75],
							"rotation": [0, 0, -20],
							"uv": {
								"north": {"uv": [153, 87], "uv_size": [1, 2]},
								"east": {"uv": [153, 87], "uv_size": [1, 2]},
								"south": {"uv": [153, 87], "uv_size": [1, 2]},
								"west": {"uv": [153, 87], "uv_size": [1, 2]},
								"up": {"uv": [154, 89], "uv_size": [-1, -2]},
								"down": {"uv": [154, 89], "uv_size": [-1, -2]}
							}
						},
						{
							"origin": [-1.1, 23.2, -59.55],
							"size": [2.2, 2.2, 2.9],
							"inflate": -0.3,
							"pivot": [0, 24.3, -106.15],
							"rotation": [0, 0, -20],
							"uv": {
								"north": {"uv": [126, 74], "uv_size": [3, 3]},
								"east": {"uv": [126, 74], "uv_size": [3, 3]},
								"south": {"uv": [126, 74], "uv_size": [3, 3]},
								"west": {"uv": [126, 74], "uv_size": [3, 3]},
								"up": {"uv": [129, 77], "uv_size": [-3, -3]},
								"down": {"uv": [129, 77], "uv_size": [-3, -3]}
							}
						},
						{
							"origin": [-1.2, 23.1, -58.55],
							"size": [2.4, 2.4, 1],
							"inflate": -0.3,
							"pivot": [0, 24.3, -107.05],
							"rotation": [0, 0, -20],
							"uv": {
								"north": {"uv": [126, 74], "uv_size": [3, 3]},
								"east": {"uv": [126, 74], "uv_size": [3, 3]},
								"south": {"uv": [126, 74], "uv_size": [3, 3]},
								"west": {"uv": [126, 74], "uv_size": [3, 3]},
								"up": {"uv": [129, 77], "uv_size": [-3, -3]},
								"down": {"uv": [129, 77], "uv_size": [-3, -3]}
							}
						},
						{
							"origin": [-1.2, 23.1, -59.25],
							"size": [2.4, 2.4, 1],
							"inflate": -0.3,
							"pivot": [0, 24.3, -107.75],
							"rotation": [0, 0, -20],
							"uv": {
								"north": {"uv": [126, 74], "uv_size": [3, 3]},
								"east": {"uv": [126, 74], "uv_size": [3, 3]},
								"south": {"uv": [126, 74], "uv_size": [3, 3]},
								"west": {"uv": [126, 74], "uv_size": [3, 3]},
								"up": {"uv": [129, 77], "uv_size": [-3, -3]},
								"down": {"uv": [129, 77], "uv_size": [-3, -3]}
							}
						},
						{
							"origin": [0.2, 23.2, -61.85],
							"size": [0.9, 1.1, 2.9],
							"inflate": -0.3,
							"pivot": [0, 24.3, -108.45],
							"rotation": [0, 0, -20],
							"uv": {
								"north": {"uv": [126, 74], "uv_size": [3, 3]},
								"east": {"uv": [126, 74], "uv_size": [3, 3]},
								"south": {"uv": [126, 74], "uv_size": [3, 3]},
								"west": {"uv": [126, 74], "uv_size": [3, 3]},
								"up": {"uv": [129, 77], "uv_size": [-3, -3]},
								"down": {"uv": [129, 77], "uv_size": [-3, -3]}
							}
						},
						{
							"origin": [0.2, 24.3, -61.85],
							"size": [0.9, 1.1, 2.9],
							"inflate": -0.3,
							"pivot": [0, 24.3, -108.45],
							"rotation": [0, 0, -20],
							"uv": {
								"north": {"uv": [126, 74], "uv_size": [3, 3]},
								"east": {"uv": [126, 74], "uv_size": [3, 3]},
								"south": {"uv": [126, 74], "uv_size": [3, 3]},
								"west": {"uv": [126, 74], "uv_size": [3, 3]},
								"up": {"uv": [129, 77], "uv_size": [-3, -3]},
								"down": {"uv": [129, 77], "uv_size": [-3, -3]}
							}
						},
						{
							"origin": [-1.1, 24.3, -61.85],
							"size": [0.9, 1.1, 2.9],
							"inflate": -0.3,
							"pivot": [0, 24.3, -108.45],
							"rotation": [0, 0, -20],
							"uv": {
								"north": {"uv": [126, 74], "uv_size": [3, 3]},
								"east": {"uv": [126, 74], "uv_size": [3, 3]},
								"south": {"uv": [126, 74], "uv_size": [3, 3]},
								"west": {"uv": [126, 74], "uv_size": [3, 3]},
								"up": {"uv": [129, 77], "uv_size": [-3, -3]},
								"down": {"uv": [129, 77], "uv_size": [-3, -3]}
							}
						},
						{
							"origin": [-1.1, 23.2, -61.85],
							"size": [0.9, 1.1, 2.9],
							"inflate": -0.3,
							"pivot": [0, 24.3, -108.45],
							"rotation": [0, 0, -20],
							"uv": {
								"north": {"uv": [126, 74], "uv_size": [3, 3]},
								"east": {"uv": [126, 74], "uv_size": [3, 3]},
								"south": {"uv": [126, 74], "uv_size": [3, 3]},
								"west": {"uv": [126, 74], "uv_size": [3, 3]},
								"up": {"uv": [129, 77], "uv_size": [-3, -3]},
								"down": {"uv": [129, 77], "uv_size": [-3, -3]}
							}
						},
						{
							"origin": [0, 24.5, -61.85],
							"size": [0.8, 0.9, 2.9],
							"inflate": -0.3,
							"pivot": [0, 24.3, -108.45],
							"rotation": [0, 0, -20],
							"uv": {
								"north": {"uv": [126, 74], "uv_size": [3, 3]},
								"east": {"uv": [126, 74], "uv_size": [3, 3]},
								"south": {"uv": [126, 74], "uv_size": [3, 3]},
								"west": {"uv": [126, 74], "uv_size": [3, 3]},
								"up": {"uv": [129, 77], "uv_size": [-3, -3]},
								"down": {"uv": [129, 77], "uv_size": [-3, -3]}
							}
						},
						{
							"origin": [-0.8, 24.5, -61.85],
							"size": [0.8, 0.9, 2.9],
							"inflate": -0.3,
							"pivot": [0, 24.3, -108.45],
							"rotation": [0, 0, -20],
							"uv": {
								"north": {"uv": [126, 74], "uv_size": [3, 3]},
								"east": {"uv": [126, 74], "uv_size": [3, 3]},
								"south": {"uv": [126, 74], "uv_size": [3, 3]},
								"west": {"uv": [126, 74], "uv_size": [3, 3]},
								"up": {"uv": [129, 77], "uv_size": [-3, -3]},
								"down": {"uv": [129, 77], "uv_size": [-3, -3]}
							}
						},
						{
							"origin": [-0.8, 23.2, -61.85],
							"size": [0.8, 0.9, 2.9],
							"inflate": -0.3,
							"pivot": [0, 24.3, -108.45],
							"rotation": [0, 0, -20],
							"uv": {
								"north": {"uv": [126, 74], "uv_size": [3, 3]},
								"east": {"uv": [126, 74], "uv_size": [3, 3]},
								"south": {"uv": [126, 74], "uv_size": [3, 3]},
								"west": {"uv": [126, 74], "uv_size": [3, 3]},
								"up": {"uv": [129, 77], "uv_size": [-3, -3]},
								"down": {"uv": [129, 77], "uv_size": [-3, -3]}
							}
						},
						{
							"origin": [0, 23.2, -61.85],
							"size": [0.8, 0.9, 2.9],
							"inflate": -0.3,
							"pivot": [0, 24.3, -108.45],
							"rotation": [0, 0, -20],
							"uv": {
								"north": {"uv": [126, 74], "uv_size": [3, 3]},
								"east": {"uv": [126, 74], "uv_size": [3, 3]},
								"south": {"uv": [126, 74], "uv_size": [3, 3]},
								"west": {"uv": [126, 74], "uv_size": [3, 3]},
								"up": {"uv": [129, 77], "uv_size": [-3, -3]},
								"down": {"uv": [129, 77], "uv_size": [-3, -3]}
							}
						},
						{
							"origin": [0, 23.1, -62.15],
							"size": [1.2, 2.4, 1],
							"inflate": -0.3,
							"pivot": [0, 24.3, -110.65],
							"rotation": [0, 0, -20],
							"uv": {
								"north": {"uv": [126, 74], "uv_size": [3, 3]},
								"east": {"uv": [126, 74], "uv_size": [3, 3]},
								"south": {"uv": [126, 74], "uv_size": [3, 3]},
								"west": {"uv": [126, 74], "uv_size": [3, 3]},
								"up": {"uv": [129, 77], "uv_size": [-3, -3]},
								"down": {"uv": [129, 77], "uv_size": [-3, -3]}
							}
						},
						{
							"origin": [-1.2, 23.1, -62.15],
							"size": [1.2, 2.4, 1],
							"inflate": -0.3,
							"pivot": [0, 24.3, -110.65],
							"rotation": [0, 0, -20],
							"uv": {
								"north": {"uv": [126, 74], "uv_size": [3, 3]},
								"east": {"uv": [126, 74], "uv_size": [3, 3]},
								"south": {"uv": [126, 74], "uv_size": [3, 3]},
								"west": {"uv": [126, 74], "uv_size": [3, 3]},
								"up": {"uv": [129, 77], "uv_size": [-3, -3]},
								"down": {"uv": [129, 77], "uv_size": [-3, -3]}
							}
						},
						{
							"origin": [-0.6, 23.1, -62.15],
							"size": [1.2, 1.2, 1],
							"inflate": -0.3,
							"pivot": [0, 24.3, -110.65],
							"rotation": [0, 0, -20],
							"uv": {
								"north": {"uv": [126, 74], "uv_size": [3, 3]},
								"east": {"uv": [126, 74], "uv_size": [3, 3]},
								"south": {"uv": [126, 74], "uv_size": [3, 3]},
								"west": {"uv": [126, 74], "uv_size": [3, 3]},
								"up": {"uv": [129, 77], "uv_size": [-3, -3]},
								"down": {"uv": [129, 77], "uv_size": [-3, -3]}
							}
						},
						{
							"origin": [-0.6, 24.3, -62.15],
							"size": [1.2, 1.2, 1],
							"inflate": -0.3,
							"pivot": [0, 24.3, -110.65],
							"rotation": [0, 0, -20],
							"uv": {
								"north": {"uv": [126, 74], "uv_size": [3, 3]},
								"east": {"uv": [126, 74], "uv_size": [3, 3]},
								"south": {"uv": [126, 74], "uv_size": [3, 3]},
								"west": {"uv": [126, 74], "uv_size": [3, 3]},
								"up": {"uv": [129, 77], "uv_size": [-3, -3]},
								"down": {"uv": [129, 77], "uv_size": [-3, -3]}
							}
						}
					]
				},
				{
					"name": "muzzleflash",
					"parent": "main",
					"pivot": [0, 24.35, -68.25],
					"cubes": [
						{
							"origin": [-0.5, 23.85, -62.45],
							"size": [1, 1, 1],
							"inflate": -0.4,
							"uv": {
								"north": {"uv": [202, 177], "uv_size": [1, 1]},
								"east": {"uv": [202, 177], "uv_size": [1, 1]},
								"south": {"uv": [202, 177], "uv_size": [1, 1]},
								"west": {"uv": [202, 177], "uv_size": [1, 1]},
								"up": {"uv": [203, 178], "uv_size": [-1, -1]},
								"down": {"uv": [203, 178], "uv_size": [-1, -1]}
							}
						}
					]
				},
				{
					"name": "_cb_suppressor",
					"parent": "main",
					"pivot": [0.1, 24.35, -80.725],
					"cubes": [
						{
							"origin": [-0.5, 23.75, -56.825],
							"size": [1, 1, 1],
							"uv": {
								"north": {"uv": [194, 184], "uv_size": [1, 1]},
								"east": {"uv": [194, 184], "uv_size": [1, 1]},
								"south": {"uv": [194, 184], "uv_size": [1, 1]},
								"west": {"uv": [194, 184], "uv_size": [1, 1]},
								"up": {"uv": [195, 185], "uv_size": [-1, -1]},
								"down": {"uv": [195, 185], "uv_size": [-1, -1]}
							}
						}
					]
				},
				{
					"name": "_ca_barrel",
					"parent": "main",
					"pivot": [-0.3, 21.05, -26.025],
					"cubes": [
						{
							"origin": [-0.5, 23.75, -19.025],
							"size": [1, 1, 1],
							"uv": {
								"north": {"uv": [33, 184], "uv_size": [1, 1]},
								"east": {"uv": [33, 184], "uv_size": [1, 1]},
								"south": {"uv": [33, 184], "uv_size": [1, 1]},
								"west": {"uv": [33, 184], "uv_size": [1, 1]},
								"up": {"uv": [34, 185], "uv_size": [-1, -1]},
								"down": {"uv": [34, 185], "uv_size": [-1, -1]}
							}
						}
					]
				}
			]
		}
	]
}