{
	"format_version": "1.12.0",
	"minecraft:geometry": [
		{
			"description": {
				"identifier": "geometry.unknown",
				"texture_width": 256,
				"texture_height": 256,
				"visible_bounds_width": 8,
				"visible_bounds_height": 4,
				"visible_bounds_offset": [0, 1, 0]
			},
			"bones": [
				{
					"name": "main",
					"pivot": [0, 20, 0]
				},
				{
					"name": "gun",
					"parent": "main",
					"pivot": [1, 11, -1]
				},
				{
					"name": "stock",
					"parent": "gun",
					"pivot": [1, 11, -1],
					"cubes": [
						{
							"origin": [0, 24.5, 12.15],
							"size": [2, 2, 21],
							"pivot": [0, 26.5, 12.15],
							"rotation": [0, 0, 22],
							"uv": {
								"north": {"uv": [139, 119], "uv_size": [4, 1]},
								"east": {"uv": [139, 119], "uv_size": [4, 1]},
								"south": {"uv": [139, 119], "uv_size": [4, 1]},
								"west": {"uv": [139, 119], "uv_size": [4, 1]},
								"up": {"uv": [143, 120], "uv_size": [-4, -1]},
								"down": {"uv": [143, 120], "uv_size": [-4, -1]}
							}
						},
						{
							"origin": [1.85, 23.75, 12.15],
							"size": [2, 2, 21],
							"inflate": 0.001,
							"pivot": [1.85, 25.75, 12.15],
							"rotation": [0, 0, 85],
							"uv": {
								"north": {"uv": [139, 119], "uv_size": [4, 1]},
								"east": {"uv": [139, 119], "uv_size": [4, 1]},
								"south": {"uv": [139, 119], "uv_size": [4, 1]},
								"west": {"uv": [139, 119], "uv_size": [4, 1]},
								"up": {"uv": [143, 120], "uv_size": [-4, -1]},
								"down": {"uv": [143, 120], "uv_size": [-4, -1]}
							}
						},
						{
							"origin": [2.02, 21.75, 12.15],
							"size": [1, 2, 21],
							"pivot": [2.02, 23.75, 12.15],
							"rotation": [0, 0, 94],
							"uv": {
								"north": {"uv": [139, 119], "uv_size": [4, 1]},
								"east": {"uv": [139, 119], "uv_size": [4, 1]},
								"south": {"uv": [139, 119], "uv_size": [4, 1]},
								"west": {"uv": [139, 119], "uv_size": [4, 1]},
								"up": {"uv": [143, 120], "uv_size": [-4, -1]},
								"down": {"uv": [143, 120], "uv_size": [-4, -1]}
							}
						},
						{
							"origin": [-1.98, 11.95, 33.15],
							"size": [3.9, 11.1, 0.9],
							"uv": {
								"north": {"uv": [139, 119], "uv_size": [4, 1]},
								"east": {"uv": [139, 119], "uv_size": [4, 1]},
								"south": {"uv": [139, 119], "uv_size": [4, 1]},
								"west": {"uv": [139, 119], "uv_size": [4, 1]},
								"up": {"uv": [143, 120], "uv_size": [-4, -1]},
								"down": {"uv": [143, 120], "uv_size": [-4, -1]}
							}
						},
						{
							"origin": [-1.28, 20.35, 14.95],
							"size": [2.5, 2.7, 14.4],
							"uv": {
								"north": {"uv": [139, 119], "uv_size": [4, 1]},
								"east": {"uv": [139, 119], "uv_size": [4, 1]},
								"south": {"uv": [139, 119], "uv_size": [4, 1]},
								"west": {"uv": [139, 119], "uv_size": [4, 1]},
								"up": {"uv": [143, 120], "uv_size": [-4, -1]},
								"down": {"uv": [143, 120], "uv_size": [-4, -1]}
							}
						},
						{
							"origin": [-1.28, 20.35, 33.05],
							"size": [2.5, 2.7, 0.1],
							"uv": {
								"north": {"uv": [139, 119], "uv_size": [4, 1]},
								"east": {"uv": [139, 119], "uv_size": [4, 1]},
								"south": {"uv": [139, 119], "uv_size": [4, 1]},
								"west": {"uv": [139, 119], "uv_size": [4, 1]},
								"up": {"uv": [143, 120], "uv_size": [-4, -1]},
								"down": {"uv": [143, 120], "uv_size": [-4, -1]}
							}
						},
						{
							"origin": [-1.28, 21.95, 29.35],
							"size": [2.5, 1.1, 3.7],
							"uv": {
								"north": {"uv": [139, 119], "uv_size": [4, 1]},
								"east": {"uv": [139, 119], "uv_size": [4, 1]},
								"south": {"uv": [139, 119], "uv_size": [4, 1]},
								"west": {"uv": [139, 119], "uv_size": [4, 1]},
								"up": {"uv": [143, 120], "uv_size": [-4, -1]},
								"down": {"uv": [143, 120], "uv_size": [-4, -1]}
							}
						},
						{
							"origin": [-1.28, 20.05, 29.35],
							"size": [2.5, 1.1, 3.7],
							"uv": {
								"north": {"uv": [139, 119], "uv_size": [4, 1]},
								"east": {"uv": [139, 119], "uv_size": [4, 1]},
								"south": {"uv": [139, 119], "uv_size": [4, 1]},
								"west": {"uv": [139, 119], "uv_size": [4, 1]},
								"up": {"uv": [143, 120], "uv_size": [-4, -1]},
								"down": {"uv": [143, 120], "uv_size": [-4, -1]}
							}
						},
						{
							"origin": [-1.28, 20.95, 32.85],
							"size": [2.5, 0.4, 0.4],
							"pivot": [1.42, 21.15, 33.05],
							"rotation": [-45, 0, 0],
							"uv": {
								"north": {"uv": [139, 119], "uv_size": [4, 1]},
								"east": {"uv": [139, 119], "uv_size": [4, 1]},
								"south": {"uv": [139, 119], "uv_size": [4, 1]},
								"west": {"uv": [139, 119], "uv_size": [4, 1]},
								"up": {"uv": [143, 120], "uv_size": [-4, -1]},
								"down": {"uv": [143, 120], "uv_size": [-4, -1]}
							}
						},
						{
							"origin": [-1.28, 21.75, 32.85],
							"size": [2.5, 0.4, 0.4],
							"pivot": [1.42, 21.95, 33.05],
							"rotation": [-45, 0, 0],
							"uv": {
								"north": {"uv": [139, 119], "uv_size": [4, 1]},
								"east": {"uv": [139, 119], "uv_size": [4, 1]},
								"south": {"uv": [139, 119], "uv_size": [4, 1]},
								"west": {"uv": [139, 119], "uv_size": [4, 1]},
								"up": {"uv": [143, 120], "uv_size": [-4, -1]},
								"down": {"uv": [143, 120], "uv_size": [-4, -1]}
							}
						},
						{
							"origin": [-1.28, 21.75, 29.05],
							"size": [2.5, 0.4, 0.4],
							"pivot": [1.42, 21.95, 29.25],
							"rotation": [-45, 0, 0],
							"uv": {
								"north": {"uv": [139, 119], "uv_size": [4, 1]},
								"east": {"uv": [139, 119], "uv_size": [4, 1]},
								"south": {"uv": [139, 119], "uv_size": [4, 1]},
								"west": {"uv": [139, 119], "uv_size": [4, 1]},
								"up": {"uv": [143, 120], "uv_size": [-4, -1]},
								"down": {"uv": [143, 120], "uv_size": [-4, -1]}
							}
						},
						{
							"origin": [-1.28, 20.95, 29.05],
							"size": [2.5, 0.4, 0.4],
							"pivot": [1.42, 21.15, 29.25],
							"rotation": [-45, 0, 0],
							"uv": {
								"north": {"uv": [139, 119], "uv_size": [4, 1]},
								"east": {"uv": [139, 119], "uv_size": [4, 1]},
								"south": {"uv": [139, 119], "uv_size": [4, 1]},
								"west": {"uv": [139, 119], "uv_size": [4, 1]},
								"up": {"uv": [143, 120], "uv_size": [-4, -1]},
								"down": {"uv": [143, 120], "uv_size": [-4, -1]}
							}
						},
						{
							"origin": [-1.58, 19.15, 14.95],
							"size": [3.1, 0.3, 5.7],
							"uv": {
								"north": {"uv": [139, 119], "uv_size": [4, 1]},
								"east": {"uv": [139, 119], "uv_size": [4, 1]},
								"south": {"uv": [139, 119], "uv_size": [4, 1]},
								"west": {"uv": [139, 119], "uv_size": [4, 1]},
								"up": {"uv": [143, 120], "uv_size": [-4, -1]},
								"down": {"uv": [143, 120], "uv_size": [-4, -1]}
							}
						},
						{
							"origin": [1.52, 19.15, 14.95],
							"size": [0.2, 2.1, 5.7],
							"uv": {
								"north": {"uv": [139, 119], "uv_size": [4, 1]},
								"east": {"uv": [139, 119], "uv_size": [4, 1]},
								"south": {"uv": [139, 119], "uv_size": [4, 1]},
								"west": {"uv": [139, 119], "uv_size": [4, 1]},
								"up": {"uv": [143, 120], "uv_size": [-4, -1]},
								"down": {"uv": [143, 120], "uv_size": [-4, -1]}
							}
						},
						{
							"origin": [-1.78, 19.15, 14.95],
							"size": [0.2, 2.1, 5.7],
							"uv": {
								"north": {"uv": [139, 119], "uv_size": [4, 1]},
								"east": {"uv": [139, 119], "uv_size": [4, 1]},
								"south": {"uv": [139, 119], "uv_size": [4, 1]},
								"west": {"uv": [139, 119], "uv_size": [4, 1]},
								"up": {"uv": [143, 120], "uv_size": [-4, -1]},
								"down": {"uv": [143, 120], "uv_size": [-4, -1]}
							}
						},
						{
							"origin": [-1.48, 20.35, 17.15],
							"size": [2.9, 2.6, 1.5],
							"uv": {
								"north": {"uv": [139, 119], "uv_size": [4, 1]},
								"east": {"uv": [139, 119], "uv_size": [4, 1]},
								"south": {"uv": [139, 119], "uv_size": [4, 1]},
								"west": {"uv": [139, 119], "uv_size": [4, 1]},
								"up": {"uv": [143, 120], "uv_size": [-4, -1]},
								"down": {"uv": [143, 120], "uv_size": [-4, -1]}
							}
						},
						{
							"origin": [-1.68, 21.55, 17.15],
							"size": [3.3, 1.4, 1.5],
							"uv": {
								"north": {"uv": [139, 119], "uv_size": [4, 1]},
								"east": {"uv": [139, 119], "uv_size": [4, 1]},
								"south": {"uv": [139, 119], "uv_size": [4, 1]},
								"west": {"uv": [139, 119], "uv_size": [4, 1]},
								"up": {"uv": [143, 120], "uv_size": [-4, -1]},
								"down": {"uv": [143, 120], "uv_size": [-4, -1]}
							}
						},
						{
							"origin": [-1.28, 16.85, 28.75],
							"size": [2.5, 3.5, 4.4],
							"uv": {
								"north": {"uv": [139, 119], "uv_size": [4, 1]},
								"east": {"uv": [139, 119], "uv_size": [4, 1]},
								"south": {"uv": [139, 119], "uv_size": [4, 1]},
								"west": {"uv": [139, 119], "uv_size": [4, 1]},
								"up": {"uv": [143, 120], "uv_size": [-4, -1]},
								"down": {"uv": [143, 120], "uv_size": [-4, -1]}
							}
						},
						{
							"origin": [-0.98, 12.25, 32.95],
							"size": [1.9, 4.6, 0.2],
							"uv": {
								"north": {"uv": [139, 119], "uv_size": [4, 1]},
								"east": {"uv": [139, 119], "uv_size": [4, 1]},
								"south": {"uv": [139, 119], "uv_size": [4, 1]},
								"west": {"uv": [139, 119], "uv_size": [4, 1]},
								"up": {"uv": [143, 120], "uv_size": [-4, -1]},
								"down": {"uv": [143, 120], "uv_size": [-4, -1]}
							}
						},
						{
							"origin": [-0.98, 12.65, 32.55],
							"size": [1.9, 0.2, 0.4],
							"uv": {
								"north": {"uv": [139, 119], "uv_size": [4, 1]},
								"east": {"uv": [139, 119], "uv_size": [4, 1]},
								"south": {"uv": [139, 119], "uv_size": [4, 1]},
								"west": {"uv": [139, 119], "uv_size": [4, 1]},
								"up": {"uv": [143, 120], "uv_size": [-4, -1]},
								"down": {"uv": [143, 120], "uv_size": [-4, -1]}
							}
						},
						{
							"origin": [-0.98, 12.45, 32.75],
							"size": [1.9, 0.2, 0.2],
							"uv": {
								"north": {"uv": [139, 119], "uv_size": [4, 1]},
								"east": {"uv": [139, 119], "uv_size": [4, 1]},
								"south": {"uv": [139, 119], "uv_size": [4, 1]},
								"west": {"uv": [139, 119], "uv_size": [4, 1]},
								"up": {"uv": [143, 120], "uv_size": [-4, -1]},
								"down": {"uv": [143, 120], "uv_size": [-4, -1]}
							}
						},
						{
							"origin": [-0.98, 12.85, 32.45],
							"size": [1.9, 0.6, 0.5],
							"uv": {
								"north": {"uv": [139, 119], "uv_size": [4, 1]},
								"east": {"uv": [139, 119], "uv_size": [4, 1]},
								"south": {"uv": [139, 119], "uv_size": [4, 1]},
								"west": {"uv": [139, 119], "uv_size": [4, 1]},
								"up": {"uv": [143, 120], "uv_size": [-4, -1]},
								"down": {"uv": [143, 120], "uv_size": [-4, -1]}
							}
						},
						{
							"origin": [-0.98, 13.45, 31.85],
							"size": [1.9, 1.2, 1.1],
							"uv": {
								"north": {"uv": [139, 119], "uv_size": [4, 1]},
								"east": {"uv": [139, 119], "uv_size": [4, 1]},
								"south": {"uv": [139, 119], "uv_size": [4, 1]},
								"west": {"uv": [139, 119], "uv_size": [4, 1]},
								"up": {"uv": [143, 120], "uv_size": [-4, -1]},
								"down": {"uv": [143, 120], "uv_size": [-4, -1]}
							}
						},
						{
							"origin": [-0.98, 14.65, 30.75],
							"size": [1.9, 2.2, 2.2],
							"uv": {
								"north": {"uv": [139, 119], "uv_size": [4, 1]},
								"east": {"uv": [139, 119], "uv_size": [4, 1]},
								"south": {"uv": [139, 119], "uv_size": [4, 1]},
								"west": {"uv": [139, 119], "uv_size": [4, 1]},
								"up": {"uv": [143, 120], "uv_size": [-4, -1]},
								"down": {"uv": [143, 120], "uv_size": [-4, -1]}
							}
						},
						{
							"origin": [-1.28, 20.35, 21.05],
							"size": [2.5, 3.8, 8.4],
							"pivot": [1.02, 20.15, 21.05],
							"rotation": [-25, 0, 0],
							"uv": {
								"north": {"uv": [139, 119], "uv_size": [4, 1]},
								"east": {"uv": [139, 119], "uv_size": [4, 1]},
								"south": {"uv": [139, 119], "uv_size": [4, 1]},
								"west": {"uv": [139, 119], "uv_size": [4, 1]},
								"up": {"uv": [143, 120], "uv_size": [-4, -1]},
								"down": {"uv": [143, 120], "uv_size": [-4, -1]}
							}
						},
						{
							"origin": [-0.98, 16.75, 28.25],
							"size": [1.9, 0.2, 6.9],
							"pivot": [1.02, 16.65, 28.65],
							"rotation": [-47, 0, 0],
							"uv": {
								"north": {"uv": [139, 119], "uv_size": [4, 1]},
								"east": {"uv": [139, 119], "uv_size": [4, 1]},
								"south": {"uv": [139, 119], "uv_size": [4, 1]},
								"west": {"uv": [139, 119], "uv_size": [4, 1]},
								"up": {"uv": [143, 120], "uv_size": [-4, -1]},
								"down": {"uv": [143, 120], "uv_size": [-4, -1]}
							}
						},
						{
							"origin": [-0.98, 16.95, 33.25],
							"size": [1.9, 0.7, 0.7],
							"pivot": [1.02, 16.65, 28.65],
							"rotation": [-47, 0, 0],
							"uv": {
								"north": {"uv": [139, 119], "uv_size": [4, 1]},
								"east": {"uv": [139, 119], "uv_size": [4, 1]},
								"south": {"uv": [139, 119], "uv_size": [4, 1]},
								"west": {"uv": [139, 119], "uv_size": [4, 1]},
								"up": {"uv": [143, 120], "uv_size": [-4, -1]},
								"down": {"uv": [143, 120], "uv_size": [-4, -1]}
							}
						},
						{
							"origin": [-0.98, 16.95, 31.65],
							"size": [1.9, 1.5, 1.4],
							"pivot": [1.02, 16.65, 28.65],
							"rotation": [-47, 0, 0],
							"uv": {
								"north": {"uv": [139, 119], "uv_size": [4, 1]},
								"east": {"uv": [139, 119], "uv_size": [4, 1]},
								"south": {"uv": [139, 119], "uv_size": [4, 1]},
								"west": {"uv": [139, 119], "uv_size": [4, 1]},
								"up": {"uv": [143, 120], "uv_size": [-4, -1]},
								"down": {"uv": [143, 120], "uv_size": [-4, -1]}
							}
						},
						{
							"origin": [-0.98, 16.95, 28.25],
							"size": [1.9, 3.1, 3.2],
							"pivot": [1.02, 16.65, 28.65],
							"rotation": [-47, 0, 0],
							"uv": {
								"north": {"uv": [139, 119], "uv_size": [4, 1]},
								"east": {"uv": [139, 119], "uv_size": [4, 1]},
								"south": {"uv": [139, 119], "uv_size": [4, 1]},
								"west": {"uv": [139, 119], "uv_size": [4, 1]},
								"up": {"uv": [143, 120], "uv_size": [-4, -1]},
								"down": {"uv": [143, 120], "uv_size": [-4, -1]}
							}
						},
						{
							"origin": [-3.02, 21.75, 12.15],
							"size": [1, 2, 21],
							"pivot": [-2.02, 23.75, 12.15],
							"rotation": [0, 0, -94],
							"uv": {
								"north": {"uv": [139, 119], "uv_size": [4, 1]},
								"east": {"uv": [139, 119], "uv_size": [4, 1]},
								"south": {"uv": [139, 119], "uv_size": [4, 1]},
								"west": {"uv": [139, 119], "uv_size": [4, 1]},
								"up": {"uv": [143, 120], "uv_size": [-4, -1]},
								"down": {"uv": [143, 120], "uv_size": [-4, -1]}
							}
						},
						{
							"origin": [-3.02, 21.65, 33.15],
							"size": [1.02, 2.2, 0.9],
							"pivot": [-2.02, 23.75, 12.35],
							"rotation": [0, 0, -94],
							"uv": {
								"north": {"uv": [139, 119], "uv_size": [4, 1]},
								"east": {"uv": [139, 119], "uv_size": [4, 1]},
								"south": {"uv": [139, 119], "uv_size": [4, 1]},
								"west": {"uv": [139, 119], "uv_size": [4, 1]},
								"up": {"uv": [143, 120], "uv_size": [-4, -1]},
								"down": {"uv": [143, 120], "uv_size": [-4, -1]}
							}
						},
						{
							"origin": [-3.85, 23.75, 12.15],
							"size": [2, 2, 21],
							"inflate": 0.001,
							"pivot": [-1.85, 25.75, 12.15],
							"rotation": [0, 0, -85],
							"uv": {
								"north": {"uv": [139, 119], "uv_size": [4, 1]},
								"east": {"uv": [139, 119], "uv_size": [4, 1]},
								"south": {"uv": [139, 119], "uv_size": [4, 1]},
								"west": {"uv": [139, 119], "uv_size": [4, 1]},
								"up": {"uv": [143, 120], "uv_size": [-4, -1]},
								"down": {"uv": [143, 120], "uv_size": [-4, -1]}
							}
						},
						{
							"origin": [-3.85, 23.75, 33.15],
							"size": [2.05, 2.1, 0.9],
							"inflate": 0.001,
							"pivot": [-1.85, 25.75, 12.15],
							"rotation": [0, 0, -85],
							"uv": {
								"north": {"uv": [139, 119], "uv_size": [4, 1]},
								"east": {"uv": [139, 119], "uv_size": [4, 1]},
								"south": {"uv": [139, 119], "uv_size": [4, 1]},
								"west": {"uv": [139, 119], "uv_size": [4, 1]},
								"up": {"uv": [143, 120], "uv_size": [-4, -1]},
								"down": {"uv": [143, 120], "uv_size": [-4, -1]}
							}
						},
						{
							"origin": [-2, 24.5, 12.15],
							"size": [2, 2, 21],
							"inflate": -0.001,
							"pivot": [0, 26.5, 12.15],
							"rotation": [0, 0, -22],
							"uv": {
								"north": {"uv": [139, 119], "uv_size": [4, 1]},
								"east": {"uv": [139, 119], "uv_size": [4, 1]},
								"south": {"uv": [139, 119], "uv_size": [4, 1]},
								"west": {"uv": [139, 119], "uv_size": [4, 1]},
								"up": {"uv": [143, 120], "uv_size": [-4, -1]},
								"down": {"uv": [143, 120], "uv_size": [-4, -1]}
							}
						},
						{
							"origin": [0.1, 22, 12.15],
							"size": [2, 2, 21],
							"pivot": [0.1, 22, 12.15],
							"rotation": [0, 0, -22],
							"uv": {
								"north": {"uv": [139, 119], "uv_size": [4, 1]},
								"east": {"uv": [139, 119], "uv_size": [4, 1]},
								"south": {"uv": [139, 119], "uv_size": [4, 1]},
								"west": {"uv": [139, 119], "uv_size": [4, 1]},
								"up": {"uv": [143, 120], "uv_size": [-4, -1]},
								"down": {"uv": [143, 120], "uv_size": [-4, -1]}
							}
						},
						{
							"origin": [-2.1, 22, 12.15],
							"size": [2, 2, 21],
							"inflate": -0.001,
							"pivot": [-0.1, 22, 12.15],
							"rotation": [0, 0, 22],
							"uv": {
								"north": {"uv": [139, 119], "uv_size": [4, 1]},
								"east": {"uv": [139, 119], "uv_size": [4, 1]},
								"south": {"uv": [139, 119], "uv_size": [4, 1]},
								"west": {"uv": [139, 119], "uv_size": [4, 1]},
								"up": {"uv": [143, 120], "uv_size": [-4, -1]},
								"down": {"uv": [143, 120], "uv_size": [-4, -1]}
							}
						},
						{
							"origin": [-2.06, 24.5, 33.15],
							"size": [2.1, 2.1, 0.9],
							"inflate": -0.001,
							"pivot": [0, 26.5, 12.15],
							"rotation": [0, 0, -22],
							"uv": {
								"north": {"uv": [139, 119], "uv_size": [4, 1]},
								"east": {"uv": [139, 119], "uv_size": [4, 1]},
								"south": {"uv": [139, 119], "uv_size": [4, 1]},
								"west": {"uv": [139, 119], "uv_size": [4, 1]},
								"up": {"uv": [143, 120], "uv_size": [-4, -1]},
								"down": {"uv": [143, 120], "uv_size": [-4, -1]}
							}
						},
						{
							"origin": [2, 21.75, 33.15],
							"size": [1.02, 2.1, 0.9],
							"pivot": [2.02, 23.75, 12.35],
							"rotation": [0, 0, 94],
							"uv": {
								"north": {"uv": [139, 119], "uv_size": [4, 1]},
								"east": {"uv": [139, 119], "uv_size": [4, 1]},
								"south": {"uv": [139, 119], "uv_size": [4, 1]},
								"west": {"uv": [139, 119], "uv_size": [4, 1]},
								"up": {"uv": [143, 120], "uv_size": [-4, -1]},
								"down": {"uv": [143, 120], "uv_size": [-4, -1]}
							}
						},
						{
							"origin": [1.8, 23.65, 33.15],
							"size": [2.05, 2.2, 0.9],
							"inflate": 0.001,
							"pivot": [1.85, 25.75, 12.15],
							"rotation": [0, 0, 85],
							"uv": {
								"north": {"uv": [139, 119], "uv_size": [4, 1]},
								"east": {"uv": [139, 119], "uv_size": [4, 1]},
								"south": {"uv": [139, 119], "uv_size": [4, 1]},
								"west": {"uv": [139, 119], "uv_size": [4, 1]},
								"up": {"uv": [143, 120], "uv_size": [-4, -1]},
								"down": {"uv": [143, 120], "uv_size": [-4, -1]}
							}
						},
						{
							"origin": [-0.04, 24.5, 33.15],
							"size": [2.1, 2.1, 0.9],
							"inflate": -0.001,
							"pivot": [0, 26.5, 12.15],
							"rotation": [0, 0, 22],
							"uv": {
								"north": {"uv": [139, 119], "uv_size": [4, 1]},
								"east": {"uv": [139, 119], "uv_size": [4, 1]},
								"south": {"uv": [139, 119], "uv_size": [4, 1]},
								"west": {"uv": [139, 119], "uv_size": [4, 1]},
								"up": {"uv": [143, 120], "uv_size": [-4, -1]},
								"down": {"uv": [143, 120], "uv_size": [-4, -1]}
							}
						},
						{
							"origin": [-0.04, 21.9, 33.15],
							"size": [2.2, 2.1, 0.2],
							"inflate": -0.001,
							"pivot": [0, 22, 12.15],
							"rotation": [0, 0, -22],
							"uv": {
								"north": {"uv": [41, 143], "uv_size": [2, 2]},
								"east": {"uv": [153, 33], "uv_size": [1, 2]},
								"south": {"uv": [50, 143], "uv_size": [2, 2]},
								"west": {"uv": [35, 153], "uv_size": [1, 2]},
								"up": {"uv": [153, 35], "uv_size": [2, 1]},
								"down": {"uv": [36, 154], "uv_size": [2, -1]}
							}
						},
						{
							"origin": [-2.16, 21.9, 33.15],
							"size": [2.2, 2.1, 0.2],
							"inflate": -0.001,
							"pivot": [0, 22, 12.15],
							"rotation": [0, 0, 22],
							"uv": {
								"north": {"uv": [143, 30], "uv_size": [2, 2]},
								"east": {"uv": [31, 153], "uv_size": [1, 2]},
								"south": {"uv": [143, 34], "uv_size": [2, 2]},
								"west": {"uv": [32, 153], "uv_size": [1, 2]},
								"up": {"uv": [153, 30], "uv_size": [2, 1]},
								"down": {"uv": [33, 154], "uv_size": [2, -1]}
							}
						},
						{
							"origin": [-0.7, 23.65, 6],
							"size": [2, 2, 6],
							"inflate": 0.2,
							"pivot": [-0.7, 25.65, 8],
							"rotation": [0, 0, 16],
							"uv": {
								"north": {"uv": [149, 42], "uv_size": [2, 1]},
								"east": {"uv": [149, 42], "uv_size": [2, 1]},
								"south": {"uv": [149, 42], "uv_size": [2, 1]},
								"west": {"uv": [149, 42], "uv_size": [2, 1]},
								"up": {"uv": [151, 43], "uv_size": [-2, -1]},
								"down": {"uv": [151, 43], "uv_size": [-2, -1]}
							}
						}
					]
				},
				{
					"name": "bone14",
					"parent": "stock",
					"pivot": [-1.78, 19.15, 20.15],
					"rotation": [-27, 0, 0],
					"cubes": [
						{
							"origin": [-1.78, 19.15, 19.65],
							"size": [0.2, 2.1, 5.7],
							"uv": {
								"north": {"uv": [139, 119], "uv_size": [4, 1]},
								"east": {"uv": [139, 119], "uv_size": [4, 1]},
								"south": {"uv": [139, 119], "uv_size": [4, 1]},
								"west": {"uv": [139, 119], "uv_size": [4, 1]},
								"up": {"uv": [143, 120], "uv_size": [-4, -1]},
								"down": {"uv": [143, 120], "uv_size": [-4, -1]}
							}
						},
						{
							"origin": [1.52, 19.15, 19.65],
							"size": [0.2, 2.1, 5.7],
							"uv": {
								"north": {"uv": [139, 119], "uv_size": [4, 1]},
								"east": {"uv": [139, 119], "uv_size": [4, 1]},
								"south": {"uv": [139, 119], "uv_size": [4, 1]},
								"west": {"uv": [139, 119], "uv_size": [4, 1]},
								"up": {"uv": [143, 120], "uv_size": [-4, -1]},
								"down": {"uv": [143, 120], "uv_size": [-4, -1]}
							}
						},
						{
							"origin": [-1.58, 19.15, 19.65],
							"size": [3.1, 0.3, 5.7],
							"uv": {
								"north": {"uv": [139, 119], "uv_size": [4, 1]},
								"east": {"uv": [139, 119], "uv_size": [4, 1]},
								"south": {"uv": [139, 119], "uv_size": [4, 1]},
								"west": {"uv": [139, 119], "uv_size": [4, 1]},
								"up": {"uv": [143, 120], "uv_size": [-4, -1]},
								"down": {"uv": [143, 120], "uv_size": [-4, -1]}
							}
						}
					]
				},
				{
					"name": "bone15",
					"parent": "stock",
					"pivot": [-1.78, 16.85, 24.85],
					"rotation": [-69, 0, 0],
					"cubes": [
						{
							"origin": [-1.78, 16.76556, 24.31809],
							"size": [0.2, 0.4, 1.8],
							"uv": {
								"north": {"uv": [139, 119], "uv_size": [4, 1]},
								"east": {"uv": [139, 119], "uv_size": [4, 1]},
								"south": {"uv": [139, 119], "uv_size": [4, 1]},
								"west": {"uv": [139, 119], "uv_size": [4, 1]},
								"up": {"uv": [143, 120], "uv_size": [-4, -1]},
								"down": {"uv": [143, 120], "uv_size": [-4, -1]}
							}
						},
						{
							"origin": [1.52, 16.76556, 24.31809],
							"size": [0.2, 0.4, 1.8],
							"uv": {
								"north": {"uv": [139, 119], "uv_size": [4, 1]},
								"east": {"uv": [139, 119], "uv_size": [4, 1]},
								"south": {"uv": [139, 119], "uv_size": [4, 1]},
								"west": {"uv": [139, 119], "uv_size": [4, 1]},
								"up": {"uv": [143, 120], "uv_size": [-4, -1]},
								"down": {"uv": [143, 120], "uv_size": [-4, -1]}
							}
						},
						{
							"origin": [-1.78, 16.76556, 23.21809],
							"size": [0.2, 0.4, 2.9],
							"pivot": [-1.78, 17.16556, 26.11809],
							"rotation": [-24, 0, 0],
							"uv": {
								"north": {"uv": [139, 119], "uv_size": [4, 1]},
								"east": {"uv": [139, 119], "uv_size": [4, 1]},
								"south": {"uv": [139, 119], "uv_size": [4, 1]},
								"west": {"uv": [139, 119], "uv_size": [4, 1]},
								"up": {"uv": [143, 120], "uv_size": [-4, -1]},
								"down": {"uv": [143, 120], "uv_size": [-4, -1]}
							}
						},
						{
							"origin": [1.52, 16.76556, 23.21809],
							"size": [0.2, 0.4, 2.9],
							"pivot": [-1.78, 17.16556, 26.11809],
							"rotation": [-24, 0, 0],
							"uv": {
								"north": {"uv": [139, 119], "uv_size": [4, 1]},
								"east": {"uv": [139, 119], "uv_size": [4, 1]},
								"south": {"uv": [139, 119], "uv_size": [4, 1]},
								"west": {"uv": [139, 119], "uv_size": [4, 1]},
								"up": {"uv": [143, 120], "uv_size": [-4, -1]},
								"down": {"uv": [143, 120], "uv_size": [-4, -1]}
							}
						},
						{
							"origin": [-1.78, 16.46556, 24.01809],
							"size": [0.2, 0.3, 1.3],
							"pivot": [-1.78, 17.16556, 26.11809],
							"rotation": [-24, 0, 0],
							"uv": {
								"north": {"uv": [139, 119], "uv_size": [4, 1]},
								"east": {"uv": [139, 119], "uv_size": [4, 1]},
								"south": {"uv": [139, 119], "uv_size": [4, 1]},
								"west": {"uv": [139, 119], "uv_size": [4, 1]},
								"up": {"uv": [143, 120], "uv_size": [-4, -1]},
								"down": {"uv": [143, 120], "uv_size": [-4, -1]}
							}
						},
						{
							"origin": [1.52, 16.46556, 24.01809],
							"size": [0.2, 0.3, 1.3],
							"pivot": [-1.78, 17.16556, 26.11809],
							"rotation": [-24, 0, 0],
							"uv": {
								"north": {"uv": [139, 119], "uv_size": [4, 1]},
								"east": {"uv": [139, 119], "uv_size": [4, 1]},
								"south": {"uv": [139, 119], "uv_size": [4, 1]},
								"west": {"uv": [139, 119], "uv_size": [4, 1]},
								"up": {"uv": [143, 120], "uv_size": [-4, -1]},
								"down": {"uv": [143, 120], "uv_size": [-4, -1]}
							}
						},
						{
							"origin": [-1.58, 16.76556, 24.31809],
							"size": [3.1, 0.3, 1.8],
							"uv": {
								"north": {"uv": [139, 119], "uv_size": [4, 1]},
								"east": {"uv": [139, 119], "uv_size": [4, 1]},
								"south": {"uv": [139, 119], "uv_size": [4, 1]},
								"west": {"uv": [139, 119], "uv_size": [4, 1]},
								"up": {"uv": [143, 120], "uv_size": [-4, -1]},
								"down": {"uv": [143, 120], "uv_size": [-4, -1]}
							}
						}
					]
				},
				{
					"name": "_ca_stock",
					"parent": "main",
					"pivot": [-0.2, 21.85, -1.425],
					"cubes": [
						{
							"origin": [-0.45, 23.95, 5.975],
							"size": [1, 1, 1],
							"uv": {
								"north": {"uv": [38, 187], "uv_size": [3, 5]},
								"east": {"uv": [38, 187], "uv_size": [3, 5]},
								"south": {"uv": [38, 187], "uv_size": [3, 5]},
								"west": {"uv": [38, 187], "uv_size": [3, 5]},
								"up": {"uv": [41, 192], "uv_size": [-3, -5]},
								"down": {"uv": [41, 192], "uv_size": [-3, -5]}
							}
						}
					]
				}
			]
		}
	]
}