{
	"format_version": "1.12.0",
	"minecraft:geometry": [
		{
			"description": {
				"identifier": "geometry.acm556.geo",
				"texture_width": 256,
				"texture_height": 256,
				"visible_bounds_width": 9,
				"visible_bounds_height": 4,
				"visible_bounds_offset": [0, 1, 0]
			},
			"bones": [
				{
					"name": "main",
					"pivot": [0, 20, 0]
				},
				{
					"name": "gun",
					"parent": "main",
					"pivot": [1, 11, -1]
				},
				{
					"name": "stock",
					"parent": "gun",
					"pivot": [0.65, 19.4, 32.2],
					"cubes": [
						{
							"origin": [-0.95, 24.3, 9],
							"size": [2, 2.5, 7.2],
							"uv": {
								"north": {"uv": [43, 149], "uv_size": [1, 1]},
								"east": {"uv": [43, 149], "uv_size": [1, 1]},
								"south": {"uv": [43, 149], "uv_size": [1, 1]},
								"west": {"uv": [43, 149], "uv_size": [1, 1]},
								"up": {"uv": [44, 150], "uv_size": [-1, -1]},
								"down": {"uv": [44, 150], "uv_size": [-1, -1]}
							}
						},
						{
							"origin": [-1.55, 23.794, 16.134],
							"size": [3.2, 2.782, 18.404],
							"uv": {
								"north": {"uv": [43, 149], "uv_size": [1, 1]},
								"east": {"uv": [43, 149], "uv_size": [1, 1]},
								"south": {"uv": [43, 149], "uv_size": [1, 1]},
								"west": {"uv": [43, 149], "uv_size": [1, 1]},
								"up": {"uv": [44, 150], "uv_size": [-1, -1]},
								"down": {"uv": [44, 150], "uv_size": [-1, -1]}
							}
						},
						{
							"origin": [-0.45, 23.366, 18.30212],
							"size": [1, 0.856, 16.26419],
							"uv": {
								"north": {"uv": [43, 149], "uv_size": [1, 1]},
								"east": {"uv": [43, 149], "uv_size": [1, 1]},
								"south": {"uv": [43, 149], "uv_size": [1, 1]},
								"west": {"uv": [43, 149], "uv_size": [1, 1]},
								"up": {"uv": [44, 150], "uv_size": [-1, -1]},
								"down": {"uv": [44, 150], "uv_size": [-1, -1]}
							}
						},
						{
							"origin": [-0.45, 21.012, 20.02421],
							"size": [1, 2.354, 14.5421],
							"uv": {
								"north": {"uv": [43, 149], "uv_size": [1, 1]},
								"east": {"uv": [43, 149], "uv_size": [1, 1]},
								"south": {"uv": [43, 149], "uv_size": [1, 1]},
								"west": {"uv": [43, 149], "uv_size": [1, 1]},
								"up": {"uv": [44, 150], "uv_size": [-1, -1]},
								"down": {"uv": [44, 150], "uv_size": [-1, -1]}
							}
						},
						{
							"origin": [-0.75, 20.263, 23.27705],
							"size": [1.6, 3.959, 11.28926],
							"uv": {
								"north": {"uv": [43, 149], "uv_size": [1, 1]},
								"east": {"uv": [43, 149], "uv_size": [1, 1]},
								"south": {"uv": [43, 149], "uv_size": [1, 1]},
								"west": {"uv": [43, 149], "uv_size": [1, 1]},
								"up": {"uv": [44, 150], "uv_size": [-1, -1]},
								"down": {"uv": [44, 150], "uv_size": [-1, -1]}
							}
						},
						{
							"origin": [-1.45, 13.415, 31.8875],
							"size": [3, 10.914, 2.67881],
							"uv": {
								"north": {"uv": [43, 149], "uv_size": [1, 1]},
								"east": {"uv": [43, 149], "uv_size": [1, 1]},
								"south": {"uv": [43, 149], "uv_size": [1, 1]},
								"west": {"uv": [43, 149], "uv_size": [1, 1]},
								"up": {"uv": [44, 150], "uv_size": [-1, -1]},
								"down": {"uv": [44, 150], "uv_size": [-1, -1]}
							}
						},
						{
							"origin": [-1.45, 14.164, 34.5625],
							"size": [3, 0.535, 0.32481],
							"uv": {
								"north": {"uv": [43, 149], "uv_size": [1, 1]},
								"east": {"uv": [43, 149], "uv_size": [1, 1]},
								"south": {"uv": [43, 149], "uv_size": [1, 1]},
								"west": {"uv": [43, 149], "uv_size": [1, 1]},
								"up": {"uv": [44, 150], "uv_size": [-1, -1]},
								"down": {"uv": [44, 150], "uv_size": [-1, -1]}
							}
						},
						{
							"origin": [-1.45, 16.304, 34.5625],
							"size": [3, 0.535, 0.32481],
							"uv": {
								"north": {"uv": [43, 149], "uv_size": [1, 1]},
								"east": {"uv": [43, 149], "uv_size": [1, 1]},
								"south": {"uv": [43, 149], "uv_size": [1, 1]},
								"west": {"uv": [43, 149], "uv_size": [1, 1]},
								"up": {"uv": [44, 150], "uv_size": [-1, -1]},
								"down": {"uv": [44, 150], "uv_size": [-1, -1]}
							}
						},
						{
							"origin": [-1.45, 15.127, 34.5625],
							"size": [3, 0.535, 0.32481],
							"uv": {
								"north": {"uv": [43, 149], "uv_size": [1, 1]},
								"east": {"uv": [43, 149], "uv_size": [1, 1]},
								"south": {"uv": [43, 149], "uv_size": [1, 1]},
								"west": {"uv": [43, 149], "uv_size": [1, 1]},
								"up": {"uv": [44, 150], "uv_size": [-1, -1]},
								"down": {"uv": [44, 150], "uv_size": [-1, -1]}
							}
						},
						{
							"origin": [-1.45, 18.444, 34.5625],
							"size": [3, 0.535, 0.32481],
							"uv": {
								"north": {"uv": [43, 149], "uv_size": [1, 1]},
								"east": {"uv": [43, 149], "uv_size": [1, 1]},
								"south": {"uv": [43, 149], "uv_size": [1, 1]},
								"west": {"uv": [43, 149], "uv_size": [1, 1]},
								"up": {"uv": [44, 150], "uv_size": [-1, -1]},
								"down": {"uv": [44, 150], "uv_size": [-1, -1]}
							}
						},
						{
							"origin": [-1.45, 17.267, 34.5625],
							"size": [3, 0.535, 0.32481],
							"uv": {
								"north": {"uv": [43, 149], "uv_size": [1, 1]},
								"east": {"uv": [43, 149], "uv_size": [1, 1]},
								"south": {"uv": [43, 149], "uv_size": [1, 1]},
								"west": {"uv": [43, 149], "uv_size": [1, 1]},
								"up": {"uv": [44, 150], "uv_size": [-1, -1]},
								"down": {"uv": [44, 150], "uv_size": [-1, -1]}
							}
						},
						{
							"origin": [-1.45, 20.584, 34.5625],
							"size": [3, 0.535, 0.32481],
							"uv": {
								"north": {"uv": [43, 149], "uv_size": [1, 1]},
								"east": {"uv": [43, 149], "uv_size": [1, 1]},
								"south": {"uv": [43, 149], "uv_size": [1, 1]},
								"west": {"uv": [43, 149], "uv_size": [1, 1]},
								"up": {"uv": [44, 150], "uv_size": [-1, -1]},
								"down": {"uv": [44, 150], "uv_size": [-1, -1]}
							}
						},
						{
							"origin": [-1.45, 19.407, 34.5625],
							"size": [3, 0.535, 0.32481],
							"uv": {
								"north": {"uv": [43, 149], "uv_size": [1, 1]},
								"east": {"uv": [43, 149], "uv_size": [1, 1]},
								"south": {"uv": [43, 149], "uv_size": [1, 1]},
								"west": {"uv": [43, 149], "uv_size": [1, 1]},
								"up": {"uv": [44, 150], "uv_size": [-1, -1]},
								"down": {"uv": [44, 150], "uv_size": [-1, -1]}
							}
						},
						{
							"origin": [-1.45, 22.724, 34.5625],
							"size": [3, 0.535, 0.32481],
							"uv": {
								"north": {"uv": [43, 149], "uv_size": [1, 1]},
								"east": {"uv": [43, 149], "uv_size": [1, 1]},
								"south": {"uv": [43, 149], "uv_size": [1, 1]},
								"west": {"uv": [43, 149], "uv_size": [1, 1]},
								"up": {"uv": [44, 150], "uv_size": [-1, -1]},
								"down": {"uv": [44, 150], "uv_size": [-1, -1]}
							}
						},
						{
							"origin": [-1.45, 21.547, 34.5625],
							"size": [3, 0.535, 0.32481],
							"uv": {
								"north": {"uv": [43, 149], "uv_size": [1, 1]},
								"east": {"uv": [43, 149], "uv_size": [1, 1]},
								"south": {"uv": [43, 149], "uv_size": [1, 1]},
								"west": {"uv": [43, 149], "uv_size": [1, 1]},
								"up": {"uv": [44, 150], "uv_size": [-1, -1]},
								"down": {"uv": [44, 150], "uv_size": [-1, -1]}
							}
						},
						{
							"origin": [-1.45, 24.864, 34.5625],
							"size": [3, 0.535, 0.32481],
							"uv": {
								"north": {"uv": [43, 149], "uv_size": [1, 1]},
								"east": {"uv": [43, 149], "uv_size": [1, 1]},
								"south": {"uv": [43, 149], "uv_size": [1, 1]},
								"west": {"uv": [43, 149], "uv_size": [1, 1]},
								"up": {"uv": [44, 150], "uv_size": [-1, -1]},
								"down": {"uv": [44, 150], "uv_size": [-1, -1]}
							}
						},
						{
							"origin": [-1.45, 25.934, 34.5625],
							"size": [3, 0.535, 0.32481],
							"uv": {
								"north": {"uv": [43, 149], "uv_size": [1, 1]},
								"east": {"uv": [43, 149], "uv_size": [1, 1]},
								"south": {"uv": [43, 149], "uv_size": [1, 1]},
								"west": {"uv": [43, 149], "uv_size": [1, 1]},
								"up": {"uv": [44, 150], "uv_size": [-1, -1]},
								"down": {"uv": [44, 150], "uv_size": [-1, -1]}
							}
						},
						{
							"origin": [-1.45, 23.687, 34.5625],
							"size": [3, 0.535, 0.32481],
							"uv": {
								"north": {"uv": [43, 149], "uv_size": [1, 1]},
								"east": {"uv": [43, 149], "uv_size": [1, 1]},
								"south": {"uv": [43, 149], "uv_size": [1, 1]},
								"west": {"uv": [43, 149], "uv_size": [1, 1]},
								"up": {"uv": [44, 150], "uv_size": [-1, -1]},
								"down": {"uv": [44, 150], "uv_size": [-1, -1]}
							}
						},
						{
							"origin": [-1.45, 13.415, 27.0725],
							"size": [3, 0.749, 4.81881],
							"uv": {
								"north": {"uv": [43, 149], "uv_size": [1, 1]},
								"east": {"uv": [43, 149], "uv_size": [1, 1]},
								"south": {"uv": [43, 149], "uv_size": [1, 1]},
								"west": {"uv": [43, 149], "uv_size": [1, 1]},
								"up": {"uv": [44, 150], "uv_size": [-1, -1]},
								"down": {"uv": [44, 150], "uv_size": [-1, -1]}
							}
						},
						{
							"origin": [-1.45, 14.057, 29.5335],
							"size": [3, 1.819, 2.35781],
							"uv": {
								"north": {"uv": [43, 149], "uv_size": [1, 1]},
								"east": {"uv": [43, 149], "uv_size": [1, 1]},
								"south": {"uv": [43, 149], "uv_size": [1, 1]},
								"west": {"uv": [43, 149], "uv_size": [1, 1]},
								"up": {"uv": [44, 150], "uv_size": [-1, -1]},
								"down": {"uv": [44, 150], "uv_size": [-1, -1]}
							}
						},
						{
							"origin": [-1.45, 14.057, 28.3565],
							"size": [3, 0.963, 1.18081],
							"uv": {
								"north": {"uv": [43, 149], "uv_size": [1, 1]},
								"east": {"uv": [43, 149], "uv_size": [1, 1]},
								"south": {"uv": [43, 149], "uv_size": [1, 1]},
								"west": {"uv": [43, 149], "uv_size": [1, 1]},
								"up": {"uv": [44, 150], "uv_size": [-1, -1]},
								"down": {"uv": [44, 150], "uv_size": [-1, -1]}
							}
						},
						{
							"origin": [-1.45, 15.769, 30.7105],
							"size": [3, 0.963, 1.18081],
							"uv": {
								"north": {"uv": [43, 149], "uv_size": [1, 1]},
								"east": {"uv": [43, 149], "uv_size": [1, 1]},
								"south": {"uv": [43, 149], "uv_size": [1, 1]},
								"west": {"uv": [43, 149], "uv_size": [1, 1]},
								"up": {"uv": [44, 150], "uv_size": [-1, -1]},
								"down": {"uv": [44, 150], "uv_size": [-1, -1]}
							}
						},
						{
							"origin": [-1.45, 22.296, 30.93078],
							"size": [3, 2.033, 0.95672],
							"uv": {
								"north": {"uv": [43, 149], "uv_size": [1, 1]},
								"east": {"uv": [43, 149], "uv_size": [1, 1]},
								"south": {"uv": [43, 149], "uv_size": [1, 1]},
								"west": {"uv": [43, 149], "uv_size": [1, 1]},
								"up": {"uv": [44, 150], "uv_size": [-1, -1]},
								"down": {"uv": [44, 150], "uv_size": [-1, -1]}
							}
						},
						{
							"origin": [-0.45, 23.366, 18.30212],
							"size": [1, 4.387, 2.87015],
							"pivot": [0, 23.366, 18.30212],
							"rotation": [-54, 0, 0],
							"uv": {
								"north": {"uv": [43, 149], "uv_size": [1, 1]},
								"east": {"uv": [43, 149], "uv_size": [1, 1]},
								"south": {"uv": [43, 149], "uv_size": [1, 1]},
								"west": {"uv": [43, 149], "uv_size": [1, 1]},
								"up": {"uv": [44, 150], "uv_size": [-1, -1]},
								"down": {"uv": [44, 150], "uv_size": [-1, -1]}
							}
						},
						{
							"origin": [-0.75, 22.617, 19.7372],
							"size": [1.6, 4.387, 4.68791],
							"pivot": [0, 22.617, 21.55496],
							"rotation": [-54, 0, 0],
							"uv": {
								"north": {"uv": [43, 149], "uv_size": [1, 1]},
								"east": {"uv": [43, 149], "uv_size": [1, 1]},
								"south": {"uv": [43, 149], "uv_size": [1, 1]},
								"west": {"uv": [43, 149], "uv_size": [1, 1]},
								"up": {"uv": [44, 150], "uv_size": [-1, -1]},
								"down": {"uv": [44, 150], "uv_size": [-1, -1]}
							}
						},
						{
							"origin": [-1.05, 21.333, 22.22466],
							"size": [2.2, 4.494, 10.11978],
							"pivot": [0, 21.333, 25.4775],
							"rotation": [-54, 0, 0],
							"uv": {
								"north": {"uv": [43, 149], "uv_size": [1, 1]},
								"east": {"uv": [43, 149], "uv_size": [1, 1]},
								"south": {"uv": [43, 149], "uv_size": [1, 1]},
								"west": {"uv": [43, 149], "uv_size": [1, 1]},
								"up": {"uv": [44, 150], "uv_size": [-1, -1]},
								"down": {"uv": [44, 150], "uv_size": [-1, -1]}
							}
						},
						{
							"origin": [-0.45, 19.3, 22.22466],
							"size": [1, 0.856, 10.11978],
							"pivot": [0, 21.333, 25.4775],
							"rotation": [-54, 0, 0],
							"uv": {
								"north": {"uv": [43, 149], "uv_size": [1, 1]},
								"east": {"uv": [43, 149], "uv_size": [1, 1]},
								"south": {"uv": [43, 149], "uv_size": [1, 1]},
								"west": {"uv": [43, 149], "uv_size": [1, 1]},
								"up": {"uv": [44, 150], "uv_size": [-1, -1]},
								"down": {"uv": [44, 150], "uv_size": [-1, -1]}
							}
						},
						{
							"origin": [-0.45, 19.92982, 24.71377],
							"size": [1, 0.428, 0.38278],
							"pivot": [0, 20.156, 24.9425],
							"rotation": [-24, 0, 0],
							"uv": {
								"north": {"uv": [43, 149], "uv_size": [1, 1]},
								"east": {"uv": [43, 149], "uv_size": [1, 1]},
								"south": {"uv": [43, 149], "uv_size": [1, 1]},
								"west": {"uv": [43, 149], "uv_size": [1, 1]},
								"up": {"uv": [44, 150], "uv_size": [-1, -1]},
								"down": {"uv": [44, 150], "uv_size": [-1, -1]}
							}
						},
						{
							"origin": [-1.05, 15.54282, 29.20777],
							"size": [2.2, 0.428, 0.38278],
							"pivot": [0, 15.769, 29.4365],
							"rotation": [-24, 0, 0],
							"uv": {
								"north": {"uv": [43, 149], "uv_size": [1, 1]},
								"east": {"uv": [43, 149], "uv_size": [1, 1]},
								"south": {"uv": [43, 149], "uv_size": [1, 1]},
								"west": {"uv": [43, 149], "uv_size": [1, 1]},
								"up": {"uv": [44, 150], "uv_size": [-1, -1]},
								"down": {"uv": [44, 150], "uv_size": [-1, -1]}
							}
						},
						{
							"origin": [-0.75, 20.14382, 25.78377],
							"size": [1.6, 0.428, 0.81078],
							"pivot": [0, 20.37, 26.3335],
							"rotation": [-24, 0, 0],
							"uv": {
								"north": {"uv": [43, 149], "uv_size": [1, 1]},
								"east": {"uv": [43, 149], "uv_size": [1, 1]},
								"south": {"uv": [43, 149], "uv_size": [1, 1]},
								"west": {"uv": [43, 149], "uv_size": [1, 1]},
								"up": {"uv": [44, 150], "uv_size": [-1, -1]},
								"down": {"uv": [44, 150], "uv_size": [-1, -1]}
							}
						},
						{
							"origin": [-0.45, 15.00782, 28.03077],
							"size": [1, 0.428, 0.59678],
							"pivot": [0, 15.234, 28.4735],
							"rotation": [-24, 0, 0],
							"uv": {
								"north": {"uv": [43, 149], "uv_size": [1, 1]},
								"east": {"uv": [43, 149], "uv_size": [1, 1]},
								"south": {"uv": [43, 149], "uv_size": [1, 1]},
								"west": {"uv": [43, 149], "uv_size": [1, 1]},
								"up": {"uv": [44, 150], "uv_size": [-1, -1]},
								"down": {"uv": [44, 150], "uv_size": [-1, -1]}
							}
						},
						{
							"origin": [-0.45, 20.14382, 23.42977],
							"size": [1, 0.428, 0.59678],
							"pivot": [0, 20.37, 23.7655],
							"rotation": [-24, 0, 0],
							"uv": {
								"north": {"uv": [43, 149], "uv_size": [1, 1]},
								"east": {"uv": [43, 149], "uv_size": [1, 1]},
								"south": {"uv": [43, 149], "uv_size": [1, 1]},
								"west": {"uv": [43, 149], "uv_size": [1, 1]},
								"up": {"uv": [44, 150], "uv_size": [-1, -1]},
								"down": {"uv": [44, 150], "uv_size": [-1, -1]}
							}
						},
						{
							"origin": [-0.45, 14.25882, 27.49577],
							"size": [1, 0.642, 0.38278],
							"pivot": [0, 14.592, 27.7245],
							"rotation": [-24, 0, 0],
							"uv": {
								"north": {"uv": [43, 149], "uv_size": [1, 1]},
								"east": {"uv": [43, 149], "uv_size": [1, 1]},
								"south": {"uv": [43, 149], "uv_size": [1, 1]},
								"west": {"uv": [43, 149], "uv_size": [1, 1]},
								"up": {"uv": [44, 150], "uv_size": [-1, -1]},
								"down": {"uv": [44, 150], "uv_size": [-1, -1]}
							}
						},
						{
							"origin": [-1.45, 21.333, 25.4775],
							"size": [3, 3.21, 8.08678],
							"pivot": [0, 21.333, 28.73033],
							"rotation": [-54, 0, 0],
							"uv": {
								"north": {"uv": [43, 149], "uv_size": [1, 1]},
								"east": {"uv": [43, 149], "uv_size": [1, 1]},
								"south": {"uv": [43, 149], "uv_size": [1, 1]},
								"west": {"uv": [43, 149], "uv_size": [1, 1]},
								"up": {"uv": [44, 150], "uv_size": [-1, -1]},
								"down": {"uv": [44, 150], "uv_size": [-1, -1]}
							}
						},
						{
							"origin": [-1.45, 10.312, 27.9385],
							"size": [3, 5.992, 0.81078],
							"pivot": [0, 13.094, 31.29833],
							"rotation": [-54, 0, 0],
							"uv": {
								"north": {"uv": [43, 149], "uv_size": [1, 1]},
								"east": {"uv": [43, 149], "uv_size": [1, 1]},
								"south": {"uv": [43, 149], "uv_size": [1, 1]},
								"west": {"uv": [43, 149], "uv_size": [1, 1]},
								"up": {"uv": [44, 150], "uv_size": [-1, -1]},
								"down": {"uv": [44, 150], "uv_size": [-1, -1]}
							}
						},
						{
							"origin": [-1.65, 24.436, 16.455],
							"size": [3.4, 0.535, 17.655],
							"uv": {
								"north": {"uv": [43, 149], "uv_size": [1, 1]},
								"east": {"uv": [43, 149], "uv_size": [1, 1]},
								"south": {"uv": [43, 149], "uv_size": [1, 1]},
								"west": {"uv": [43, 149], "uv_size": [1, 1]},
								"up": {"uv": [44, 150], "uv_size": [-1, -1]},
								"down": {"uv": [44, 150], "uv_size": [-1, -1]}
							}
						},
						{
							"origin": [1.05, 26.5, 9],
							"size": [0.2, 0.3, 7.2],
							"uv": {
								"north": {"uv": [43, 149], "uv_size": [1, 1]},
								"east": {"uv": [43, 149], "uv_size": [1, 1]},
								"south": {"uv": [43, 149], "uv_size": [1, 1]},
								"west": {"uv": [43, 149], "uv_size": [1, 1]},
								"up": {"uv": [44, 150], "uv_size": [-1, -1]},
								"down": {"uv": [44, 150], "uv_size": [-1, -1]}
							}
						},
						{
							"origin": [-1.15, 26.5, 9],
							"size": [0.2, 0.3, 7.2],
							"uv": {
								"north": {"uv": [43, 149], "uv_size": [1, 1]},
								"east": {"uv": [43, 149], "uv_size": [1, 1]},
								"south": {"uv": [43, 149], "uv_size": [1, 1]},
								"west": {"uv": [43, 149], "uv_size": [1, 1]},
								"up": {"uv": [44, 150], "uv_size": [-1, -1]},
								"down": {"uv": [44, 150], "uv_size": [-1, -1]}
							}
						},
						{
							"origin": [-1.15, 24.3, 9],
							"size": [0.2, 0.3, 7.2],
							"uv": {
								"north": {"uv": [43, 149], "uv_size": [1, 1]},
								"east": {"uv": [43, 149], "uv_size": [1, 1]},
								"south": {"uv": [43, 149], "uv_size": [1, 1]},
								"west": {"uv": [43, 149], "uv_size": [1, 1]},
								"up": {"uv": [44, 150], "uv_size": [-1, -1]},
								"down": {"uv": [44, 150], "uv_size": [-1, -1]}
							}
						},
						{
							"origin": [1.05, 24.3, 9],
							"size": [0.2, 0.3, 7.2],
							"uv": {
								"north": {"uv": [43, 149], "uv_size": [1, 1]},
								"east": {"uv": [43, 149], "uv_size": [1, 1]},
								"south": {"uv": [43, 149], "uv_size": [1, 1]},
								"west": {"uv": [43, 149], "uv_size": [1, 1]},
								"up": {"uv": [44, 150], "uv_size": [-1, -1]},
								"down": {"uv": [44, 150], "uv_size": [-1, -1]}
							}
						},
						{
							"origin": [-0.6, 26.52257, 16.17687],
							"size": [1.3, 0.98426, 18.36106],
							"inflate": -0.001,
							"uv": {
								"north": {"uv": [77, 54], "uv_size": [5, 8]},
								"east": {"uv": [77, 54], "uv_size": [5, 8]},
								"south": {"uv": [77, 54], "uv_size": [5, 8]},
								"west": {"uv": [77, 54], "uv_size": [5, 8]},
								"up": {"uv": [82, 62], "uv_size": [-5, -8]},
								"down": {"uv": [82, 62], "uv_size": [-5, -8]}
							}
						},
						{
							"origin": [-2.05, 26.54397, 16.17687],
							"size": [1.3, 1.39086, 18.36106],
							"inflate": -0.001,
							"pivot": [-0.2, 27.9028, 23.303],
							"rotation": [0, 0, -44],
							"uv": {
								"north": {"uv": [77, 54], "uv_size": [5, 8]},
								"east": {"uv": [77, 54], "uv_size": [5, 8]},
								"south": {"uv": [77, 54], "uv_size": [5, 8]},
								"west": {"uv": [77, 54], "uv_size": [5, 8]},
								"up": {"uv": [82, 62], "uv_size": [-5, -8]},
								"down": {"uv": [82, 62], "uv_size": [-5, -8]}
							}
						},
						{
							"origin": [0.85, 26.54397, 16.17687],
							"size": [1.3, 1.39086, 18.36106],
							"inflate": -0.001,
							"pivot": [0.3, 27.9028, 23.303],
							"rotation": [0, 0, 44],
							"uv": {
								"north": {"uv": [82, 54], "uv_size": [-5, 8]},
								"east": {"uv": [82, 54], "uv_size": [-5, 8]},
								"south": {"uv": [82, 54], "uv_size": [-5, 8]},
								"west": {"uv": [82, 54], "uv_size": [-5, 8]},
								"up": {"uv": [77, 62], "uv_size": [5, -8]},
								"down": {"uv": [77, 62], "uv_size": [5, -8]}
							}
						},
						{
							"origin": [-1.5844, 12.88578, 27.09087],
							"size": [1, 0.74886, 7.44706],
							"inflate": -0.001,
							"pivot": [-0.6, 12.92837, 34.538],
							"rotation": [0, 0, 31],
							"uv": {
								"north": {"uv": [77, 62], "uv_size": [5, -8]},
								"east": {"uv": [77, 62], "uv_size": [5, -8]},
								"south": {"uv": [77, 62], "uv_size": [5, -8]},
								"west": {"uv": [77, 62], "uv_size": [5, -8]},
								"up": {"uv": [82, 54], "uv_size": [-5, 8]},
								"down": {"uv": [82, 54], "uv_size": [-5, 8]}
							}
						},
						{
							"origin": [0.6844, 12.88578, 27.09087],
							"size": [1, 0.74886, 7.44706],
							"inflate": -0.001,
							"pivot": [0.7, 12.92837, 34.538],
							"rotation": [0, 0, -31],
							"uv": {
								"north": {"uv": [82, 62], "uv_size": [-5, -8]},
								"east": {"uv": [82, 62], "uv_size": [-5, -8]},
								"south": {"uv": [82, 62], "uv_size": [-5, -8]},
								"west": {"uv": [82, 62], "uv_size": [-5, -8]},
								"up": {"uv": [77, 54], "uv_size": [5, 8]},
								"down": {"uv": [77, 54], "uv_size": [5, 8]}
							}
						},
						{
							"origin": [-0.6, 12.89634, 27.09087],
							"size": [1.3, 0.98426, 7.44706],
							"inflate": -0.001,
							"uv": {
								"north": {"uv": [77, 62], "uv_size": [5, -8]},
								"east": {"uv": [77, 62], "uv_size": [5, -8]},
								"south": {"uv": [77, 62], "uv_size": [5, -8]},
								"west": {"uv": [77, 62], "uv_size": [5, -8]},
								"up": {"uv": [82, 54], "uv_size": [-5, 8]},
								"down": {"uv": [82, 54], "uv_size": [-5, 8]}
							}
						},
						{
							"origin": [-1.55, 21.86793, 30.36493],
							"size": [3.2, 1.39114, 1.39114],
							"inflate": 0.001,
							"pivot": [1.9, 22.51, 31.114],
							"rotation": [45, 0, 0],
							"uv": {
								"north": {"uv": [37, 149], "uv_size": [1, 1]},
								"east": {"uv": [37, 149], "uv_size": [1, 1]},
								"south": {"uv": [37, 149], "uv_size": [1, 1]},
								"west": {"uv": [37, 149], "uv_size": [1, 1]},
								"up": {"uv": [38, 150], "uv_size": [-1, -1]},
								"down": {"uv": [38, 150], "uv_size": [-1, -1]}
							}
						}
					]
				},
				{
					"name": "_ca_stock",
					"parent": "main",
					"pivot": [-0.2, 23.25, 1.275],
					"cubes": [
						{"origin": [-0.45, 24.65, 8.075], "size": [1, 1, 1], "uv": [27, 69]}
					]
				}
			]
		}
	]
}