{
	"format_version": "1.12.0",
	"minecraft:geometry": [
		{
			"description": {
				"identifier": "geometry.acm556.geo",
				"texture_width": 256,
				"texture_height": 256,
				"visible_bounds_width": 11,
				"visible_bounds_height": 4,
				"visible_bounds_offset": [0, 1, 0]
			},
			"bones": [
				{
					"name": "main",
					"pivot": [0, 20, 0]
				},
				{
					"name": "gun",
					"parent": "main",
					"pivot": [1, 11, -1]
				},
				{
					"name": "stock",
					"parent": "gun",
					"pivot": [0.65, 19, 32.2],
					"cubes": [
						{
							"origin": [-1.55, 23.1, 9],
							"size": [3.2, 2.8, 1.1],
							"uv": {
								"north": {"uv": [43, 149], "uv_size": [1, 1]},
								"east": {"uv": [43, 149], "uv_size": [1, 1]},
								"south": {"uv": [43, 149], "uv_size": [1, 1]},
								"west": {"uv": [43, 149], "uv_size": [1, 1]},
								"up": {"uv": [44, 150], "uv_size": [-1, -1]},
								"down": {"uv": [44, 150], "uv_size": [-1, -1]}
							}
						},
						{
							"origin": [-1.55, 24.7, 10.1],
							"size": [3.2, 1.2, 4.1],
							"uv": {
								"north": {"uv": [43, 149], "uv_size": [1, 1]},
								"east": {"uv": [43, 149], "uv_size": [1, 1]},
								"south": {"uv": [43, 149], "uv_size": [1, 1]},
								"west": {"uv": [43, 149], "uv_size": [1, 1]},
								"up": {"uv": [44, 150], "uv_size": [-1, -1]},
								"down": {"uv": [44, 150], "uv_size": [-1, -1]}
							}
						},
						{
							"origin": [-1.55, 24.7, 26],
							"size": [3.2, 1.2, 4.1],
							"uv": {
								"north": {"uv": [43, 149], "uv_size": [1, 1]},
								"east": {"uv": [43, 149], "uv_size": [1, 1]},
								"south": {"uv": [43, 149], "uv_size": [1, 1]},
								"west": {"uv": [43, 149], "uv_size": [1, 1]},
								"up": {"uv": [44, 150], "uv_size": [-1, -1]},
								"down": {"uv": [44, 150], "uv_size": [-1, -1]}
							}
						},
						{
							"origin": [-1.05, 23.9, 26],
							"size": [2.2, 0.8, 2.2],
							"uv": {
								"north": {"uv": [43, 149], "uv_size": [1, 1]},
								"east": {"uv": [43, 149], "uv_size": [1, 1]},
								"south": {"uv": [43, 149], "uv_size": [1, 1]},
								"west": {"uv": [43, 149], "uv_size": [1, 1]},
								"up": {"uv": [44, 150], "uv_size": [-1, -1]},
								"down": {"uv": [44, 150], "uv_size": [-1, -1]}
							}
						},
						{
							"origin": [-1.05, 22.1, 27.3],
							"size": [2.2, 1.8, 0.9],
							"uv": {
								"north": {"uv": [43, 149], "uv_size": [1, 1]},
								"east": {"uv": [43, 149], "uv_size": [1, 1]},
								"south": {"uv": [43, 149], "uv_size": [1, 1]},
								"west": {"uv": [43, 149], "uv_size": [1, 1]},
								"up": {"uv": [44, 150], "uv_size": [-1, -1]},
								"down": {"uv": [44, 150], "uv_size": [-1, -1]}
							}
						},
						{
							"origin": [-1.95, 25.2, 9],
							"size": [1.2, 1.7, 5.2],
							"pivot": [-1.2, 26.3, 10.2],
							"rotation": [0, 0, -45],
							"uv": {
								"north": {"uv": [43, 149], "uv_size": [1, 1]},
								"east": {"uv": [43, 149], "uv_size": [1, 1]},
								"south": {"uv": [43, 149], "uv_size": [1, 1]},
								"west": {"uv": [43, 149], "uv_size": [1, 1]},
								"up": {"uv": [44, 150], "uv_size": [-1, -1]},
								"down": {"uv": [44, 150], "uv_size": [-1, -1]}
							}
						},
						{
							"origin": [0.85, 25.2, 9],
							"size": [1.2, 1.7, 5.2],
							"pivot": [1.3, 26.3, 10.2],
							"rotation": [0, 0, 45],
							"uv": {
								"north": {"uv": [44, 149], "uv_size": [-1, 1]},
								"east": {"uv": [44, 149], "uv_size": [-1, 1]},
								"south": {"uv": [44, 149], "uv_size": [-1, 1]},
								"west": {"uv": [44, 149], "uv_size": [-1, 1]},
								"up": {"uv": [43, 150], "uv_size": [1, -1]},
								"down": {"uv": [43, 150], "uv_size": [1, -1]}
							}
						},
						{
							"origin": [0.85, 25.2, 26],
							"size": [1.2, 1.7, 4.2],
							"pivot": [1.3, 26.3, 27.2],
							"rotation": [0, 0, 45],
							"uv": {
								"north": {"uv": [44, 149], "uv_size": [-1, 1]},
								"east": {"uv": [44, 149], "uv_size": [-1, 1]},
								"south": {"uv": [44, 149], "uv_size": [-1, 1]},
								"west": {"uv": [44, 149], "uv_size": [-1, 1]},
								"up": {"uv": [43, 150], "uv_size": [1, -1]},
								"down": {"uv": [43, 150], "uv_size": [1, -1]}
							}
						},
						{
							"origin": [-1.95, 25.2, 26],
							"size": [1.2, 1.7, 4.2],
							"pivot": [-1.2, 26.3, 27.2],
							"rotation": [0, 0, -45],
							"uv": {
								"north": {"uv": [43, 149], "uv_size": [1, 1]},
								"east": {"uv": [43, 149], "uv_size": [1, 1]},
								"south": {"uv": [43, 149], "uv_size": [1, 1]},
								"west": {"uv": [43, 149], "uv_size": [1, 1]},
								"up": {"uv": [44, 150], "uv_size": [-1, -1]},
								"down": {"uv": [44, 150], "uv_size": [-1, -1]}
							}
						},
						{
							"origin": [-1.75, 25.9, 8.9],
							"size": [0.8, 0.8, 17.1],
							"pivot": [-1.2, 26.3, 10.2],
							"rotation": [0, 0, -45],
							"uv": {
								"north": {"uv": [43, 149], "uv_size": [1, 1]},
								"east": {"uv": [43, 149], "uv_size": [1, 1]},
								"south": {"uv": [43, 149], "uv_size": [1, 1]},
								"west": {"uv": [43, 149], "uv_size": [1, 1]},
								"up": {"uv": [44, 150], "uv_size": [-1, -1]},
								"down": {"uv": [44, 150], "uv_size": [-1, -1]}
							}
						},
						{
							"origin": [1.05, 26, 8.9],
							"size": [0.8, 0.8, 17.1],
							"pivot": [1.3, 26.3, 10.2],
							"rotation": [0, 0, 45],
							"uv": {
								"north": {"uv": [44, 149], "uv_size": [-1, 1]},
								"east": {"uv": [44, 149], "uv_size": [-1, 1]},
								"south": {"uv": [44, 149], "uv_size": [-1, 1]},
								"west": {"uv": [44, 149], "uv_size": [-1, 1]},
								"up": {"uv": [43, 150], "uv_size": [1, -1]},
								"down": {"uv": [43, 150], "uv_size": [1, -1]}
							}
						},
						{
							"origin": [-1.55, 24.2, 10.1],
							"size": [3.2, 0.5, 1.1],
							"uv": {
								"north": {"uv": [43, 149], "uv_size": [1, 1]},
								"east": {"uv": [43, 149], "uv_size": [1, 1]},
								"south": {"uv": [43, 149], "uv_size": [1, 1]},
								"west": {"uv": [43, 149], "uv_size": [1, 1]},
								"up": {"uv": [44, 150], "uv_size": [-1, -1]},
								"down": {"uv": [44, 150], "uv_size": [-1, -1]}
							}
						},
						{
							"origin": [-1.55, 23.1, 10.1],
							"size": [3.2, 1.1, 4.4],
							"pivot": [1.7, 23.1, 10.1],
							"rotation": [21, 0, 0],
							"uv": {
								"north": {"uv": [43, 149], "uv_size": [1, 1]},
								"east": {"uv": [43, 149], "uv_size": [1, 1]},
								"south": {"uv": [43, 149], "uv_size": [1, 1]},
								"west": {"uv": [43, 149], "uv_size": [1, 1]},
								"up": {"uv": [44, 150], "uv_size": [-1, -1]},
								"down": {"uv": [44, 150], "uv_size": [-1, -1]}
							}
						},
						{
							"origin": [-1.05, 25.2, 30.2],
							"size": [2.2, 1.9, 2.3],
							"uv": {
								"north": {"uv": [43, 149], "uv_size": [1, 1]},
								"east": {"uv": [43, 149], "uv_size": [1, 1]},
								"south": {"uv": [43, 149], "uv_size": [1, 1]},
								"west": {"uv": [43, 149], "uv_size": [1, 1]},
								"up": {"uv": [44, 150], "uv_size": [-1, -1]},
								"down": {"uv": [44, 150], "uv_size": [-1, -1]}
							}
						},
						{
							"origin": [-1.05, 14.1, 31.4],
							"size": [2.2, 11.1, 1.1],
							"uv": {
								"north": {"uv": [43, 149], "uv_size": [1, 1]},
								"east": {"uv": [43, 149], "uv_size": [1, 1]},
								"south": {"uv": [43, 149], "uv_size": [1, 1]},
								"west": {"uv": [43, 149], "uv_size": [1, 1]},
								"up": {"uv": [44, 150], "uv_size": [-1, -1]},
								"down": {"uv": [44, 150], "uv_size": [-1, -1]}
							}
						},
						{
							"origin": [-1.05, 19.2, 28.4],
							"size": [2.2, 1.7, 0.9],
							"uv": {
								"north": {"uv": [43, 149], "uv_size": [1, 1]},
								"east": {"uv": [43, 149], "uv_size": [1, 1]},
								"south": {"uv": [43, 149], "uv_size": [1, 1]},
								"west": {"uv": [43, 149], "uv_size": [1, 1]},
								"up": {"uv": [44, 150], "uv_size": [-1, -1]},
								"down": {"uv": [44, 150], "uv_size": [-1, -1]}
							}
						},
						{
							"origin": [-1.05, 14.1, 29.9],
							"size": [2.2, 1.1, 1.5],
							"uv": {
								"north": {"uv": [43, 149], "uv_size": [1, 1]},
								"east": {"uv": [43, 149], "uv_size": [1, 1]},
								"south": {"uv": [43, 149], "uv_size": [1, 1]},
								"west": {"uv": [43, 149], "uv_size": [1, 1]},
								"up": {"uv": [44, 150], "uv_size": [-1, -1]},
								"down": {"uv": [44, 150], "uv_size": [-1, -1]}
							}
						},
						{
							"origin": [-1.05, 13.9, 27.9],
							"size": [2.2, 8, 1.1],
							"pivot": [0.65, 19.4, 28.4],
							"rotation": [21, 0, 0],
							"uv": {
								"north": {"uv": [43, 149], "uv_size": [1, 1]},
								"east": {"uv": [43, 149], "uv_size": [1, 1]},
								"south": {"uv": [43, 149], "uv_size": [1, 1]},
								"west": {"uv": [43, 149], "uv_size": [1, 1]},
								"up": {"uv": [44, 150], "uv_size": [-1, -1]},
								"down": {"uv": [44, 150], "uv_size": [-1, -1]}
							}
						},
						{
							"origin": [-1.05, 14.1, 32.5],
							"size": [2.2, 12.1, 0.8],
							"uv": {
								"north": {"uv": [77, 54], "uv_size": [5, 8]},
								"east": {"uv": [77, 54], "uv_size": [5, 8]},
								"south": {"uv": [77, 54], "uv_size": [5, 8]},
								"west": {"uv": [77, 54], "uv_size": [5, 8]},
								"up": {"uv": [82, 62], "uv_size": [-5, -8]},
								"down": {"uv": [82, 62], "uv_size": [-5, -8]}
							}
						},
						{
							"origin": [-1.05, 26.08, 32.5],
							"size": [2.2, 1.02, 1.53],
							"uv": {
								"north": {"uv": [77, 54], "uv_size": [5, 8]},
								"east": {"uv": [77, 54], "uv_size": [5, 8]},
								"south": {"uv": [77, 54], "uv_size": [5, 8]},
								"west": {"uv": [77, 54], "uv_size": [5, 8]},
								"up": {"uv": [82, 62], "uv_size": [-5, -8]},
								"down": {"uv": [82, 62], "uv_size": [-5, -8]}
							}
						},
						{
							"origin": [-1.05, 14.1, 33],
							"size": [2.2, 12, 0.8],
							"pivot": [0.65, 19.4, 33.5],
							"rotation": [-2, 0, 0],
							"uv": {
								"north": {"uv": [77, 54], "uv_size": [5, 8]},
								"east": {"uv": [77, 54], "uv_size": [5, 8]},
								"south": {"uv": [77, 54], "uv_size": [5, 8]},
								"west": {"uv": [77, 54], "uv_size": [5, 8]},
								"up": {"uv": [82, 62], "uv_size": [-5, -8]},
								"down": {"uv": [82, 62], "uv_size": [-5, -8]}
							}
						},
						{
							"origin": [-1.05, 24.4, 28],
							"size": [2.2, 0.95, 3.4],
							"uv": {
								"north": {"uv": [43, 149], "uv_size": [1, 1]},
								"east": {"uv": [43, 149], "uv_size": [1, 1]},
								"south": {"uv": [43, 149], "uv_size": [1, 1]},
								"west": {"uv": [43, 149], "uv_size": [1, 1]},
								"up": {"uv": [44, 150], "uv_size": [-1, -1]},
								"down": {"uv": [44, 150], "uv_size": [-1, -1]}
							}
						},
						{
							"origin": [-0.65, 12.7, 36],
							"size": [1.4, 0.6, 0.6],
							"pivot": [0.65, 7.5, 22.3],
							"rotation": [45, 0, 0],
							"uv": {
								"north": {"uv": [43, 149], "uv_size": [1, 1]},
								"east": {"uv": [43, 149], "uv_size": [1, 1]},
								"south": {"uv": [43, 149], "uv_size": [1, 1]},
								"west": {"uv": [43, 149], "uv_size": [1, 1]},
								"up": {"uv": [44, 150], "uv_size": [-1, -1]},
								"down": {"uv": [44, 150], "uv_size": [-1, -1]}
							}
						},
						{
							"origin": [-0.65, 12.7, 39.2],
							"size": [1.4, 0.6, 0.6],
							"pivot": [0.65, 7.5, 25.5],
							"rotation": [45, 0, 0],
							"uv": {
								"north": {"uv": [43, 149], "uv_size": [1, 1]},
								"east": {"uv": [43, 149], "uv_size": [1, 1]},
								"south": {"uv": [43, 149], "uv_size": [1, 1]},
								"west": {"uv": [43, 149], "uv_size": [1, 1]},
								"up": {"uv": [44, 150], "uv_size": [-1, -1]},
								"down": {"uv": [44, 150], "uv_size": [-1, -1]}
							}
						},
						{
							"origin": [-1.05, 13.5, 38.8],
							"size": [2.2, 0.6, 1],
							"pivot": [0.65, 8.3, 25.5],
							"rotation": [45, 0, 0],
							"uv": {
								"north": {"uv": [43, 149], "uv_size": [1, 1]},
								"east": {"uv": [43, 149], "uv_size": [1, 1]},
								"south": {"uv": [43, 149], "uv_size": [1, 1]},
								"west": {"uv": [43, 149], "uv_size": [1, 1]},
								"up": {"uv": [44, 150], "uv_size": [-1, -1]},
								"down": {"uv": [44, 150], "uv_size": [-1, -1]}
							}
						},
						{
							"origin": [-1.05, 15.3, 35.6],
							"size": [2.2, 0.8, 1.8],
							"pivot": [0.65, 10.1, 21.9],
							"rotation": [45, 0, 0],
							"uv": {
								"north": {"uv": [43, 149], "uv_size": [1, 1]},
								"east": {"uv": [43, 149], "uv_size": [1, 1]},
								"south": {"uv": [43, 149], "uv_size": [1, 1]},
								"west": {"uv": [43, 149], "uv_size": [1, 1]},
								"up": {"uv": [44, 150], "uv_size": [-1, -1]},
								"down": {"uv": [44, 150], "uv_size": [-1, -1]}
							}
						},
						{
							"origin": [-1.05, 13.1, 35.8],
							"size": [2.2, 1, 0.6],
							"pivot": [0.65, 8.3, 22.1],
							"rotation": [45, 0, 0],
							"uv": {
								"north": {"uv": [43, 149], "uv_size": [1, 1]},
								"east": {"uv": [43, 149], "uv_size": [1, 1]},
								"south": {"uv": [43, 149], "uv_size": [1, 1]},
								"west": {"uv": [43, 149], "uv_size": [1, 1]},
								"up": {"uv": [44, 150], "uv_size": [-1, -1]},
								"down": {"uv": [44, 150], "uv_size": [-1, -1]}
							}
						},
						{
							"origin": [-1.05, 25.7, 33.9],
							"size": [2.2, 1.8, 0.6],
							"pivot": [0.65, 22.5, 34.8],
							"rotation": [53, 0, 0],
							"uv": {
								"north": {"uv": [43, 149], "uv_size": [1, 1]},
								"east": {"uv": [43, 149], "uv_size": [1, 1]},
								"south": {"uv": [43, 149], "uv_size": [1, 1]},
								"west": {"uv": [43, 149], "uv_size": [1, 1]},
								"up": {"uv": [44, 150], "uv_size": [-1, -1]},
								"down": {"uv": [44, 150], "uv_size": [-1, -1]}
							}
						},
						{
							"origin": [-1.05, 23.9, 32.6],
							"size": [2.2, 1.4, 1.1],
							"pivot": [0.65, 20.8, 33.5],
							"rotation": [24, 0, 0],
							"uv": {
								"north": {"uv": [43, 149], "uv_size": [1, 1]},
								"east": {"uv": [43, 149], "uv_size": [1, 1]},
								"south": {"uv": [43, 149], "uv_size": [1, 1]},
								"west": {"uv": [43, 149], "uv_size": [1, 1]},
								"up": {"uv": [44, 150], "uv_size": [-1, -1]},
								"down": {"uv": [44, 150], "uv_size": [-1, -1]}
							}
						},
						{
							"origin": [-1.05, 10.3, 37],
							"size": [2.2, 0.9, 0.5],
							"pivot": [0.65, 5.4, 23.2],
							"rotation": [45, 0, 0],
							"uv": {
								"north": {"uv": [43, 149], "uv_size": [1, 1]},
								"east": {"uv": [43, 149], "uv_size": [1, 1]},
								"south": {"uv": [43, 149], "uv_size": [1, 1]},
								"west": {"uv": [43, 149], "uv_size": [1, 1]},
								"up": {"uv": [44, 150], "uv_size": [-1, -1]},
								"down": {"uv": [44, 150], "uv_size": [-1, -1]}
							}
						},
						{
							"origin": [-1.05, 11.8, 36.6],
							"size": [2.2, 0.8, 1.8],
							"pivot": [0.65, 6.6, 22.9],
							"rotation": [45, 0, 0],
							"uv": {
								"north": {"uv": [43, 149], "uv_size": [1, 1]},
								"east": {"uv": [43, 149], "uv_size": [1, 1]},
								"south": {"uv": [43, 149], "uv_size": [1, 1]},
								"west": {"uv": [43, 149], "uv_size": [1, 1]},
								"up": {"uv": [44, 150], "uv_size": [-1, -1]},
								"down": {"uv": [44, 150], "uv_size": [-1, -1]}
							}
						},
						{
							"origin": [-1.05, 20.7, 32.6],
							"size": [2.2, 1.4, 1.1],
							"pivot": [0.65, 17.6, 33.5],
							"rotation": [24, 0, 0],
							"uv": {
								"north": {"uv": [43, 149], "uv_size": [1, 1]},
								"east": {"uv": [43, 149], "uv_size": [1, 1]},
								"south": {"uv": [43, 149], "uv_size": [1, 1]},
								"west": {"uv": [43, 149], "uv_size": [1, 1]},
								"up": {"uv": [44, 150], "uv_size": [-1, -1]},
								"down": {"uv": [44, 150], "uv_size": [-1, -1]}
							}
						},
						{
							"origin": [-1.05, 22.2, 33.9],
							"size": [2.2, 1.8, 0.6],
							"pivot": [0.65, 19, 34.8],
							"rotation": [53, 0, 0],
							"uv": {
								"north": {"uv": [43, 149], "uv_size": [1, 1]},
								"east": {"uv": [43, 149], "uv_size": [1, 1]},
								"south": {"uv": [43, 149], "uv_size": [1, 1]},
								"west": {"uv": [43, 149], "uv_size": [1, 1]},
								"up": {"uv": [44, 150], "uv_size": [-1, -1]},
								"down": {"uv": [44, 150], "uv_size": [-1, -1]}
							}
						},
						{
							"origin": [-1.05, 20.9, 28],
							"size": [2.2, 0.95, 3.4],
							"uv": {
								"north": {"uv": [43, 149], "uv_size": [1, 1]},
								"east": {"uv": [43, 149], "uv_size": [1, 1]},
								"south": {"uv": [43, 149], "uv_size": [1, 1]},
								"west": {"uv": [43, 149], "uv_size": [1, 1]},
								"up": {"uv": [44, 150], "uv_size": [-1, -1]},
								"down": {"uv": [44, 150], "uv_size": [-1, -1]}
							}
						},
						{
							"origin": [-1.05, 10.8, 38.8],
							"size": [2.2, 0.5, 1],
							"pivot": [0.65, 5.5, 25.5],
							"rotation": [45, 0, 0],
							"uv": {
								"north": {"uv": [43, 149], "uv_size": [1, 1]},
								"east": {"uv": [43, 149], "uv_size": [1, 1]},
								"south": {"uv": [43, 149], "uv_size": [1, 1]},
								"west": {"uv": [43, 149], "uv_size": [1, 1]},
								"up": {"uv": [44, 150], "uv_size": [-1, -1]},
								"down": {"uv": [44, 150], "uv_size": [-1, -1]}
							}
						},
						{
							"origin": [-1.05, 10.4, 39.1],
							"size": [2.2, 0.5, 0.3],
							"pivot": [0.65, 5.1, 25.8],
							"rotation": [45, 0, 0],
							"uv": {
								"north": {"uv": [43, 149], "uv_size": [1, 1]},
								"east": {"uv": [43, 149], "uv_size": [1, 1]},
								"south": {"uv": [43, 149], "uv_size": [1, 1]},
								"west": {"uv": [43, 149], "uv_size": [1, 1]},
								"up": {"uv": [44, 150], "uv_size": [-1, -1]},
								"down": {"uv": [44, 150], "uv_size": [-1, -1]}
							}
						},
						{
							"origin": [-1.05, 10, 36.9],
							"size": [2.2, 0.3, 0.5],
							"pivot": [0.65, 5.1, 23.1],
							"rotation": [45, 0, 0],
							"uv": {
								"north": {"uv": [43, 149], "uv_size": [1, 1]},
								"east": {"uv": [43, 149], "uv_size": [1, 1]},
								"south": {"uv": [43, 149], "uv_size": [1, 1]},
								"west": {"uv": [43, 149], "uv_size": [1, 1]},
								"up": {"uv": [44, 150], "uv_size": [-1, -1]},
								"down": {"uv": [44, 150], "uv_size": [-1, -1]}
							}
						},
						{
							"origin": [-1.05, 6.5, 38.3],
							"size": [2.2, 0.3, 0.1],
							"pivot": [0.65, 1.6, 24.1],
							"rotation": [45, 0, 0],
							"uv": {
								"north": {"uv": [43, 149], "uv_size": [1, 1]},
								"east": {"uv": [43, 149], "uv_size": [1, 1]},
								"south": {"uv": [43, 149], "uv_size": [1, 1]},
								"west": {"uv": [43, 149], "uv_size": [1, 1]},
								"up": {"uv": [44, 150], "uv_size": [-1, -1]},
								"down": {"uv": [44, 150], "uv_size": [-1, -1]}
							}
						},
						{
							"origin": [-1.05, 7.3, 39.2],
							"size": [2.2, 0.2, 0.3],
							"pivot": [0.65, 1.7, 25.9],
							"rotation": [45, 0, 0],
							"uv": {
								"north": {"uv": [43, 149], "uv_size": [1, 1]},
								"east": {"uv": [43, 149], "uv_size": [1, 1]},
								"south": {"uv": [43, 149], "uv_size": [1, 1]},
								"west": {"uv": [43, 149], "uv_size": [1, 1]},
								"up": {"uv": [44, 150], "uv_size": [-1, -1]},
								"down": {"uv": [44, 150], "uv_size": [-1, -1]}
							}
						},
						{
							"origin": [-1.05, 18.6, 29.1],
							"size": [2.2, 0.45, 2.3],
							"uv": {
								"north": {"uv": [43, 149], "uv_size": [1, 1]},
								"east": {"uv": [43, 149], "uv_size": [1, 1]},
								"south": {"uv": [43, 149], "uv_size": [1, 1]},
								"west": {"uv": [43, 149], "uv_size": [1, 1]},
								"up": {"uv": [44, 150], "uv_size": [-1, -1]},
								"down": {"uv": [44, 150], "uv_size": [-1, -1]}
							}
						},
						{
							"origin": [-1.05, 22.1, 28.3],
							"size": [2.2, 2.7, 1.1],
							"pivot": [0.65, 19, 29.2],
							"rotation": [24, 0, 0],
							"uv": {
								"north": {"uv": [43, 149], "uv_size": [1, 1]},
								"east": {"uv": [43, 149], "uv_size": [1, 1]},
								"south": {"uv": [43, 149], "uv_size": [1, 1]},
								"west": {"uv": [43, 149], "uv_size": [1, 1]},
								"up": {"uv": [44, 150], "uv_size": [-1, -1]},
								"down": {"uv": [44, 150], "uv_size": [-1, -1]}
							}
						}
					]
				},
				{
					"name": "_ca_stock",
					"parent": "main",
					"pivot": [-0.2, 23.25, 1.275],
					"cubes": [
						{"origin": [-0.45, 24.65, 8.075], "size": [1, 1, 1], "uv": [27, 69]}
					]
				}
			]
		}
	]
}