{
	"format_version": "1.12.0",
	"minecraft:geometry": [
		{
			"description": {
				"identifier": "geometry.acm556.geo",
				"texture_width": 256,
				"texture_height": 256,
				"visible_bounds_width": 9,
				"visible_bounds_height": 4,
				"visible_bounds_offset": [0, 1, 0]
			},
			"bones": [
				{
					"name": "main",
					"pivot": [0, 20, 0]
				},
				{
					"name": "gun",
					"parent": "main",
					"pivot": [1, 11, -1]
				},
				{
					"name": "stock",
					"parent": "gun",
					"pivot": [0.65, 19.4, 32.2],
					"cubes": [
						{
							"origin": [-0.8, 24.55, 9.3],
							"size": [2, 2.1, 9.6],
							"inflate": 0.2,
							"pivot": [-0.7, 26.55, 10.4],
							"rotation": [0, 0, 16],
							"uv": {
								"north": {"uv": [77, 54], "uv_size": [5, 8]},
								"east": {"uv": [77, 54], "uv_size": [5, 8]},
								"south": {"uv": [77, 54], "uv_size": [5, 8]},
								"west": {"uv": [77, 54], "uv_size": [5, 8]},
								"up": {"uv": [82, 62], "uv_size": [-5, -8]},
								"down": {"uv": [82, 62], "uv_size": [-5, -8]}
							}
						},
						{
							"origin": [-2.06, 24.57, 14.965],
							"size": [2.91, 3.13, 20.39],
							"inflate": -0.3,
							"pivot": [-0.22, 26.63, -3.875],
							"rotation": [0, 0, -36],
							"uv": {
								"north": {"uv": [43, 149], "uv_size": [1, 1]},
								"east": {"uv": [43, 149], "uv_size": [1, 1]},
								"south": {"uv": [43, 149], "uv_size": [1, 1]},
								"west": {"uv": [43, 149], "uv_size": [1, 1]},
								"up": {"uv": [44, 150], "uv_size": [-1, -1]},
								"down": {"uv": [44, 150], "uv_size": [-1, -1]}
							}
						},
						{
							"origin": [-1.07, 24.13, 14.91],
							"size": [3.02, 3.02, 20.5],
							"inflate": -0.3,
							"pivot": [0.99, 26.08, -3.875],
							"rotation": [0, 0, 36],
							"uv": {
								"north": {"uv": [43, 149], "uv_size": [1, 1]},
								"east": {"uv": [43, 149], "uv_size": [1, 1]},
								"south": {"uv": [43, 149], "uv_size": [1, 1]},
								"west": {"uv": [43, 149], "uv_size": [1, 1]},
								"up": {"uv": [44, 150], "uv_size": [-1, -1]},
								"down": {"uv": [44, 150], "uv_size": [-1, -1]}
							}
						},
						{
							"origin": [-2.28, 24.57, 14.91],
							"size": [4.56, 2.03, 20.5],
							"inflate": -0.3,
							"uv": {
								"north": {"uv": [43, 149], "uv_size": [1, 1]},
								"east": {"uv": [43, 149], "uv_size": [1, 1]},
								"south": {"uv": [43, 149], "uv_size": [1, 1]},
								"west": {"uv": [43, 149], "uv_size": [1, 1]},
								"up": {"uv": [44, 150], "uv_size": [-1, -1]},
								"down": {"uv": [44, 150], "uv_size": [-1, -1]}
							}
						},
						{
							"origin": [-1.07, 23.58, 14.91],
							"size": [3.02, 2.03, 20.5],
							"inflate": -0.3,
							"pivot": [0.99, 24.54, -3.875],
							"rotation": [0, 0, 36],
							"uv": {
								"north": {"uv": [43, 149], "uv_size": [1, 1]},
								"east": {"uv": [43, 149], "uv_size": [1, 1]},
								"south": {"uv": [43, 149], "uv_size": [1, 1]},
								"west": {"uv": [43, 149], "uv_size": [1, 1]},
								"up": {"uv": [44, 150], "uv_size": [-1, -1]},
								"down": {"uv": [44, 150], "uv_size": [-1, -1]}
							}
						},
						{
							"origin": [-2.72, 23.91, 14.965],
							"size": [2.91, 2.14, 20.39],
							"inflate": -0.3,
							"pivot": [-0.88, 25.97, -3.875],
							"rotation": [0, 0, -36],
							"uv": {
								"north": {"uv": [43, 149], "uv_size": [1, 1]},
								"east": {"uv": [43, 149], "uv_size": [1, 1]},
								"south": {"uv": [43, 149], "uv_size": [1, 1]},
								"west": {"uv": [43, 149], "uv_size": [1, 1]},
								"up": {"uv": [44, 150], "uv_size": [-1, -1]},
								"down": {"uv": [44, 150], "uv_size": [-1, -1]}
							}
						},
						{
							"origin": [-1.32, 23.66, 15.23],
							"size": [2.64, 2.86, 19.88],
							"uv": {
								"north": {"uv": [43, 149], "uv_size": [1, 1]},
								"east": {"uv": [43, 149], "uv_size": [1, 1]},
								"south": {"uv": [43, 149], "uv_size": [1, 1]},
								"west": {"uv": [43, 149], "uv_size": [1, 1]},
								"up": {"uv": [44, 150], "uv_size": [-1, -1]},
								"down": {"uv": [44, 150], "uv_size": [-1, -1]}
							}
						},
						{
							"origin": [-1.32, 14.66, 31.43],
							"size": [2.64, 1.36, 3.68],
							"uv": {
								"north": {"uv": [43, 149], "uv_size": [1, 1]},
								"east": {"uv": [43, 149], "uv_size": [1, 1]},
								"south": {"uv": [43, 149], "uv_size": [1, 1]},
								"west": {"uv": [43, 149], "uv_size": [1, 1]},
								"up": {"uv": [44, 150], "uv_size": [-1, -1]},
								"down": {"uv": [44, 150], "uv_size": [-1, -1]}
							}
						},
						{
							"origin": [-1.32, 15.96, 33.73],
							"size": [2.64, 7.76, 1.38],
							"uv": {
								"north": {"uv": [43, 149], "uv_size": [1, 1]},
								"east": {"uv": [43, 149], "uv_size": [1, 1]},
								"south": {"uv": [43, 149], "uv_size": [1, 1]},
								"west": {"uv": [43, 149], "uv_size": [1, 1]},
								"up": {"uv": [44, 150], "uv_size": [-1, -1]},
								"down": {"uv": [44, 150], "uv_size": [-1, -1]}
							}
						},
						{
							"origin": [-0.72, 15.96, 32.73],
							"size": [1.44, 7.76, 0.98],
							"uv": {
								"north": {"uv": [43, 149], "uv_size": [1, 1]},
								"east": {"uv": [43, 149], "uv_size": [1, 1]},
								"south": {"uv": [43, 149], "uv_size": [1, 1]},
								"west": {"uv": [43, 149], "uv_size": [1, 1]},
								"up": {"uv": [44, 150], "uv_size": [-1, -1]},
								"down": {"uv": [44, 150], "uv_size": [-1, -1]}
							}
						},
						{
							"origin": [-0.72, 17.66, 30.13],
							"size": [1.44, 6.06, 1.48],
							"uv": {
								"north": {"uv": [43, 149], "uv_size": [1, 1]},
								"east": {"uv": [43, 149], "uv_size": [1, 1]},
								"south": {"uv": [43, 149], "uv_size": [1, 1]},
								"west": {"uv": [43, 149], "uv_size": [1, 1]},
								"up": {"uv": [44, 150], "uv_size": [-1, -1]},
								"down": {"uv": [44, 150], "uv_size": [-1, -1]}
							}
						},
						{
							"origin": [-0.72, 20.36, 16.83],
							"size": [1.44, 3.36, 13.28],
							"uv": {
								"north": {"uv": [43, 149], "uv_size": [1, 1]},
								"east": {"uv": [43, 149], "uv_size": [1, 1]},
								"south": {"uv": [43, 149], "uv_size": [1, 1]},
								"west": {"uv": [43, 149], "uv_size": [1, 1]},
								"up": {"uv": [44, 150], "uv_size": [-1, -1]},
								"down": {"uv": [44, 150], "uv_size": [-1, -1]}
							}
						},
						{
							"origin": [-0.72, 23.26, 16.71],
							"size": [1.44, 0.46, 0.2],
							"uv": {
								"north": {"uv": [43, 149], "uv_size": [1, 1]},
								"east": {"uv": [43, 149], "uv_size": [1, 1]},
								"south": {"uv": [43, 149], "uv_size": [1, 1]},
								"west": {"uv": [43, 149], "uv_size": [1, 1]},
								"up": {"uv": [44, 150], "uv_size": [-1, -1]},
								"down": {"uv": [44, 150], "uv_size": [-1, -1]}
							}
						},
						{
							"origin": [-0.72, 22.66, 31.53],
							"size": [1.44, 1.06, 1.28],
							"uv": {
								"north": {"uv": [43, 149], "uv_size": [1, 1]},
								"east": {"uv": [43, 149], "uv_size": [1, 1]},
								"south": {"uv": [43, 149], "uv_size": [1, 1]},
								"west": {"uv": [43, 149], "uv_size": [1, 1]},
								"up": {"uv": [44, 150], "uv_size": [-1, -1]},
								"down": {"uv": [44, 150], "uv_size": [-1, -1]}
							}
						},
						{
							"origin": [-0.72, 15.96, 31.53],
							"size": [1.44, 2.56, 1.28],
							"uv": {
								"north": {"uv": [43, 149], "uv_size": [1, 1]},
								"east": {"uv": [43, 149], "uv_size": [1, 1]},
								"south": {"uv": [43, 149], "uv_size": [1, 1]},
								"west": {"uv": [43, 149], "uv_size": [1, 1]},
								"up": {"uv": [44, 150], "uv_size": [-1, -1]},
								"down": {"uv": [44, 150], "uv_size": [-1, -1]}
							}
						},
						{
							"origin": [-0.72, 18.26, 32.53],
							"size": [1.44, 0.56, 0.28],
							"pivot": [0.715, 18.56, 32.73],
							"rotation": [-45, 0, 0],
							"uv": {
								"north": {"uv": [43, 149], "uv_size": [1, 1]},
								"east": {"uv": [43, 149], "uv_size": [1, 1]},
								"south": {"uv": [43, 149], "uv_size": [1, 1]},
								"west": {"uv": [43, 149], "uv_size": [1, 1]},
								"up": {"uv": [44, 150], "uv_size": [-1, -1]},
								"down": {"uv": [44, 150], "uv_size": [-1, -1]}
							}
						},
						{
							"origin": [-0.72, 22.26, 31.53],
							"size": [1.44, 0.56, 0.28],
							"pivot": [0.715, 22.56, 31.73],
							"rotation": [-45, 0, 0],
							"uv": {
								"north": {"uv": [43, 149], "uv_size": [1, 1]},
								"east": {"uv": [43, 149], "uv_size": [1, 1]},
								"south": {"uv": [43, 149], "uv_size": [1, 1]},
								"west": {"uv": [43, 149], "uv_size": [1, 1]},
								"up": {"uv": [44, 150], "uv_size": [-1, -1]},
								"down": {"uv": [44, 150], "uv_size": [-1, -1]}
							}
						},
						{
							"origin": [-0.72, 22.26, 32.43],
							"size": [1.44, 0.26, 0.58],
							"pivot": [0.715, 22.56, 32.93],
							"rotation": [-45, 0, 0],
							"uv": {
								"north": {"uv": [43, 149], "uv_size": [1, 1]},
								"east": {"uv": [43, 149], "uv_size": [1, 1]},
								"south": {"uv": [43, 149], "uv_size": [1, 1]},
								"west": {"uv": [43, 149], "uv_size": [1, 1]},
								"up": {"uv": [44, 150], "uv_size": [-1, -1]},
								"down": {"uv": [44, 150], "uv_size": [-1, -1]}
							}
						},
						{
							"origin": [-0.72, 18.26, 31.43],
							"size": [1.44, 0.26, 0.58],
							"pivot": [0.715, 18.56, 31.93],
							"rotation": [-45, 0, 0],
							"uv": {
								"north": {"uv": [43, 149], "uv_size": [1, 1]},
								"east": {"uv": [43, 149], "uv_size": [1, 1]},
								"south": {"uv": [43, 149], "uv_size": [1, 1]},
								"west": {"uv": [43, 149], "uv_size": [1, 1]},
								"up": {"uv": [44, 150], "uv_size": [-1, -1]},
								"down": {"uv": [44, 150], "uv_size": [-1, -1]}
							}
						},
						{
							"origin": [-1.32, 20.06, 15.23],
							"size": [2.64, 3.56, 1.38],
							"pivot": [1.315, 23.66, 15.23],
							"rotation": [24.62147, 0, 0],
							"uv": {
								"north": {"uv": [43, 149], "uv_size": [1, 1]},
								"east": {"uv": [43, 149], "uv_size": [1, 1]},
								"south": {"uv": [43, 149], "uv_size": [1, 1]},
								"west": {"uv": [43, 149], "uv_size": [1, 1]},
								"up": {"uv": [44, 150], "uv_size": [-1, -1]},
								"down": {"uv": [44, 150], "uv_size": [-1, -1]}
							}
						},
						{
							"origin": [-1.32, 14.16, 28.93],
							"size": [2.64, 5.96, 1.38],
							"pivot": [1.315, 20.16, 28.93],
							"rotation": [24.62147, 0, 0],
							"uv": {
								"north": {"uv": [43, 149], "uv_size": [1, 1]},
								"east": {"uv": [43, 149], "uv_size": [1, 1]},
								"south": {"uv": [43, 149], "uv_size": [1, 1]},
								"west": {"uv": [43, 149], "uv_size": [1, 1]},
								"up": {"uv": [44, 150], "uv_size": [-1, -1]},
								"down": {"uv": [44, 150], "uv_size": [-1, -1]}
							}
						},
						{
							"origin": [-1.32, 6.96, 16.73],
							"size": [2.64, 13.36, 1.38],
							"pivot": [1.315, 20.36, 16.73],
							"rotation": [85.62147, 0, 0],
							"uv": {
								"north": {"uv": [43, 149], "uv_size": [1, 1]},
								"east": {"uv": [43, 149], "uv_size": [1, 1]},
								"south": {"uv": [43, 149], "uv_size": [1, 1]},
								"west": {"uv": [43, 149], "uv_size": [1, 1]},
								"up": {"uv": [44, 150], "uv_size": [-1, -1]},
								"down": {"uv": [44, 150], "uv_size": [-1, -1]}
							}
						},
						{
							"origin": [-1.32, 21.36, 20.53],
							"size": [2.64, 2.26, 0.38],
							"uv": {
								"north": {"uv": [43, 149], "uv_size": [1, 1]},
								"east": {"uv": [43, 149], "uv_size": [1, 1]},
								"south": {"uv": [43, 149], "uv_size": [1, 1]},
								"west": {"uv": [43, 149], "uv_size": [1, 1]},
								"up": {"uv": [44, 150], "uv_size": [-1, -1]},
								"down": {"uv": [44, 150], "uv_size": [-1, -1]}
							}
						},
						{
							"origin": [-1.32, 21.36, 19.53],
							"size": [2.64, 2.26, 0.38],
							"uv": {
								"north": {"uv": [43, 149], "uv_size": [1, 1]},
								"east": {"uv": [43, 149], "uv_size": [1, 1]},
								"south": {"uv": [43, 149], "uv_size": [1, 1]},
								"west": {"uv": [43, 149], "uv_size": [1, 1]},
								"up": {"uv": [44, 150], "uv_size": [-1, -1]},
								"down": {"uv": [44, 150], "uv_size": [-1, -1]}
							}
						},
						{
							"origin": [-1.12, 21.36, 19.83],
							"size": [2.24, 2.26, 0.88],
							"uv": {
								"north": {"uv": [43, 149], "uv_size": [1, 1]},
								"east": {"uv": [43, 149], "uv_size": [1, 1]},
								"south": {"uv": [43, 149], "uv_size": [1, 1]},
								"west": {"uv": [43, 149], "uv_size": [1, 1]},
								"up": {"uv": [44, 150], "uv_size": [-1, -1]},
								"down": {"uv": [44, 150], "uv_size": [-1, -1]}
							}
						},
						{
							"origin": [-1.52, 13.06, 16.93],
							"size": [3.04, 4.36, 0.98],
							"pivot": [1.315, 22.46, 16.73],
							"rotation": [85.62147, 0, 0],
							"uv": {
								"north": {"uv": [43, 149], "uv_size": [1, 1]},
								"east": {"uv": [43, 149], "uv_size": [1, 1]},
								"south": {"uv": [43, 149], "uv_size": [1, 1]},
								"west": {"uv": [43, 149], "uv_size": [1, 1]},
								"up": {"uv": [44, 150], "uv_size": [-1, -1]},
								"down": {"uv": [44, 150], "uv_size": [-1, -1]}
							}
						},
						{
							"origin": [-1.52, 13.62, 13.43],
							"size": [3.04, 1.7, 0.35],
							"pivot": [1.315, 22.96, 12.53],
							"rotation": [85.62147, 0, 0],
							"uv": {
								"north": {"uv": [43, 149], "uv_size": [1, 1]},
								"east": {"uv": [43, 149], "uv_size": [1, 1]},
								"south": {"uv": [43, 149], "uv_size": [1, 1]},
								"west": {"uv": [43, 149], "uv_size": [1, 1]},
								"up": {"uv": [44, 150], "uv_size": [-1, -1]},
								"down": {"uv": [44, 150], "uv_size": [-1, -1]}
							}
						},
						{
							"origin": [-1.52, 22.09468, 25.72145],
							"size": [3.04, 0.8, 0.38],
							"pivot": [1.315, 22.96, 26.13],
							"rotation": [66.62147, 0, 0],
							"uv": {
								"north": {"uv": [43, 149], "uv_size": [1, 1]},
								"east": {"uv": [43, 149], "uv_size": [1, 1]},
								"south": {"uv": [43, 149], "uv_size": [1, 1]},
								"west": {"uv": [43, 149], "uv_size": [1, 1]},
								"up": {"uv": [44, 150], "uv_size": [-1, -1]},
								"down": {"uv": [44, 150], "uv_size": [-1, -1]}
							}
						},
						{
							"origin": [-1.52, 23.89468, 22.62145],
							"size": [3.04, 0.8, 0.28],
							"pivot": [1.315, 23.36, 23.33],
							"rotation": [66.62147, 0, 0],
							"uv": {
								"north": {"uv": [43, 149], "uv_size": [1, 1]},
								"east": {"uv": [43, 149], "uv_size": [1, 1]},
								"south": {"uv": [43, 149], "uv_size": [1, 1]},
								"west": {"uv": [43, 149], "uv_size": [1, 1]},
								"up": {"uv": [44, 150], "uv_size": [-1, -1]},
								"down": {"uv": [44, 150], "uv_size": [-1, -1]}
							}
						},
						{
							"origin": [-1.52, 23.89468, 22.12145],
							"size": [3.04, 0.6, 0.18],
							"pivot": [1.315, 23.26, 22.73],
							"rotation": [66.62147, 0, 0],
							"uv": {
								"north": {"uv": [43, 149], "uv_size": [1, 1]},
								"east": {"uv": [43, 149], "uv_size": [1, 1]},
								"south": {"uv": [43, 149], "uv_size": [1, 1]},
								"west": {"uv": [43, 149], "uv_size": [1, 1]},
								"up": {"uv": [44, 150], "uv_size": [-1, -1]},
								"down": {"uv": [44, 150], "uv_size": [-1, -1]}
							}
						},
						{
							"origin": [-1.52, 21.90532, 25.62145],
							"size": [3.04, 0.73, 0.48],
							"pivot": [1.315, 21.94, 26.13],
							"rotation": [-66.62147, 0, 0],
							"uv": {
								"north": {"uv": [43, 150], "uv_size": [1, -1]},
								"east": {"uv": [43, 150], "uv_size": [1, -1]},
								"south": {"uv": [43, 150], "uv_size": [1, -1]},
								"west": {"uv": [43, 150], "uv_size": [1, -1]},
								"up": {"uv": [44, 149], "uv_size": [-1, 1]},
								"down": {"uv": [44, 149], "uv_size": [-1, 1]}
							}
						}
					]
				},
				{
					"name": "_ca_stock",
					"parent": "main",
					"pivot": [-0.2, 23.25, 1.275],
					"cubes": [
						{"origin": [-0.45, 24.65, 8.075], "size": [1, 1, 1], "uv": [27, 69]}
					]
				}
			]
		}
	]
}