{
	"format_version": "1.12.0",
	"minecraft:geometry": [
		{
			"description": {
				"identifier": "geometry.unknown",
				"texture_width": 128,
				"texture_height": 128,
				"visible_bounds_width": 9,
				"visible_bounds_height": 5,
				"visible_bounds_offset": [0, 0.5, 0]
			},
			"bones": [
				{
					"name": "main",
					"pivot": [0, 20, 0]
				},
				{
					"name": "gun",
					"parent": "main",
					"pivot": [1, 11, -1]
				},
				{
					"name": "_ca_stock",
					"parent": "gun",
					"pivot": [-0.2, 21.35, 0.075],
					"cubes": [
						{"origin": [-0.45, 20.75, 6.775], "size": [1, 1, 1], "uv": [27, 69]}
					]
				},
				{
					"name": "stock",
					"parent": "gun",
					"pivot": [0.65, 8, 23.4],
					"cubes": [
						{
							"origin": [-2.72, 19.71, 12.665],
							"size": [2.91, 2.14, 16.99],
							"inflate": -0.3,
							"pivot": [-0.88, 21.77, -6.175],
							"rotation": [0, 0, -36],
							"uv": {
								"north": {"uv": [98, 100], "uv_size": [3, 2]},
								"east": {"uv": [71, 24], "uv_size": [15, 2]},
								"south": {"uv": [101, 17], "uv_size": [3, 2]},
								"west": {"uv": [71, 26], "uv_size": [15, 2]},
								"up": {"uv": [40, 61], "uv_size": [3, 15]},
								"down": {"uv": [43, 76], "uv_size": [3, -15]}
							}
						},
						{
							"origin": [-1.07, 19.93, 12.61],
							"size": [3.02, 3.02, 17.1],
							"inflate": -0.3,
							"pivot": [0.99, 21.88, -6.175],
							"rotation": [0, 0, 36],
							"uv": {
								"north": {"uv": [67, 95], "uv_size": [3, 3]},
								"east": {"uv": [57, 36], "uv_size": [16, 3]},
								"south": {"uv": [95, 85], "uv_size": [3, 3]},
								"west": {"uv": [57, 39], "uv_size": [16, 3]},
								"up": {"uv": [57, 53], "uv_size": [3, 16]},
								"down": {"uv": [30, 76], "uv_size": [3, -16]}
							}
						},
						{
							"origin": [-1.32, 19.46, 13.13],
							"size": [2.64, 2.86, 16.28],
							"uv": {
								"north": {"uv": [26, 101], "uv_size": [2, 3]},
								"east": {"uv": [61, 0], "uv_size": [15, 3]},
								"south": {"uv": [28, 101], "uv_size": [2, 3]},
								"west": {"uv": [61, 3], "uv_size": [15, 3]},
								"up": {"uv": [11, 70], "uv_size": [2, 15]},
								"down": {"uv": [13, 85], "uv_size": [2, -15]}
							}
						},
						{
							"origin": [-2.09, 8.46, 29.41],
							"size": [4.18, 15.07, 2.86],
							"uv": {
								"north": {"uv": [14, 56], "uv_size": [4, 14]},
								"east": {"uv": [52, 62], "uv_size": [3, 14]},
								"south": {"uv": [18, 56], "uv_size": [4, 14]},
								"west": {"uv": [63, 42], "uv_size": [3, 14]},
								"up": {"uv": [91, 31], "uv_size": [4, 3]},
								"down": {"uv": [92, 22], "uv_size": [4, -3]}
							}
						},
						{
							"origin": [-1.32, 5.49, 18.96],
							"size": [2.64, 12.87, 1.1],
							"pivot": [0.715, 13.85, 20.17],
							"rotation": [62, 0, 0],
							"uv": {
								"north": {"uv": [30, 48], "uv_size": [2, 12]},
								"east": {"uv": [8, 92], "uv_size": [1, 12]},
								"south": {"uv": [33, 76], "uv_size": [2, 12]},
								"west": {"uv": [40, 92], "uv_size": [1, 12]},
								"up": {"uv": [50, 108], "uv_size": [2, 1]},
								"down": {"uv": [108, 51], "uv_size": [2, -1]}
							}
						},
						{
							"origin": [-1.32, 8.79, 26.99],
							"size": [2.64, 1.1, 2.42],
							"uv": {
								"north": {"uv": [108, 51], "uv_size": [2, 1]},
								"east": {"uv": [52, 108], "uv_size": [2, 1]},
								"south": {"uv": [108, 52], "uv_size": [2, 1]},
								"west": {"uv": [108, 53], "uv_size": [2, 1]},
								"up": {"uv": [26, 104], "uv_size": [2, 2]},
								"down": {"uv": [104, 29], "uv_size": [2, -2]}
							}
						},
						{
							"origin": [-1.32, 14.73, 14.12],
							"size": [2.64, 5.17, 1.32],
							"pivot": [0.715, 17.92, 14.45],
							"rotation": [26, 0, 0],
							"uv": {
								"north": {"uv": [53, 93], "uv_size": [2, 5]},
								"east": {"uv": [35, 103], "uv_size": [1, 5]},
								"south": {"uv": [93, 64], "uv_size": [2, 5]},
								"west": {"uv": [45, 103], "uv_size": [1, 5]},
								"up": {"uv": [54, 108], "uv_size": [2, 1]},
								"down": {"uv": [56, 109], "uv_size": [2, -1]}
							}
						},
						{
							"origin": [-1.07, 19.38, 12.61],
							"size": [3.02, 2.03, 17.1],
							"inflate": -0.3,
							"pivot": [0.99, 20.34, -6.175],
							"rotation": [0, 0, 36],
							"uv": {
								"north": {"uv": [101, 22], "uv_size": [3, 2]},
								"east": {"uv": [68, 15], "uv_size": [16, 2]},
								"south": {"uv": [101, 36], "uv_size": [3, 2]},
								"west": {"uv": [68, 17], "uv_size": [16, 2]},
								"up": {"uv": [33, 60], "uv_size": [3, 16]},
								"down": {"uv": [60, 58], "uv_size": [3, -16]}
							}
						},
						{
							"origin": [-2.06, 20.37, 12.665],
							"size": [2.91, 3.13, 16.99],
							"inflate": -0.3,
							"pivot": [-0.22, 22.43, -6.175],
							"rotation": [0, 0, -36],
							"uv": {
								"north": {"uv": [94, 95], "uv_size": [3, 3]},
								"east": {"uv": [61, 6], "uv_size": [15, 3]},
								"south": {"uv": [96, 19], "uv_size": [3, 3]},
								"west": {"uv": [60, 62], "uv_size": [15, 3]},
								"up": {"uv": [46, 61], "uv_size": [3, 15]},
								"down": {"uv": [49, 77], "uv_size": [3, -15]}
							}
						},
						{
							"origin": [-1.73, 19.16, 12.61],
							"size": [2.8, 1.92, 2.47],
							"inflate": -0.3,
							"uv": {
								"north": {"uv": [101, 40], "uv_size": [3, 2]},
								"east": {"uv": [28, 104], "uv_size": [2, 2]},
								"south": {"uv": [101, 48], "uv_size": [3, 2]},
								"west": {"uv": [104, 29], "uv_size": [2, 2]},
								"up": {"uv": [101, 50], "uv_size": [3, 2]},
								"down": {"uv": [101, 54], "uv_size": [3, -2]}
							}
						},
						{
							"origin": [-0.77, 11.21, 27.98],
							"size": [1.54, 8.25, 1.43],
							"uv": {
								"north": {"uv": [25, 99], "uv_size": [1, 7]},
								"east": {"uv": [65, 99], "uv_size": [1, 7]},
								"south": {"uv": [75, 99], "uv_size": [1, 7]},
								"west": {"uv": [76, 99], "uv_size": [1, 7]},
								"up": {"uv": [94, 110], "uv_size": [1, 1]},
								"down": {"uv": [110, 95], "uv_size": [1, -1]}
							}
						},
						{
							"origin": [-0.77, 11.21, 22.59],
							"size": [1.54, 1.21, 5.39],
							"uv": {
								"north": {"uv": [95, 110], "uv_size": [1, 1]},
								"east": {"uv": [103, 24], "uv_size": [5, 1]},
								"south": {"uv": [110, 95], "uv_size": [1, 1]},
								"west": {"uv": [103, 25], "uv_size": [5, 1]},
								"up": {"uv": [46, 103], "uv_size": [1, 5]},
								"down": {"uv": [47, 108], "uv_size": [1, -5]}
							}
						},
						{
							"origin": [-0.77, 9.67, 28.86],
							"size": [1.54, 1.54, 0.55],
							"uv": {
								"north": {"uv": [96, 110], "uv_size": [1, 1]},
								"east": {"uv": [110, 96], "uv_size": [1, 1]},
								"south": {"uv": [97, 110], "uv_size": [1, 1]},
								"west": {"uv": [110, 97], "uv_size": [1, 1]},
								"up": {"uv": [98, 110], "uv_size": [1, 1]},
								"down": {"uv": [110, 99], "uv_size": [1, -1]}
							}
						},
						{
							"origin": [-0.77, 9.67, 27.43],
							"size": [1.54, 0.55, 1.43],
							"uv": {
								"north": {"uv": [99, 110], "uv_size": [1, 1]},
								"east": {"uv": [110, 99], "uv_size": [1, 1]},
								"south": {"uv": [100, 110], "uv_size": [1, 1]},
								"west": {"uv": [110, 100], "uv_size": [1, 1]},
								"up": {"uv": [101, 110], "uv_size": [1, 1]},
								"down": {"uv": [110, 102], "uv_size": [1, -1]}
							}
						},
						{
							"origin": [-0.77, 4.61, 21.05],
							"size": [1.54, 13.2, 0.44],
							"pivot": [0.715, 12.64, 20.17],
							"rotation": [62, 0, 0],
							"uv": {
								"north": {"uv": [41, 92], "uv_size": [1, 12]},
								"east": {"uv": [42, 92], "uv_size": [1, 12]},
								"south": {"uv": [43, 92], "uv_size": [1, 12]},
								"west": {"uv": [44, 92], "uv_size": [1, 12]},
								"up": {"uv": [102, 110], "uv_size": [1, 1]},
								"down": {"uv": [110, 103], "uv_size": [1, -1]}
							}
						},
						{
							"origin": [-0.77, 12.86, 22.26],
							"size": [1.54, 1.43, 1.87],
							"pivot": [0.715, 19.9, 21.38],
							"rotation": [62, 0, 0],
							"uv": {
								"north": {"uv": [103, 110], "uv_size": [1, 1]},
								"east": {"uv": [108, 58], "uv_size": [2, 1]},
								"south": {"uv": [110, 103], "uv_size": [1, 1]},
								"west": {"uv": [108, 59], "uv_size": [2, 1]},
								"up": {"uv": [59, 108], "uv_size": [1, 2]},
								"down": {"uv": [108, 62], "uv_size": [1, -2]}
							}
						},
						{
							"origin": [-0.77, 18.03, 26.748],
							"size": [1.54, 1.65, 0.88],
							"uv": {
								"north": {"uv": [62, 108], "uv_size": [1, 2]},
								"east": {"uv": [108, 62], "uv_size": [1, 2]},
								"south": {"uv": [63, 108], "uv_size": [1, 2]},
								"west": {"uv": [64, 108], "uv_size": [1, 2]},
								"up": {"uv": [104, 110], "uv_size": [1, 1]},
								"down": {"uv": [110, 105], "uv_size": [1, -1]}
							}
						},
						{
							"origin": [-2.28, 20.37, 12.61],
							"size": [4.56, 2.03, 17.1],
							"inflate": -0.3,
							"uv": {
								"north": {"uv": [98, 64], "uv_size": [4, 2]},
								"east": {"uv": [70, 65], "uv_size": [16, 2]},
								"south": {"uv": [98, 85], "uv_size": [4, 2]},
								"west": {"uv": [70, 67], "uv_size": [16, 2]},
								"up": {"uv": [32, 44], "uv_size": [4, 16]},
								"down": {"uv": [24, 64], "uv_size": [4, -16]}
							}
						},
						{
							"origin": [-0.77, 18.58, 14.758],
							"size": [1.54, 1.1, 11.99],
							"uv": {
								"north": {"uv": [105, 110], "uv_size": [1, 1]},
								"east": {"uv": [91, 5], "uv_size": [11, 1]},
								"south": {"uv": [110, 105], "uv_size": [1, 1]},
								"west": {"uv": [91, 6], "uv_size": [11, 1]},
								"up": {"uv": [45, 92], "uv_size": [1, 11]},
								"down": {"uv": [59, 103], "uv_size": [1, -11]}
							}
						},
						{
							"origin": [-0.77, 16.93, 15.44],
							"size": [1.54, 1.43, 0.66],
							"pivot": [0.715, 17.92, 14.89],
							"rotation": [26, 0, 0],
							"uv": {
								"north": {"uv": [106, 110], "uv_size": [1, 1]},
								"east": {"uv": [110, 106], "uv_size": [1, 1]},
								"south": {"uv": [107, 110], "uv_size": [1, 1]},
								"west": {"uv": [110, 107], "uv_size": [1, 1]},
								"up": {"uv": [108, 110], "uv_size": [1, 1]},
								"down": {"uv": [110, 109], "uv_size": [1, -1]}
							}
						},
						{
							"origin": [-0.77, 14.84, 15.858],
							"size": [1.54, 3.74, 2.97],
							"uv": {
								"north": {"uv": [91, 106], "uv_size": [1, 3]},
								"east": {"uv": [96, 24], "uv_size": [3, 3]},
								"south": {"uv": [101, 106], "uv_size": [1, 3]},
								"west": {"uv": [63, 96], "uv_size": [3, 3]},
								"up": {"uv": [1, 107], "uv_size": [1, 3]},
								"down": {"uv": [2, 110], "uv_size": [1, -3]}
							}
						},
						{
							"origin": [-0.88, 18.14, 17.508],
							"size": [1.76, 0.77, 4.4],
							"uv": {
								"north": {"uv": [108, 64], "uv_size": [2, 1]},
								"east": {"uv": [81, 33], "uv_size": [4, 1]},
								"south": {"uv": [108, 66], "uv_size": [2, 1]},
								"west": {"uv": [86, 4], "uv_size": [4, 1]},
								"up": {"uv": [61, 98], "uv_size": [2, 4]},
								"down": {"uv": [67, 102], "uv_size": [2, -4]}
							}
						},
						{
							"origin": [-0.88, 17.48, 16.958],
							"size": [1.76, 0.77, 6.38],
							"pivot": [0.715, 6.59, 23.69],
							"rotation": [-6, 0, 0],
							"uv": {
								"north": {"uv": [108, 67], "uv_size": [2, 1]},
								"east": {"uv": [99, 77], "uv_size": [6, 1]},
								"south": {"uv": [108, 68], "uv_size": [2, 1]},
								"west": {"uv": [99, 84], "uv_size": [6, 1]},
								"up": {"uv": [57, 92], "uv_size": [2, 6]},
								"down": {"uv": [61, 98], "uv_size": [2, -6]}
							}
						},
						{
							"origin": [-0.88, 18.25, 20.698],
							"size": [1.76, 0.396, 2.585],
							"pivot": [0.715, 7.03, 23.69],
							"rotation": [-6, 0, 0],
							"uv": {
								"north": {"uv": [108, 69], "uv_size": [2, 1]},
								"east": {"uv": [70, 108], "uv_size": [2, 1]},
								"south": {"uv": [72, 108], "uv_size": [2, 1]},
								"west": {"uv": [74, 108], "uv_size": [2, 1]},
								"up": {"uv": [30, 104], "uv_size": [2, 2]},
								"down": {"uv": [104, 38], "uv_size": [2, -2]}
							}
						},
						{
							"origin": [-0.88, 16.93, 22.238],
							"size": [1.76, 1.276, 2.53],
							"pivot": [0.715, 6.59, 23.58],
							"rotation": [-6, 0, 0],
							"uv": {
								"north": {"uv": [108, 75], "uv_size": [2, 1]},
								"east": {"uv": [76, 108], "uv_size": [2, 1]},
								"south": {"uv": [108, 76], "uv_size": [2, 1]},
								"west": {"uv": [108, 77], "uv_size": [2, 1]},
								"up": {"uv": [40, 104], "uv_size": [2, 2]},
								"down": {"uv": [104, 42], "uv_size": [2, -2]}
							}
						},
						{
							"origin": [-0.88, 17.26, 17.398],
							"size": [1.76, 0.55, 1.98],
							"pivot": [0.715, 6.48, 20.83],
							"rotation": [-21, 0, 0],
							"uv": {
								"north": {"uv": [108, 78], "uv_size": [2, 1]},
								"east": {"uv": [81, 108], "uv_size": [2, 1]},
								"south": {"uv": [108, 81], "uv_size": [2, 1]},
								"west": {"uv": [108, 82], "uv_size": [2, 1]},
								"up": {"uv": [42, 104], "uv_size": [2, 2]},
								"down": {"uv": [104, 50], "uv_size": [2, -2]}
							}
						},
						{
							"origin": [-0.88, 17.92, 20.148],
							"size": [1.76, 0.396, 1.595],
							"pivot": [0.715, 6.7, 23.14],
							"rotation": [-21, 0, 0],
							"uv": {
								"north": {"uv": [108, 83], "uv_size": [2, 1]},
								"east": {"uv": [109, 110], "uv_size": [1, 1]},
								"south": {"uv": [84, 108], "uv_size": [2, 1]},
								"west": {"uv": [110, 109], "uv_size": [1, 1]},
								"up": {"uv": [86, 108], "uv_size": [2, 1]},
								"down": {"uv": [108, 87], "uv_size": [2, -1]}
							}
						},
						{
							"origin": [-0.8, 20.35, 6.9],
							"size": [2, 2.1, 9.6],
							"inflate": 0.2,
							"pivot": [-0.7, 22.35, 8],
							"rotation": [0, 0, 16],
							"uv": {
								"north": {"uv": [54, 12], "uv_size": [19, 3]},
								"east": {"uv": [54, 12], "uv_size": [19, 3]},
								"south": {"uv": [54, 12], "uv_size": [19, 3]},
								"west": {"uv": [54, 12], "uv_size": [19, 3]},
								"up": {"uv": [73, 15], "uv_size": [-19, -3]},
								"down": {"uv": [73, 15], "uv_size": [-19, -3]}
							}
						}
					]
				}
			]
		}
	]
}