{
	"format_version": "1.12.0",
	"minecraft:geometry": [
		{
			"description": {
				"identifier": "geometry.stg762.geo",
				"texture_width": 128,
				"texture_height": 128,
				"visible_bounds_width": 12,
				"visible_bounds_height": 4,
				"visible_bounds_offset": [0, 1, 0]
			},
			"bones": [
				{
					"name": "main",
					"pivot": [0, 20, 0]
				},
				{
					"name": "gun",
					"parent": "main",
					"pivot": [1, 11, -1]
				},
				{
					"name": "handguard",
					"parent": "gun",
					"pivot": [-0.1, -0.8, -6],
					"cubes": [
						{
							"origin": [-0.65, 24.5, -35.1],
							"size": [1.3, 3.9, 1.6],
							"uv": {
								"north": {"uv": [101, 102], "uv_size": [1, 4]},
								"east": {"uv": [87, 98], "uv_size": [2, 4]},
								"south": {"uv": [102, 102], "uv_size": [1, 4]},
								"west": {"uv": [98, 95], "uv_size": [2, 4]},
								"up": {"uv": [98, 105], "uv_size": [1, 2]},
								"down": {"uv": [106, 5], "uv_size": [1, -2]}
							}
						},
						{
							"origin": [1.75, 27.6, -35.3],
							"size": [1.1, 1.1, 0.2],
							"pivot": [2.95, 24.7, 18.7],
							"rotation": [0, 0, -45],
							"uv": {
								"north": {"uv": [108, 51], "uv_size": [1, 1]},
								"east": {"uv": [52, 108], "uv_size": [1, 1]},
								"south": {"uv": [108, 52], "uv_size": [1, 1]},
								"west": {"uv": [53, 108], "uv_size": [1, 1]},
								"up": {"uv": [108, 53], "uv_size": [1, 1]},
								"down": {"uv": [54, 109], "uv_size": [1, -1]}
							}
						},
						{
							"origin": [-0.33, 28.3, -33.5],
							"size": [0.7, 0.1, 1.4],
							"uv": {
								"north": {"uv": [108, 48], "uv_size": [1, 1]},
								"east": {"uv": [49, 108], "uv_size": [1, 1]},
								"south": {"uv": [108, 49], "uv_size": [1, 1]},
								"west": {"uv": [50, 108], "uv_size": [1, 1]},
								"up": {"uv": [108, 50], "uv_size": [1, 1]},
								"down": {"uv": [51, 109], "uv_size": [1, -1]}
							}
						},
						{
							"origin": [-4.1, 28.9, -33.5],
							"size": [1, 0.1, 1.4],
							"pivot": [-2.45, 24.4, 22.1],
							"rotation": [0, 0, 55],
							"uv": {
								"north": {"uv": [108, 34], "uv_size": [1, 1]},
								"east": {"uv": [35, 108], "uv_size": [1, 1]},
								"south": {"uv": [108, 35], "uv_size": [1, 1]},
								"west": {"uv": [36, 108], "uv_size": [1, 1]},
								"up": {"uv": [108, 36], "uv_size": [1, 1]},
								"down": {"uv": [37, 109], "uv_size": [1, -1]}
							}
						},
						{
							"origin": [2.2, 30.7, -33.5],
							"size": [1, 0.1, 1.4],
							"pivot": [3.75, 26.2, 22.1],
							"rotation": [0, 0, -55],
							"uv": {
								"north": {"uv": [108, 37], "uv_size": [1, 1]},
								"east": {"uv": [38, 108], "uv_size": [1, 1]},
								"south": {"uv": [108, 38], "uv_size": [1, 1]},
								"west": {"uv": [108, 39], "uv_size": [1, 1]},
								"up": {"uv": [108, 40], "uv_size": [1, 1]},
								"down": {"uv": [41, 109], "uv_size": [1, -1]}
							}
						},
						{
							"origin": [-4, 28.2, -28.3],
							"size": [0.3, 0.7, 9.7],
							"pivot": [-2.45, 24.4, 13.1],
							"rotation": [0, 0, 55],
							"uv": {
								"north": {"uv": [108, 33], "uv_size": [1, 1]},
								"east": {"uv": [89, 84], "uv_size": [12, 1]},
								"south": {"uv": [34, 108], "uv_size": [1, 1]},
								"west": {"uv": [92, 68], "uv_size": [12, 1]},
								"up": {"uv": [52, 92], "uv_size": [1, 12]},
								"down": {"uv": [89, 104], "uv_size": [1, -12]}
							}
						},
						{
							"origin": [-4, 28.2, -17.7],
							"size": [0.9, 0.7, 2.7],
							"pivot": [-2.45, 24.4, -20.8],
							"rotation": [0, 0, 55],
							"uv": {
								"north": {"uv": [108, 16], "uv_size": [1, 1]},
								"east": {"uv": [63, 15], "uv_size": [37, 1]},
								"south": {"uv": [18, 108], "uv_size": [1, 1]},
								"west": {"uv": [63, 16], "uv_size": [37, 1]},
								"up": {"uv": [38, 61], "uv_size": [1, 37]},
								"down": {"uv": [13, 107], "uv_size": [1, -37]}
							}
						},
						{
							"origin": [-0.85, 24.5, -33.5],
							"size": [1.7, 3, 18.5],
							"uv": {
								"north": {"uv": [100, 14], "uv_size": [2, 3]},
								"east": {"uv": [32, 0], "uv_size": [61, 3]},
								"south": {"uv": [53, 104], "uv_size": [-1, -12]},
								"west": {"uv": [32, 3], "uv_size": [61, 3]},
								"up": {"uv": [41, 20], "uv_size": [2, 61]},
								"down": {"uv": [43, 81], "uv_size": [2, -61]}
							}
						},
						{
							"origin": [2.2, 30, -33.5],
							"size": [0.9, 0.7, 18.5],
							"pivot": [3.75, 26.2, -21.7],
							"rotation": [0, 0, -55],
							"uv": {
								"north": {"uv": [19, 108], "uv_size": [1, 1]},
								"east": {"uv": [50, 17], "uv_size": [61, 1]},
								"south": {"uv": [20, 108], "uv_size": [1, 1]},
								"west": {"uv": [53, 104], "uv_size": [-1, -12]},
								"up": {"uv": [39, 48], "uv_size": [1, 61]},
								"down": {"uv": [52, 92], "uv_size": [1, 12]}
							}
						},
						{
							"origin": [-0.35, 27.9, -33.5],
							"size": [0.7, 0.4, 18.5],
							"uv": {
								"north": {"uv": [31, 112], "uv_size": [-1, -61]},
								"east": {"uv": [31, 112], "uv_size": [-1, -61]},
								"south": {"uv": [31, 112], "uv_size": [-1, -61]},
								"west": {"uv": [31, 112], "uv_size": [-1, -61]},
								"up": {"uv": [30, 51], "uv_size": [1, 61]},
								"down": {"uv": [30, 51], "uv_size": [1, 61]}
							}
						},
						{
							"origin": [-4, 28.2, -33.5],
							"size": [0.9, 0.7, 5.2],
							"pivot": [-2.45, 24.4, 12.2],
							"rotation": [0, 0, 55],
							"uv": {
								"north": {"uv": [29, 108], "uv_size": [1, 1]},
								"east": {"uv": [92, 82], "uv_size": [11, 1]},
								"south": {"uv": [32, 108], "uv_size": [1, 1]},
								"west": {"uv": [92, 83], "uv_size": [11, 1]},
								"up": {"uv": [4, 94], "uv_size": [1, 11]},
								"down": {"uv": [5, 105], "uv_size": [1, -11]}
							}
						}
					]
				},
				{
					"name": "righthg",
					"parent": "handguard",
					"pivot": [-2.3, 24.4, -18.8],
					"rotation": [0, 0, -4.00076]
				},
				{
					"name": "bone10",
					"parent": "righthg",
					"pivot": [-1.25, 25.45, -15.1],
					"rotation": [0, 0, 4],
					"cubes": [
						{
							"origin": [-1.45989, 24.45897, -33.39704],
							"size": [1.5, 2.2, 18.3],
							"uv": {
								"north": {"uv": [102, 10], "uv_size": [-28, 1]},
								"east": {"uv": [102, 10], "uv_size": [-28, 1]},
								"south": {"uv": [102, 10], "uv_size": [-28, 1]},
								"west": {"uv": [102, 10], "uv_size": [-28, 1]},
								"up": {"uv": [74, 11], "uv_size": [28, -1]},
								"down": {"uv": [74, 11], "uv_size": [28, -1]}
							}
						},
						{
							"origin": [-1.45989, 26.65897, -33.39704],
							"size": [0.6, 0.6, 18.3],
							"pivot": [-1.45, 26.65, -33.4],
							"rotation": [0, 0, 48],
							"uv": {
								"north": {"uv": [102, 10], "uv_size": [-28, 1]},
								"east": {"uv": [102, 10], "uv_size": [-28, 1]},
								"south": {"uv": [102, 10], "uv_size": [-28, 1]},
								"west": {"uv": [102, 10], "uv_size": [-28, 1]},
								"up": {"uv": [74, 11], "uv_size": [28, -1]},
								"down": {"uv": [74, 11], "uv_size": [28, -1]}
							}
						}
					]
				},
				{
					"name": "bone9",
					"parent": "righthg",
					"pivot": [-1.35, 25.35, -17.5],
					"rotation": [0, 0, 15],
					"cubes": [
						{
							"origin": [-1.31006, 22.97345, -33.40682],
							"size": [1.4, 1.52, 18.3],
							"pivot": [-1.25, 24.44723, -33.51132],
							"rotation": [0, 0, -24],
							"uv": {
								"north": {"uv": [107, 81], "uv_size": [-4, 1]},
								"east": {"uv": [107, 81], "uv_size": [-4, 1]},
								"south": {"uv": [107, 81], "uv_size": [-4, 1]},
								"west": {"uv": [107, 81], "uv_size": [-4, 1]},
								"up": {"uv": [103, 82], "uv_size": [4, -1]},
								"down": {"uv": [103, 82], "uv_size": [4, -1]}
							}
						},
						{
							"origin": [-0.82698, 22.378, -33.40682],
							"size": [0.8, 0.82, 18.3],
							"pivot": [-0.65, 23.24723, -46.31132],
							"rotation": [0, 0, -59],
							"uv": {
								"north": {"uv": [107, 81], "uv_size": [-4, 1]},
								"east": {"uv": [107, 81], "uv_size": [-4, 1]},
								"south": {"uv": [107, 81], "uv_size": [-4, 1]},
								"west": {"uv": [107, 81], "uv_size": [-4, 1]},
								"up": {"uv": [103, 82], "uv_size": [4, -1]},
								"down": {"uv": [103, 82], "uv_size": [4, -1]}
							}
						},
						{
							"origin": [0.0091, 22.65236, -33.40682],
							"size": [0.57, 1.4, 18.3],
							"uv": {
								"north": {"uv": [108, 7], "uv_size": [-3, 1]},
								"east": {"uv": [103, 53], "uv_size": [-28, 1]},
								"south": {"uv": [108, 8], "uv_size": [-3, 1]},
								"west": {"uv": [102, 11], "uv_size": [-28, 1]},
								"up": {"uv": [3, 48], "uv_size": [-3, 28]},
								"down": {"uv": [6, 76], "uv_size": [-3, -28]}
							}
						},
						{
							"origin": [-1.12698, 21.878, -15.10682],
							"size": [0.8, 0.82, 0.7],
							"pivot": [-0.95, 22.74723, -46.31132],
							"rotation": [0, 0, -59],
							"uv": {
								"north": {"uv": [107, 81], "uv_size": [-4, 1]},
								"east": {"uv": [107, 81], "uv_size": [-4, 1]},
								"south": {"uv": [107, 81], "uv_size": [-4, 1]},
								"west": {"uv": [107, 81], "uv_size": [-4, 1]},
								"up": {"uv": [103, 82], "uv_size": [4, -1]},
								"down": {"uv": [103, 82], "uv_size": [4, -1]}
							}
						},
						{
							"origin": [-0.31458, 22.15971, -15.10682],
							"size": [1.07, 1.4, 0.7],
							"uv": {
								"north": {"uv": [108, 7], "uv_size": [-3, 1]},
								"east": {"uv": [103, 53], "uv_size": [-28, 1]},
								"south": {"uv": [108, 8], "uv_size": [-3, 1]},
								"west": {"uv": [102, 11], "uv_size": [-28, 1]},
								"up": {"uv": [3, 48], "uv_size": [-3, 28]},
								"down": {"uv": [6, 76], "uv_size": [-3, -28]}
							}
						}
					]
				},
				{
					"name": "lefthg",
					"parent": "handguard",
					"pivot": [2.3, 24.4, -18.8],
					"rotation": [0, 0, 4.00076]
				},
				{
					"name": "bone7",
					"parent": "lefthg",
					"pivot": [1.35, 25.35, -17.5],
					"rotation": [0, 0, -15],
					"cubes": [
						{
							"origin": [-0.08994, 22.97345, -33.40682],
							"size": [1.4, 1.52, 18.3],
							"pivot": [1.25, 24.44723, -33.51132],
							"rotation": [0, 0, 24],
							"uv": {
								"north": {"uv": [103, 81], "uv_size": [4, 1]},
								"east": {"uv": [103, 81], "uv_size": [4, 1]},
								"south": {"uv": [103, 81], "uv_size": [4, 1]},
								"west": {"uv": [103, 81], "uv_size": [4, 1]},
								"up": {"uv": [107, 82], "uv_size": [-4, -1]},
								"down": {"uv": [107, 82], "uv_size": [-4, -1]}
							}
						},
						{
							"origin": [0.02698, 22.378, -33.40682],
							"size": [0.8, 0.82, 18.3],
							"pivot": [0.65, 23.24723, -46.31132],
							"rotation": [0, 0, 59],
							"uv": {
								"north": {"uv": [103, 81], "uv_size": [4, 1]},
								"east": {"uv": [103, 81], "uv_size": [4, 1]},
								"south": {"uv": [103, 81], "uv_size": [4, 1]},
								"west": {"uv": [103, 81], "uv_size": [4, 1]},
								"up": {"uv": [107, 82], "uv_size": [-4, -1]},
								"down": {"uv": [107, 82], "uv_size": [-4, -1]}
							}
						},
						{
							"origin": [-0.6791, 22.65236, -33.40682],
							"size": [0.67, 1.4, 18.3],
							"uv": {
								"north": {"uv": [105, 7], "uv_size": [3, 1]},
								"east": {"uv": [74, 11], "uv_size": [28, 1]},
								"south": {"uv": [105, 8], "uv_size": [3, 1]},
								"west": {"uv": [75, 53], "uv_size": [28, 1]},
								"up": {"uv": [0, 48], "uv_size": [3, 28]},
								"down": {"uv": [3, 76], "uv_size": [3, -28]}
							}
						},
						{
							"origin": [0.32698, 21.878, -15.10682],
							"size": [0.8, 0.82, 0.7],
							"pivot": [0.95, 22.74723, -46.31132],
							"rotation": [0, 0, 59],
							"uv": {
								"north": {"uv": [103, 81], "uv_size": [4, 1]},
								"east": {"uv": [103, 81], "uv_size": [4, 1]},
								"south": {"uv": [103, 81], "uv_size": [4, 1]},
								"west": {"uv": [103, 81], "uv_size": [4, 1]},
								"up": {"uv": [107, 82], "uv_size": [-4, -1]},
								"down": {"uv": [107, 82], "uv_size": [-4, -1]}
							}
						},
						{
							"origin": [-0.75542, 22.15971, -15.10682],
							"size": [1.07, 1.4, 0.7],
							"uv": {
								"north": {"uv": [105, 7], "uv_size": [3, 1]},
								"east": {"uv": [74, 11], "uv_size": [28, 1]},
								"south": {"uv": [105, 8], "uv_size": [3, 1]},
								"west": {"uv": [75, 53], "uv_size": [28, 1]},
								"up": {"uv": [0, 48], "uv_size": [3, 28]},
								"down": {"uv": [3, 76], "uv_size": [3, -28]}
							}
						}
					]
				},
				{
					"name": "bone8",
					"parent": "lefthg",
					"pivot": [1.25, 25.45, -15.1],
					"rotation": [0, 0, -4],
					"cubes": [
						{
							"origin": [-0.04011, 24.45897, -33.39704],
							"size": [1.5, 2.2, 18.3],
							"uv": {
								"north": {"uv": [74, 10], "uv_size": [28, 1]},
								"east": {"uv": [74, 10], "uv_size": [28, 1]},
								"south": {"uv": [74, 10], "uv_size": [28, 1]},
								"west": {"uv": [74, 10], "uv_size": [28, 1]},
								"up": {"uv": [102, 11], "uv_size": [-28, -1]},
								"down": {"uv": [102, 11], "uv_size": [-28, -1]}
							}
						},
						{
							"origin": [0.85989, 26.65897, -33.39704],
							"size": [0.6, 0.6, 18.3],
							"pivot": [1.45, 26.65, -33.4],
							"rotation": [0, 0, -48],
							"uv": {
								"north": {"uv": [74, 10], "uv_size": [28, 1]},
								"east": {"uv": [74, 10], "uv_size": [28, 1]},
								"south": {"uv": [74, 10], "uv_size": [28, 1]},
								"west": {"uv": [74, 10], "uv_size": [28, 1]},
								"up": {"uv": [102, 11], "uv_size": [-28, -1]},
								"down": {"uv": [102, 11], "uv_size": [-28, -1]}
							}
						}
					]
				},
				{
					"name": "gun2",
					"parent": "handguard",
					"pivot": [-2.745, 27.9, -36.5],
					"rotation": [0, 0, -180],
					"cubes": [
						{
							"origin": [-3.55, 30.3, -33.3],
							"size": [0.4, 1.4, 18.06],
							"inflate": 0.001,
							"uv": {
								"north": {"uv": [109, 3], "uv_size": [1, 1]},
								"east": {"uv": [80, 21], "uv_size": [24, 1]},
								"south": {"uv": [4, 109], "uv_size": [1, 1]},
								"west": {"uv": [80, 22], "uv_size": [24, 1]},
								"up": {"uv": [12, 83], "uv_size": [1, 24]},
								"down": {"uv": [0, 109], "uv_size": [1, -24]}
							}
						},
						{
							"origin": [-4.05, 30.3, -33.3],
							"size": [0.5, 1.4, 18.06],
							"inflate": 0.001,
							"uv": {
								"north": {"uv": [102, 10], "uv_size": [-28, 1]},
								"east": {"uv": [102, 10], "uv_size": [-28, 1]},
								"south": {"uv": [102, 10], "uv_size": [-28, 1]},
								"west": {"uv": [102, 10], "uv_size": [-28, 1]},
								"up": {"uv": [74, 11], "uv_size": [28, -1]},
								"down": {"uv": [74, 11], "uv_size": [28, -1]}
							}
						},
						{
							"origin": [-7.45, 30.3, -33.3],
							"size": [0.5, 1.4, 18.06],
							"inflate": 0.001,
							"uv": {
								"north": {"uv": [102, 10], "uv_size": [-28, 1]},
								"east": {"uv": [102, 10], "uv_size": [-28, 1]},
								"south": {"uv": [102, 10], "uv_size": [-28, 1]},
								"west": {"uv": [102, 10], "uv_size": [-28, 1]},
								"up": {"uv": [74, 11], "uv_size": [28, -1]},
								"down": {"uv": [74, 11], "uv_size": [28, -1]}
							}
						},
						{
							"origin": [-3.15, 30.3, -30.7],
							"size": [0.2, 1.3, 0.6],
							"inflate": 0.001,
							"uv": {
								"north": {"uv": [109, 4], "uv_size": [1, 1]},
								"east": {"uv": [5, 109], "uv_size": [1, 1]},
								"south": {"uv": [109, 5], "uv_size": [1, 1]},
								"west": {"uv": [6, 109], "uv_size": [1, 1]},
								"up": {"uv": [109, 6], "uv_size": [1, 1]},
								"down": {"uv": [7, 110], "uv_size": [1, -1]}
							}
						},
						{
							"origin": [-4.78713, 29.25213, -30.7],
							"size": [0.2, 0.2, 0.6],
							"pivot": [-2.745, 27.9, -25.9],
							"rotation": [0, 0, 45],
							"uv": {
								"north": {"uv": [109, 7], "uv_size": [1, 1]},
								"east": {"uv": [8, 109], "uv_size": [1, 1]},
								"south": {"uv": [109, 8], "uv_size": [1, 1]},
								"west": {"uv": [9, 109], "uv_size": [1, 1]},
								"up": {"uv": [109, 9], "uv_size": [1, 1]},
								"down": {"uv": [10, 110], "uv_size": [1, -1]}
							}
						},
						{
							"origin": [-4.78713, 30.55213, -30.7],
							"size": [0.2, 0.2, 0.6],
							"pivot": [-2.745, 29.2, -25.9],
							"rotation": [0, 0, 45],
							"uv": {
								"north": {"uv": [109, 10], "uv_size": [1, 1]},
								"east": {"uv": [11, 109], "uv_size": [1, 1]},
								"south": {"uv": [109, 11], "uv_size": [1, 1]},
								"west": {"uv": [12, 109], "uv_size": [1, 1]},
								"up": {"uv": [109, 12], "uv_size": [1, 1]},
								"down": {"uv": [13, 110], "uv_size": [1, -1]}
							}
						},
						{
							"origin": [-3.15, 30.3, -32],
							"size": [0.2, 1.3, 0.6],
							"inflate": 0.001,
							"uv": {
								"north": {"uv": [110, 27], "uv_size": [1, 1]},
								"east": {"uv": [28, 110], "uv_size": [1, 1]},
								"south": {"uv": [110, 28], "uv_size": [1, 1]},
								"west": {"uv": [29, 110], "uv_size": [1, 1]},
								"up": {"uv": [110, 29], "uv_size": [1, 1]},
								"down": {"uv": [110, 31], "uv_size": [1, -1]}
							}
						},
						{
							"origin": [-4.78713, 29.25213, -32],
							"size": [0.2, 0.2, 0.6],
							"pivot": [-2.745, 27.9, -27.2],
							"rotation": [0, 0, 45],
							"uv": {
								"north": {"uv": [110, 24], "uv_size": [1, 1]},
								"east": {"uv": [25, 110], "uv_size": [1, 1]},
								"south": {"uv": [110, 25], "uv_size": [1, 1]},
								"west": {"uv": [26, 110], "uv_size": [1, 1]},
								"up": {"uv": [110, 26], "uv_size": [1, 1]},
								"down": {"uv": [27, 111], "uv_size": [1, -1]}
							}
						},
						{
							"origin": [-4.78713, 30.55213, -32],
							"size": [0.2, 0.2, 0.6],
							"pivot": [-2.745, 29.2, -27.2],
							"rotation": [0, 0, 45],
							"uv": {
								"north": {"uv": [110, 21], "uv_size": [1, 1]},
								"east": {"uv": [22, 110], "uv_size": [1, 1]},
								"south": {"uv": [110, 22], "uv_size": [1, 1]},
								"west": {"uv": [23, 110], "uv_size": [1, 1]},
								"up": {"uv": [110, 23], "uv_size": [1, 1]},
								"down": {"uv": [24, 111], "uv_size": [1, -1]}
							}
						},
						{
							"origin": [-3.15, 30.3, -33.3],
							"size": [0.2, 1.3, 0.6],
							"inflate": 0.001,
							"uv": {
								"north": {"uv": [110, 37], "uv_size": [1, 1]},
								"east": {"uv": [38, 110], "uv_size": [1, 1]},
								"south": {"uv": [110, 38], "uv_size": [1, 1]},
								"west": {"uv": [39, 110], "uv_size": [1, 1]},
								"up": {"uv": [110, 39], "uv_size": [1, 1]},
								"down": {"uv": [40, 111], "uv_size": [1, -1]}
							}
						},
						{
							"origin": [-4.78713, 29.25213, -33.3],
							"size": [0.2, 0.2, 0.6],
							"pivot": [-2.745, 27.9, -28.5],
							"rotation": [0, 0, 45],
							"uv": {
								"north": {"uv": [110, 34], "uv_size": [1, 1]},
								"east": {"uv": [35, 110], "uv_size": [1, 1]},
								"south": {"uv": [110, 35], "uv_size": [1, 1]},
								"west": {"uv": [36, 110], "uv_size": [1, 1]},
								"up": {"uv": [110, 36], "uv_size": [1, 1]},
								"down": {"uv": [37, 111], "uv_size": [1, -1]}
							}
						},
						{
							"origin": [-4.78713, 30.55213, -33.3],
							"size": [0.2, 0.2, 0.6],
							"pivot": [-2.745, 29.2, -28.5],
							"rotation": [0, 0, 45],
							"uv": {
								"north": {"uv": [110, 31], "uv_size": [1, 1]},
								"east": {"uv": [32, 110], "uv_size": [1, 1]},
								"south": {"uv": [110, 32], "uv_size": [1, 1]},
								"west": {"uv": [33, 110], "uv_size": [1, 1]},
								"up": {"uv": [110, 33], "uv_size": [1, 1]},
								"down": {"uv": [34, 111], "uv_size": [1, -1]}
							}
						},
						{
							"origin": [-3.15, 30.3, -28.1],
							"size": [0.2, 1.3, 0.6],
							"inflate": 0.001,
							"uv": {
								"north": {"uv": [109, 24], "uv_size": [1, 1]},
								"east": {"uv": [109, 25], "uv_size": [1, 1]},
								"south": {"uv": [26, 109], "uv_size": [1, 1]},
								"west": {"uv": [109, 26], "uv_size": [1, 1]},
								"up": {"uv": [27, 109], "uv_size": [1, 1]},
								"down": {"uv": [109, 28], "uv_size": [1, -1]}
							}
						},
						{
							"origin": [-4.78713, 29.25213, -28.1],
							"size": [0.2, 0.2, 0.6],
							"pivot": [-2.745, 27.9, -23.3],
							"rotation": [0, 0, 45],
							"uv": {
								"north": {"uv": [28, 109], "uv_size": [1, 1]},
								"east": {"uv": [109, 28], "uv_size": [1, 1]},
								"south": {"uv": [29, 109], "uv_size": [1, 1]},
								"west": {"uv": [109, 29], "uv_size": [1, 1]},
								"up": {"uv": [109, 30], "uv_size": [1, 1]},
								"down": {"uv": [109, 32], "uv_size": [1, -1]}
							}
						},
						{
							"origin": [-4.78713, 30.55213, -28.1],
							"size": [0.2, 0.2, 0.6],
							"pivot": [-2.745, 29.2, -23.3],
							"rotation": [0, 0, 45],
							"uv": {
								"north": {"uv": [32, 109], "uv_size": [1, 1]},
								"east": {"uv": [109, 32], "uv_size": [1, 1]},
								"south": {"uv": [33, 109], "uv_size": [1, 1]},
								"west": {"uv": [109, 33], "uv_size": [1, 1]},
								"up": {"uv": [34, 109], "uv_size": [1, 1]},
								"down": {"uv": [109, 35], "uv_size": [1, -1]}
							}
						},
						{
							"origin": [-3.15, 30.3, -29.4],
							"size": [0.2, 1.3, 0.6],
							"inflate": 0.001,
							"uv": {
								"north": {"uv": [35, 109], "uv_size": [1, 1]},
								"east": {"uv": [109, 35], "uv_size": [1, 1]},
								"south": {"uv": [36, 109], "uv_size": [1, 1]},
								"west": {"uv": [109, 36], "uv_size": [1, 1]},
								"up": {"uv": [37, 109], "uv_size": [1, 1]},
								"down": {"uv": [109, 38], "uv_size": [1, -1]}
							}
						},
						{
							"origin": [-4.78713, 29.25213, -29.4],
							"size": [0.2, 0.2, 0.6],
							"pivot": [-2.745, 27.9, -24.6],
							"rotation": [0, 0, 45],
							"uv": {
								"north": {"uv": [38, 109], "uv_size": [1, 1]},
								"east": {"uv": [109, 38], "uv_size": [1, 1]},
								"south": {"uv": [39, 109], "uv_size": [1, 1]},
								"west": {"uv": [109, 39], "uv_size": [1, 1]},
								"up": {"uv": [40, 109], "uv_size": [1, 1]},
								"down": {"uv": [109, 41], "uv_size": [1, -1]}
							}
						},
						{
							"origin": [-4.78713, 30.55213, -29.4],
							"size": [0.2, 0.2, 0.6],
							"pivot": [-2.745, 29.2, -24.6],
							"rotation": [0, 0, 45],
							"uv": {
								"north": {"uv": [41, 109], "uv_size": [1, 1]},
								"east": {"uv": [109, 41], "uv_size": [1, 1]},
								"south": {"uv": [42, 109], "uv_size": [1, 1]},
								"west": {"uv": [109, 42], "uv_size": [1, 1]},
								"up": {"uv": [43, 109], "uv_size": [1, 1]},
								"down": {"uv": [109, 44], "uv_size": [1, -1]}
							}
						},
						{
							"origin": [-3.15, 30.3, -25.5],
							"size": [0.2, 1.3, 0.6],
							"inflate": 0.001,
							"uv": {
								"north": {"uv": [44, 109], "uv_size": [1, 1]},
								"east": {"uv": [109, 44], "uv_size": [1, 1]},
								"south": {"uv": [109, 45], "uv_size": [1, 1]},
								"west": {"uv": [109, 46], "uv_size": [1, 1]},
								"up": {"uv": [109, 47], "uv_size": [1, 1]},
								"down": {"uv": [109, 49], "uv_size": [1, -1]}
							}
						},
						{
							"origin": [-4.78713, 29.25213, -25.5],
							"size": [0.2, 0.2, 0.6],
							"pivot": [-2.745, 27.9, -20.7],
							"rotation": [0, 0, 45],
							"uv": {
								"north": {"uv": [49, 109], "uv_size": [1, 1]},
								"east": {"uv": [109, 49], "uv_size": [1, 1]},
								"south": {"uv": [50, 109], "uv_size": [1, 1]},
								"west": {"uv": [109, 50], "uv_size": [1, 1]},
								"up": {"uv": [51, 109], "uv_size": [1, 1]},
								"down": {"uv": [109, 52], "uv_size": [1, -1]}
							}
						},
						{
							"origin": [-4.78713, 30.55213, -25.5],
							"size": [0.2, 0.2, 0.6],
							"pivot": [-2.745, 29.2, -20.7],
							"rotation": [0, 0, 45],
							"uv": {
								"north": {"uv": [52, 109], "uv_size": [1, 1]},
								"east": {"uv": [109, 52], "uv_size": [1, 1]},
								"south": {"uv": [53, 109], "uv_size": [1, 1]},
								"west": {"uv": [109, 53], "uv_size": [1, 1]},
								"up": {"uv": [54, 109], "uv_size": [1, 1]},
								"down": {"uv": [109, 55], "uv_size": [1, -1]}
							}
						},
						{
							"origin": [-3.15, 30.3, -26.8],
							"size": [0.2, 1.3, 0.6],
							"inflate": 0.001,
							"uv": {
								"north": {"uv": [55, 109], "uv_size": [1, 1]},
								"east": {"uv": [109, 55], "uv_size": [1, 1]},
								"south": {"uv": [56, 109], "uv_size": [1, 1]},
								"west": {"uv": [109, 56], "uv_size": [1, 1]},
								"up": {"uv": [57, 109], "uv_size": [1, 1]},
								"down": {"uv": [58, 110], "uv_size": [1, -1]}
							}
						},
						{
							"origin": [-4.78713, 29.25213, -26.8],
							"size": [0.2, 0.2, 0.6],
							"pivot": [-2.745, 27.9, -22],
							"rotation": [0, 0, 45],
							"uv": {
								"north": {"uv": [109, 58], "uv_size": [1, 1]},
								"east": {"uv": [59, 109], "uv_size": [1, 1]},
								"south": {"uv": [109, 59], "uv_size": [1, 1]},
								"west": {"uv": [60, 109], "uv_size": [1, 1]},
								"up": {"uv": [109, 60], "uv_size": [1, 1]},
								"down": {"uv": [61, 110], "uv_size": [1, -1]}
							}
						},
						{
							"origin": [-4.78713, 30.55213, -26.8],
							"size": [0.2, 0.2, 0.6],
							"pivot": [-2.745, 29.2, -22],
							"rotation": [0, 0, 45],
							"uv": {
								"north": {"uv": [109, 61], "uv_size": [1, 1]},
								"east": {"uv": [62, 109], "uv_size": [1, 1]},
								"south": {"uv": [109, 62], "uv_size": [1, 1]},
								"west": {"uv": [63, 109], "uv_size": [1, 1]},
								"up": {"uv": [109, 63], "uv_size": [1, 1]},
								"down": {"uv": [64, 110], "uv_size": [1, -1]}
							}
						},
						{
							"origin": [-3.15, 30.3, -22.9],
							"size": [0.2, 1.3, 0.6],
							"inflate": 0.001,
							"uv": {
								"north": {"uv": [109, 64], "uv_size": [1, 1]},
								"east": {"uv": [65, 109], "uv_size": [1, 1]},
								"south": {"uv": [109, 65], "uv_size": [1, 1]},
								"west": {"uv": [66, 109], "uv_size": [1, 1]},
								"up": {"uv": [109, 66], "uv_size": [1, 1]},
								"down": {"uv": [67, 110], "uv_size": [1, -1]}
							}
						},
						{
							"origin": [-4.78713, 29.25213, -22.9],
							"size": [0.2, 0.2, 0.6],
							"pivot": [-2.745, 27.9, -18.1],
							"rotation": [0, 0, 45],
							"uv": {
								"north": {"uv": [109, 67], "uv_size": [1, 1]},
								"east": {"uv": [68, 109], "uv_size": [1, 1]},
								"south": {"uv": [109, 68], "uv_size": [1, 1]},
								"west": {"uv": [69, 109], "uv_size": [1, 1]},
								"up": {"uv": [109, 69], "uv_size": [1, 1]},
								"down": {"uv": [70, 110], "uv_size": [1, -1]}
							}
						},
						{
							"origin": [-4.78713, 30.55213, -22.9],
							"size": [0.2, 0.2, 0.6],
							"pivot": [-2.745, 29.2, -18.1],
							"rotation": [0, 0, 45],
							"uv": {
								"north": {"uv": [109, 70], "uv_size": [1, 1]},
								"east": {"uv": [71, 109], "uv_size": [1, 1]},
								"south": {"uv": [109, 71], "uv_size": [1, 1]},
								"west": {"uv": [72, 109], "uv_size": [1, 1]},
								"up": {"uv": [109, 72], "uv_size": [1, 1]},
								"down": {"uv": [109, 74], "uv_size": [1, -1]}
							}
						},
						{
							"origin": [-3.15, 30.3, -24.2],
							"size": [0.2, 1.3, 0.6],
							"inflate": 0.001,
							"uv": {
								"north": {"uv": [74, 109], "uv_size": [1, 1]},
								"east": {"uv": [109, 74], "uv_size": [1, 1]},
								"south": {"uv": [75, 109], "uv_size": [1, 1]},
								"west": {"uv": [109, 75], "uv_size": [1, 1]},
								"up": {"uv": [76, 109], "uv_size": [1, 1]},
								"down": {"uv": [109, 77], "uv_size": [1, -1]}
							}
						},
						{
							"origin": [-4.78713, 29.25213, -24.2],
							"size": [0.2, 0.2, 0.6],
							"pivot": [-2.745, 27.9, -19.4],
							"rotation": [0, 0, 45],
							"uv": {
								"north": {"uv": [109, 77], "uv_size": [1, 1]},
								"east": {"uv": [109, 78], "uv_size": [1, 1]},
								"south": {"uv": [109, 79], "uv_size": [1, 1]},
								"west": {"uv": [80, 109], "uv_size": [1, 1]},
								"up": {"uv": [109, 80], "uv_size": [1, 1]},
								"down": {"uv": [81, 110], "uv_size": [1, -1]}
							}
						},
						{
							"origin": [-4.78713, 30.55213, -24.2],
							"size": [0.2, 0.2, 0.6],
							"pivot": [-2.745, 29.2, -19.4],
							"rotation": [0, 0, 45],
							"uv": {
								"north": {"uv": [109, 81], "uv_size": [1, 1]},
								"east": {"uv": [82, 109], "uv_size": [1, 1]},
								"south": {"uv": [109, 82], "uv_size": [1, 1]},
								"west": {"uv": [83, 109], "uv_size": [1, 1]},
								"up": {"uv": [109, 83], "uv_size": [1, 1]},
								"down": {"uv": [84, 110], "uv_size": [1, -1]}
							}
						},
						{
							"origin": [-3.15, 30.3, -20.3],
							"size": [0.2, 1.3, 0.6],
							"inflate": 0.001,
							"uv": {
								"north": {"uv": [109, 84], "uv_size": [1, 1]},
								"east": {"uv": [85, 109], "uv_size": [1, 1]},
								"south": {"uv": [109, 85], "uv_size": [1, 1]},
								"west": {"uv": [86, 109], "uv_size": [1, 1]},
								"up": {"uv": [109, 86], "uv_size": [1, 1]},
								"down": {"uv": [87, 110], "uv_size": [1, -1]}
							}
						},
						{
							"origin": [-4.78713, 29.25213, -20.3],
							"size": [0.2, 0.2, 0.6],
							"pivot": [-2.745, 27.9, -15.5],
							"rotation": [0, 0, 45],
							"uv": {
								"north": {"uv": [109, 87], "uv_size": [1, 1]},
								"east": {"uv": [88, 109], "uv_size": [1, 1]},
								"south": {"uv": [109, 88], "uv_size": [1, 1]},
								"west": {"uv": [89, 109], "uv_size": [1, 1]},
								"up": {"uv": [109, 89], "uv_size": [1, 1]},
								"down": {"uv": [90, 110], "uv_size": [1, -1]}
							}
						},
						{
							"origin": [-4.78713, 30.55213, -20.3],
							"size": [0.2, 0.2, 0.6],
							"pivot": [-2.745, 29.2, -15.5],
							"rotation": [0, 0, 45],
							"uv": {
								"north": {"uv": [109, 90], "uv_size": [1, 1]},
								"east": {"uv": [91, 109], "uv_size": [1, 1]},
								"south": {"uv": [109, 91], "uv_size": [1, 1]},
								"west": {"uv": [92, 109], "uv_size": [1, 1]},
								"up": {"uv": [109, 92], "uv_size": [1, 1]},
								"down": {"uv": [93, 110], "uv_size": [1, -1]}
							}
						},
						{
							"origin": [-3.15, 30.3, -19],
							"size": [0.2, 1.3, 0.6],
							"inflate": 0.001,
							"uv": {
								"north": {"uv": [109, 93], "uv_size": [1, 1]},
								"east": {"uv": [94, 109], "uv_size": [1, 1]},
								"south": {"uv": [109, 94], "uv_size": [1, 1]},
								"west": {"uv": [95, 109], "uv_size": [1, 1]},
								"up": {"uv": [109, 95], "uv_size": [1, 1]},
								"down": {"uv": [96, 110], "uv_size": [1, -1]}
							}
						},
						{
							"origin": [-4.78713, 30.55213, -19],
							"size": [0.2, 0.2, 0.6],
							"pivot": [-2.745, 29.2, -14.2],
							"rotation": [0, 0, 45],
							"uv": {
								"north": {"uv": [109, 96], "uv_size": [1, 1]},
								"east": {"uv": [97, 109], "uv_size": [1, 1]},
								"south": {"uv": [109, 97], "uv_size": [1, 1]},
								"west": {"uv": [98, 109], "uv_size": [1, 1]},
								"up": {"uv": [109, 98], "uv_size": [1, 1]},
								"down": {"uv": [99, 110], "uv_size": [1, -1]}
							}
						},
						{
							"origin": [-4.78713, 29.25213, -19],
							"size": [0.2, 0.2, 0.6],
							"pivot": [-2.745, 27.9, -14.2],
							"rotation": [0, 0, 45],
							"uv": {
								"north": {"uv": [109, 99], "uv_size": [1, 1]},
								"east": {"uv": [100, 109], "uv_size": [1, 1]},
								"south": {"uv": [109, 100], "uv_size": [1, 1]},
								"west": {"uv": [101, 109], "uv_size": [1, 1]},
								"up": {"uv": [109, 101], "uv_size": [1, 1]},
								"down": {"uv": [102, 110], "uv_size": [1, -1]}
							}
						},
						{
							"origin": [-3.15, 30.3, -17.7],
							"size": [0.2, 1.3, 0.6],
							"inflate": 0.001,
							"uv": {
								"north": {"uv": [109, 102], "uv_size": [1, 1]},
								"east": {"uv": [103, 109], "uv_size": [1, 1]},
								"south": {"uv": [109, 103], "uv_size": [1, 1]},
								"west": {"uv": [104, 109], "uv_size": [1, 1]},
								"up": {"uv": [109, 104], "uv_size": [1, 1]},
								"down": {"uv": [105, 110], "uv_size": [1, -1]}
							}
						},
						{
							"origin": [-4.78713, 30.55213, -17.7],
							"size": [0.2, 0.2, 0.6],
							"pivot": [-2.745, 29.2, -12.9],
							"rotation": [0, 0, 45],
							"uv": {
								"north": {"uv": [109, 105], "uv_size": [1, 1]},
								"east": {"uv": [106, 109], "uv_size": [1, 1]},
								"south": {"uv": [109, 106], "uv_size": [1, 1]},
								"west": {"uv": [107, 109], "uv_size": [1, 1]},
								"up": {"uv": [109, 107], "uv_size": [1, 1]},
								"down": {"uv": [108, 110], "uv_size": [1, -1]}
							}
						},
						{
							"origin": [-4.78713, 29.25213, -17.7],
							"size": [0.2, 0.2, 0.6],
							"pivot": [-2.745, 27.9, -12.9],
							"rotation": [0, 0, 45],
							"uv": {
								"north": {"uv": [109, 108], "uv_size": [1, 1]},
								"east": {"uv": [109, 109], "uv_size": [1, 1]},
								"south": {"uv": [0, 110], "uv_size": [1, 1]},
								"west": {"uv": [110, 0], "uv_size": [1, 1]},
								"up": {"uv": [1, 110], "uv_size": [1, 1]},
								"down": {"uv": [110, 2], "uv_size": [1, -1]}
							}
						},
						{
							"origin": [-3.15, 30.3, -16.4],
							"size": [0.2, 1.3, 0.6],
							"inflate": 0.001,
							"uv": {
								"north": {"uv": [2, 110], "uv_size": [1, 1]},
								"east": {"uv": [110, 2], "uv_size": [1, 1]},
								"south": {"uv": [3, 110], "uv_size": [1, 1]},
								"west": {"uv": [110, 3], "uv_size": [1, 1]},
								"up": {"uv": [4, 110], "uv_size": [1, 1]},
								"down": {"uv": [110, 5], "uv_size": [1, -1]}
							}
						},
						{
							"origin": [-4.78713, 30.55213, -16.4],
							"size": [0.2, 0.2, 0.6],
							"pivot": [-2.745, 29.2, -11.6],
							"rotation": [0, 0, 45],
							"uv": {
								"north": {"uv": [5, 110], "uv_size": [1, 1]},
								"east": {"uv": [110, 5], "uv_size": [1, 1]},
								"south": {"uv": [6, 110], "uv_size": [1, 1]},
								"west": {"uv": [110, 6], "uv_size": [1, 1]},
								"up": {"uv": [7, 110], "uv_size": [1, 1]},
								"down": {"uv": [110, 8], "uv_size": [1, -1]}
							}
						},
						{
							"origin": [-4.78713, 29.25213, -16.4],
							"size": [0.2, 0.2, 0.6],
							"pivot": [-2.745, 27.9, -11.6],
							"rotation": [0, 0, 45],
							"uv": {
								"north": {"uv": [8, 110], "uv_size": [1, 1]},
								"east": {"uv": [110, 8], "uv_size": [1, 1]},
								"south": {"uv": [9, 110], "uv_size": [1, 1]},
								"west": {"uv": [110, 9], "uv_size": [1, 1]},
								"up": {"uv": [10, 110], "uv_size": [1, 1]},
								"down": {"uv": [110, 11], "uv_size": [1, -1]}
							}
						},
						{
							"origin": [-3.15, 30.3, -21.6],
							"size": [0.2, 1.3, 0.6],
							"inflate": 0.001,
							"uv": {
								"north": {"uv": [11, 110], "uv_size": [1, 1]},
								"east": {"uv": [110, 11], "uv_size": [1, 1]},
								"south": {"uv": [12, 110], "uv_size": [1, 1]},
								"west": {"uv": [110, 12], "uv_size": [1, 1]},
								"up": {"uv": [13, 110], "uv_size": [1, 1]},
								"down": {"uv": [110, 14], "uv_size": [1, -1]}
							}
						},
						{
							"origin": [-4.78713, 29.25213, -21.6],
							"size": [0.2, 0.2, 0.6],
							"pivot": [-2.745, 27.9, -16.8],
							"rotation": [0, 0, 45],
							"uv": {
								"north": {"uv": [14, 110], "uv_size": [1, 1]},
								"east": {"uv": [110, 14], "uv_size": [1, 1]},
								"south": {"uv": [15, 110], "uv_size": [1, 1]},
								"west": {"uv": [110, 15], "uv_size": [1, 1]},
								"up": {"uv": [16, 110], "uv_size": [1, 1]},
								"down": {"uv": [110, 17], "uv_size": [1, -1]}
							}
						},
						{
							"origin": [-4.78713, 30.55213, -21.6],
							"size": [0.2, 0.2, 0.6],
							"pivot": [-2.745, 29.2, -16.8],
							"rotation": [0, 0, 45],
							"uv": {
								"north": {"uv": [17, 110], "uv_size": [1, 1]},
								"east": {"uv": [18, 110], "uv_size": [1, 1]},
								"south": {"uv": [19, 110], "uv_size": [1, 1]},
								"west": {"uv": [20, 110], "uv_size": [1, 1]},
								"up": {"uv": [110, 20], "uv_size": [1, 1]},
								"down": {"uv": [21, 111], "uv_size": [1, -1]}
							}
						}
					]
				},
				{
					"name": "gun3",
					"parent": "handguard",
					"pivot": [2.745, 27.9, -36.5],
					"rotation": [0, 0, 180],
					"cubes": [
						{
							"origin": [3.15, 30.3, -33.3],
							"size": [0.4, 1.4, 18.06],
							"inflate": 0.001,
							"uv": {
								"north": {"uv": [110, 3], "uv_size": [-1, 1]},
								"east": {"uv": [104, 22], "uv_size": [-24, 1]},
								"south": {"uv": [5, 109], "uv_size": [-1, 1]},
								"west": {"uv": [104, 21], "uv_size": [-24, 1]},
								"up": {"uv": [13, 83], "uv_size": [-1, 24]},
								"down": {"uv": [1, 109], "uv_size": [-1, -24]}
							}
						},
						{
							"origin": [2.95, 30.3, -30.7],
							"size": [0.2, 1.3, 0.6],
							"inflate": 0.001,
							"uv": {
								"north": {"uv": [110, 4], "uv_size": [-1, 1]},
								"east": {"uv": [7, 109], "uv_size": [-1, 1]},
								"south": {"uv": [110, 5], "uv_size": [-1, 1]},
								"west": {"uv": [6, 109], "uv_size": [-1, 1]},
								"up": {"uv": [110, 6], "uv_size": [-1, 1]},
								"down": {"uv": [8, 110], "uv_size": [-1, -1]}
							}
						},
						{
							"origin": [4.58713, 29.25213, -30.7],
							"size": [0.2, 0.2, 0.6],
							"pivot": [2.745, 27.9, -25.9],
							"rotation": [0, 0, -45],
							"uv": {
								"north": {"uv": [110, 7], "uv_size": [-1, 1]},
								"east": {"uv": [10, 109], "uv_size": [-1, 1]},
								"south": {"uv": [110, 8], "uv_size": [-1, 1]},
								"west": {"uv": [9, 109], "uv_size": [-1, 1]},
								"up": {"uv": [110, 9], "uv_size": [-1, 1]},
								"down": {"uv": [11, 110], "uv_size": [-1, -1]}
							}
						},
						{
							"origin": [4.58713, 30.55213, -30.7],
							"size": [0.2, 0.2, 0.6],
							"pivot": [2.745, 29.2, -25.9],
							"rotation": [0, 0, -45],
							"uv": {
								"north": {"uv": [110, 10], "uv_size": [-1, 1]},
								"east": {"uv": [13, 109], "uv_size": [-1, 1]},
								"south": {"uv": [110, 11], "uv_size": [-1, 1]},
								"west": {"uv": [12, 109], "uv_size": [-1, 1]},
								"up": {"uv": [110, 12], "uv_size": [-1, 1]},
								"down": {"uv": [14, 110], "uv_size": [-1, -1]}
							}
						},
						{
							"origin": [2.95, 30.3, -32],
							"size": [0.2, 1.3, 0.6],
							"inflate": 0.001,
							"uv": {
								"north": {"uv": [111, 27], "uv_size": [-1, 1]},
								"east": {"uv": [30, 110], "uv_size": [-1, 1]},
								"south": {"uv": [111, 28], "uv_size": [-1, 1]},
								"west": {"uv": [29, 110], "uv_size": [-1, 1]},
								"up": {"uv": [111, 29], "uv_size": [-1, 1]},
								"down": {"uv": [111, 31], "uv_size": [-1, -1]}
							}
						},
						{
							"origin": [4.58713, 29.25213, -32],
							"size": [0.2, 0.2, 0.6],
							"pivot": [2.745, 27.9, -27.2],
							"rotation": [0, 0, -45],
							"uv": {
								"north": {"uv": [111, 24], "uv_size": [-1, 1]},
								"east": {"uv": [27, 110], "uv_size": [-1, 1]},
								"south": {"uv": [111, 25], "uv_size": [-1, 1]},
								"west": {"uv": [26, 110], "uv_size": [-1, 1]},
								"up": {"uv": [111, 26], "uv_size": [-1, 1]},
								"down": {"uv": [28, 111], "uv_size": [-1, -1]}
							}
						},
						{
							"origin": [4.58713, 30.55213, -32],
							"size": [0.2, 0.2, 0.6],
							"pivot": [2.745, 29.2, -27.2],
							"rotation": [0, 0, -45],
							"uv": {
								"north": {"uv": [111, 21], "uv_size": [-1, 1]},
								"east": {"uv": [24, 110], "uv_size": [-1, 1]},
								"south": {"uv": [111, 22], "uv_size": [-1, 1]},
								"west": {"uv": [23, 110], "uv_size": [-1, 1]},
								"up": {"uv": [111, 23], "uv_size": [-1, 1]},
								"down": {"uv": [25, 111], "uv_size": [-1, -1]}
							}
						},
						{
							"origin": [2.95, 30.3, -33.3],
							"size": [0.2, 1.3, 0.6],
							"inflate": 0.001,
							"uv": {
								"north": {"uv": [111, 37], "uv_size": [-1, 1]},
								"east": {"uv": [40, 110], "uv_size": [-1, 1]},
								"south": {"uv": [111, 38], "uv_size": [-1, 1]},
								"west": {"uv": [39, 110], "uv_size": [-1, 1]},
								"up": {"uv": [111, 39], "uv_size": [-1, 1]},
								"down": {"uv": [41, 111], "uv_size": [-1, -1]}
							}
						},
						{
							"origin": [4.58713, 29.25213, -33.3],
							"size": [0.2, 0.2, 0.6],
							"pivot": [2.745, 27.9, -28.5],
							"rotation": [0, 0, -45],
							"uv": {
								"north": {"uv": [111, 34], "uv_size": [-1, 1]},
								"east": {"uv": [37, 110], "uv_size": [-1, 1]},
								"south": {"uv": [111, 35], "uv_size": [-1, 1]},
								"west": {"uv": [36, 110], "uv_size": [-1, 1]},
								"up": {"uv": [111, 36], "uv_size": [-1, 1]},
								"down": {"uv": [38, 111], "uv_size": [-1, -1]}
							}
						},
						{
							"origin": [4.58713, 30.55213, -33.3],
							"size": [0.2, 0.2, 0.6],
							"pivot": [2.745, 29.2, -28.5],
							"rotation": [0, 0, -45],
							"uv": {
								"north": {"uv": [111, 31], "uv_size": [-1, 1]},
								"east": {"uv": [34, 110], "uv_size": [-1, 1]},
								"south": {"uv": [111, 32], "uv_size": [-1, 1]},
								"west": {"uv": [33, 110], "uv_size": [-1, 1]},
								"up": {"uv": [111, 33], "uv_size": [-1, 1]},
								"down": {"uv": [35, 111], "uv_size": [-1, -1]}
							}
						},
						{
							"origin": [2.95, 30.3, -28.1],
							"size": [0.2, 1.3, 0.6],
							"inflate": 0.001,
							"uv": {
								"north": {"uv": [110, 24], "uv_size": [-1, 1]},
								"east": {"uv": [110, 26], "uv_size": [-1, 1]},
								"south": {"uv": [27, 109], "uv_size": [-1, 1]},
								"west": {"uv": [110, 25], "uv_size": [-1, 1]},
								"up": {"uv": [28, 109], "uv_size": [-1, 1]},
								"down": {"uv": [110, 28], "uv_size": [-1, -1]}
							}
						},
						{
							"origin": [4.58713, 29.25213, -28.1],
							"size": [0.2, 0.2, 0.6],
							"pivot": [2.745, 27.9, -23.3],
							"rotation": [0, 0, -45],
							"uv": {
								"north": {"uv": [29, 109], "uv_size": [-1, 1]},
								"east": {"uv": [110, 29], "uv_size": [-1, 1]},
								"south": {"uv": [30, 109], "uv_size": [-1, 1]},
								"west": {"uv": [110, 28], "uv_size": [-1, 1]},
								"up": {"uv": [110, 30], "uv_size": [-1, 1]},
								"down": {"uv": [110, 32], "uv_size": [-1, -1]}
							}
						},
						{
							"origin": [4.58713, 30.55213, -28.1],
							"size": [0.2, 0.2, 0.6],
							"pivot": [2.745, 29.2, -23.3],
							"rotation": [0, 0, -45],
							"uv": {
								"north": {"uv": [33, 109], "uv_size": [-1, 1]},
								"east": {"uv": [110, 33], "uv_size": [-1, 1]},
								"south": {"uv": [34, 109], "uv_size": [-1, 1]},
								"west": {"uv": [110, 32], "uv_size": [-1, 1]},
								"up": {"uv": [35, 109], "uv_size": [-1, 1]},
								"down": {"uv": [110, 35], "uv_size": [-1, -1]}
							}
						},
						{
							"origin": [2.95, 30.3, -29.4],
							"size": [0.2, 1.3, 0.6],
							"inflate": 0.001,
							"uv": {
								"north": {"uv": [36, 109], "uv_size": [-1, 1]},
								"east": {"uv": [110, 36], "uv_size": [-1, 1]},
								"south": {"uv": [37, 109], "uv_size": [-1, 1]},
								"west": {"uv": [110, 35], "uv_size": [-1, 1]},
								"up": {"uv": [38, 109], "uv_size": [-1, 1]},
								"down": {"uv": [110, 38], "uv_size": [-1, -1]}
							}
						},
						{
							"origin": [4.58713, 29.25213, -29.4],
							"size": [0.2, 0.2, 0.6],
							"pivot": [2.745, 27.9, -24.6],
							"rotation": [0, 0, -45],
							"uv": {
								"north": {"uv": [39, 109], "uv_size": [-1, 1]},
								"east": {"uv": [110, 39], "uv_size": [-1, 1]},
								"south": {"uv": [40, 109], "uv_size": [-1, 1]},
								"west": {"uv": [110, 38], "uv_size": [-1, 1]},
								"up": {"uv": [41, 109], "uv_size": [-1, 1]},
								"down": {"uv": [110, 41], "uv_size": [-1, -1]}
							}
						},
						{
							"origin": [4.58713, 30.55213, -29.4],
							"size": [0.2, 0.2, 0.6],
							"pivot": [2.745, 29.2, -24.6],
							"rotation": [0, 0, -45],
							"uv": {
								"north": {"uv": [42, 109], "uv_size": [-1, 1]},
								"east": {"uv": [110, 42], "uv_size": [-1, 1]},
								"south": {"uv": [43, 109], "uv_size": [-1, 1]},
								"west": {"uv": [110, 41], "uv_size": [-1, 1]},
								"up": {"uv": [44, 109], "uv_size": [-1, 1]},
								"down": {"uv": [110, 44], "uv_size": [-1, -1]}
							}
						},
						{
							"origin": [2.95, 30.3, -25.5],
							"size": [0.2, 1.3, 0.6],
							"inflate": 0.001,
							"uv": {
								"north": {"uv": [45, 109], "uv_size": [-1, 1]},
								"east": {"uv": [110, 46], "uv_size": [-1, 1]},
								"south": {"uv": [110, 45], "uv_size": [-1, 1]},
								"west": {"uv": [110, 44], "uv_size": [-1, 1]},
								"up": {"uv": [110, 47], "uv_size": [-1, 1]},
								"down": {"uv": [110, 49], "uv_size": [-1, -1]}
							}
						},
						{
							"origin": [4.58713, 29.25213, -25.5],
							"size": [0.2, 0.2, 0.6],
							"pivot": [2.745, 27.9, -20.7],
							"rotation": [0, 0, -45],
							"uv": {
								"north": {"uv": [50, 109], "uv_size": [-1, 1]},
								"east": {"uv": [110, 50], "uv_size": [-1, 1]},
								"south": {"uv": [51, 109], "uv_size": [-1, 1]},
								"west": {"uv": [110, 49], "uv_size": [-1, 1]},
								"up": {"uv": [52, 109], "uv_size": [-1, 1]},
								"down": {"uv": [110, 52], "uv_size": [-1, -1]}
							}
						},
						{
							"origin": [4.58713, 30.55213, -25.5],
							"size": [0.2, 0.2, 0.6],
							"pivot": [2.745, 29.2, -20.7],
							"rotation": [0, 0, -45],
							"uv": {
								"north": {"uv": [53, 109], "uv_size": [-1, 1]},
								"east": {"uv": [110, 53], "uv_size": [-1, 1]},
								"south": {"uv": [54, 109], "uv_size": [-1, 1]},
								"west": {"uv": [110, 52], "uv_size": [-1, 1]},
								"up": {"uv": [55, 109], "uv_size": [-1, 1]},
								"down": {"uv": [110, 55], "uv_size": [-1, -1]}
							}
						},
						{
							"origin": [2.95, 30.3, -26.8],
							"size": [0.2, 1.3, 0.6],
							"inflate": 0.001,
							"uv": {
								"north": {"uv": [56, 109], "uv_size": [-1, 1]},
								"east": {"uv": [110, 56], "uv_size": [-1, 1]},
								"south": {"uv": [57, 109], "uv_size": [-1, 1]},
								"west": {"uv": [110, 55], "uv_size": [-1, 1]},
								"up": {"uv": [58, 109], "uv_size": [-1, 1]},
								"down": {"uv": [59, 110], "uv_size": [-1, -1]}
							}
						},
						{
							"origin": [4.58713, 29.25213, -26.8],
							"size": [0.2, 0.2, 0.6],
							"pivot": [2.745, 27.9, -22],
							"rotation": [0, 0, -45],
							"uv": {
								"north": {"uv": [110, 58], "uv_size": [-1, 1]},
								"east": {"uv": [61, 109], "uv_size": [-1, 1]},
								"south": {"uv": [110, 59], "uv_size": [-1, 1]},
								"west": {"uv": [60, 109], "uv_size": [-1, 1]},
								"up": {"uv": [110, 60], "uv_size": [-1, 1]},
								"down": {"uv": [62, 110], "uv_size": [-1, -1]}
							}
						},
						{
							"origin": [4.58713, 30.55213, -26.8],
							"size": [0.2, 0.2, 0.6],
							"pivot": [2.745, 29.2, -22],
							"rotation": [0, 0, -45],
							"uv": {
								"north": {"uv": [110, 61], "uv_size": [-1, 1]},
								"east": {"uv": [64, 109], "uv_size": [-1, 1]},
								"south": {"uv": [110, 62], "uv_size": [-1, 1]},
								"west": {"uv": [63, 109], "uv_size": [-1, 1]},
								"up": {"uv": [110, 63], "uv_size": [-1, 1]},
								"down": {"uv": [65, 110], "uv_size": [-1, -1]}
							}
						},
						{
							"origin": [2.95, 30.3, -22.9],
							"size": [0.2, 1.3, 0.6],
							"inflate": 0.001,
							"uv": {
								"north": {"uv": [110, 64], "uv_size": [-1, 1]},
								"east": {"uv": [67, 109], "uv_size": [-1, 1]},
								"south": {"uv": [110, 65], "uv_size": [-1, 1]},
								"west": {"uv": [66, 109], "uv_size": [-1, 1]},
								"up": {"uv": [110, 66], "uv_size": [-1, 1]},
								"down": {"uv": [68, 110], "uv_size": [-1, -1]}
							}
						},
						{
							"origin": [4.58713, 29.25213, -22.9],
							"size": [0.2, 0.2, 0.6],
							"pivot": [2.745, 27.9, -18.1],
							"rotation": [0, 0, -45],
							"uv": {
								"north": {"uv": [110, 67], "uv_size": [-1, 1]},
								"east": {"uv": [70, 109], "uv_size": [-1, 1]},
								"south": {"uv": [110, 68], "uv_size": [-1, 1]},
								"west": {"uv": [69, 109], "uv_size": [-1, 1]},
								"up": {"uv": [110, 69], "uv_size": [-1, 1]},
								"down": {"uv": [71, 110], "uv_size": [-1, -1]}
							}
						},
						{
							"origin": [4.58713, 30.55213, -22.9],
							"size": [0.2, 0.2, 0.6],
							"pivot": [2.745, 29.2, -18.1],
							"rotation": [0, 0, -45],
							"uv": {
								"north": {"uv": [110, 70], "uv_size": [-1, 1]},
								"east": {"uv": [73, 109], "uv_size": [-1, 1]},
								"south": {"uv": [110, 71], "uv_size": [-1, 1]},
								"west": {"uv": [72, 109], "uv_size": [-1, 1]},
								"up": {"uv": [110, 72], "uv_size": [-1, 1]},
								"down": {"uv": [110, 74], "uv_size": [-1, -1]}
							}
						},
						{
							"origin": [2.95, 30.3, -24.2],
							"size": [0.2, 1.3, 0.6],
							"inflate": 0.001,
							"uv": {
								"north": {"uv": [75, 109], "uv_size": [-1, 1]},
								"east": {"uv": [110, 75], "uv_size": [-1, 1]},
								"south": {"uv": [76, 109], "uv_size": [-1, 1]},
								"west": {"uv": [110, 74], "uv_size": [-1, 1]},
								"up": {"uv": [77, 109], "uv_size": [-1, 1]},
								"down": {"uv": [110, 77], "uv_size": [-1, -1]}
							}
						},
						{
							"origin": [4.58713, 29.25213, -24.2],
							"size": [0.2, 0.2, 0.6],
							"pivot": [2.745, 27.9, -19.4],
							"rotation": [0, 0, -45],
							"uv": {
								"north": {"uv": [110, 77], "uv_size": [-1, 1]},
								"east": {"uv": [81, 109], "uv_size": [-1, 1]},
								"south": {"uv": [110, 79], "uv_size": [-1, 1]},
								"west": {"uv": [110, 78], "uv_size": [-1, 1]},
								"up": {"uv": [110, 80], "uv_size": [-1, 1]},
								"down": {"uv": [82, 110], "uv_size": [-1, -1]}
							}
						},
						{
							"origin": [4.58713, 30.55213, -24.2],
							"size": [0.2, 0.2, 0.6],
							"pivot": [2.745, 29.2, -19.4],
							"rotation": [0, 0, -45],
							"uv": {
								"north": {"uv": [110, 81], "uv_size": [-1, 1]},
								"east": {"uv": [84, 109], "uv_size": [-1, 1]},
								"south": {"uv": [110, 82], "uv_size": [-1, 1]},
								"west": {"uv": [83, 109], "uv_size": [-1, 1]},
								"up": {"uv": [110, 83], "uv_size": [-1, 1]},
								"down": {"uv": [85, 110], "uv_size": [-1, -1]}
							}
						},
						{
							"origin": [2.95, 30.3, -20.3],
							"size": [0.2, 1.3, 0.6],
							"inflate": 0.001,
							"uv": {
								"north": {"uv": [110, 84], "uv_size": [-1, 1]},
								"east": {"uv": [87, 109], "uv_size": [-1, 1]},
								"south": {"uv": [110, 85], "uv_size": [-1, 1]},
								"west": {"uv": [86, 109], "uv_size": [-1, 1]},
								"up": {"uv": [110, 86], "uv_size": [-1, 1]},
								"down": {"uv": [88, 110], "uv_size": [-1, -1]}
							}
						},
						{
							"origin": [4.58713, 29.25213, -20.3],
							"size": [0.2, 0.2, 0.6],
							"pivot": [2.745, 27.9, -15.5],
							"rotation": [0, 0, -45],
							"uv": {
								"north": {"uv": [110, 87], "uv_size": [-1, 1]},
								"east": {"uv": [90, 109], "uv_size": [-1, 1]},
								"south": {"uv": [110, 88], "uv_size": [-1, 1]},
								"west": {"uv": [89, 109], "uv_size": [-1, 1]},
								"up": {"uv": [110, 89], "uv_size": [-1, 1]},
								"down": {"uv": [91, 110], "uv_size": [-1, -1]}
							}
						},
						{
							"origin": [4.58713, 30.55213, -20.3],
							"size": [0.2, 0.2, 0.6],
							"pivot": [2.745, 29.2, -15.5],
							"rotation": [0, 0, -45],
							"uv": {
								"north": {"uv": [110, 90], "uv_size": [-1, 1]},
								"east": {"uv": [93, 109], "uv_size": [-1, 1]},
								"south": {"uv": [110, 91], "uv_size": [-1, 1]},
								"west": {"uv": [92, 109], "uv_size": [-1, 1]},
								"up": {"uv": [110, 92], "uv_size": [-1, 1]},
								"down": {"uv": [94, 110], "uv_size": [-1, -1]}
							}
						},
						{
							"origin": [2.95, 30.3, -19],
							"size": [0.2, 1.3, 0.6],
							"inflate": 0.001,
							"uv": {
								"north": {"uv": [110, 93], "uv_size": [-1, 1]},
								"east": {"uv": [96, 109], "uv_size": [-1, 1]},
								"south": {"uv": [110, 94], "uv_size": [-1, 1]},
								"west": {"uv": [95, 109], "uv_size": [-1, 1]},
								"up": {"uv": [110, 95], "uv_size": [-1, 1]},
								"down": {"uv": [97, 110], "uv_size": [-1, -1]}
							}
						},
						{
							"origin": [4.58713, 30.55213, -19],
							"size": [0.2, 0.2, 0.6],
							"pivot": [2.745, 29.2, -14.2],
							"rotation": [0, 0, -45],
							"uv": {
								"north": {"uv": [110, 96], "uv_size": [-1, 1]},
								"east": {"uv": [99, 109], "uv_size": [-1, 1]},
								"south": {"uv": [110, 97], "uv_size": [-1, 1]},
								"west": {"uv": [98, 109], "uv_size": [-1, 1]},
								"up": {"uv": [110, 98], "uv_size": [-1, 1]},
								"down": {"uv": [100, 110], "uv_size": [-1, -1]}
							}
						},
						{
							"origin": [4.58713, 29.25213, -19],
							"size": [0.2, 0.2, 0.6],
							"pivot": [2.745, 27.9, -14.2],
							"rotation": [0, 0, -45],
							"uv": {
								"north": {"uv": [110, 99], "uv_size": [-1, 1]},
								"east": {"uv": [102, 109], "uv_size": [-1, 1]},
								"south": {"uv": [110, 100], "uv_size": [-1, 1]},
								"west": {"uv": [101, 109], "uv_size": [-1, 1]},
								"up": {"uv": [110, 101], "uv_size": [-1, 1]},
								"down": {"uv": [103, 110], "uv_size": [-1, -1]}
							}
						},
						{
							"origin": [2.95, 30.3, -17.7],
							"size": [0.2, 1.3, 0.6],
							"inflate": 0.001,
							"uv": {
								"north": {"uv": [110, 102], "uv_size": [-1, 1]},
								"east": {"uv": [105, 109], "uv_size": [-1, 1]},
								"south": {"uv": [110, 103], "uv_size": [-1, 1]},
								"west": {"uv": [104, 109], "uv_size": [-1, 1]},
								"up": {"uv": [110, 104], "uv_size": [-1, 1]},
								"down": {"uv": [106, 110], "uv_size": [-1, -1]}
							}
						},
						{
							"origin": [4.58713, 30.55213, -17.7],
							"size": [0.2, 0.2, 0.6],
							"pivot": [2.745, 29.2, -12.9],
							"rotation": [0, 0, -45],
							"uv": {
								"north": {"uv": [110, 105], "uv_size": [-1, 1]},
								"east": {"uv": [108, 109], "uv_size": [-1, 1]},
								"south": {"uv": [110, 106], "uv_size": [-1, 1]},
								"west": {"uv": [107, 109], "uv_size": [-1, 1]},
								"up": {"uv": [110, 107], "uv_size": [-1, 1]},
								"down": {"uv": [109, 110], "uv_size": [-1, -1]}
							}
						},
						{
							"origin": [4.58713, 29.25213, -17.7],
							"size": [0.2, 0.2, 0.6],
							"pivot": [2.745, 27.9, -12.9],
							"rotation": [0, 0, -45],
							"uv": {
								"north": {"uv": [110, 108], "uv_size": [-1, 1]},
								"east": {"uv": [111, 0], "uv_size": [-1, 1]},
								"south": {"uv": [1, 110], "uv_size": [-1, 1]},
								"west": {"uv": [110, 109], "uv_size": [-1, 1]},
								"up": {"uv": [2, 110], "uv_size": [-1, 1]},
								"down": {"uv": [111, 2], "uv_size": [-1, -1]}
							}
						},
						{
							"origin": [2.95, 30.3, -16.4],
							"size": [0.2, 1.3, 0.6],
							"inflate": 0.001,
							"uv": {
								"north": {"uv": [3, 110], "uv_size": [-1, 1]},
								"east": {"uv": [111, 3], "uv_size": [-1, 1]},
								"south": {"uv": [4, 110], "uv_size": [-1, 1]},
								"west": {"uv": [111, 2], "uv_size": [-1, 1]},
								"up": {"uv": [5, 110], "uv_size": [-1, 1]},
								"down": {"uv": [111, 5], "uv_size": [-1, -1]}
							}
						},
						{
							"origin": [4.58713, 30.55213, -16.4],
							"size": [0.2, 0.2, 0.6],
							"pivot": [2.745, 29.2, -11.6],
							"rotation": [0, 0, -45],
							"uv": {
								"north": {"uv": [6, 110], "uv_size": [-1, 1]},
								"east": {"uv": [111, 6], "uv_size": [-1, 1]},
								"south": {"uv": [7, 110], "uv_size": [-1, 1]},
								"west": {"uv": [111, 5], "uv_size": [-1, 1]},
								"up": {"uv": [8, 110], "uv_size": [-1, 1]},
								"down": {"uv": [111, 8], "uv_size": [-1, -1]}
							}
						},
						{
							"origin": [4.58713, 29.25213, -16.4],
							"size": [0.2, 0.2, 0.6],
							"pivot": [2.745, 27.9, -11.6],
							"rotation": [0, 0, -45],
							"uv": {
								"north": {"uv": [9, 110], "uv_size": [-1, 1]},
								"east": {"uv": [111, 9], "uv_size": [-1, 1]},
								"south": {"uv": [10, 110], "uv_size": [-1, 1]},
								"west": {"uv": [111, 8], "uv_size": [-1, 1]},
								"up": {"uv": [11, 110], "uv_size": [-1, 1]},
								"down": {"uv": [111, 11], "uv_size": [-1, -1]}
							}
						},
						{
							"origin": [2.95, 30.3, -21.6],
							"size": [0.2, 1.3, 0.6],
							"inflate": 0.001,
							"uv": {
								"north": {"uv": [12, 110], "uv_size": [-1, 1]},
								"east": {"uv": [111, 12], "uv_size": [-1, 1]},
								"south": {"uv": [13, 110], "uv_size": [-1, 1]},
								"west": {"uv": [111, 11], "uv_size": [-1, 1]},
								"up": {"uv": [14, 110], "uv_size": [-1, 1]},
								"down": {"uv": [111, 14], "uv_size": [-1, -1]}
							}
						},
						{
							"origin": [4.58713, 29.25213, -21.6],
							"size": [0.2, 0.2, 0.6],
							"pivot": [2.745, 27.9, -16.8],
							"rotation": [0, 0, -45],
							"uv": {
								"north": {"uv": [15, 110], "uv_size": [-1, 1]},
								"east": {"uv": [111, 15], "uv_size": [-1, 1]},
								"south": {"uv": [16, 110], "uv_size": [-1, 1]},
								"west": {"uv": [111, 14], "uv_size": [-1, 1]},
								"up": {"uv": [17, 110], "uv_size": [-1, 1]},
								"down": {"uv": [111, 17], "uv_size": [-1, -1]}
							}
						},
						{
							"origin": [4.58713, 30.55213, -21.6],
							"size": [0.2, 0.2, 0.6],
							"pivot": [2.745, 29.2, -16.8],
							"rotation": [0, 0, -45],
							"uv": {
								"north": {"uv": [18, 110], "uv_size": [-1, 1]},
								"east": {"uv": [21, 110], "uv_size": [-1, 1]},
								"south": {"uv": [20, 110], "uv_size": [-1, 1]},
								"west": {"uv": [19, 110], "uv_size": [-1, 1]},
								"up": {"uv": [111, 20], "uv_size": [-1, 1]},
								"down": {"uv": [22, 111], "uv_size": [-1, -1]}
							}
						}
					]
				},
				{
					"name": "gun4",
					"parent": "handguard",
					"pivot": [2.845, 21.8, -36.5],
					"rotation": [0, 0, -90],
					"cubes": [
						{
							"origin": [3.25, 24, -33.3],
							"size": [0.4, 1.3, 18.06],
							"inflate": 0.001,
							"uv": {
								"north": {"uv": [110, 3], "uv_size": [-1, 1]},
								"east": {"uv": [104, 22], "uv_size": [-24, 1]},
								"south": {"uv": [5, 109], "uv_size": [-1, 1]},
								"west": {"uv": [104, 21], "uv_size": [-24, 1]},
								"up": {"uv": [13, 83], "uv_size": [-1, 24]},
								"down": {"uv": [1, 109], "uv_size": [-1, -24]}
							}
						},
						{
							"origin": [3.05, 24, -30.7],
							"size": [0.2, 1.2, 0.6],
							"inflate": 0.001,
							"uv": {
								"north": {"uv": [110, 4], "uv_size": [-1, 1]},
								"east": {"uv": [7, 109], "uv_size": [-1, 1]},
								"south": {"uv": [110, 5], "uv_size": [-1, 1]},
								"west": {"uv": [6, 109], "uv_size": [-1, 1]},
								"up": {"uv": [110, 6], "uv_size": [-1, 1]},
								"down": {"uv": [8, 110], "uv_size": [-1, -1]}
							}
						},
						{
							"origin": [4.475, 23.04, -30.7],
							"size": [0.2, 0.2, 0.6],
							"pivot": [2.845, 21.9, -25.9],
							"rotation": [0, 0, -45],
							"uv": {
								"north": {"uv": [110, 7], "uv_size": [-1, 1]},
								"east": {"uv": [10, 109], "uv_size": [-1, 1]},
								"south": {"uv": [110, 8], "uv_size": [-1, 1]},
								"west": {"uv": [9, 109], "uv_size": [-1, 1]},
								"up": {"uv": [110, 9], "uv_size": [-1, 1]},
								"down": {"uv": [11, 110], "uv_size": [-1, -1]}
							}
						},
						{
							"origin": [4.475, 24.24, -30.7],
							"size": [0.2, 0.2, 0.6],
							"pivot": [2.845, 23.1, -25.9],
							"rotation": [0, 0, -45],
							"uv": {
								"north": {"uv": [110, 10], "uv_size": [-1, 1]},
								"east": {"uv": [13, 109], "uv_size": [-1, 1]},
								"south": {"uv": [110, 11], "uv_size": [-1, 1]},
								"west": {"uv": [12, 109], "uv_size": [-1, 1]},
								"up": {"uv": [110, 12], "uv_size": [-1, 1]},
								"down": {"uv": [14, 110], "uv_size": [-1, -1]}
							}
						},
						{
							"origin": [3.05, 24, -32],
							"size": [0.2, 1.2, 0.6],
							"inflate": 0.001,
							"uv": {
								"north": {"uv": [111, 27], "uv_size": [-1, 1]},
								"east": {"uv": [30, 110], "uv_size": [-1, 1]},
								"south": {"uv": [111, 28], "uv_size": [-1, 1]},
								"west": {"uv": [29, 110], "uv_size": [-1, 1]},
								"up": {"uv": [111, 29], "uv_size": [-1, 1]},
								"down": {"uv": [111, 31], "uv_size": [-1, -1]}
							}
						},
						{
							"origin": [4.475, 23.04, -32],
							"size": [0.2, 0.2, 0.6],
							"pivot": [2.845, 21.9, -27.2],
							"rotation": [0, 0, -45],
							"uv": {
								"north": {"uv": [111, 24], "uv_size": [-1, 1]},
								"east": {"uv": [27, 110], "uv_size": [-1, 1]},
								"south": {"uv": [111, 25], "uv_size": [-1, 1]},
								"west": {"uv": [26, 110], "uv_size": [-1, 1]},
								"up": {"uv": [111, 26], "uv_size": [-1, 1]},
								"down": {"uv": [28, 111], "uv_size": [-1, -1]}
							}
						},
						{
							"origin": [4.475, 24.24, -32],
							"size": [0.2, 0.2, 0.6],
							"pivot": [2.845, 23.1, -27.2],
							"rotation": [0, 0, -45],
							"uv": {
								"north": {"uv": [111, 21], "uv_size": [-1, 1]},
								"east": {"uv": [24, 110], "uv_size": [-1, 1]},
								"south": {"uv": [111, 22], "uv_size": [-1, 1]},
								"west": {"uv": [23, 110], "uv_size": [-1, 1]},
								"up": {"uv": [111, 23], "uv_size": [-1, 1]},
								"down": {"uv": [25, 111], "uv_size": [-1, -1]}
							}
						},
						{
							"origin": [3.05, 24, -33.3],
							"size": [0.2, 1.2, 0.6],
							"inflate": 0.001,
							"uv": {
								"north": {"uv": [111, 37], "uv_size": [-1, 1]},
								"east": {"uv": [40, 110], "uv_size": [-1, 1]},
								"south": {"uv": [111, 38], "uv_size": [-1, 1]},
								"west": {"uv": [39, 110], "uv_size": [-1, 1]},
								"up": {"uv": [111, 39], "uv_size": [-1, 1]},
								"down": {"uv": [41, 111], "uv_size": [-1, -1]}
							}
						},
						{
							"origin": [4.475, 23.04, -33.3],
							"size": [0.2, 0.2, 0.6],
							"pivot": [2.845, 21.9, -28.5],
							"rotation": [0, 0, -45],
							"uv": {
								"north": {"uv": [111, 34], "uv_size": [-1, 1]},
								"east": {"uv": [37, 110], "uv_size": [-1, 1]},
								"south": {"uv": [111, 35], "uv_size": [-1, 1]},
								"west": {"uv": [36, 110], "uv_size": [-1, 1]},
								"up": {"uv": [111, 36], "uv_size": [-1, 1]},
								"down": {"uv": [38, 111], "uv_size": [-1, -1]}
							}
						},
						{
							"origin": [4.475, 24.24, -33.3],
							"size": [0.2, 0.2, 0.6],
							"pivot": [2.845, 23.1, -28.5],
							"rotation": [0, 0, -45],
							"uv": {
								"north": {"uv": [111, 31], "uv_size": [-1, 1]},
								"east": {"uv": [34, 110], "uv_size": [-1, 1]},
								"south": {"uv": [111, 32], "uv_size": [-1, 1]},
								"west": {"uv": [33, 110], "uv_size": [-1, 1]},
								"up": {"uv": [111, 33], "uv_size": [-1, 1]},
								"down": {"uv": [35, 111], "uv_size": [-1, -1]}
							}
						},
						{
							"origin": [3.05, 24, -28.1],
							"size": [0.2, 1.2, 0.6],
							"inflate": 0.001,
							"uv": {
								"north": {"uv": [110, 24], "uv_size": [-1, 1]},
								"east": {"uv": [110, 26], "uv_size": [-1, 1]},
								"south": {"uv": [27, 109], "uv_size": [-1, 1]},
								"west": {"uv": [110, 25], "uv_size": [-1, 1]},
								"up": {"uv": [28, 109], "uv_size": [-1, 1]},
								"down": {"uv": [110, 28], "uv_size": [-1, -1]}
							}
						},
						{
							"origin": [4.475, 23.04, -28.1],
							"size": [0.2, 0.2, 0.6],
							"pivot": [2.845, 21.9, -23.3],
							"rotation": [0, 0, -45],
							"uv": {
								"north": {"uv": [29, 109], "uv_size": [-1, 1]},
								"east": {"uv": [110, 29], "uv_size": [-1, 1]},
								"south": {"uv": [30, 109], "uv_size": [-1, 1]},
								"west": {"uv": [110, 28], "uv_size": [-1, 1]},
								"up": {"uv": [110, 30], "uv_size": [-1, 1]},
								"down": {"uv": [110, 32], "uv_size": [-1, -1]}
							}
						},
						{
							"origin": [4.475, 24.24, -28.1],
							"size": [0.2, 0.2, 0.6],
							"pivot": [2.845, 23.1, -23.3],
							"rotation": [0, 0, -45],
							"uv": {
								"north": {"uv": [33, 109], "uv_size": [-1, 1]},
								"east": {"uv": [110, 33], "uv_size": [-1, 1]},
								"south": {"uv": [34, 109], "uv_size": [-1, 1]},
								"west": {"uv": [110, 32], "uv_size": [-1, 1]},
								"up": {"uv": [35, 109], "uv_size": [-1, 1]},
								"down": {"uv": [110, 35], "uv_size": [-1, -1]}
							}
						},
						{
							"origin": [3.05, 24, -29.4],
							"size": [0.2, 1.2, 0.6],
							"inflate": 0.001,
							"uv": {
								"north": {"uv": [36, 109], "uv_size": [-1, 1]},
								"east": {"uv": [110, 36], "uv_size": [-1, 1]},
								"south": {"uv": [37, 109], "uv_size": [-1, 1]},
								"west": {"uv": [110, 35], "uv_size": [-1, 1]},
								"up": {"uv": [38, 109], "uv_size": [-1, 1]},
								"down": {"uv": [110, 38], "uv_size": [-1, -1]}
							}
						},
						{
							"origin": [4.475, 23.04, -29.4],
							"size": [0.2, 0.2, 0.6],
							"pivot": [2.845, 21.9, -24.6],
							"rotation": [0, 0, -45],
							"uv": {
								"north": {"uv": [39, 109], "uv_size": [-1, 1]},
								"east": {"uv": [110, 39], "uv_size": [-1, 1]},
								"south": {"uv": [40, 109], "uv_size": [-1, 1]},
								"west": {"uv": [110, 38], "uv_size": [-1, 1]},
								"up": {"uv": [41, 109], "uv_size": [-1, 1]},
								"down": {"uv": [110, 41], "uv_size": [-1, -1]}
							}
						},
						{
							"origin": [4.475, 24.24, -29.4],
							"size": [0.2, 0.2, 0.6],
							"pivot": [2.845, 23.1, -24.6],
							"rotation": [0, 0, -45],
							"uv": {
								"north": {"uv": [42, 109], "uv_size": [-1, 1]},
								"east": {"uv": [110, 42], "uv_size": [-1, 1]},
								"south": {"uv": [43, 109], "uv_size": [-1, 1]},
								"west": {"uv": [110, 41], "uv_size": [-1, 1]},
								"up": {"uv": [44, 109], "uv_size": [-1, 1]},
								"down": {"uv": [110, 44], "uv_size": [-1, -1]}
							}
						},
						{
							"origin": [3.05, 24, -25.5],
							"size": [0.2, 1.2, 0.6],
							"inflate": 0.001,
							"uv": {
								"north": {"uv": [45, 109], "uv_size": [-1, 1]},
								"east": {"uv": [110, 46], "uv_size": [-1, 1]},
								"south": {"uv": [110, 45], "uv_size": [-1, 1]},
								"west": {"uv": [110, 44], "uv_size": [-1, 1]},
								"up": {"uv": [110, 47], "uv_size": [-1, 1]},
								"down": {"uv": [110, 49], "uv_size": [-1, -1]}
							}
						},
						{
							"origin": [4.475, 23.04, -25.5],
							"size": [0.2, 0.2, 0.6],
							"pivot": [2.845, 21.9, -20.7],
							"rotation": [0, 0, -45],
							"uv": {
								"north": {"uv": [50, 109], "uv_size": [-1, 1]},
								"east": {"uv": [110, 50], "uv_size": [-1, 1]},
								"south": {"uv": [51, 109], "uv_size": [-1, 1]},
								"west": {"uv": [110, 49], "uv_size": [-1, 1]},
								"up": {"uv": [52, 109], "uv_size": [-1, 1]},
								"down": {"uv": [110, 52], "uv_size": [-1, -1]}
							}
						},
						{
							"origin": [4.475, 24.24, -25.5],
							"size": [0.2, 0.2, 0.6],
							"pivot": [2.845, 23.1, -20.7],
							"rotation": [0, 0, -45],
							"uv": {
								"north": {"uv": [53, 109], "uv_size": [-1, 1]},
								"east": {"uv": [110, 53], "uv_size": [-1, 1]},
								"south": {"uv": [54, 109], "uv_size": [-1, 1]},
								"west": {"uv": [110, 52], "uv_size": [-1, 1]},
								"up": {"uv": [55, 109], "uv_size": [-1, 1]},
								"down": {"uv": [110, 55], "uv_size": [-1, -1]}
							}
						},
						{
							"origin": [3.05, 24, -26.8],
							"size": [0.2, 1.2, 0.6],
							"inflate": 0.001,
							"uv": {
								"north": {"uv": [56, 109], "uv_size": [-1, 1]},
								"east": {"uv": [110, 56], "uv_size": [-1, 1]},
								"south": {"uv": [57, 109], "uv_size": [-1, 1]},
								"west": {"uv": [110, 55], "uv_size": [-1, 1]},
								"up": {"uv": [58, 109], "uv_size": [-1, 1]},
								"down": {"uv": [59, 110], "uv_size": [-1, -1]}
							}
						},
						{
							"origin": [4.475, 23.04, -26.8],
							"size": [0.2, 0.2, 0.6],
							"pivot": [2.845, 21.9, -22],
							"rotation": [0, 0, -45],
							"uv": {
								"north": {"uv": [110, 58], "uv_size": [-1, 1]},
								"east": {"uv": [61, 109], "uv_size": [-1, 1]},
								"south": {"uv": [110, 59], "uv_size": [-1, 1]},
								"west": {"uv": [60, 109], "uv_size": [-1, 1]},
								"up": {"uv": [110, 60], "uv_size": [-1, 1]},
								"down": {"uv": [62, 110], "uv_size": [-1, -1]}
							}
						},
						{
							"origin": [4.475, 24.24, -26.8],
							"size": [0.2, 0.2, 0.6],
							"pivot": [2.845, 23.1, -22],
							"rotation": [0, 0, -45],
							"uv": {
								"north": {"uv": [110, 61], "uv_size": [-1, 1]},
								"east": {"uv": [64, 109], "uv_size": [-1, 1]},
								"south": {"uv": [110, 62], "uv_size": [-1, 1]},
								"west": {"uv": [63, 109], "uv_size": [-1, 1]},
								"up": {"uv": [110, 63], "uv_size": [-1, 1]},
								"down": {"uv": [65, 110], "uv_size": [-1, -1]}
							}
						},
						{
							"origin": [3.05, 24, -22.9],
							"size": [0.2, 1.2, 0.6],
							"inflate": 0.001,
							"uv": {
								"north": {"uv": [110, 64], "uv_size": [-1, 1]},
								"east": {"uv": [67, 109], "uv_size": [-1, 1]},
								"south": {"uv": [110, 65], "uv_size": [-1, 1]},
								"west": {"uv": [66, 109], "uv_size": [-1, 1]},
								"up": {"uv": [110, 66], "uv_size": [-1, 1]},
								"down": {"uv": [68, 110], "uv_size": [-1, -1]}
							}
						},
						{
							"origin": [4.475, 23.04, -22.9],
							"size": [0.2, 0.2, 0.6],
							"pivot": [2.845, 21.9, -18.1],
							"rotation": [0, 0, -45],
							"uv": {
								"north": {"uv": [110, 67], "uv_size": [-1, 1]},
								"east": {"uv": [70, 109], "uv_size": [-1, 1]},
								"south": {"uv": [110, 68], "uv_size": [-1, 1]},
								"west": {"uv": [69, 109], "uv_size": [-1, 1]},
								"up": {"uv": [110, 69], "uv_size": [-1, 1]},
								"down": {"uv": [71, 110], "uv_size": [-1, -1]}
							}
						},
						{
							"origin": [4.475, 24.24, -22.9],
							"size": [0.2, 0.2, 0.6],
							"pivot": [2.845, 23.1, -18.1],
							"rotation": [0, 0, -45],
							"uv": {
								"north": {"uv": [110, 70], "uv_size": [-1, 1]},
								"east": {"uv": [73, 109], "uv_size": [-1, 1]},
								"south": {"uv": [110, 71], "uv_size": [-1, 1]},
								"west": {"uv": [72, 109], "uv_size": [-1, 1]},
								"up": {"uv": [110, 72], "uv_size": [-1, 1]},
								"down": {"uv": [110, 74], "uv_size": [-1, -1]}
							}
						},
						{
							"origin": [3.05, 24, -24.2],
							"size": [0.2, 1.2, 0.6],
							"inflate": 0.001,
							"uv": {
								"north": {"uv": [75, 109], "uv_size": [-1, 1]},
								"east": {"uv": [110, 75], "uv_size": [-1, 1]},
								"south": {"uv": [76, 109], "uv_size": [-1, 1]},
								"west": {"uv": [110, 74], "uv_size": [-1, 1]},
								"up": {"uv": [77, 109], "uv_size": [-1, 1]},
								"down": {"uv": [110, 77], "uv_size": [-1, -1]}
							}
						},
						{
							"origin": [4.475, 23.04, -24.2],
							"size": [0.2, 0.2, 0.6],
							"pivot": [2.845, 21.9, -19.4],
							"rotation": [0, 0, -45],
							"uv": {
								"north": {"uv": [110, 77], "uv_size": [-1, 1]},
								"east": {"uv": [81, 109], "uv_size": [-1, 1]},
								"south": {"uv": [110, 79], "uv_size": [-1, 1]},
								"west": {"uv": [110, 78], "uv_size": [-1, 1]},
								"up": {"uv": [110, 80], "uv_size": [-1, 1]},
								"down": {"uv": [82, 110], "uv_size": [-1, -1]}
							}
						},
						{
							"origin": [4.475, 24.24, -24.2],
							"size": [0.2, 0.2, 0.6],
							"pivot": [2.845, 23.1, -19.4],
							"rotation": [0, 0, -45],
							"uv": {
								"north": {"uv": [110, 81], "uv_size": [-1, 1]},
								"east": {"uv": [84, 109], "uv_size": [-1, 1]},
								"south": {"uv": [110, 82], "uv_size": [-1, 1]},
								"west": {"uv": [83, 109], "uv_size": [-1, 1]},
								"up": {"uv": [110, 83], "uv_size": [-1, 1]},
								"down": {"uv": [85, 110], "uv_size": [-1, -1]}
							}
						},
						{
							"origin": [3.05, 24, -20.3],
							"size": [0.2, 1.2, 0.6],
							"inflate": 0.001,
							"uv": {
								"north": {"uv": [110, 84], "uv_size": [-1, 1]},
								"east": {"uv": [87, 109], "uv_size": [-1, 1]},
								"south": {"uv": [110, 85], "uv_size": [-1, 1]},
								"west": {"uv": [86, 109], "uv_size": [-1, 1]},
								"up": {"uv": [110, 86], "uv_size": [-1, 1]},
								"down": {"uv": [88, 110], "uv_size": [-1, -1]}
							}
						},
						{
							"origin": [4.475, 23.04, -20.3],
							"size": [0.2, 0.2, 0.6],
							"pivot": [2.845, 21.9, -15.5],
							"rotation": [0, 0, -45],
							"uv": {
								"north": {"uv": [110, 87], "uv_size": [-1, 1]},
								"east": {"uv": [90, 109], "uv_size": [-1, 1]},
								"south": {"uv": [110, 88], "uv_size": [-1, 1]},
								"west": {"uv": [89, 109], "uv_size": [-1, 1]},
								"up": {"uv": [110, 89], "uv_size": [-1, 1]},
								"down": {"uv": [91, 110], "uv_size": [-1, -1]}
							}
						},
						{
							"origin": [4.475, 24.24, -20.3],
							"size": [0.2, 0.2, 0.6],
							"pivot": [2.845, 23.1, -15.5],
							"rotation": [0, 0, -45],
							"uv": {
								"north": {"uv": [110, 90], "uv_size": [-1, 1]},
								"east": {"uv": [93, 109], "uv_size": [-1, 1]},
								"south": {"uv": [110, 91], "uv_size": [-1, 1]},
								"west": {"uv": [92, 109], "uv_size": [-1, 1]},
								"up": {"uv": [110, 92], "uv_size": [-1, 1]},
								"down": {"uv": [94, 110], "uv_size": [-1, -1]}
							}
						},
						{
							"origin": [3.05, 24, -19],
							"size": [0.2, 1.2, 0.6],
							"inflate": 0.001,
							"uv": {
								"north": {"uv": [110, 93], "uv_size": [-1, 1]},
								"east": {"uv": [96, 109], "uv_size": [-1, 1]},
								"south": {"uv": [110, 94], "uv_size": [-1, 1]},
								"west": {"uv": [95, 109], "uv_size": [-1, 1]},
								"up": {"uv": [110, 95], "uv_size": [-1, 1]},
								"down": {"uv": [97, 110], "uv_size": [-1, -1]}
							}
						},
						{
							"origin": [4.475, 24.24, -19],
							"size": [0.2, 0.2, 0.6],
							"pivot": [2.845, 23.1, -14.2],
							"rotation": [0, 0, -45],
							"uv": {
								"north": {"uv": [110, 96], "uv_size": [-1, 1]},
								"east": {"uv": [99, 109], "uv_size": [-1, 1]},
								"south": {"uv": [110, 97], "uv_size": [-1, 1]},
								"west": {"uv": [98, 109], "uv_size": [-1, 1]},
								"up": {"uv": [110, 98], "uv_size": [-1, 1]},
								"down": {"uv": [100, 110], "uv_size": [-1, -1]}
							}
						},
						{
							"origin": [4.475, 23.04, -19],
							"size": [0.2, 0.2, 0.6],
							"pivot": [2.845, 21.9, -14.2],
							"rotation": [0, 0, -45],
							"uv": {
								"north": {"uv": [110, 99], "uv_size": [-1, 1]},
								"east": {"uv": [102, 109], "uv_size": [-1, 1]},
								"south": {"uv": [110, 100], "uv_size": [-1, 1]},
								"west": {"uv": [101, 109], "uv_size": [-1, 1]},
								"up": {"uv": [110, 101], "uv_size": [-1, 1]},
								"down": {"uv": [103, 110], "uv_size": [-1, -1]}
							}
						},
						{
							"origin": [3.05, 24, -17.7],
							"size": [0.2, 1.2, 0.6],
							"inflate": 0.001,
							"uv": {
								"north": {"uv": [110, 102], "uv_size": [-1, 1]},
								"east": {"uv": [105, 109], "uv_size": [-1, 1]},
								"south": {"uv": [110, 103], "uv_size": [-1, 1]},
								"west": {"uv": [104, 109], "uv_size": [-1, 1]},
								"up": {"uv": [110, 104], "uv_size": [-1, 1]},
								"down": {"uv": [106, 110], "uv_size": [-1, -1]}
							}
						},
						{
							"origin": [4.475, 24.24, -17.7],
							"size": [0.2, 0.2, 0.6],
							"pivot": [2.845, 23.1, -12.9],
							"rotation": [0, 0, -45],
							"uv": {
								"north": {"uv": [110, 105], "uv_size": [-1, 1]},
								"east": {"uv": [108, 109], "uv_size": [-1, 1]},
								"south": {"uv": [110, 106], "uv_size": [-1, 1]},
								"west": {"uv": [107, 109], "uv_size": [-1, 1]},
								"up": {"uv": [110, 107], "uv_size": [-1, 1]},
								"down": {"uv": [109, 110], "uv_size": [-1, -1]}
							}
						},
						{
							"origin": [4.475, 23.04, -17.7],
							"size": [0.2, 0.2, 0.6],
							"pivot": [2.845, 21.9, -12.9],
							"rotation": [0, 0, -45],
							"uv": {
								"north": {"uv": [110, 108], "uv_size": [-1, 1]},
								"east": {"uv": [111, 0], "uv_size": [-1, 1]},
								"south": {"uv": [1, 110], "uv_size": [-1, 1]},
								"west": {"uv": [110, 109], "uv_size": [-1, 1]},
								"up": {"uv": [2, 110], "uv_size": [-1, 1]},
								"down": {"uv": [111, 2], "uv_size": [-1, -1]}
							}
						},
						{
							"origin": [3.05, 24, -16.4],
							"size": [0.2, 1.2, 0.6],
							"inflate": 0.001,
							"uv": {
								"north": {"uv": [3, 110], "uv_size": [-1, 1]},
								"east": {"uv": [111, 3], "uv_size": [-1, 1]},
								"south": {"uv": [4, 110], "uv_size": [-1, 1]},
								"west": {"uv": [111, 2], "uv_size": [-1, 1]},
								"up": {"uv": [5, 110], "uv_size": [-1, 1]},
								"down": {"uv": [111, 5], "uv_size": [-1, -1]}
							}
						},
						{
							"origin": [4.475, 24.24, -16.4],
							"size": [0.2, 0.2, 0.6],
							"pivot": [2.845, 23.1, -11.6],
							"rotation": [0, 0, -45],
							"uv": {
								"north": {"uv": [6, 110], "uv_size": [-1, 1]},
								"east": {"uv": [111, 6], "uv_size": [-1, 1]},
								"south": {"uv": [7, 110], "uv_size": [-1, 1]},
								"west": {"uv": [111, 5], "uv_size": [-1, 1]},
								"up": {"uv": [8, 110], "uv_size": [-1, 1]},
								"down": {"uv": [111, 8], "uv_size": [-1, -1]}
							}
						},
						{
							"origin": [4.475, 23.04, -16.4],
							"size": [0.2, 0.2, 0.6],
							"pivot": [2.845, 21.9, -11.6],
							"rotation": [0, 0, -45],
							"uv": {
								"north": {"uv": [9, 110], "uv_size": [-1, 1]},
								"east": {"uv": [111, 9], "uv_size": [-1, 1]},
								"south": {"uv": [10, 110], "uv_size": [-1, 1]},
								"west": {"uv": [111, 8], "uv_size": [-1, 1]},
								"up": {"uv": [11, 110], "uv_size": [-1, 1]},
								"down": {"uv": [111, 11], "uv_size": [-1, -1]}
							}
						},
						{
							"origin": [3.05, 24, -21.6],
							"size": [0.2, 1.2, 0.6],
							"inflate": 0.001,
							"uv": {
								"north": {"uv": [12, 110], "uv_size": [-1, 1]},
								"east": {"uv": [111, 12], "uv_size": [-1, 1]},
								"south": {"uv": [13, 110], "uv_size": [-1, 1]},
								"west": {"uv": [111, 11], "uv_size": [-1, 1]},
								"up": {"uv": [14, 110], "uv_size": [-1, 1]},
								"down": {"uv": [111, 14], "uv_size": [-1, -1]}
							}
						},
						{
							"origin": [4.475, 23.04, -21.6],
							"size": [0.2, 0.2, 0.6],
							"pivot": [2.845, 21.9, -16.8],
							"rotation": [0, 0, -45],
							"uv": {
								"north": {"uv": [15, 110], "uv_size": [-1, 1]},
								"east": {"uv": [111, 15], "uv_size": [-1, 1]},
								"south": {"uv": [16, 110], "uv_size": [-1, 1]},
								"west": {"uv": [111, 14], "uv_size": [-1, 1]},
								"up": {"uv": [17, 110], "uv_size": [-1, 1]},
								"down": {"uv": [111, 17], "uv_size": [-1, -1]}
							}
						},
						{
							"origin": [4.475, 24.24, -21.6],
							"size": [0.2, 0.2, 0.6],
							"pivot": [2.845, 23.1, -16.8],
							"rotation": [0, 0, -45],
							"uv": {
								"north": {"uv": [18, 110], "uv_size": [-1, 1]},
								"east": {"uv": [21, 110], "uv_size": [-1, 1]},
								"south": {"uv": [20, 110], "uv_size": [-1, 1]},
								"west": {"uv": [19, 110], "uv_size": [-1, 1]},
								"up": {"uv": [111, 20], "uv_size": [-1, 1]},
								"down": {"uv": [22, 111], "uv_size": [-1, -1]}
							}
						}
					]
				},
				{
					"name": "_ca_handguard",
					"parent": "main",
					"pivot": [-0.2, 23.45, -30.025],
					"cubes": [
						{"origin": [-0.5, 22.95, -23.725], "size": [1, 1, 1], "uv": [50, 204]}
					]
				}
			]
		}
	]
}