{
	"format_version": "1.12.0",
	"minecraft:geometry": [
		{
			"description": {
				"identifier": "geometry.stg762.geo",
				"texture_width": 128,
				"texture_height": 128,
				"visible_bounds_width": 12,
				"visible_bounds_height": 4,
				"visible_bounds_offset": [0, 1, 0]
			},
			"bones": [
				{
					"name": "main",
					"pivot": [0, 20, 0]
				},
				{
					"name": "gun",
					"parent": "main",
					"pivot": [1, 11, -1]
				},
				{
					"name": "stock",
					"parent": "gun",
					"pivot": [0.65, 20.7, 9.1],
					"cubes": [
						{
							"origin": [-1.64, 20, 9.8],
							"size": [3.28, 2.4, 2.8],
							"pivot": [0.65, 20, 9.8],
							"rotation": [46, 0, 0],
							"uv": {
								"north": {"uv": [67, 66], "uv_size": [10, 5]},
								"east": {"uv": [67, 66], "uv_size": [10, 5]},
								"south": {"uv": [67, 66], "uv_size": [10, 5]},
								"west": {"uv": [67, 66], "uv_size": [10, 5]},
								"up": {"uv": [77, 71], "uv_size": [-10, -5]},
								"down": {"uv": [77, 71], "uv_size": [-10, -5]}
							}
						},
						{
							"origin": [0.16, 27.1, 10.2],
							"size": [0.68, 0.6, 3.2],
							"pivot": [0.85, 27.7, 10.2],
							"rotation": [-63.89325, 12.74623, -16.82999],
							"uv": {
								"north": {"uv": [67, 71], "uv_size": [10, -5]},
								"east": {"uv": [67, 71], "uv_size": [10, -5]},
								"south": {"uv": [67, 71], "uv_size": [10, -5]},
								"west": {"uv": [67, 71], "uv_size": [10, -5]},
								"up": {"uv": [77, 66], "uv_size": [-10, 5]},
								"down": {"uv": [77, 66], "uv_size": [-10, 5]}
							}
						},
						{
							"origin": [-0.84, 27.2, 10.2],
							"size": [0.68, 0.5, 3.2],
							"pivot": [-0.85, 27.7, 10.2],
							"rotation": [-63.89325, -12.74623, 16.82999],
							"uv": {
								"north": {"uv": [77, 71], "uv_size": [-10, -5]},
								"east": {"uv": [77, 71], "uv_size": [-10, -5]},
								"south": {"uv": [77, 71], "uv_size": [-10, -5]},
								"west": {"uv": [77, 71], "uv_size": [-10, -5]},
								"up": {"uv": [67, 66], "uv_size": [10, 5]},
								"down": {"uv": [67, 66], "uv_size": [10, 5]}
							}
						},
						{
							"origin": [-0.84, 25.7, 10.3],
							"size": [1.68, 2, 3.2],
							"pivot": [-0.35, 27.7, 10.3],
							"rotation": [-63.89325, 0, 0],
							"uv": {
								"north": {"uv": [77, 71], "uv_size": [-10, -5]},
								"east": {"uv": [77, 71], "uv_size": [-10, -5]},
								"south": {"uv": [77, 71], "uv_size": [-10, -5]},
								"west": {"uv": [77, 71], "uv_size": [-10, -5]},
								"up": {"uv": [67, 66], "uv_size": [10, 5]},
								"down": {"uv": [67, 66], "uv_size": [10, 5]}
							}
						},
						{
							"origin": [-1.34, 25.7, 12.2],
							"size": [0.58, 2, 1.3],
							"pivot": [-0.35, 27.7, 10.3],
							"rotation": [-63.89325, 0, 0],
							"uv": {
								"north": {"uv": [77, 71], "uv_size": [-10, -5]},
								"east": {"uv": [77, 71], "uv_size": [-10, -5]},
								"south": {"uv": [77, 71], "uv_size": [-10, -5]},
								"west": {"uv": [77, 71], "uv_size": [-10, -5]},
								"up": {"uv": [67, 66], "uv_size": [10, 5]},
								"down": {"uv": [67, 66], "uv_size": [10, 5]}
							}
						},
						{
							"origin": [-1.94, 25.7, 13.2],
							"size": [0.58, 2, 0.3],
							"pivot": [-0.95, 27.7, 10.3],
							"rotation": [-63.89325, 0, 0],
							"uv": {
								"north": {"uv": [77, 71], "uv_size": [-10, -5]},
								"east": {"uv": [77, 71], "uv_size": [-10, -5]},
								"south": {"uv": [77, 71], "uv_size": [-10, -5]},
								"west": {"uv": [77, 71], "uv_size": [-10, -5]},
								"up": {"uv": [67, 66], "uv_size": [10, 5]},
								"down": {"uv": [67, 66], "uv_size": [10, 5]}
							}
						},
						{
							"origin": [-2.04, 22.81896, 11.36],
							"size": [0.08, 2, 0.3],
							"pivot": [-2.05, 24.8, 11.7],
							"rotation": [-64.66978, -6.53972, 13.52888],
							"uv": {
								"north": {"uv": [77, 71], "uv_size": [-10, -5]},
								"east": {"uv": [77, 71], "uv_size": [-10, -5]},
								"south": {"uv": [77, 71], "uv_size": [-10, -5]},
								"west": {"uv": [77, 71], "uv_size": [-10, -5]},
								"up": {"uv": [67, 66], "uv_size": [10, 5]},
								"down": {"uv": [67, 66], "uv_size": [10, 5]}
							}
						},
						{
							"origin": [0.76, 25.7, 12.2],
							"size": [0.68, 2, 1.3],
							"pivot": [1.85, 27.7, 10.3],
							"rotation": [-63.89325, 0, 0],
							"uv": {
								"north": {"uv": [77, 71], "uv_size": [-10, -5]},
								"east": {"uv": [77, 71], "uv_size": [-10, -5]},
								"south": {"uv": [77, 71], "uv_size": [-10, -5]},
								"west": {"uv": [77, 71], "uv_size": [-10, -5]},
								"up": {"uv": [67, 66], "uv_size": [10, 5]},
								"down": {"uv": [67, 66], "uv_size": [10, 5]}
							}
						},
						{
							"origin": [-2.05, 23.9, 9.8],
							"size": [4.1, 0.92, 1.9],
							"uv": {
								"north": {"uv": [67, 66], "uv_size": [10, 5]},
								"east": {"uv": [67, 66], "uv_size": [10, 5]},
								"south": {"uv": [67, 66], "uv_size": [10, 5]},
								"west": {"uv": [67, 66], "uv_size": [10, 5]},
								"up": {"uv": [77, 71], "uv_size": [-10, -5]},
								"down": {"uv": [77, 71], "uv_size": [-10, -5]}
							}
						},
						{
							"origin": [-0.45, 22.135, 11.7],
							"size": [0.9, 2.735, 1.355],
							"uv": {
								"north": {"uv": [55, 39], "uv_size": [13, 5]},
								"east": {"uv": [55, 39], "uv_size": [13, 5]},
								"south": {"uv": [55, 39], "uv_size": [13, 5]},
								"west": {"uv": [55, 39], "uv_size": [13, 5]},
								"up": {"uv": [68, 44], "uv_size": [-13, -5]},
								"down": {"uv": [68, 44], "uv_size": [-13, -5]}
							}
						},
						{
							"origin": [-1.35, 23.935, 26.1],
							"size": [2.7, 1.935, 8.955],
							"uv": {
								"north": {"uv": [67, 66], "uv_size": [10, 5]},
								"east": {"uv": [67, 66], "uv_size": [10, 5]},
								"south": {"uv": [67, 66], "uv_size": [10, 5]},
								"west": {"uv": [67, 66], "uv_size": [10, 5]},
								"up": {"uv": [77, 71], "uv_size": [-10, -5]},
								"down": {"uv": [77, 71], "uv_size": [-10, -5]}
							}
						},
						{
							"origin": [-1.65, 14.835, 32.7],
							"size": [3.3, 7.935, 2.355],
							"pivot": [1.95, 22.7, 32.7],
							"rotation": [9, 0, 0],
							"uv": {
								"north": {"uv": [67, 66], "uv_size": [10, 5]},
								"east": {"uv": [67, 66], "uv_size": [10, 5]},
								"south": {"uv": [67, 66], "uv_size": [10, 5]},
								"west": {"uv": [67, 66], "uv_size": [10, 5]},
								"up": {"uv": [77, 71], "uv_size": [-10, -5]},
								"down": {"uv": [77, 71], "uv_size": [-10, -5]}
							}
						},
						{
							"origin": [-1.25, 15.035, 35],
							"size": [2.5, 8.835, 1.155],
							"pivot": [1.95, 22.7, 32.7],
							"rotation": [9, 0, 0],
							"uv": {
								"north": {"uv": [67, 66], "uv_size": [10, 5]},
								"east": {"uv": [67, 66], "uv_size": [10, 5]},
								"south": {"uv": [67, 66], "uv_size": [10, 5]},
								"west": {"uv": [67, 66], "uv_size": [10, 5]},
								"up": {"uv": [77, 71], "uv_size": [-10, -5]},
								"down": {"uv": [77, 71], "uv_size": [-10, -5]}
							}
						},
						{
							"origin": [-1.25, 22.835, 35],
							"size": [2.5, 2.435, 1.155],
							"uv": {
								"north": {"uv": [67, 66], "uv_size": [10, 5]},
								"east": {"uv": [67, 66], "uv_size": [10, 5]},
								"south": {"uv": [67, 66], "uv_size": [10, 5]},
								"west": {"uv": [67, 66], "uv_size": [10, 5]},
								"up": {"uv": [77, 71], "uv_size": [-10, -5]},
								"down": {"uv": [77, 71], "uv_size": [-10, -5]}
							}
						},
						{
							"origin": [-0.4095, 22.24285, 13.021],
							"size": [0.819, 2.48885, 0.13305],
							"uv": {
								"north": {"uv": [55, 39], "uv_size": [13, 5]},
								"east": {"uv": [55, 39], "uv_size": [13, 5]},
								"south": {"uv": [55, 39], "uv_size": [13, 5]},
								"west": {"uv": [55, 39], "uv_size": [13, 5]},
								"up": {"uv": [68, 44], "uv_size": [-13, -5]},
								"down": {"uv": [68, 44], "uv_size": [-13, -5]}
							}
						},
						{
							"origin": [-0.36855, 22.41857, 13.0989],
							"size": [0.7371, 2.23996, 0.11975],
							"uv": {
								"north": {"uv": [55, 39], "uv_size": [13, 5]},
								"east": {"uv": [55, 39], "uv_size": [13, 5]},
								"south": {"uv": [55, 39], "uv_size": [13, 5]},
								"west": {"uv": [55, 39], "uv_size": [13, 5]},
								"up": {"uv": [68, 44], "uv_size": [-13, -5]},
								"down": {"uv": [68, 44], "uv_size": [-13, -5]}
							}
						},
						{
							"origin": [-0.33169, 22.57671, 13.16901],
							"size": [0.66339, 2.01597, 0.10777],
							"uv": {
								"north": {"uv": [55, 39], "uv_size": [13, 5]},
								"east": {"uv": [55, 39], "uv_size": [13, 5]},
								"south": {"uv": [55, 39], "uv_size": [13, 5]},
								"west": {"uv": [55, 39], "uv_size": [13, 5]},
								"up": {"uv": [68, 44], "uv_size": [-13, -5]},
								"down": {"uv": [68, 44], "uv_size": [-13, -5]}
							}
						},
						{
							"origin": [-1.55, 22, 9.8],
							"size": [3.1, 1.92, 1.9],
							"uv": {
								"north": {"uv": [67, 66], "uv_size": [10, 5]},
								"east": {"uv": [67, 66], "uv_size": [10, 5]},
								"south": {"uv": [67, 66], "uv_size": [10, 5]},
								"west": {"uv": [67, 66], "uv_size": [10, 5]},
								"up": {"uv": [77, 71], "uv_size": [-10, -5]},
								"down": {"uv": [77, 71], "uv_size": [-10, -5]}
							}
						},
						{
							"origin": [1.41155, 22.04261, 9.8],
							"size": [0.6, 1.9, 1.9],
							"pivot": [1.95, 23.9, 9.8],
							"rotation": [0, 0, 12],
							"uv": {
								"north": {"uv": [67, 66], "uv_size": [10, 5]},
								"east": {"uv": [67, 66], "uv_size": [10, 5]},
								"south": {"uv": [67, 66], "uv_size": [10, 5]},
								"west": {"uv": [67, 66], "uv_size": [10, 5]},
								"up": {"uv": [77, 71], "uv_size": [-10, -5]},
								"down": {"uv": [77, 71], "uv_size": [-10, -5]}
							}
						},
						{
							"origin": [1.41155, 23.04261, 11.6],
							"size": [0.5, 1, 14.6],
							"pivot": [1.95, 23.9, 14.1],
							"rotation": [0, 0, 12],
							"uv": {
								"north": {"uv": [55, 39], "uv_size": [13, 5]},
								"east": {"uv": [55, 39], "uv_size": [13, 5]},
								"south": {"uv": [55, 39], "uv_size": [13, 5]},
								"west": {"uv": [55, 39], "uv_size": [13, 5]},
								"up": {"uv": [68, 44], "uv_size": [-13, -5]},
								"down": {"uv": [68, 44], "uv_size": [-13, -5]}
							}
						},
						{
							"origin": [1.45, 24, 11.6],
							"size": [0.5, 0.62, 14.6],
							"uv": {
								"north": {"uv": [55, 39], "uv_size": [13, 5]},
								"east": {"uv": [55, 39], "uv_size": [13, 5]},
								"south": {"uv": [55, 39], "uv_size": [13, 5]},
								"west": {"uv": [55, 39], "uv_size": [13, 5]},
								"up": {"uv": [68, 44], "uv_size": [-13, -5]},
								"down": {"uv": [68, 44], "uv_size": [-13, -5]}
							}
						},
						{
							"origin": [-1.91155, 23.04261, 11.6],
							"size": [0.5, 1, 14.6],
							"pivot": [-1.95, 23.9, 14.1],
							"rotation": [0, 0, -12],
							"uv": {
								"north": {"uv": [68, 39], "uv_size": [-13, 5]},
								"east": {"uv": [68, 39], "uv_size": [-13, 5]},
								"south": {"uv": [68, 39], "uv_size": [-13, 5]},
								"west": {"uv": [68, 39], "uv_size": [-13, 5]},
								"up": {"uv": [55, 44], "uv_size": [13, -5]},
								"down": {"uv": [55, 44], "uv_size": [13, -5]}
							}
						},
						{
							"origin": [-1.95, 24, 11.6],
							"size": [0.5, 0.62, 14.6],
							"uv": {
								"north": {"uv": [68, 39], "uv_size": [-13, 5]},
								"east": {"uv": [68, 39], "uv_size": [-13, 5]},
								"south": {"uv": [68, 39], "uv_size": [-13, 5]},
								"west": {"uv": [68, 39], "uv_size": [-13, 5]},
								"up": {"uv": [55, 44], "uv_size": [13, -5]},
								"down": {"uv": [55, 44], "uv_size": [13, -5]}
							}
						},
						{
							"origin": [-2.01155, 22.04261, 9.8],
							"size": [0.6, 1.9, 1.9],
							"pivot": [-1.95, 23.9, 9.8],
							"rotation": [0, 0, -12],
							"uv": {
								"north": {"uv": [67, 66], "uv_size": [10, 5]},
								"east": {"uv": [67, 66], "uv_size": [10, 5]},
								"south": {"uv": [67, 66], "uv_size": [10, 5]},
								"west": {"uv": [67, 66], "uv_size": [10, 5]},
								"up": {"uv": [77, 71], "uv_size": [-10, -5]},
								"down": {"uv": [77, 71], "uv_size": [-10, -5]}
							}
						},
						{
							"origin": [-2.04939, 25.75768, 9.9],
							"size": [1.8, 1.3, 1.8],
							"pivot": [-2.05, 24.8, 11.8],
							"rotation": [27.88567, -0.57742, 22.35326],
							"uv": {
								"north": {"uv": [105, 65], "uv_size": [2, 1]},
								"east": {"uv": [87, 46], "uv_size": [18, 1]},
								"south": {"uv": [105, 66], "uv_size": [2, 1]},
								"west": {"uv": [87, 47], "uv_size": [18, 1]},
								"up": {"uv": [4, 76], "uv_size": [2, 18]},
								"down": {"uv": [57, 96], "uv_size": [2, -18]}
							}
						},
						{
							"origin": [-2.04939, 25.75768, 11.3],
							"size": [1.8, 2.6, 0.4],
							"pivot": [-2.05, 24.8, 11.8],
							"rotation": [25.88567, -0.57742, 22.35326],
							"uv": {
								"north": {"uv": [105, 65], "uv_size": [2, 1]},
								"east": {"uv": [87, 46], "uv_size": [18, 1]},
								"south": {"uv": [105, 66], "uv_size": [2, 1]},
								"west": {"uv": [87, 47], "uv_size": [18, 1]},
								"up": {"uv": [4, 76], "uv_size": [2, 18]},
								"down": {"uv": [57, 96], "uv_size": [2, -18]}
							}
						},
						{
							"origin": [-2.04939, 25.25768, 11],
							"size": [1.8, 0.5, 0.7],
							"pivot": [-2.05, 24.8, 11.8],
							"rotation": [27.88567, -0.57742, 22.35326],
							"uv": {
								"north": {"uv": [105, 65], "uv_size": [2, 1]},
								"east": {"uv": [87, 46], "uv_size": [18, 1]},
								"south": {"uv": [105, 66], "uv_size": [2, 1]},
								"west": {"uv": [87, 47], "uv_size": [18, 1]},
								"up": {"uv": [4, 76], "uv_size": [2, 18]},
								"down": {"uv": [57, 96], "uv_size": [2, -18]}
							}
						},
						{
							"origin": [-2.04939, 24.75768, 9.8],
							"size": [1.8, 0.5, 1.7],
							"pivot": [-2.05, 24.8, 11.8],
							"rotation": [0, -0.57742, 22.35326],
							"uv": {
								"north": {"uv": [105, 65], "uv_size": [2, 1]},
								"east": {"uv": [87, 46], "uv_size": [18, 1]},
								"south": {"uv": [105, 66], "uv_size": [2, 1]},
								"west": {"uv": [87, 47], "uv_size": [18, 1]},
								"up": {"uv": [4, 76], "uv_size": [2, 18]},
								"down": {"uv": [57, 96], "uv_size": [2, -18]}
							}
						},
						{
							"origin": [-2.04636, 24.85768, 11.49998],
							"size": [0.3, 0.3, 0.2],
							"pivot": [-2.05, 24.8, 11.7],
							"rotation": [21, -0.57742, 22.35326],
							"uv": {
								"north": {"uv": [105, 65], "uv_size": [2, 1]},
								"east": {"uv": [87, 46], "uv_size": [18, 1]},
								"south": {"uv": [105, 66], "uv_size": [2, 1]},
								"west": {"uv": [87, 47], "uv_size": [18, 1]},
								"up": {"uv": [4, 76], "uv_size": [2, 18]},
								"down": {"uv": [57, 96], "uv_size": [2, -18]}
							}
						},
						{
							"origin": [-2.04939, 25.65768, 10.1],
							"size": [1.8, 0.1, 0.9],
							"pivot": [-2.05, 24.8, 11.8],
							"rotation": [27.88567, -0.57742, 22.35326],
							"uv": {
								"north": {"uv": [105, 65], "uv_size": [2, 1]},
								"east": {"uv": [87, 46], "uv_size": [18, 1]},
								"south": {"uv": [105, 66], "uv_size": [2, 1]},
								"west": {"uv": [87, 47], "uv_size": [18, 1]},
								"up": {"uv": [4, 76], "uv_size": [2, 18]},
								"down": {"uv": [57, 96], "uv_size": [2, -18]}
							}
						},
						{
							"origin": [-2.04939, 25.45768, 10.5],
							"size": [1.8, 0.2, 0.5],
							"pivot": [-2.05, 24.8, 11.8],
							"rotation": [27.88567, -0.57742, 22.35326],
							"uv": {
								"north": {"uv": [105, 65], "uv_size": [2, 1]},
								"east": {"uv": [87, 46], "uv_size": [18, 1]},
								"south": {"uv": [105, 66], "uv_size": [2, 1]},
								"west": {"uv": [87, 47], "uv_size": [18, 1]},
								"up": {"uv": [4, 76], "uv_size": [2, 18]},
								"down": {"uv": [57, 96], "uv_size": [2, -18]}
							}
						},
						{
							"origin": [-2.04939, 25.35768, 10.8],
							"size": [1.8, 0.1, 0.2],
							"pivot": [-2.05, 24.8, 11.8],
							"rotation": [27.88567, -0.57742, 22.35326],
							"uv": {
								"north": {"uv": [105, 65], "uv_size": [2, 1]},
								"east": {"uv": [87, 46], "uv_size": [18, 1]},
								"south": {"uv": [105, 66], "uv_size": [2, 1]},
								"west": {"uv": [87, 47], "uv_size": [18, 1]},
								"up": {"uv": [4, 76], "uv_size": [2, 18]},
								"down": {"uv": [57, 96], "uv_size": [2, -18]}
							}
						},
						{
							"origin": [1.36, 25.7, 13.2],
							"size": [0.58, 2, 0.3],
							"pivot": [0.95, 27.7, 10.3],
							"rotation": [-63.89325, 0, 0],
							"uv": {
								"north": {"uv": [67, 71], "uv_size": [10, -5]},
								"east": {"uv": [67, 71], "uv_size": [10, -5]},
								"south": {"uv": [67, 71], "uv_size": [10, -5]},
								"west": {"uv": [67, 71], "uv_size": [10, -5]},
								"up": {"uv": [77, 66], "uv_size": [-10, 5]},
								"down": {"uv": [77, 66], "uv_size": [-10, 5]}
							}
						},
						{
							"origin": [1.96, 22.81896, 11.36],
							"size": [0.08, 2, 0.3],
							"pivot": [2.05, 24.8, 11.7],
							"rotation": [-64.66978, 6.53972, -13.52888],
							"uv": {
								"north": {"uv": [67, 71], "uv_size": [10, -5]},
								"east": {"uv": [67, 71], "uv_size": [10, -5]},
								"south": {"uv": [67, 71], "uv_size": [10, -5]},
								"west": {"uv": [67, 71], "uv_size": [10, -5]},
								"up": {"uv": [77, 66], "uv_size": [-10, 5]},
								"down": {"uv": [77, 66], "uv_size": [-10, 5]}
							}
						},
						{
							"origin": [0.24939, 25.25768, 11],
							"size": [1.8, 0.5, 0.7],
							"pivot": [2.05, 24.8, 11.8],
							"rotation": [27.88567, 0.57742, -22.35326],
							"uv": {
								"north": {"uv": [107, 65], "uv_size": [-2, 1]},
								"east": {"uv": [105, 47], "uv_size": [-18, 1]},
								"south": {"uv": [107, 66], "uv_size": [-2, 1]},
								"west": {"uv": [105, 46], "uv_size": [-18, 1]},
								"up": {"uv": [6, 76], "uv_size": [-2, 18]},
								"down": {"uv": [59, 96], "uv_size": [-2, -18]}
							}
						},
						{
							"origin": [0.24939, 25.75768, 9.9],
							"size": [1.8, 1.3, 1.8],
							"pivot": [2.05, 24.8, 11.8],
							"rotation": [27.88567, 0.57742, -22.35326],
							"uv": {
								"north": {"uv": [107, 65], "uv_size": [-2, 1]},
								"east": {"uv": [105, 47], "uv_size": [-18, 1]},
								"south": {"uv": [107, 66], "uv_size": [-2, 1]},
								"west": {"uv": [105, 46], "uv_size": [-18, 1]},
								"up": {"uv": [6, 76], "uv_size": [-2, 18]},
								"down": {"uv": [59, 96], "uv_size": [-2, -18]}
							}
						},
						{
							"origin": [0.24939, 25.75768, 11.3],
							"size": [1.8, 2.6, 0.4],
							"pivot": [2.05, 24.8, 11.8],
							"rotation": [25.88567, 0.57742, -22.35326],
							"uv": {
								"north": {"uv": [107, 65], "uv_size": [-2, 1]},
								"east": {"uv": [105, 47], "uv_size": [-18, 1]},
								"south": {"uv": [107, 66], "uv_size": [-2, 1]},
								"west": {"uv": [105, 46], "uv_size": [-18, 1]},
								"up": {"uv": [6, 76], "uv_size": [-2, 18]},
								"down": {"uv": [59, 96], "uv_size": [-2, -18]}
							}
						},
						{
							"origin": [0.24939, 24.75768, 9.8],
							"size": [1.8, 0.5, 1.7],
							"pivot": [2.05, 24.8, 11.8],
							"rotation": [0, 0.57742, -22.35326],
							"uv": {
								"north": {"uv": [107, 65], "uv_size": [-2, 1]},
								"east": {"uv": [105, 47], "uv_size": [-18, 1]},
								"south": {"uv": [107, 66], "uv_size": [-2, 1]},
								"west": {"uv": [105, 46], "uv_size": [-18, 1]},
								"up": {"uv": [6, 76], "uv_size": [-2, 18]},
								"down": {"uv": [59, 96], "uv_size": [-2, -18]}
							}
						},
						{
							"origin": [1.74939, 24.75768, 9.8],
							"size": [0.3, 3.1, 0.5],
							"pivot": [2.05, 24.8, 11.8],
							"rotation": [0, 0.57742, -22.35326],
							"uv": {
								"north": {"uv": [107, 65], "uv_size": [-2, 1]},
								"east": {"uv": [105, 47], "uv_size": [-18, 1]},
								"south": {"uv": [107, 66], "uv_size": [-2, 1]},
								"west": {"uv": [105, 46], "uv_size": [-18, 1]},
								"up": {"uv": [6, 76], "uv_size": [-2, 18]},
								"down": {"uv": [59, 96], "uv_size": [-2, -18]}
							}
						},
						{
							"origin": [-2.04939, 24.75768, 9.8],
							"size": [0.3, 3.1, 0.5],
							"pivot": [-2.05, 24.8, 11.8],
							"rotation": [0, -0.57742, 22.35326],
							"uv": {
								"north": {"uv": [105, 65], "uv_size": [2, 1]},
								"east": {"uv": [87, 46], "uv_size": [18, 1]},
								"south": {"uv": [105, 66], "uv_size": [2, 1]},
								"west": {"uv": [87, 47], "uv_size": [18, 1]},
								"up": {"uv": [4, 76], "uv_size": [2, 18]},
								"down": {"uv": [57, 96], "uv_size": [2, -18]}
							}
						},
						{
							"origin": [1.74636, 24.85768, 11.49998],
							"size": [0.3, 0.3, 0.2],
							"pivot": [2.05, 24.8, 11.7],
							"rotation": [21, 0.57742, -22.35326],
							"uv": {
								"north": {"uv": [107, 65], "uv_size": [-2, 1]},
								"east": {"uv": [105, 47], "uv_size": [-18, 1]},
								"south": {"uv": [107, 66], "uv_size": [-2, 1]},
								"west": {"uv": [105, 46], "uv_size": [-18, 1]},
								"up": {"uv": [6, 76], "uv_size": [-2, 18]},
								"down": {"uv": [59, 96], "uv_size": [-2, -18]}
							}
						},
						{
							"origin": [0.24939, 25.35768, 10.8],
							"size": [1.8, 0.1, 0.2],
							"pivot": [2.05, 24.8, 11.8],
							"rotation": [27.88567, 0.57742, -22.35326],
							"uv": {
								"north": {"uv": [107, 65], "uv_size": [-2, 1]},
								"east": {"uv": [105, 47], "uv_size": [-18, 1]},
								"south": {"uv": [107, 66], "uv_size": [-2, 1]},
								"west": {"uv": [105, 46], "uv_size": [-18, 1]},
								"up": {"uv": [6, 76], "uv_size": [-2, 18]},
								"down": {"uv": [59, 96], "uv_size": [-2, -18]}
							}
						},
						{
							"origin": [0.24939, 25.45768, 10.5],
							"size": [1.8, 0.2, 0.5],
							"pivot": [2.05, 24.8, 11.8],
							"rotation": [27.88567, 0.57742, -22.35326],
							"uv": {
								"north": {"uv": [107, 65], "uv_size": [-2, 1]},
								"east": {"uv": [105, 47], "uv_size": [-18, 1]},
								"south": {"uv": [107, 66], "uv_size": [-2, 1]},
								"west": {"uv": [105, 46], "uv_size": [-18, 1]},
								"up": {"uv": [6, 76], "uv_size": [-2, 18]},
								"down": {"uv": [59, 96], "uv_size": [-2, -18]}
							}
						},
						{
							"origin": [0.24939, 25.65768, 10.1],
							"size": [1.8, 0.1, 0.9],
							"pivot": [2.05, 24.8, 11.8],
							"rotation": [27.88567, 0.57742, -22.35326],
							"uv": {
								"north": {"uv": [107, 65], "uv_size": [-2, 1]},
								"east": {"uv": [105, 47], "uv_size": [-18, 1]},
								"south": {"uv": [107, 66], "uv_size": [-2, 1]},
								"west": {"uv": [105, 46], "uv_size": [-18, 1]},
								"up": {"uv": [6, 76], "uv_size": [-2, 18]},
								"down": {"uv": [59, 96], "uv_size": [-2, -18]}
							}
						},
						{
							"origin": [-2.04939, 25.25768, 11],
							"size": [1.8, 0.1, 0],
							"pivot": [-2.05, 24.8, 11.8],
							"rotation": [27.88567, -0.57742, 22.35326],
							"uv": {
								"north": {"uv": [105, 65], "uv_size": [2, 1]},
								"east": {"uv": [87, 46], "uv_size": [18, 1]},
								"south": {"uv": [105, 66], "uv_size": [2, 1]},
								"west": {"uv": [87, 47], "uv_size": [18, 1]},
								"up": {"uv": [4, 76], "uv_size": [2, 18]},
								"down": {"uv": [57, 96], "uv_size": [2, -18]}
							}
						},
						{
							"origin": [-2.04939, 25.2, 10.9],
							"size": [1.8, 0.06, 0.1],
							"pivot": [-2.05, 24.8, 11.8],
							"rotation": [27.90955, -2.34503, 21.41721],
							"uv": {
								"north": {"uv": [105, 65], "uv_size": [2, 1]},
								"east": {"uv": [87, 46], "uv_size": [18, 1]},
								"south": {"uv": [105, 66], "uv_size": [2, 1]},
								"west": {"uv": [87, 47], "uv_size": [18, 1]},
								"up": {"uv": [4, 76], "uv_size": [2, 18]},
								"down": {"uv": [57, 96], "uv_size": [2, -18]}
							}
						},
						{
							"origin": [-0.395, 27.7, 9.8],
							"size": [0.825, 0.615, 0.3],
							"uv": {
								"north": {"uv": [50, 19], "uv_size": [61, 1]},
								"east": {"uv": [50, 19], "uv_size": [61, 1]},
								"south": {"uv": [50, 19], "uv_size": [61, 1]},
								"west": {"uv": [50, 19], "uv_size": [61, 1]},
								"up": {"uv": [111, 20], "uv_size": [-61, -1]},
								"down": {"uv": [111, 20], "uv_size": [-61, -1]}
							}
						},
						{
							"origin": [-0.85, 27.1, 9.8],
							"size": [1.74, 0.56, 0.3],
							"uv": {
								"north": {"uv": [50, 19], "uv_size": [61, 1]},
								"east": {"uv": [50, 19], "uv_size": [61, 1]},
								"south": {"uv": [50, 19], "uv_size": [61, 1]},
								"west": {"uv": [50, 19], "uv_size": [61, 1]},
								"up": {"uv": [111, 20], "uv_size": [-61, -1]},
								"down": {"uv": [111, 20], "uv_size": [-61, -1]}
							}
						},
						{
							"origin": [-0.395, 27.7, 9.8],
							"size": [0.825, 0.615, 0.3],
							"pivot": [-0.05, 28.3, 10.1],
							"rotation": [18, 0, 0],
							"uv": {
								"north": {"uv": [50, 19], "uv_size": [61, 1]},
								"east": {"uv": [50, 19], "uv_size": [61, 1]},
								"south": {"uv": [50, 19], "uv_size": [61, 1]},
								"west": {"uv": [50, 19], "uv_size": [61, 1]},
								"up": {"uv": [111, 20], "uv_size": [-61, -1]},
								"down": {"uv": [111, 20], "uv_size": [-61, -1]}
							}
						},
						{
							"origin": [-0.85, 27.1, 9.8],
							"size": [1.74, 0.56, 0.3],
							"pivot": [-0.05, 28.3, 10.1],
							"rotation": [18, 0, 0],
							"uv": {
								"north": {"uv": [50, 19], "uv_size": [61, 1]},
								"east": {"uv": [50, 19], "uv_size": [61, 1]},
								"south": {"uv": [50, 19], "uv_size": [61, 1]},
								"west": {"uv": [50, 19], "uv_size": [61, 1]},
								"up": {"uv": [111, 20], "uv_size": [-61, -1]},
								"down": {"uv": [111, 20], "uv_size": [-61, -1]}
							}
						},
						{
							"origin": [-1.09347, 24.30989, 11.657],
							"size": [1.098, 0.854, 1.396],
							"pivot": [-1.1065, 24.321, 25.619],
							"rotation": [0, 0, 49],
							"uv": {
								"north": {"uv": [55, 39], "uv_size": [13, 5]},
								"east": {"uv": [55, 39], "uv_size": [13, 5]},
								"south": {"uv": [55, 39], "uv_size": [13, 5]},
								"west": {"uv": [55, 39], "uv_size": [13, 5]},
								"up": {"uv": [68, 44], "uv_size": [-13, -5]},
								"down": {"uv": [68, 44], "uv_size": [-13, -5]}
							}
						},
						{
							"origin": [-1.4725, 23.101, 11.657],
							"size": [1.298, 0.854, 1.396],
							"pivot": [-0.0695, 22.918, 22.081],
							"rotation": [0, 0, 17],
							"uv": {
								"north": {"uv": [55, 39], "uv_size": [13, 5]},
								"east": {"uv": [55, 39], "uv_size": [13, 5]},
								"south": {"uv": [55, 39], "uv_size": [13, 5]},
								"west": {"uv": [55, 39], "uv_size": [13, 5]},
								"up": {"uv": [68, 44], "uv_size": [-13, -5]},
								"down": {"uv": [68, 44], "uv_size": [-13, -5]}
							}
						},
						{
							"origin": [-0.00453, 24.30989, 11.657],
							"size": [1.098, 0.854, 1.396],
							"pivot": [1.1065, 24.321, 25.619],
							"rotation": [0, 0, -49],
							"uv": {
								"north": {"uv": [55, 39], "uv_size": [13, 5]},
								"east": {"uv": [55, 39], "uv_size": [13, 5]},
								"south": {"uv": [55, 39], "uv_size": [13, 5]},
								"west": {"uv": [55, 39], "uv_size": [13, 5]},
								"up": {"uv": [68, 44], "uv_size": [-13, -5]},
								"down": {"uv": [68, 44], "uv_size": [-13, -5]}
							}
						},
						{
							"origin": [0.3745, 23.101, 11.657],
							"size": [1.098, 0.854, 1.396],
							"pivot": [0.0695, 22.918, 22.081],
							"rotation": [0, 0, -17],
							"uv": {
								"north": {"uv": [55, 39], "uv_size": [13, 5]},
								"east": {"uv": [55, 39], "uv_size": [13, 5]},
								"south": {"uv": [55, 39], "uv_size": [13, 5]},
								"west": {"uv": [55, 39], "uv_size": [13, 5]},
								"up": {"uv": [68, 44], "uv_size": [-13, -5]},
								"down": {"uv": [68, 44], "uv_size": [-13, -5]}
							}
						},
						{
							"origin": [0.3745, 23.045, 11.657],
							"size": [1.098, 0.854, 1.396],
							"pivot": [0.0695, 24.082, 22.081],
							"rotation": [0, 0, 17],
							"uv": {
								"north": {"uv": [55, 44], "uv_size": [13, -5]},
								"east": {"uv": [55, 44], "uv_size": [13, -5]},
								"south": {"uv": [55, 44], "uv_size": [13, -5]},
								"west": {"uv": [55, 44], "uv_size": [13, -5]},
								"up": {"uv": [68, 39], "uv_size": [-13, 5]},
								"down": {"uv": [68, 39], "uv_size": [-13, 5]}
							}
						},
						{
							"origin": [-0.00453, 21.83611, 11.657],
							"size": [1.098, 0.854, 1.396],
							"pivot": [1.1065, 22.679, 25.619],
							"rotation": [0, 0, 49],
							"uv": {
								"north": {"uv": [55, 44], "uv_size": [13, -5]},
								"east": {"uv": [55, 44], "uv_size": [13, -5]},
								"south": {"uv": [55, 44], "uv_size": [13, -5]},
								"west": {"uv": [55, 44], "uv_size": [13, -5]},
								"up": {"uv": [68, 39], "uv_size": [-13, 5]},
								"down": {"uv": [68, 39], "uv_size": [-13, 5]}
							}
						},
						{
							"origin": [-1.09347, 21.83611, 11.657],
							"size": [1.098, 0.854, 1.396],
							"pivot": [-1.1065, 22.679, 25.619],
							"rotation": [0, 0, -49],
							"uv": {
								"north": {"uv": [55, 44], "uv_size": [13, -5]},
								"east": {"uv": [55, 44], "uv_size": [13, -5]},
								"south": {"uv": [55, 44], "uv_size": [13, -5]},
								"west": {"uv": [55, 44], "uv_size": [13, -5]},
								"up": {"uv": [68, 39], "uv_size": [-13, 5]},
								"down": {"uv": [68, 39], "uv_size": [-13, 5]}
							}
						},
						{
							"origin": [-1.4725, 23.045, 11.657],
							"size": [1.298, 0.854, 1.396],
							"pivot": [-0.0695, 24.082, 22.081],
							"rotation": [0, 0, -17],
							"uv": {
								"north": {"uv": [55, 44], "uv_size": [13, -5]},
								"east": {"uv": [55, 44], "uv_size": [13, -5]},
								"south": {"uv": [55, 44], "uv_size": [13, -5]},
								"west": {"uv": [55, 44], "uv_size": [13, -5]},
								"up": {"uv": [68, 39], "uv_size": [-13, 5]},
								"down": {"uv": [68, 39], "uv_size": [-13, 5]}
							}
						},
						{
							"origin": [0.3408, 23.12191, 12.98187],
							"size": [0.99918, 0.77714, 0.17036],
							"pivot": [0.06324, 22.95538, 22.46771],
							"rotation": [0, 0, -17],
							"uv": {
								"north": {"uv": [55, 39], "uv_size": [13, 5]},
								"east": {"uv": [55, 39], "uv_size": [13, 5]},
								"south": {"uv": [55, 39], "uv_size": [13, 5]},
								"west": {"uv": [55, 39], "uv_size": [13, 5]},
								"up": {"uv": [68, 44], "uv_size": [-13, -5]},
								"down": {"uv": [68, 44], "uv_size": [-13, -5]}
							}
						},
						{
							"origin": [-0.00412, 24.222, 12.98187],
							"size": [0.99918, 0.77714, 0.17036],
							"pivot": [1.00691, 24.23211, 25.68729],
							"rotation": [0, 0, -49],
							"uv": {
								"north": {"uv": [55, 39], "uv_size": [13, 5]},
								"east": {"uv": [55, 39], "uv_size": [13, 5]},
								"south": {"uv": [55, 39], "uv_size": [13, 5]},
								"west": {"uv": [55, 39], "uv_size": [13, 5]},
								"up": {"uv": [68, 44], "uv_size": [-13, -5]},
								"down": {"uv": [68, 44], "uv_size": [-13, -5]}
							}
						},
						{
							"origin": [-1.33997, 23.12191, 12.98187],
							"size": [1.18118, 0.77714, 0.17036],
							"pivot": [-0.06324, 22.95538, 22.46771],
							"rotation": [0, 0, 17],
							"uv": {
								"north": {"uv": [55, 39], "uv_size": [13, 5]},
								"east": {"uv": [55, 39], "uv_size": [13, 5]},
								"south": {"uv": [55, 39], "uv_size": [13, 5]},
								"west": {"uv": [55, 39], "uv_size": [13, 5]},
								"up": {"uv": [68, 44], "uv_size": [-13, -5]},
								"down": {"uv": [68, 44], "uv_size": [-13, -5]}
							}
						},
						{
							"origin": [-0.99506, 24.222, 12.98187],
							"size": [0.99918, 0.77714, 0.17036],
							"pivot": [-1.00691, 24.23211, 25.68729],
							"rotation": [0, 0, 49],
							"uv": {
								"north": {"uv": [55, 39], "uv_size": [13, 5]},
								"east": {"uv": [55, 39], "uv_size": [13, 5]},
								"south": {"uv": [55, 39], "uv_size": [13, 5]},
								"west": {"uv": [55, 39], "uv_size": [13, 5]},
								"up": {"uv": [68, 44], "uv_size": [-13, -5]},
								"down": {"uv": [68, 44], "uv_size": [-13, -5]}
							}
						},
						{
							"origin": [-1.33997, 23.07095, 12.98187],
							"size": [1.18118, 0.77714, 0.17036],
							"pivot": [-0.06324, 24.01462, 22.46771],
							"rotation": [0, 0, -17],
							"uv": {
								"north": {"uv": [55, 44], "uv_size": [13, -5]},
								"east": {"uv": [55, 44], "uv_size": [13, -5]},
								"south": {"uv": [55, 44], "uv_size": [13, -5]},
								"west": {"uv": [55, 44], "uv_size": [13, -5]},
								"up": {"uv": [68, 39], "uv_size": [-13, 5]},
								"down": {"uv": [68, 39], "uv_size": [-13, 5]}
							}
						},
						{
							"origin": [-0.99506, 21.97086, 12.98187],
							"size": [0.99918, 0.77714, 0.17036],
							"pivot": [-1.00691, 22.73789, 25.68729],
							"rotation": [0, 0, -49],
							"uv": {
								"north": {"uv": [55, 44], "uv_size": [13, -5]},
								"east": {"uv": [55, 44], "uv_size": [13, -5]},
								"south": {"uv": [55, 44], "uv_size": [13, -5]},
								"west": {"uv": [55, 44], "uv_size": [13, -5]},
								"up": {"uv": [68, 39], "uv_size": [-13, 5]},
								"down": {"uv": [68, 39], "uv_size": [-13, 5]}
							}
						},
						{
							"origin": [-0.00412, 21.97086, 12.98187],
							"size": [0.99918, 0.77714, 0.17036],
							"pivot": [1.00691, 22.73789, 25.68729],
							"rotation": [0, 0, 49],
							"uv": {
								"north": {"uv": [55, 44], "uv_size": [13, -5]},
								"east": {"uv": [55, 44], "uv_size": [13, -5]},
								"south": {"uv": [55, 44], "uv_size": [13, -5]},
								"west": {"uv": [55, 44], "uv_size": [13, -5]},
								"up": {"uv": [68, 39], "uv_size": [-13, 5]},
								"down": {"uv": [68, 39], "uv_size": [-13, 5]}
							}
						},
						{
							"origin": [0.3408, 23.07095, 12.98187],
							"size": [0.99918, 0.77714, 0.17036],
							"pivot": [0.06324, 24.01462, 22.46771],
							"rotation": [0, 0, 17],
							"uv": {
								"north": {"uv": [55, 44], "uv_size": [13, -5]},
								"east": {"uv": [55, 44], "uv_size": [13, -5]},
								"south": {"uv": [55, 44], "uv_size": [13, -5]},
								"west": {"uv": [55, 44], "uv_size": [13, -5]},
								"up": {"uv": [68, 39], "uv_size": [-13, 5]},
								"down": {"uv": [68, 39], "uv_size": [-13, 5]}
							}
						},
						{
							"origin": [0.30672, 23.20972, 13.06368],
							"size": [0.89926, 0.69943, 0.15332],
							"pivot": [0.05692, 23.05984, 21.60094],
							"rotation": [0, 0, -17],
							"uv": {
								"north": {"uv": [55, 39], "uv_size": [13, 5]},
								"east": {"uv": [55, 39], "uv_size": [13, 5]},
								"south": {"uv": [55, 39], "uv_size": [13, 5]},
								"west": {"uv": [55, 39], "uv_size": [13, 5]},
								"up": {"uv": [68, 44], "uv_size": [-13, -5]},
								"down": {"uv": [68, 44], "uv_size": [-13, -5]}
							}
						},
						{
							"origin": [-0.00371, 24.1998, 13.06368],
							"size": [0.89926, 0.69943, 0.15332],
							"pivot": [0.90622, 24.2089, 24.49856],
							"rotation": [0, 0, -49],
							"uv": {
								"north": {"uv": [55, 39], "uv_size": [13, 5]},
								"east": {"uv": [55, 39], "uv_size": [13, 5]},
								"south": {"uv": [55, 39], "uv_size": [13, 5]},
								"west": {"uv": [55, 39], "uv_size": [13, 5]},
								"up": {"uv": [68, 44], "uv_size": [-13, -5]},
								"down": {"uv": [68, 44], "uv_size": [-13, -5]}
							}
						},
						{
							"origin": [-1.20598, 23.20972, 13.06368],
							"size": [1.06306, 0.69943, 0.15332],
							"pivot": [-0.05692, 23.05984, 21.60094],
							"rotation": [0, 0, 17],
							"uv": {
								"north": {"uv": [55, 39], "uv_size": [13, 5]},
								"east": {"uv": [55, 39], "uv_size": [13, 5]},
								"south": {"uv": [55, 39], "uv_size": [13, 5]},
								"west": {"uv": [55, 39], "uv_size": [13, 5]},
								"up": {"uv": [68, 44], "uv_size": [-13, -5]},
								"down": {"uv": [68, 44], "uv_size": [-13, -5]}
							}
						},
						{
							"origin": [-0.89555, 24.1998, 13.06368],
							"size": [0.89926, 0.69943, 0.15332],
							"pivot": [-0.90622, 24.2089, 24.49856],
							"rotation": [0, 0, 49],
							"uv": {
								"north": {"uv": [55, 39], "uv_size": [13, 5]},
								"east": {"uv": [55, 39], "uv_size": [13, 5]},
								"south": {"uv": [55, 39], "uv_size": [13, 5]},
								"west": {"uv": [55, 39], "uv_size": [13, 5]},
								"up": {"uv": [68, 44], "uv_size": [-13, -5]},
								"down": {"uv": [68, 44], "uv_size": [-13, -5]}
							}
						},
						{
							"origin": [-1.20598, 23.16386, 13.06368],
							"size": [1.06306, 0.69943, 0.15332],
							"pivot": [-0.05692, 24.01316, 21.60094],
							"rotation": [0, 0, -17],
							"uv": {
								"north": {"uv": [55, 44], "uv_size": [13, -5]},
								"east": {"uv": [55, 44], "uv_size": [13, -5]},
								"south": {"uv": [55, 44], "uv_size": [13, -5]},
								"west": {"uv": [55, 44], "uv_size": [13, -5]},
								"up": {"uv": [68, 39], "uv_size": [-13, 5]},
								"down": {"uv": [68, 39], "uv_size": [-13, 5]}
							}
						},
						{
							"origin": [-0.89555, 22.17378, 13.06368],
							"size": [0.89926, 0.69943, 0.15332],
							"pivot": [-0.90622, 22.8641, 24.49856],
							"rotation": [0, 0, -49],
							"uv": {
								"north": {"uv": [55, 44], "uv_size": [13, -5]},
								"east": {"uv": [55, 44], "uv_size": [13, -5]},
								"south": {"uv": [55, 44], "uv_size": [13, -5]},
								"west": {"uv": [55, 44], "uv_size": [13, -5]},
								"up": {"uv": [68, 39], "uv_size": [-13, 5]},
								"down": {"uv": [68, 39], "uv_size": [-13, 5]}
							}
						},
						{
							"origin": [-0.00371, 22.17378, 13.06368],
							"size": [0.89926, 0.69943, 0.15332],
							"pivot": [0.90622, 22.8641, 24.49856],
							"rotation": [0, 0, 49],
							"uv": {
								"north": {"uv": [55, 44], "uv_size": [13, -5]},
								"east": {"uv": [55, 44], "uv_size": [13, -5]},
								"south": {"uv": [55, 44], "uv_size": [13, -5]},
								"west": {"uv": [55, 44], "uv_size": [13, -5]},
								"up": {"uv": [68, 39], "uv_size": [-13, 5]},
								"down": {"uv": [68, 39], "uv_size": [-13, 5]}
							}
						},
						{
							"origin": [0.30672, 23.16386, 13.06368],
							"size": [0.89926, 0.69943, 0.15332],
							"pivot": [0.05692, 24.01316, 21.60094],
							"rotation": [0, 0, 17],
							"uv": {
								"north": {"uv": [55, 44], "uv_size": [13, -5]},
								"east": {"uv": [55, 44], "uv_size": [13, -5]},
								"south": {"uv": [55, 44], "uv_size": [13, -5]},
								"west": {"uv": [55, 44], "uv_size": [13, -5]},
								"up": {"uv": [68, 39], "uv_size": [-13, 5]},
								"down": {"uv": [68, 39], "uv_size": [-13, 5]}
							}
						},
						{
							"origin": [0.27604, 23.28875, 13.13731],
							"size": [0.80934, 0.62948, 0.13799],
							"pivot": [0.05123, 23.15386, 20.82085],
							"rotation": [0, 0, -17],
							"uv": {
								"north": {"uv": [55, 39], "uv_size": [13, 5]},
								"east": {"uv": [55, 39], "uv_size": [13, 5]},
								"south": {"uv": [55, 39], "uv_size": [13, 5]},
								"west": {"uv": [55, 39], "uv_size": [13, 5]},
								"up": {"uv": [68, 44], "uv_size": [-13, -5]},
								"down": {"uv": [68, 44], "uv_size": [-13, -5]}
							}
						},
						{
							"origin": [-0.00334, 24.17982, 13.13731],
							"size": [0.80934, 0.62948, 0.13799],
							"pivot": [0.8156, 24.18801, 23.4287],
							"rotation": [0, 0, -49],
							"uv": {
								"north": {"uv": [55, 39], "uv_size": [13, 5]},
								"east": {"uv": [55, 39], "uv_size": [13, 5]},
								"south": {"uv": [55, 39], "uv_size": [13, 5]},
								"west": {"uv": [55, 39], "uv_size": [13, 5]},
								"up": {"uv": [68, 44], "uv_size": [-13, -5]},
								"down": {"uv": [68, 44], "uv_size": [-13, -5]}
							}
						},
						{
							"origin": [-1.08538, 23.28875, 13.13731],
							"size": [0.95676, 0.62948, 0.13799],
							"pivot": [-0.05123, 23.15386, 20.82085],
							"rotation": [0, 0, 17],
							"uv": {
								"north": {"uv": [55, 39], "uv_size": [13, 5]},
								"east": {"uv": [55, 39], "uv_size": [13, 5]},
								"south": {"uv": [55, 39], "uv_size": [13, 5]},
								"west": {"uv": [55, 39], "uv_size": [13, 5]},
								"up": {"uv": [68, 44], "uv_size": [-13, -5]},
								"down": {"uv": [68, 44], "uv_size": [-13, -5]}
							}
						},
						{
							"origin": [-0.80599, 24.17982, 13.13731],
							"size": [0.80934, 0.62948, 0.13799],
							"pivot": [-0.8156, 24.18801, 23.4287],
							"rotation": [0, 0, 49],
							"uv": {
								"north": {"uv": [55, 39], "uv_size": [13, 5]},
								"east": {"uv": [55, 39], "uv_size": [13, 5]},
								"south": {"uv": [55, 39], "uv_size": [13, 5]},
								"west": {"uv": [55, 39], "uv_size": [13, 5]},
								"up": {"uv": [68, 44], "uv_size": [-13, -5]},
								"down": {"uv": [68, 44], "uv_size": [-13, -5]}
							}
						},
						{
							"origin": [-1.08538, 23.24747, 13.13731],
							"size": [0.95676, 0.62948, 0.13799],
							"pivot": [-0.05123, 24.01184, 20.82085],
							"rotation": [0, 0, -17],
							"uv": {
								"north": {"uv": [55, 44], "uv_size": [13, -5]},
								"east": {"uv": [55, 44], "uv_size": [13, -5]},
								"south": {"uv": [55, 44], "uv_size": [13, -5]},
								"west": {"uv": [55, 44], "uv_size": [13, -5]},
								"up": {"uv": [68, 39], "uv_size": [-13, 5]},
								"down": {"uv": [68, 39], "uv_size": [-13, 5]}
							}
						},
						{
							"origin": [-0.80599, 22.3564, 13.13731],
							"size": [0.80934, 0.62948, 0.13799],
							"pivot": [-0.8156, 22.97769, 23.4287],
							"rotation": [0, 0, -49],
							"uv": {
								"north": {"uv": [55, 44], "uv_size": [13, -5]},
								"east": {"uv": [55, 44], "uv_size": [13, -5]},
								"south": {"uv": [55, 44], "uv_size": [13, -5]},
								"west": {"uv": [55, 44], "uv_size": [13, -5]},
								"up": {"uv": [68, 39], "uv_size": [-13, 5]},
								"down": {"uv": [68, 39], "uv_size": [-13, 5]}
							}
						},
						{
							"origin": [-0.00334, 22.3564, 13.13731],
							"size": [0.80934, 0.62948, 0.13799],
							"pivot": [0.8156, 22.97769, 23.4287],
							"rotation": [0, 0, 49],
							"uv": {
								"north": {"uv": [55, 44], "uv_size": [13, -5]},
								"east": {"uv": [55, 44], "uv_size": [13, -5]},
								"south": {"uv": [55, 44], "uv_size": [13, -5]},
								"west": {"uv": [55, 44], "uv_size": [13, -5]},
								"up": {"uv": [68, 39], "uv_size": [-13, 5]},
								"down": {"uv": [68, 39], "uv_size": [-13, 5]}
							}
						},
						{
							"origin": [0.27604, 23.24747, 13.13731],
							"size": [0.80934, 0.62948, 0.13799],
							"pivot": [0.05123, 24.01184, 20.82085],
							"rotation": [0, 0, 17],
							"uv": {
								"north": {"uv": [55, 44], "uv_size": [13, -5]},
								"east": {"uv": [55, 44], "uv_size": [13, -5]},
								"south": {"uv": [55, 44], "uv_size": [13, -5]},
								"west": {"uv": [55, 44], "uv_size": [13, -5]},
								"up": {"uv": [68, 39], "uv_size": [-13, 5]},
								"down": {"uv": [68, 39], "uv_size": [-13, 5]}
							}
						},
						{
							"origin": [0.42807, 24.24592, 26.1],
							"size": [1.8, 1.8, 9],
							"pivot": [2.25, 24.2, 28.4],
							"rotation": [0, 0, -27],
							"uv": {
								"north": {"uv": [67, 66], "uv_size": [10, 5]},
								"east": {"uv": [67, 66], "uv_size": [10, 5]},
								"south": {"uv": [67, 66], "uv_size": [10, 5]},
								"west": {"uv": [67, 66], "uv_size": [10, 5]},
								"up": {"uv": [77, 71], "uv_size": [-10, -5]},
								"down": {"uv": [77, 71], "uv_size": [-10, -5]}
							}
						},
						{
							"origin": [-2.22807, 24.24592, 26.1],
							"size": [1.8, 1.8, 9],
							"pivot": [-2.25, 24.2, 28.4],
							"rotation": [0, 0, 27],
							"uv": {
								"north": {"uv": [77, 66], "uv_size": [-10, 5]},
								"east": {"uv": [77, 66], "uv_size": [-10, 5]},
								"south": {"uv": [77, 66], "uv_size": [-10, 5]},
								"west": {"uv": [77, 66], "uv_size": [-10, 5]},
								"up": {"uv": [67, 71], "uv_size": [10, -5]},
								"down": {"uv": [67, 71], "uv_size": [10, -5]}
							}
						},
						{
							"origin": [-1.65, 20.135, 31.8],
							"size": [3.3, 1.535, 0.355],
							"pivot": [1.95, 24.7, 31.8],
							"rotation": [16, 0, 0],
							"uv": {
								"north": {"uv": [67, 66], "uv_size": [10, 5]},
								"east": {"uv": [67, 66], "uv_size": [10, 5]},
								"south": {"uv": [67, 66], "uv_size": [10, 5]},
								"west": {"uv": [67, 66], "uv_size": [10, 5]},
								"up": {"uv": [77, 71], "uv_size": [-10, -5]},
								"down": {"uv": [77, 71], "uv_size": [-10, -5]}
							}
						},
						{
							"origin": [-1.65, 19.035, 29],
							"size": [3.3, 1.335, 0.555],
							"pivot": [1.95, 23.4, 29],
							"rotation": [64, 0, 0],
							"uv": {
								"north": {"uv": [67, 66], "uv_size": [10, 5]},
								"east": {"uv": [67, 66], "uv_size": [10, 5]},
								"south": {"uv": [67, 66], "uv_size": [10, 5]},
								"west": {"uv": [67, 66], "uv_size": [10, 5]},
								"up": {"uv": [77, 71], "uv_size": [-10, -5]},
								"down": {"uv": [77, 71], "uv_size": [-10, -5]}
							}
						},
						{
							"origin": [0.46634, 21.9598, 26.1],
							"size": [1.8, 2.3, 9],
							"pivot": [2.15, 24.3, 28.4],
							"rotation": [0, 0, 15],
							"uv": {
								"north": {"uv": [67, 71], "uv_size": [10, -5]},
								"east": {"uv": [67, 71], "uv_size": [10, -5]},
								"south": {"uv": [67, 71], "uv_size": [10, -5]},
								"west": {"uv": [67, 71], "uv_size": [10, -5]},
								"up": {"uv": [77, 66], "uv_size": [-10, 5]},
								"down": {"uv": [77, 66], "uv_size": [-10, 5]}
							}
						},
						{
							"origin": [-1.65, 22.035, 26.1],
							"size": [3.3, 1.935, 8.955],
							"uv": {
								"north": {"uv": [67, 66], "uv_size": [10, 5]},
								"east": {"uv": [67, 66], "uv_size": [10, 5]},
								"south": {"uv": [67, 66], "uv_size": [10, 5]},
								"west": {"uv": [67, 66], "uv_size": [10, 5]},
								"up": {"uv": [77, 71], "uv_size": [-10, -5]},
								"down": {"uv": [77, 71], "uv_size": [-10, -5]}
							}
						},
						{
							"origin": [-2.26634, 21.9598, 26.1],
							"size": [1.8, 2.3, 9],
							"pivot": [-2.15, 24.3, 28.4],
							"rotation": [0, 0, -15],
							"uv": {
								"north": {"uv": [77, 71], "uv_size": [-10, -5]},
								"east": {"uv": [77, 71], "uv_size": [-10, -5]},
								"south": {"uv": [77, 71], "uv_size": [-10, -5]},
								"west": {"uv": [77, 71], "uv_size": [-10, -5]},
								"up": {"uv": [67, 66], "uv_size": [10, 5]},
								"down": {"uv": [67, 66], "uv_size": [10, 5]}
							}
						}
					]
				},
				{
					"name": "bone3",
					"parent": "stock",
					"pivot": [3.75, 26.1, 28.4],
					"cubes": [
						{
							"origin": [-4, 28.1, 9.8],
							"size": [0.8, 0.7, 0.3],
							"pivot": [-2.25, 24.3, 28.4],
							"rotation": [0, 0, 55],
							"uv": {
								"north": {"uv": [67, 71], "uv_size": [10, -5]},
								"east": {"uv": [67, 71], "uv_size": [10, -5]},
								"south": {"uv": [67, 71], "uv_size": [10, -5]},
								"west": {"uv": [67, 71], "uv_size": [10, -5]},
								"up": {"uv": [77, 66], "uv_size": [-10, 5]},
								"down": {"uv": [77, 66], "uv_size": [-10, 5]}
							}
						},
						{
							"origin": [2.3, 29.9, 9.8],
							"size": [0.8, 0.7, 0.3],
							"pivot": [3.55, 26.1, 28.4],
							"rotation": [0, 0, -55],
							"uv": {
								"north": {"uv": [67, 71], "uv_size": [10, -5]},
								"east": {"uv": [67, 71], "uv_size": [10, -5]},
								"south": {"uv": [67, 71], "uv_size": [10, -5]},
								"west": {"uv": [67, 71], "uv_size": [10, -5]},
								"up": {"uv": [77, 66], "uv_size": [-10, 5]},
								"down": {"uv": [77, 66], "uv_size": [-10, 5]}
							}
						},
						{
							"origin": [0.21474, 28.00356, 9.8],
							"size": [0.8, 0.7, 0.3],
							"pivot": [-0.05, 28.3, 10.1],
							"rotation": [10.55689, -14.66292, 53.63795],
							"uv": {
								"north": {"uv": [67, 71], "uv_size": [10, -5]},
								"east": {"uv": [67, 71], "uv_size": [10, -5]},
								"south": {"uv": [67, 71], "uv_size": [10, -5]},
								"west": {"uv": [67, 71], "uv_size": [10, -5]},
								"up": {"uv": [77, 66], "uv_size": [-10, 5]},
								"down": {"uv": [77, 66], "uv_size": [-10, 5]}
							}
						},
						{
							"origin": [-1.03726, 27.88918, 9.8],
							"size": [0.8, 0.7, 0.3],
							"pivot": [-0.05, 28.3, 10.1],
							"rotation": [10.55689, 14.66292, -53.63795],
							"uv": {
								"north": {"uv": [67, 71], "uv_size": [10, -5]},
								"east": {"uv": [67, 71], "uv_size": [10, -5]},
								"south": {"uv": [67, 71], "uv_size": [10, -5]},
								"west": {"uv": [67, 71], "uv_size": [10, -5]},
								"up": {"uv": [77, 66], "uv_size": [-10, 5]},
								"down": {"uv": [77, 66], "uv_size": [-10, 5]}
							}
						}
					]
				},
				{
					"name": "_ca_stock",
					"parent": "main",
					"pivot": [-0.2, 21.35, 2.675],
					"cubes": [
						{"origin": [-0.45, 24.45, 9.775], "size": [1, 1, 1], "uv": [52, 179]}
					]
				}
			]
		}
	]
}