{
	"format_version": "1.12.0",
	"minecraft:geometry": [
		{
			"description": {
				"identifier": "geometry.unknown",
				"texture_width": 128,
				"texture_height": 128,
				"visible_bounds_width": 9,
				"visible_bounds_height": 5,
				"visible_bounds_offset": [0, 0.5, 0]
			},
			"bones": [
				{
					"name": "main",
					"pivot": [0, 20, 0]
				},
				{
					"name": "pso",
					"parent": "main",
					"pivot": [0.2, 29.2, -6.55],
					"cubes": [
						{
							"origin": [-1.2504, 30.7734, -10.11],
							"size": [2.8572, 1.418, 7.8399],
							"inflate": -0.3,
							"uv": {
								"north": {"uv": [79, 7], "uv_size": [10, 2]},
								"east": {"uv": [79, 7], "uv_size": [10, 2]},
								"south": {"uv": [79, 7], "uv_size": [10, 2]},
								"west": {"uv": [79, 7], "uv_size": [10, 2]},
								"up": {"uv": [89, 9], "uv_size": [-10, -2]},
								"down": {"uv": [89, 9], "uv_size": [-10, -2]}
							}
						},
						{
							"origin": [-1.2504, 31.0734, -8.81],
							"size": [2.8572, 1.418, 3.4399],
							"inflate": -0.3,
							"uv": {
								"north": {"uv": [79, 7], "uv_size": [10, 2]},
								"east": {"uv": [79, 7], "uv_size": [10, 2]},
								"south": {"uv": [79, 7], "uv_size": [10, 2]},
								"west": {"uv": [79, 7], "uv_size": [10, 2]},
								"up": {"uv": [89, 9], "uv_size": [-10, -2]},
								"down": {"uv": [89, 9], "uv_size": [-10, -2]}
							}
						},
						{
							"origin": [-1.2504, 31.3734, -10.34],
							"size": [2.8572, 0.818, 0.83],
							"inflate": -0.3,
							"pivot": [1.32, 31.89, -9.81],
							"rotation": [28, 0, 0],
							"uv": {
								"north": {"uv": [79, 7], "uv_size": [10, 2]},
								"east": {"uv": [79, 7], "uv_size": [10, 2]},
								"south": {"uv": [79, 7], "uv_size": [10, 2]},
								"west": {"uv": [79, 7], "uv_size": [10, 2]},
								"up": {"uv": [89, 9], "uv_size": [-10, -2]},
								"down": {"uv": [89, 9], "uv_size": [-10, -2]}
							}
						},
						{
							"origin": [-1.2504, 30.6734, -10.65065],
							"size": [2.8572, 1.418, 0.9399],
							"inflate": -0.3,
							"pivot": [1.32, 31.79, -10.01],
							"rotation": [67, 0, 0],
							"uv": {
								"north": {"uv": [79, 7], "uv_size": [10, 2]},
								"east": {"uv": [79, 7], "uv_size": [10, 2]},
								"south": {"uv": [79, 7], "uv_size": [10, 2]},
								"west": {"uv": [79, 7], "uv_size": [10, 2]},
								"up": {"uv": [89, 9], "uv_size": [-10, -2]},
								"down": {"uv": [89, 9], "uv_size": [-10, -2]}
							}
						},
						{
							"origin": [-1.2504, 28.0186, -8.25065],
							"size": [2.8572, 1.418, 6.0399],
							"inflate": -0.3,
							"uv": {
								"north": {"uv": [79, 7], "uv_size": [10, 2]},
								"east": {"uv": [79, 7], "uv_size": [10, 2]},
								"south": {"uv": [79, 7], "uv_size": [10, 2]},
								"west": {"uv": [79, 7], "uv_size": [10, 2]},
								"up": {"uv": [89, 9], "uv_size": [-10, -2]},
								"down": {"uv": [89, 9], "uv_size": [-10, -2]}
							}
						},
						{
							"origin": [1.0496, 26.5186, -11.75065],
							"size": [1.0572, 2.9, 9.4399],
							"inflate": -0.3,
							"pivot": [1.8, 28.32, -8.07015],
							"rotation": [0, 0, -27],
							"uv": {
								"north": {"uv": [39, 5], "uv_size": [15, 5]},
								"east": {"uv": [39, 5], "uv_size": [15, 5]},
								"south": {"uv": [39, 5], "uv_size": [15, 5]},
								"west": {"uv": [39, 5], "uv_size": [15, 5]},
								"up": {"uv": [54, 10], "uv_size": [-15, -5]},
								"down": {"uv": [54, 10], "uv_size": [-15, -5]}
							}
						},
						{
							"origin": [1.2496, 27.0186, -5.35065],
							"size": [1.0572, 1.2, 3.0399],
							"inflate": -0.3,
							"pivot": [2, 27.92, -5.17015],
							"rotation": [0, 0, -67],
							"uv": {
								"north": {"uv": [39, 5], "uv_size": [15, 5]},
								"east": {"uv": [39, 5], "uv_size": [15, 5]},
								"south": {"uv": [39, 5], "uv_size": [15, 5]},
								"west": {"uv": [39, 5], "uv_size": [15, 5]},
								"up": {"uv": [54, 10], "uv_size": [-15, -5]},
								"down": {"uv": [54, 10], "uv_size": [-15, -5]}
							}
						},
						{
							"origin": [2.6328, 24.8186, -5.35065],
							"size": [0.8572, 1.93, 3],
							"inflate": -0.3,
							"pivot": [3.2, 26.42, -5.17015],
							"rotation": [0, 0, 29],
							"uv": {
								"north": {"uv": [39, 5], "uv_size": [15, 5]},
								"east": {"uv": [39, 5], "uv_size": [15, 5]},
								"south": {"uv": [39, 5], "uv_size": [15, 5]},
								"west": {"uv": [39, 5], "uv_size": [15, 5]},
								"up": {"uv": [54, 10], "uv_size": [-15, -5]},
								"down": {"uv": [54, 10], "uv_size": [-15, -5]}
							}
						},
						{
							"origin": [1.66, 24.9186, -5.35065],
							"size": [1.03, 1.23, 3],
							"inflate": -0.3,
							"pivot": [2, 25.82, -5.17015],
							"rotation": [0, 0, -32],
							"uv": {
								"north": {"uv": [39, 5], "uv_size": [15, 5]},
								"east": {"uv": [39, 5], "uv_size": [15, 5]},
								"south": {"uv": [39, 5], "uv_size": [15, 5]},
								"west": {"uv": [39, 5], "uv_size": [15, 5]},
								"up": {"uv": [54, 10], "uv_size": [-15, -5]},
								"down": {"uv": [54, 10], "uv_size": [-15, -5]}
							}
						},
						{
							"origin": [2.4328, 25.2186, -5.35065],
							"size": [0.8572, 1.23, 3],
							"inflate": -0.3,
							"pivot": [3.2, 26.42, -5.17015],
							"rotation": [0, 0, 29],
							"uv": {
								"north": {"uv": [39, 5], "uv_size": [15, 5]},
								"east": {"uv": [39, 5], "uv_size": [15, 5]},
								"south": {"uv": [39, 5], "uv_size": [15, 5]},
								"west": {"uv": [39, 5], "uv_size": [15, 5]},
								"up": {"uv": [54, 10], "uv_size": [-15, -5]},
								"down": {"uv": [54, 10], "uv_size": [-15, -5]}
							}
						},
						{
							"origin": [1.4496, 26.5186, -11.05065],
							"size": [0.7572, 2.9, 0.9399],
							"inflate": -0.3,
							"pivot": [1.8, 28.32, -8.07015],
							"rotation": [0, 0, -27],
							"uv": {
								"north": {"uv": [116, 20], "uv_size": [1, 1]},
								"east": {"uv": [116, 20], "uv_size": [1, 1]},
								"south": {"uv": [116, 20], "uv_size": [1, 1]},
								"west": {"uv": [116, 20], "uv_size": [1, 1]},
								"up": {"uv": [117, 21], "uv_size": [-1, -1]},
								"down": {"uv": [117, 21], "uv_size": [-1, -1]}
							}
						},
						{
							"origin": [1.4496, 26.5186, -9.75065],
							"size": [0.7572, 2.9, 0.9399],
							"inflate": -0.3,
							"pivot": [1.8, 28.32, -6.77015],
							"rotation": [0, 0, -27],
							"uv": {
								"north": {"uv": [116, 20], "uv_size": [1, 1]},
								"east": {"uv": [116, 20], "uv_size": [1, 1]},
								"south": {"uv": [116, 20], "uv_size": [1, 1]},
								"west": {"uv": [116, 20], "uv_size": [1, 1]},
								"up": {"uv": [117, 21], "uv_size": [-1, -1]},
								"down": {"uv": [117, 21], "uv_size": [-1, -1]}
							}
						},
						{
							"origin": [1.4496, 27.4186, -3.95065],
							"size": [0.7572, 2, 0.9399],
							"inflate": -0.3,
							"pivot": [1.8, 28.32, -0.97015],
							"rotation": [0, 0, -27],
							"uv": {
								"north": {"uv": [116, 20], "uv_size": [1, 1]},
								"east": {"uv": [116, 20], "uv_size": [1, 1]},
								"south": {"uv": [116, 20], "uv_size": [1, 1]},
								"west": {"uv": [116, 20], "uv_size": [1, 1]},
								"up": {"uv": [117, 21], "uv_size": [-1, -1]},
								"down": {"uv": [117, 21], "uv_size": [-1, -1]}
							}
						},
						{
							"origin": [1.4496, 27.4186, -5.25065],
							"size": [0.7572, 2, 0.9399],
							"inflate": -0.3,
							"pivot": [1.8, 28.32, -2.27015],
							"rotation": [0, 0, -27],
							"uv": {
								"north": {"uv": [116, 20], "uv_size": [1, 1]},
								"east": {"uv": [116, 20], "uv_size": [1, 1]},
								"south": {"uv": [116, 20], "uv_size": [1, 1]},
								"west": {"uv": [116, 20], "uv_size": [1, 1]},
								"up": {"uv": [117, 21], "uv_size": [-1, -1]},
								"down": {"uv": [117, 21], "uv_size": [-1, -1]}
							}
						},
						{
							"origin": [0.0576, 28.7644, -8.25065],
							"size": [2.3016, 2.6746, 6.0399],
							"inflate": -0.3,
							"uv": {
								"north": {"uv": [79, 7], "uv_size": [10, 2]},
								"east": {"uv": [79, 7], "uv_size": [10, 2]},
								"south": {"uv": [79, 7], "uv_size": [10, 2]},
								"west": {"uv": [79, 7], "uv_size": [10, 2]},
								"up": {"uv": [89, 9], "uv_size": [-10, -2]},
								"down": {"uv": [89, 9], "uv_size": [-10, -2]}
							}
						},
						{
							"origin": [0.2576, 29.225, -5.35065],
							"size": [2.2016, 1.015, 1],
							"inflate": -0.3,
							"pivot": [2.2592, 29.94, -5.0507],
							"rotation": [-44, 0, 0],
							"uv": {
								"north": {"uv": [79, 7], "uv_size": [10, 2]},
								"east": {"uv": [79, 7], "uv_size": [10, 2]},
								"south": {"uv": [79, 7], "uv_size": [10, 2]},
								"west": {"uv": [79, 7], "uv_size": [10, 2]},
								"up": {"uv": [89, 9], "uv_size": [-10, -2]},
								"down": {"uv": [89, 9], "uv_size": [-10, -2]}
							}
						},
						{
							"origin": [1.8576, 29.325, -5.35065],
							"size": [0.7016, 0.915, 0.9],
							"inflate": -0.3,
							"pivot": [2.2592, 29.94, -5.1507],
							"rotation": [-44, 0, 0],
							"uv": {
								"north": {"uv": [116, 20], "uv_size": [1, 1]},
								"east": {"uv": [116, 20], "uv_size": [1, 1]},
								"south": {"uv": [116, 20], "uv_size": [1, 1]},
								"west": {"uv": [116, 20], "uv_size": [1, 1]},
								"up": {"uv": [117, 21], "uv_size": [-1, -1]},
								"down": {"uv": [117, 21], "uv_size": [-1, -1]}
							}
						},
						{
							"origin": [0.2576, 29.0644, -7.65065],
							"size": [2.2016, 1.1746, 2.9],
							"inflate": -0.3,
							"uv": {
								"north": {"uv": [79, 7], "uv_size": [10, 2]},
								"east": {"uv": [79, 7], "uv_size": [10, 2]},
								"south": {"uv": [79, 7], "uv_size": [10, 2]},
								"west": {"uv": [79, 7], "uv_size": [10, 2]},
								"up": {"uv": [89, 9], "uv_size": [-10, -2]},
								"down": {"uv": [89, 9], "uv_size": [-10, -2]}
							}
						},
						{
							"origin": [0.9576, 28.0644, -7.65065],
							"size": [1.5016, 1.6746, 1.9],
							"inflate": -0.3,
							"uv": {
								"north": {"uv": [79, 7], "uv_size": [10, 2]},
								"east": {"uv": [79, 7], "uv_size": [10, 2]},
								"south": {"uv": [79, 7], "uv_size": [10, 2]},
								"west": {"uv": [79, 7], "uv_size": [10, 2]},
								"up": {"uv": [89, 9], "uv_size": [-10, -2]},
								"down": {"uv": [89, 9], "uv_size": [-10, -2]}
							}
						},
						{
							"origin": [1.5576, 27.1644, -7.65065],
							"size": [0.9016, 1.5746, 1.9],
							"inflate": -0.3,
							"uv": {
								"north": {"uv": [79, 7], "uv_size": [10, 2]},
								"east": {"uv": [79, 7], "uv_size": [10, 2]},
								"south": {"uv": [79, 7], "uv_size": [10, 2]},
								"west": {"uv": [79, 7], "uv_size": [10, 2]},
								"up": {"uv": [89, 9], "uv_size": [-10, -2]},
								"down": {"uv": [89, 9], "uv_size": [-10, -2]}
							}
						},
						{
							"origin": [1.6576, 24.8644, -11.75065],
							"size": [1.3016, 2.4746, 3],
							"inflate": -0.3,
							"uv": {
								"north": {"uv": [39, 5], "uv_size": [15, 5]},
								"east": {"uv": [39, 5], "uv_size": [15, 5]},
								"south": {"uv": [39, 5], "uv_size": [15, 5]},
								"west": {"uv": [39, 5], "uv_size": [15, 5]},
								"up": {"uv": [54, 10], "uv_size": [-15, -5]},
								"down": {"uv": [54, 10], "uv_size": [-15, -5]}
							}
						},
						{
							"origin": [1.9576, 20.7644, -11.75065],
							"size": [0.9016, 4.7746, 3],
							"inflate": -0.3,
							"uv": {
								"north": {"uv": [39, 5], "uv_size": [15, 5]},
								"east": {"uv": [39, 5], "uv_size": [15, 5]},
								"south": {"uv": [39, 5], "uv_size": [15, 5]},
								"west": {"uv": [39, 5], "uv_size": [15, 5]},
								"up": {"uv": [54, 10], "uv_size": [-15, -5]},
								"down": {"uv": [54, 10], "uv_size": [-15, -5]}
							}
						},
						{
							"origin": [2.0576, 20.4644, -11.05065],
							"size": [0.9016, 5.0746, 0.9],
							"inflate": -0.3,
							"uv": {
								"north": {"uv": [116, 20], "uv_size": [1, 1]},
								"east": {"uv": [116, 20], "uv_size": [1, 1]},
								"south": {"uv": [116, 20], "uv_size": [1, 1]},
								"west": {"uv": [116, 20], "uv_size": [1, 1]},
								"up": {"uv": [117, 21], "uv_size": [-1, -1]},
								"down": {"uv": [117, 21], "uv_size": [-1, -1]}
							}
						},
						{
							"origin": [2.0576, 19.8644, -9.75065],
							"size": [0.9016, 5.6746, 0.9],
							"inflate": -0.3,
							"uv": {
								"north": {"uv": [116, 20], "uv_size": [1, 1]},
								"east": {"uv": [116, 20], "uv_size": [1, 1]},
								"south": {"uv": [116, 20], "uv_size": [1, 1]},
								"west": {"uv": [116, 20], "uv_size": [1, 1]},
								"up": {"uv": [117, 21], "uv_size": [-1, -1]},
								"down": {"uv": [117, 21], "uv_size": [-1, -1]}
							}
						},
						{
							"origin": [2.2576, 19.3644, -5.25065],
							"size": [0.7016, 6.4746, 0.9],
							"inflate": -0.3,
							"uv": {
								"north": {"uv": [116, 20], "uv_size": [1, 1]},
								"east": {"uv": [116, 20], "uv_size": [1, 1]},
								"south": {"uv": [116, 20], "uv_size": [1, 1]},
								"west": {"uv": [116, 20], "uv_size": [1, 1]},
								"up": {"uv": [117, 21], "uv_size": [-1, -1]},
								"down": {"uv": [117, 21], "uv_size": [-1, -1]}
							}
						},
						{
							"origin": [2.2576, 19.3644, -4.95065],
							"size": [0.7016, 0.8746, 1.6],
							"inflate": -0.3,
							"uv": {
								"north": {"uv": [116, 20], "uv_size": [1, 1]},
								"east": {"uv": [116, 20], "uv_size": [1, 1]},
								"south": {"uv": [116, 20], "uv_size": [1, 1]},
								"west": {"uv": [116, 20], "uv_size": [1, 1]},
								"up": {"uv": [117, 21], "uv_size": [-1, -1]},
								"down": {"uv": [117, 21], "uv_size": [-1, -1]}
							}
						},
						{
							"origin": [2.0576, 19.8, -3.95065],
							"size": [0.9016, 5.9746, 0.9],
							"inflate": -0.3,
							"uv": {
								"north": {"uv": [116, 20], "uv_size": [1, 1]},
								"east": {"uv": [116, 20], "uv_size": [1, 1]},
								"south": {"uv": [116, 20], "uv_size": [1, 1]},
								"west": {"uv": [116, 20], "uv_size": [1, 1]},
								"up": {"uv": [117, 21], "uv_size": [-1, -1]},
								"down": {"uv": [117, 21], "uv_size": [-1, -1]}
							}
						},
						{
							"origin": [1.7576, 21.5644, -11.75065],
							"size": [0.9016, 0.8746, 3],
							"inflate": -0.3,
							"uv": {
								"north": {"uv": [39, 5], "uv_size": [15, 5]},
								"east": {"uv": [39, 5], "uv_size": [15, 5]},
								"south": {"uv": [39, 5], "uv_size": [15, 5]},
								"west": {"uv": [39, 5], "uv_size": [15, 5]},
								"up": {"uv": [54, 10], "uv_size": [-15, -5]},
								"down": {"uv": [54, 10], "uv_size": [-15, -5]}
							}
						},
						{
							"origin": [1.9576, 20.7644, -5.35065],
							"size": [0.9016, 5.7746, 3],
							"inflate": -0.3,
							"uv": {
								"north": {"uv": [39, 5], "uv_size": [15, 5]},
								"east": {"uv": [39, 5], "uv_size": [15, 5]},
								"south": {"uv": [39, 5], "uv_size": [15, 5]},
								"west": {"uv": [39, 5], "uv_size": [15, 5]},
								"up": {"uv": [54, 10], "uv_size": [-15, -5]},
								"down": {"uv": [54, 10], "uv_size": [-15, -5]}
							}
						},
						{
							"origin": [1.9576, 19.0644, -5.35065],
							"size": [0.9016, 2.3, 3],
							"inflate": -0.3,
							"pivot": [2.5592, 21.06, -2.6506],
							"rotation": [-36, 0, 0],
							"uv": {
								"north": {"uv": [39, 5], "uv_size": [15, 5]},
								"east": {"uv": [39, 5], "uv_size": [15, 5]},
								"south": {"uv": [39, 5], "uv_size": [15, 5]},
								"west": {"uv": [39, 5], "uv_size": [15, 5]},
								"up": {"uv": [54, 10], "uv_size": [-15, -5]},
								"down": {"uv": [54, 10], "uv_size": [-15, -5]}
							}
						},
						{
							"origin": [2.2484, 19.0644, -3.25065],
							"size": [0.7016, 1.11, 0.9],
							"inflate": -0.3,
							"pivot": [2.6592, 21.06, -2.6506],
							"rotation": [-36, 0, 0],
							"uv": {
								"north": {"uv": [116, 20], "uv_size": [1, 1]},
								"east": {"uv": [116, 20], "uv_size": [1, 1]},
								"south": {"uv": [116, 20], "uv_size": [1, 1]},
								"west": {"uv": [116, 20], "uv_size": [1, 1]},
								"up": {"uv": [117, 21], "uv_size": [-1, -1]},
								"down": {"uv": [117, 21], "uv_size": [-1, -1]}
							}
						},
						{
							"origin": [1.9576, 17.5644, -11.74935],
							"size": [0.9016, 3.8, 2],
							"inflate": -0.3,
							"pivot": [2.5592, 21.06, -11.4494],
							"rotation": [64, 0, 0],
							"uv": {
								"north": {"uv": [39, 5], "uv_size": [15, 5]},
								"east": {"uv": [39, 5], "uv_size": [15, 5]},
								"south": {"uv": [39, 5], "uv_size": [15, 5]},
								"west": {"uv": [39, 5], "uv_size": [15, 5]},
								"up": {"uv": [54, 10], "uv_size": [-15, -5]},
								"down": {"uv": [54, 10], "uv_size": [-15, -5]}
							}
						},
						{
							"origin": [2.2576, 18.3644, -11.74935],
							"size": [0.7016, 2.2, 0.9],
							"inflate": -0.3,
							"pivot": [2.6592, 21.06, -11.4494],
							"rotation": [64, 0, 0],
							"uv": {
								"north": {"uv": [116, 20], "uv_size": [1, 1]},
								"east": {"uv": [116, 20], "uv_size": [1, 1]},
								"south": {"uv": [116, 20], "uv_size": [1, 1]},
								"west": {"uv": [116, 20], "uv_size": [1, 1]},
								"up": {"uv": [117, 21], "uv_size": [-1, -1]},
								"down": {"uv": [117, 21], "uv_size": [-1, -1]}
							}
						},
						{
							"origin": [2.2576, 18.3, -11.74935],
							"size": [0.7016, 0.7, 0.8],
							"inflate": -0.3,
							"pivot": [2.6592, 21.06, -11.4494],
							"rotation": [64, 0, 0],
							"uv": {
								"north": {"uv": [116, 20], "uv_size": [1, 1]},
								"east": {"uv": [116, 20], "uv_size": [1, 1]},
								"south": {"uv": [116, 20], "uv_size": [1, 1]},
								"west": {"uv": [116, 20], "uv_size": [1, 1]},
								"up": {"uv": [117, 21], "uv_size": [-1, -1]},
								"down": {"uv": [117, 21], "uv_size": [-1, -1]}
							}
						},
						{
							"origin": [2.2576, 19.9, -11.74935],
							"size": [0.7016, 0.7, 0.7],
							"inflate": -0.3,
							"pivot": [2.6592, 21.06, -11.4494],
							"rotation": [64, 0, 0],
							"uv": {
								"north": {"uv": [116, 20], "uv_size": [1, 1]},
								"east": {"uv": [116, 20], "uv_size": [1, 1]},
								"south": {"uv": [116, 20], "uv_size": [1, 1]},
								"west": {"uv": [116, 20], "uv_size": [1, 1]},
								"up": {"uv": [117, 21], "uv_size": [-1, -1]},
								"down": {"uv": [117, 21], "uv_size": [-1, -1]}
							}
						},
						{
							"origin": [1.7576, 21.5644, -5.35065],
							"size": [0.9016, 0.8746, 3],
							"inflate": -0.3,
							"uv": {
								"north": {"uv": [39, 5], "uv_size": [15, 5]},
								"east": {"uv": [39, 5], "uv_size": [15, 5]},
								"south": {"uv": [39, 5], "uv_size": [15, 5]},
								"west": {"uv": [39, 5], "uv_size": [15, 5]},
								"up": {"uv": [54, 10], "uv_size": [-15, -5]},
								"down": {"uv": [54, 10], "uv_size": [-15, -5]}
							}
						},
						{
							"origin": [1.9576, 20.7644, -9.35065],
							"size": [0.9016, 1.6746, 4.6],
							"inflate": -0.3,
							"uv": {
								"north": {"uv": [39, 5], "uv_size": [15, 5]},
								"east": {"uv": [39, 5], "uv_size": [15, 5]},
								"south": {"uv": [39, 5], "uv_size": [15, 5]},
								"west": {"uv": [39, 5], "uv_size": [15, 5]},
								"up": {"uv": [54, 10], "uv_size": [-15, -5]},
								"down": {"uv": [54, 10], "uv_size": [-15, -5]}
							}
						},
						{
							"origin": [1.9576, 19.3644, -8.85065],
							"size": [0.9016, 2, 5.5],
							"inflate": -0.3,
							"uv": {
								"north": {"uv": [39, 5], "uv_size": [15, 5]},
								"east": {"uv": [39, 5], "uv_size": [15, 5]},
								"south": {"uv": [39, 5], "uv_size": [15, 5]},
								"west": {"uv": [39, 5], "uv_size": [15, 5]},
								"up": {"uv": [54, 10], "uv_size": [-15, -5]},
								"down": {"uv": [54, 10], "uv_size": [-15, -5]}
							}
						},
						{
							"origin": [1.4576, 27.8644, -7.65065],
							"size": [0.7016, 0.8746, 1.9],
							"inflate": -0.3,
							"uv": {
								"north": {"uv": [79, 7], "uv_size": [10, 2]},
								"east": {"uv": [79, 7], "uv_size": [10, 2]},
								"south": {"uv": [79, 7], "uv_size": [10, 2]},
								"west": {"uv": [79, 7], "uv_size": [10, 2]},
								"up": {"uv": [89, 9], "uv_size": [-10, -2]},
								"down": {"uv": [89, 9], "uv_size": [-10, -2]}
							}
						},
						{
							"origin": [-1.9192, 28.6753, -8.25065],
							"size": [2.618, 2.8473, 6.0399],
							"inflate": -0.3,
							"uv": {
								"north": {"uv": [79, 7], "uv_size": [10, 2]},
								"east": {"uv": [79, 7], "uv_size": [10, 2]},
								"south": {"uv": [79, 7], "uv_size": [10, 2]},
								"west": {"uv": [79, 7], "uv_size": [10, 2]},
								"up": {"uv": [89, 9], "uv_size": [-10, -2]},
								"down": {"uv": [89, 9], "uv_size": [-10, -2]}
							}
						},
						{
							"origin": [-1.2192, 30.7753, -4.55065],
							"size": [2.818, 1.0473, 2.3399],
							"inflate": -0.3,
							"uv": {
								"north": {"uv": [79, 7], "uv_size": [10, 2]},
								"east": {"uv": [79, 7], "uv_size": [10, 2]},
								"south": {"uv": [79, 7], "uv_size": [10, 2]},
								"west": {"uv": [79, 7], "uv_size": [10, 2]},
								"up": {"uv": [89, 9], "uv_size": [-10, -2]},
								"down": {"uv": [89, 9], "uv_size": [-10, -2]}
							}
						},
						{
							"origin": [-21.37292, 37.34308, -8.25065],
							"size": [1.1016, 1.54468, 6.0399],
							"inflate": -0.3,
							"pivot": [-19.0916, 10.9496, -6.57015],
							"rotation": [0, 0, 45],
							"uv": {
								"north": {"uv": [79, 7], "uv_size": [10, 2]},
								"east": {"uv": [79, 7], "uv_size": [10, 2]},
								"south": {"uv": [79, 7], "uv_size": [10, 2]},
								"west": {"uv": [79, 7], "uv_size": [10, 2]},
								"up": {"uv": [89, 9], "uv_size": [-10, -2]},
								"down": {"uv": [89, 9], "uv_size": [-10, -2]}
							}
						},
						{
							"origin": [19.60812, 39.68388, -8.25065],
							"size": [1.2016, 1.66172, 6.0399],
							"inflate": -0.3,
							"pivot": [21.956, 13.2904, -6.57015],
							"rotation": [0, 0, -45],
							"uv": {
								"north": {"uv": [79, 7], "uv_size": [10, 2]},
								"east": {"uv": [79, 7], "uv_size": [10, 2]},
								"south": {"uv": [79, 7], "uv_size": [10, 2]},
								"west": {"uv": [79, 7], "uv_size": [10, 2]},
								"up": {"uv": [89, 9], "uv_size": [-10, -2]},
								"down": {"uv": [89, 9], "uv_size": [-10, -2]}
							}
						},
						{
							"origin": [-21.37292, 21.32224, -8.25065],
							"size": [1.4016, 1.54468, 6.0399],
							"inflate": -0.3,
							"pivot": [-19.0916, 49.2604, -6.57015],
							"rotation": [0, 0, -45],
							"uv": {
								"north": {"uv": [79, 7], "uv_size": [10, 2]},
								"east": {"uv": [79, 7], "uv_size": [10, 2]},
								"south": {"uv": [79, 7], "uv_size": [10, 2]},
								"west": {"uv": [79, 7], "uv_size": [10, 2]},
								"up": {"uv": [89, 9], "uv_size": [-10, -2]},
								"down": {"uv": [89, 9], "uv_size": [-10, -2]}
							}
						},
						{
							"origin": [19.20812, 18.8644, -8.25065],
							"size": [1.6016, 1.66172, 6.0399],
							"inflate": -0.3,
							"pivot": [21.956, 46.9196, -6.57015],
							"rotation": [0, 0, 45],
							"uv": {
								"north": {"uv": [79, 7], "uv_size": [10, 2]},
								"east": {"uv": [79, 7], "uv_size": [10, 2]},
								"south": {"uv": [79, 7], "uv_size": [10, 2]},
								"west": {"uv": [79, 7], "uv_size": [10, 2]},
								"up": {"uv": [89, 9], "uv_size": [-10, -2]},
								"down": {"uv": [89, 9], "uv_size": [-10, -2]}
							}
						},
						{
							"origin": [-1.95158, 28.67281, -2.90566],
							"size": [1.02636, 2.89225, 0.8447],
							"inflate": -0.3,
							"uv": {
								"north": {"uv": [116, 20], "uv_size": [1, 1]},
								"east": {"uv": [116, 20], "uv_size": [1, 1]},
								"south": {"uv": [116, 20], "uv_size": [1, 1]},
								"west": {"uv": [116, 20], "uv_size": [1, 1]},
								"up": {"uv": [117, 21], "uv_size": [-1, -1]},
								"down": {"uv": [117, 21], "uv_size": [-1, -1]}
							}
						},
						{
							"origin": [-21.79438, 37.51394, -2.90566],
							"size": [1.11163, 1.56357, 0.8447],
							"inflate": -0.3,
							"pivot": [-19.47343, 10.58659, -1.19755],
							"rotation": [0, 0, 45],
							"uv": {
								"north": {"uv": [116, 20], "uv_size": [1, 1]},
								"east": {"uv": [116, 20], "uv_size": [1, 1]},
								"south": {"uv": [116, 20], "uv_size": [1, 1]},
								"west": {"uv": [116, 20], "uv_size": [1, 1]},
								"up": {"uv": [117, 21], "uv_size": [-1, -1]},
								"down": {"uv": [117, 21], "uv_size": [-1, -1]}
							}
						},
						{
							"origin": [-1.26941, 31.22087, -2.90566],
							"size": [2.90234, 1.02636, 0.8447],
							"inflate": -0.3,
							"uv": {
								"north": {"uv": [116, 20], "uv_size": [1, 1]},
								"east": {"uv": [116, 20], "uv_size": [1, 1]},
								"south": {"uv": [116, 20], "uv_size": [1, 1]},
								"west": {"uv": [116, 20], "uv_size": [1, 1]},
								"up": {"uv": [117, 21], "uv_size": [-1, -1]},
								"down": {"uv": [117, 21], "uv_size": [-1, -1]}
							}
						},
						{
							"origin": [20.10828, 39.90156, -2.90566],
							"size": [1.11163, 1.68295, 0.8447],
							"inflate": -0.3,
							"pivot": [22.39512, 12.97421, -1.19755],
							"rotation": [0, 0, -45],
							"uv": {
								"north": {"uv": [116, 20], "uv_size": [1, 1]},
								"east": {"uv": [116, 20], "uv_size": [1, 1]},
								"south": {"uv": [116, 20], "uv_size": [1, 1]},
								"west": {"uv": [116, 20], "uv_size": [1, 1]},
								"up": {"uv": [117, 21], "uv_size": [-1, -1]},
								"down": {"uv": [117, 21], "uv_size": [-1, -1]}
							}
						},
						{
							"origin": [1.28875, 28.76369, -2.90566],
							"size": [1.11163, 2.71609, 0.8447],
							"inflate": -0.3,
							"uv": {
								"north": {"uv": [116, 20], "uv_size": [1, 1]},
								"east": {"uv": [116, 20], "uv_size": [1, 1]},
								"south": {"uv": [116, 20], "uv_size": [1, 1]},
								"west": {"uv": [116, 20], "uv_size": [1, 1]},
								"up": {"uv": [117, 21], "uv_size": [-1, -1]},
								"down": {"uv": [117, 21], "uv_size": [-1, -1]}
							}
						},
						{
							"origin": [20.10828, 18.66569, -2.90566],
							"size": [1.11163, 1.68295, 0.8447],
							"inflate": -0.3,
							"pivot": [22.39512, 47.27599, -1.19755],
							"rotation": [0, 0, 45],
							"uv": {
								"north": {"uv": [116, 20], "uv_size": [1, 1]},
								"east": {"uv": [116, 20], "uv_size": [1, 1]},
								"south": {"uv": [116, 20], "uv_size": [1, 1]},
								"west": {"uv": [116, 20], "uv_size": [1, 1]},
								"up": {"uv": [117, 21], "uv_size": [-1, -1]},
								"down": {"uv": [117, 21], "uv_size": [-1, -1]}
							}
						},
						{
							"origin": [-1.26941, 28.00297, -2.90566],
							"size": [2.90234, 1.02636, 0.8447],
							"inflate": -0.3,
							"uv": {
								"north": {"uv": [116, 20], "uv_size": [1, 1]},
								"east": {"uv": [116, 20], "uv_size": [1, 1]},
								"south": {"uv": [116, 20], "uv_size": [1, 1]},
								"west": {"uv": [116, 20], "uv_size": [1, 1]},
								"up": {"uv": [117, 21], "uv_size": [-1, -1]},
								"down": {"uv": [117, 21], "uv_size": [-1, -1]}
							}
						},
						{
							"origin": [-21.79438, 21.17268, -2.90566],
							"size": [1.11163, 1.56357, 0.8447],
							"inflate": -0.3,
							"pivot": [-19.47343, 49.66361, -1.19755],
							"rotation": [0, 0, -45],
							"uv": {
								"north": {"uv": [116, 20], "uv_size": [1, 1]},
								"east": {"uv": [116, 20], "uv_size": [1, 1]},
								"south": {"uv": [116, 20], "uv_size": [1, 1]},
								"west": {"uv": [116, 20], "uv_size": [1, 1]},
								"up": {"uv": [117, 21], "uv_size": [-1, -1]},
								"down": {"uv": [117, 21], "uv_size": [-1, -1]}
							}
						},
						{
							"origin": [-1.11485, 31.02514, -12.04651],
							"size": [2.53527, 0.95838, 4.46403],
							"inflate": -0.3,
							"uv": {
								"north": {"uv": [79, 7], "uv_size": [10, 2]},
								"east": {"uv": [79, 7], "uv_size": [10, 2]},
								"south": {"uv": [79, 7], "uv_size": [10, 2]},
								"west": {"uv": [79, 7], "uv_size": [10, 2]},
								"up": {"uv": [89, 9], "uv_size": [-10, -2]},
								"down": {"uv": [89, 9], "uv_size": [-10, -2]}
							}
						},
						{
							"origin": [1.03545, 28.95973, -12.04651],
							"size": [1.03006, 2.37871, 4.46403],
							"inflate": -0.3,
							"uv": {
								"north": {"uv": [79, 7], "uv_size": [10, 2]},
								"east": {"uv": [79, 7], "uv_size": [10, 2]},
								"south": {"uv": [79, 7], "uv_size": [10, 2]},
								"west": {"uv": [79, 7], "uv_size": [10, 2]},
								"up": {"uv": [89, 9], "uv_size": [-10, -2]},
								"down": {"uv": [89, 9], "uv_size": [-10, -2]}
							}
						},
						{
							"origin": [-1.68826, 28.88334, -12.04651],
							"size": [0.95838, 2.52678, 4.46403],
							"inflate": -0.3,
							"uv": {
								"north": {"uv": [79, 7], "uv_size": [10, 2]},
								"east": {"uv": [79, 7], "uv_size": [10, 2]},
								"south": {"uv": [79, 7], "uv_size": [10, 2]},
								"west": {"uv": [79, 7], "uv_size": [10, 2]},
								"up": {"uv": [89, 9], "uv_size": [-10, -2]},
								"down": {"uv": [89, 9], "uv_size": [-10, -2]}
							}
						},
						{
							"origin": [-18.36739, 36.31487, -12.04651],
							"size": [1.03006, 1.40995, 4.46403],
							"inflate": -0.3,
							"pivot": [-16.36866, 13.72855, -11.36291],
							"rotation": [0, 0, 45],
							"uv": {
								"north": {"uv": [79, 7], "uv_size": [10, 2]},
								"east": {"uv": [79, 7], "uv_size": [10, 2]},
								"south": {"uv": [79, 7], "uv_size": [10, 2]},
								"west": {"uv": [79, 7], "uv_size": [10, 2]},
								"up": {"uv": [89, 9], "uv_size": [-10, -2]},
								"down": {"uv": [89, 9], "uv_size": [-10, -2]}
							}
						},
						{
							"origin": [16.85446, 38.32182, -12.04651],
							"size": [1.03006, 1.51029, 4.46403],
							"inflate": -0.3,
							"pivot": [18.82453, 15.73549, -11.36291],
							"rotation": [0, 0, -45],
							"uv": {
								"north": {"uv": [79, 7], "uv_size": [10, 2]},
								"east": {"uv": [79, 7], "uv_size": [10, 2]},
								"south": {"uv": [79, 7], "uv_size": [10, 2]},
								"west": {"uv": [79, 7], "uv_size": [10, 2]},
								"up": {"uv": [89, 9], "uv_size": [-10, -2]},
								"down": {"uv": [89, 9], "uv_size": [-10, -2]}
							}
						},
						{
							"origin": [-18.36739, 22.57901, -12.04651],
							"size": [1.03006, 1.40995, 4.46403],
							"inflate": -0.3,
							"pivot": [-16.36866, 46.57527, -11.36291],
							"rotation": [0, 0, -45],
							"uv": {
								"north": {"uv": [79, 7], "uv_size": [10, 2]},
								"east": {"uv": [79, 7], "uv_size": [10, 2]},
								"south": {"uv": [79, 7], "uv_size": [10, 2]},
								"west": {"uv": [79, 7], "uv_size": [10, 2]},
								"up": {"uv": [89, 9], "uv_size": [-10, -2]},
								"down": {"uv": [89, 9], "uv_size": [-10, -2]}
							}
						},
						{
							"origin": [16.85446, 20.47171, -12.04651],
							"size": [1.03006, 1.51029, 4.46403],
							"inflate": -0.3,
							"pivot": [18.82453, 44.56833, -11.36291],
							"rotation": [0, 0, 45],
							"uv": {
								"north": {"uv": [79, 7], "uv_size": [10, 2]},
								"east": {"uv": [79, 7], "uv_size": [10, 2]},
								"south": {"uv": [79, 7], "uv_size": [10, 2]},
								"west": {"uv": [79, 7], "uv_size": [10, 2]},
								"up": {"uv": [89, 9], "uv_size": [-10, -2]},
								"down": {"uv": [89, 9], "uv_size": [-10, -2]}
							}
						},
						{
							"origin": [-1.11485, 28.3203, -12.04651],
							"size": [2.53527, 0.95838, 4.46403],
							"inflate": -0.3,
							"uv": {
								"north": {"uv": [79, 7], "uv_size": [10, 2]},
								"east": {"uv": [79, 7], "uv_size": [10, 2]},
								"south": {"uv": [79, 7], "uv_size": [10, 2]},
								"west": {"uv": [79, 7], "uv_size": [10, 2]},
								"up": {"uv": [89, 9], "uv_size": [-10, -2]},
								"down": {"uv": [89, 9], "uv_size": [-10, -2]}
							}
						},
						{
							"origin": [-1.13115, 28.3107, -12.08144],
							"size": [2.57397, 0.96555, 0.76731],
							"inflate": -0.3,
							"uv": {
								"north": {"uv": [116, 20], "uv_size": [1, 1]},
								"east": {"uv": [116, 20], "uv_size": [1, 1]},
								"south": {"uv": [116, 20], "uv_size": [1, 1]},
								"west": {"uv": [116, 20], "uv_size": [1, 1]},
								"up": {"uv": [117, 21], "uv_size": [-1, -1]},
								"down": {"uv": [117, 21], "uv_size": [-1, -1]}
							}
						},
						{
							"origin": [17.19755, 20.30515, -12.08144],
							"size": [1.03866, 1.5285, 0.76731],
							"inflate": -0.3,
							"pivot": [19.20102, 44.8777, -15.16417],
							"rotation": [0, 0, 45],
							"uv": {
								"north": {"uv": [116, 20], "uv_size": [1, 1]},
								"east": {"uv": [116, 20], "uv_size": [1, 1]},
								"south": {"uv": [116, 20], "uv_size": [1, 1]},
								"west": {"uv": [116, 20], "uv_size": [1, 1]},
								"up": {"uv": [117, 21], "uv_size": [-1, -1]},
								"down": {"uv": [117, 21], "uv_size": [-1, -1]}
							}
						},
						{
							"origin": [-18.72874, 22.45459, -12.08144],
							"size": [1.03866, 1.42614, 0.76731],
							"inflate": -0.3,
							"pivot": [-16.69603, 46.92478, -15.16417],
							"rotation": [0, 0, -45],
							"uv": {
								"north": {"uv": [116, 20], "uv_size": [1, 1]},
								"east": {"uv": [116, 20], "uv_size": [1, 1]},
								"south": {"uv": [116, 20], "uv_size": [1, 1]},
								"west": {"uv": [116, 20], "uv_size": [1, 1]},
								"up": {"uv": [117, 21], "uv_size": [-1, -1]},
								"down": {"uv": [117, 21], "uv_size": [-1, -1]}
							}
						},
						{
							"origin": [17.19755, 38.51225, -12.08144],
							"size": [1.03866, 1.5285, 0.76731],
							"inflate": -0.3,
							"pivot": [19.20102, 15.4682, -15.16417],
							"rotation": [0, 0, -45],
							"uv": {
								"north": {"uv": [116, 20], "uv_size": [1, 1]},
								"east": {"uv": [116, 20], "uv_size": [1, 1]},
								"south": {"uv": [116, 20], "uv_size": [1, 1]},
								"west": {"uv": [116, 20], "uv_size": [1, 1]},
								"up": {"uv": [117, 21], "uv_size": [-1, -1]},
								"down": {"uv": [117, 21], "uv_size": [-1, -1]}
							}
						},
						{
							"origin": [-18.72874, 36.46517, -12.08144],
							"size": [1.03866, 1.42614, 0.76731],
							"inflate": -0.3,
							"pivot": [-16.69603, 13.42112, -15.16417],
							"rotation": [0, 0, 45],
							"uv": {
								"north": {"uv": [116, 20], "uv_size": [1, 1]},
								"east": {"uv": [116, 20], "uv_size": [1, 1]},
								"south": {"uv": [116, 20], "uv_size": [1, 1]},
								"west": {"uv": [116, 20], "uv_size": [1, 1]},
								"up": {"uv": [117, 21], "uv_size": [-1, -1]},
								"down": {"uv": [117, 21], "uv_size": [-1, -1]}
							}
						},
						{
							"origin": [-1.71603, 28.885, -12.08144],
							"size": [0.96555, 2.56531, 0.76731],
							"inflate": -0.3,
							"uv": {
								"north": {"uv": [116, 20], "uv_size": [1, 1]},
								"east": {"uv": [116, 20], "uv_size": [1, 1]},
								"south": {"uv": [116, 20], "uv_size": [1, 1]},
								"west": {"uv": [116, 20], "uv_size": [1, 1]},
								"up": {"uv": [117, 21], "uv_size": [-1, -1]},
								"down": {"uv": [117, 21], "uv_size": [-1, -1]}
							}
						},
						{
							"origin": [1.06216, 28.96292, -12.08144],
							"size": [1.03866, 2.41428, 0.76731],
							"inflate": -0.3,
							"uv": {
								"north": {"uv": [116, 20], "uv_size": [1, 1]},
								"east": {"uv": [116, 20], "uv_size": [1, 1]},
								"south": {"uv": [116, 20], "uv_size": [1, 1]},
								"west": {"uv": [116, 20], "uv_size": [1, 1]},
								"up": {"uv": [117, 21], "uv_size": [-1, -1]},
								"down": {"uv": [117, 21], "uv_size": [-1, -1]}
							}
						},
						{
							"origin": [-1.13115, 31.06965, -12.08144],
							"size": [2.57397, 0.96555, 0.76731],
							"inflate": -0.3,
							"uv": {
								"north": {"uv": [116, 20], "uv_size": [1, 1]},
								"east": {"uv": [116, 20], "uv_size": [1, 1]},
								"south": {"uv": [116, 20], "uv_size": [1, 1]},
								"west": {"uv": [116, 20], "uv_size": [1, 1]},
								"up": {"uv": [117, 21], "uv_size": [-1, -1]},
								"down": {"uv": [117, 21], "uv_size": [-1, -1]}
							}
						},
						{
							"origin": [-1.04314, 30.92933, -17.84962],
							"size": [2.36496, 0.92685, 6.424],
							"inflate": -0.3,
							"uv": {
								"north": {"uv": [79, 7], "uv_size": [10, 2]},
								"east": {"uv": [79, 7], "uv_size": [10, 2]},
								"south": {"uv": [79, 7], "uv_size": [10, 2]},
								"west": {"uv": [79, 7], "uv_size": [10, 2]},
								"up": {"uv": [89, 9], "uv_size": [-10, -2]},
								"down": {"uv": [89, 9], "uv_size": [-10, -2]}
							}
						},
						{
							"origin": [0.91793, 29.04567, -17.84962],
							"size": [0.99221, 2.22218, 6.424],
							"inflate": -0.3,
							"uv": {
								"north": {"uv": [79, 7], "uv_size": [10, 2]},
								"east": {"uv": [79, 7], "uv_size": [10, 2]},
								"south": {"uv": [79, 7], "uv_size": [10, 2]},
								"west": {"uv": [79, 7], "uv_size": [10, 2]},
								"up": {"uv": [89, 9], "uv_size": [-10, -2]},
								"down": {"uv": [89, 9], "uv_size": [-10, -2]}
							}
						},
						{
							"origin": [-1.56609, 28.976, -17.84962],
							"size": [0.92685, 2.35722, 6.424],
							"inflate": -0.3,
							"uv": {
								"north": {"uv": [79, 7], "uv_size": [10, 2]},
								"east": {"uv": [79, 7], "uv_size": [10, 2]},
								"south": {"uv": [79, 7], "uv_size": [10, 2]},
								"west": {"uv": [79, 7], "uv_size": [10, 2]},
								"up": {"uv": [89, 9], "uv_size": [-10, -2]},
								"down": {"uv": [89, 9], "uv_size": [-10, -2]}
							}
						},
						{
							"origin": [-16.77746, 35.75356, -17.84962],
							"size": [0.99221, 1.33867, 6.424],
							"inflate": -0.3,
							"pivot": [-14.92822, 15.18124, -14.89977],
							"rotation": [0, 0, 45],
							"uv": {
								"north": {"uv": [79, 7], "uv_size": [10, 2]},
								"east": {"uv": [79, 7], "uv_size": [10, 2]},
								"south": {"uv": [79, 7], "uv_size": [10, 2]},
								"west": {"uv": [79, 7], "uv_size": [10, 2]},
								"up": {"uv": [89, 9], "uv_size": [-10, -2]},
								"down": {"uv": [89, 9], "uv_size": [-10, -2]}
							}
						},
						{
							"origin": [15.34487, 37.5839, -17.84962],
							"size": [0.99221, 1.43019, 6.424],
							"inflate": -0.3,
							"pivot": [17.16797, 17.01157, -14.89977],
							"rotation": [0, 0, -45],
							"uv": {
								"north": {"uv": [79, 7], "uv_size": [10, 2]},
								"east": {"uv": [79, 7], "uv_size": [10, 2]},
								"south": {"uv": [79, 7], "uv_size": [10, 2]},
								"west": {"uv": [79, 7], "uv_size": [10, 2]},
								"up": {"uv": [89, 9], "uv_size": [-10, -2]},
								"down": {"uv": [89, 9], "uv_size": [-10, -2]}
							}
						},
						{
							"origin": [-16.77746, 23.22645, -17.84962],
							"size": [0.99221, 1.33867, 6.424],
							"inflate": -0.3,
							"pivot": [-14.92822, 45.13745, -14.89977],
							"rotation": [0, 0, -45],
							"uv": {
								"north": {"uv": [79, 7], "uv_size": [10, 2]},
								"east": {"uv": [79, 7], "uv_size": [10, 2]},
								"south": {"uv": [79, 7], "uv_size": [10, 2]},
								"west": {"uv": [79, 7], "uv_size": [10, 2]},
								"up": {"uv": [89, 9], "uv_size": [-10, -2]},
								"down": {"uv": [89, 9], "uv_size": [-10, -2]}
							}
						},
						{
							"origin": [15.34487, 21.3046, -17.84962],
							"size": [0.99221, 1.43019, 6.424],
							"inflate": -0.3,
							"pivot": [17.16797, 43.30712, -14.89977],
							"rotation": [0, 0, 45],
							"uv": {
								"north": {"uv": [79, 7], "uv_size": [10, 2]},
								"east": {"uv": [79, 7], "uv_size": [10, 2]},
								"south": {"uv": [79, 7], "uv_size": [10, 2]},
								"west": {"uv": [79, 7], "uv_size": [10, 2]},
								"up": {"uv": [89, 9], "uv_size": [-10, -2]},
								"down": {"uv": [89, 9], "uv_size": [-10, -2]}
							}
						},
						{
							"origin": [-1.04314, 28.46251, -17.84962],
							"size": [2.36496, 0.92685, 6.424],
							"inflate": -0.3,
							"uv": {
								"north": {"uv": [79, 7], "uv_size": [10, 2]},
								"east": {"uv": [79, 7], "uv_size": [10, 2]},
								"south": {"uv": [79, 7], "uv_size": [10, 2]},
								"west": {"uv": [79, 7], "uv_size": [10, 2]},
								"up": {"uv": [89, 9], "uv_size": [-10, -2]},
								"down": {"uv": [89, 9], "uv_size": [-10, -2]}
							}
						},
						{
							"origin": [-0.96883, 28.49626, -2.83466],
							"size": [2.18847, 0.89416, 3.6716],
							"inflate": -0.3,
							"uv": {
								"north": {"uv": [79, 7], "uv_size": [10, 2]},
								"east": {"uv": [79, 7], "uv_size": [10, 2]},
								"south": {"uv": [79, 7], "uv_size": [10, 2]},
								"west": {"uv": [79, 7], "uv_size": [10, 2]},
								"up": {"uv": [89, 9], "uv_size": [-10, -2]},
								"down": {"uv": [89, 9], "uv_size": [-10, -2]}
							}
						},
						{
							"origin": [13.78038, 22.05414, -2.83466],
							"size": [0.95299, 1.34717, 3.6716],
							"inflate": -0.3,
							"pivot": [15.45117, 41.8864, -0.81979],
							"rotation": [0, 0, 45],
							"uv": {
								"north": {"uv": [79, 7], "uv_size": [10, 2]},
								"east": {"uv": [79, 7], "uv_size": [10, 2]},
								"south": {"uv": [79, 7], "uv_size": [10, 2]},
								"west": {"uv": [79, 7], "uv_size": [10, 2]},
								"up": {"uv": [89, 9], "uv_size": [-10, -2]},
								"down": {"uv": [89, 9], "uv_size": [-10, -2]}
							}
						},
						{
							"origin": [-15.12972, 23.78381, -2.83466],
							"size": [0.95299, 1.2648, 3.6716],
							"inflate": -0.3,
							"pivot": [-13.4354, 43.5337, -0.81979],
							"rotation": [0, 0, -45],
							"uv": {
								"north": {"uv": [79, 7], "uv_size": [10, 2]},
								"east": {"uv": [79, 7], "uv_size": [10, 2]},
								"south": {"uv": [79, 7], "uv_size": [10, 2]},
								"west": {"uv": [79, 7], "uv_size": [10, 2]},
								"up": {"uv": [89, 9], "uv_size": [-10, -2]},
								"down": {"uv": [89, 9], "uv_size": [-10, -2]}
							}
						},
						{
							"origin": [13.78038, 36.70551, -2.83466],
							"size": [0.95299, 1.34717, 3.6716],
							"inflate": -0.3,
							"pivot": [15.45117, 18.22041, -0.81979],
							"rotation": [0, 0, -45],
							"uv": {
								"north": {"uv": [79, 7], "uv_size": [10, 2]},
								"east": {"uv": [79, 7], "uv_size": [10, 2]},
								"south": {"uv": [79, 7], "uv_size": [10, 2]},
								"west": {"uv": [79, 7], "uv_size": [10, 2]},
								"up": {"uv": [89, 9], "uv_size": [-10, -2]},
								"down": {"uv": [89, 9], "uv_size": [-10, -2]}
							}
						},
						{
							"origin": [-15.12972, 35.05821, -2.83466],
							"size": [0.95299, 1.2648, 3.6716],
							"inflate": -0.3,
							"pivot": [-13.4354, 16.57311, -0.81979],
							"rotation": [0, 0, 45],
							"uv": {
								"north": {"uv": [79, 7], "uv_size": [10, 2]},
								"east": {"uv": [79, 7], "uv_size": [10, 2]},
								"south": {"uv": [79, 7], "uv_size": [10, 2]},
								"west": {"uv": [79, 7], "uv_size": [10, 2]},
								"up": {"uv": [89, 9], "uv_size": [-10, -2]},
								"down": {"uv": [89, 9], "uv_size": [-10, -2]}
							}
						},
						{
							"origin": [-1.43949, 28.9584, -2.83466],
							"size": [0.89416, 2.1815, 3.6716],
							"inflate": -0.3,
							"uv": {
								"north": {"uv": [79, 7], "uv_size": [10, 2]},
								"east": {"uv": [79, 7], "uv_size": [10, 2]},
								"south": {"uv": [79, 7], "uv_size": [10, 2]},
								"west": {"uv": [79, 7], "uv_size": [10, 2]},
								"up": {"uv": [89, 9], "uv_size": [-10, -2]},
								"down": {"uv": [89, 9], "uv_size": [-10, -2]}
							}
						},
						{
							"origin": [0.79614, 29.0211, -2.83466],
							"size": [0.95299, 2.05997, 3.6716],
							"inflate": -0.3,
							"uv": {
								"north": {"uv": [79, 7], "uv_size": [10, 2]},
								"east": {"uv": [79, 7], "uv_size": [10, 2]},
								"south": {"uv": [79, 7], "uv_size": [10, 2]},
								"west": {"uv": [79, 7], "uv_size": [10, 2]},
								"up": {"uv": [89, 9], "uv_size": [-10, -2]},
								"down": {"uv": [89, 9], "uv_size": [-10, -2]}
							}
						},
						{
							"origin": [-0.96883, 30.7164, -2.83466],
							"size": [2.18847, 0.89416, 3.6716],
							"inflate": -0.3,
							"uv": {
								"north": {"uv": [79, 7], "uv_size": [10, 2]},
								"east": {"uv": [79, 7], "uv_size": [10, 2]},
								"south": {"uv": [79, 7], "uv_size": [10, 2]},
								"west": {"uv": [79, 7], "uv_size": [10, 2]},
								"up": {"uv": [89, 9], "uv_size": [-10, -2]},
								"down": {"uv": [89, 9], "uv_size": [-10, -2]}
							}
						},
						{
							"origin": [-1.01624, 28.37474, 0.2186],
							"size": [2.30108, 0.91501, 3.99644],
							"inflate": -0.3,
							"uv": {
								"north": {"uv": [79, 7], "uv_size": [10, 2]},
								"east": {"uv": [79, 7], "uv_size": [10, 2]},
								"south": {"uv": [79, 7], "uv_size": [10, 2]},
								"west": {"uv": [79, 7], "uv_size": [10, 2]},
								"up": {"uv": [89, 9], "uv_size": [-10, -2]},
								"down": {"uv": [89, 9], "uv_size": [-10, -2]}
							}
						},
						{
							"origin": [14.77858, 21.47592, 0.2186],
							"size": [0.97802, 1.40014, 3.99644],
							"inflate": -0.3,
							"pivot": [16.54655, 42.69288, 1.81959],
							"rotation": [0, 0, 45],
							"uv": {
								"north": {"uv": [79, 7], "uv_size": [10, 2]},
								"east": {"uv": [79, 7], "uv_size": [10, 2]},
								"south": {"uv": [79, 7], "uv_size": [10, 2]},
								"west": {"uv": [79, 7], "uv_size": [10, 2]},
								"up": {"uv": [89, 9], "uv_size": [-10, -2]},
								"down": {"uv": [89, 9], "uv_size": [-10, -2]}
							}
						},
						{
							"origin": [-16.18104, 23.32821, 0.2186],
							"size": [0.97802, 1.31193, 3.99644],
							"inflate": -0.3,
							"pivot": [-14.38787, 44.45696, 1.81959],
							"rotation": [0, 0, -45],
							"uv": {
								"north": {"uv": [79, 7], "uv_size": [10, 2]},
								"east": {"uv": [79, 7], "uv_size": [10, 2]},
								"south": {"uv": [79, 7], "uv_size": [10, 2]},
								"west": {"uv": [79, 7], "uv_size": [10, 2]},
								"up": {"uv": [89, 9], "uv_size": [-10, -2]},
								"down": {"uv": [89, 9], "uv_size": [-10, -2]}
							}
						},
						{
							"origin": [14.77858, 37.16596, 0.2186],
							"size": [0.97802, 1.40014, 3.99644],
							"inflate": -0.3,
							"pivot": [16.54655, 17.34914, 1.81959],
							"rotation": [0, 0, -45],
							"uv": {
								"north": {"uv": [79, 7], "uv_size": [10, 2]},
								"east": {"uv": [79, 7], "uv_size": [10, 2]},
								"south": {"uv": [79, 7], "uv_size": [10, 2]},
								"west": {"uv": [79, 7], "uv_size": [10, 2]},
								"up": {"uv": [89, 9], "uv_size": [-10, -2]},
								"down": {"uv": [89, 9], "uv_size": [-10, -2]}
							}
						},
						{
							"origin": [-16.18104, 35.40188, 0.2186],
							"size": [0.97802, 1.31193, 3.99644],
							"inflate": -0.3,
							"pivot": [-14.38787, 15.58506, 1.81959],
							"rotation": [0, 0, 45],
							"uv": {
								"north": {"uv": [79, 7], "uv_size": [10, 2]},
								"east": {"uv": [79, 7], "uv_size": [10, 2]},
								"south": {"uv": [79, 7], "uv_size": [10, 2]},
								"west": {"uv": [79, 7], "uv_size": [10, 2]},
								"up": {"uv": [89, 9], "uv_size": [-10, -2]},
								"down": {"uv": [89, 9], "uv_size": [-10, -2]}
							}
						},
						{
							"origin": [-1.52027, 28.86964, 0.2186],
							"size": [0.91501, 2.29362, 3.99644],
							"inflate": -0.3,
							"uv": {
								"north": {"uv": [79, 7], "uv_size": [10, 2]},
								"east": {"uv": [79, 7], "uv_size": [10, 2]},
								"south": {"uv": [79, 7], "uv_size": [10, 2]},
								"west": {"uv": [79, 7], "uv_size": [10, 2]},
								"up": {"uv": [89, 9], "uv_size": [-10, -2]},
								"down": {"uv": [89, 9], "uv_size": [-10, -2]}
							}
						},
						{
							"origin": [0.87384, 28.93679, 0.2186],
							"size": [0.97802, 2.16347, 3.99644],
							"inflate": -0.3,
							"uv": {
								"north": {"uv": [79, 7], "uv_size": [10, 2]},
								"east": {"uv": [79, 7], "uv_size": [10, 2]},
								"south": {"uv": [79, 7], "uv_size": [10, 2]},
								"west": {"uv": [79, 7], "uv_size": [10, 2]},
								"up": {"uv": [89, 9], "uv_size": [-10, -2]},
								"down": {"uv": [89, 9], "uv_size": [-10, -2]}
							}
						},
						{
							"origin": [-1.01624, 30.75227, 0.2186],
							"size": [2.30108, 0.91501, 3.99644],
							"inflate": -0.3,
							"uv": {
								"north": {"uv": [79, 7], "uv_size": [10, 2]},
								"east": {"uv": [79, 7], "uv_size": [10, 2]},
								"south": {"uv": [79, 7], "uv_size": [10, 2]},
								"west": {"uv": [79, 7], "uv_size": [10, 2]},
								"up": {"uv": [89, 9], "uv_size": [-10, -2]},
								"down": {"uv": [89, 9], "uv_size": [-10, -2]}
							}
						},
						{
							"origin": [-1.08787, 28.23221, 3.53046],
							"size": [2.47119, 0.94652, 1.47609],
							"inflate": -0.3,
							"uv": {
								"north": {"uv": [79, 7], "uv_size": [10, 2]},
								"east": {"uv": [79, 7], "uv_size": [10, 2]},
								"south": {"uv": [79, 7], "uv_size": [10, 2]},
								"west": {"uv": [79, 7], "uv_size": [10, 2]},
								"up": {"uv": [89, 9], "uv_size": [-10, -2]},
								"down": {"uv": [89, 9], "uv_size": [-10, -2]}
							}
						},
						{
							"origin": [16.28644, 20.64351, 3.53046],
							"size": [1.01582, 1.48015, 1.47609],
							"inflate": -0.3,
							"pivot": [18.2012, 43.95217, 5.26155],
							"rotation": [0, 0, 45],
							"uv": {
								"north": {"uv": [79, 7], "uv_size": [10, 2]},
								"east": {"uv": [79, 7], "uv_size": [10, 2]},
								"south": {"uv": [79, 7], "uv_size": [10, 2]},
								"west": {"uv": [79, 7], "uv_size": [10, 2]},
								"up": {"uv": [89, 9], "uv_size": [-10, -2]},
								"down": {"uv": [89, 9], "uv_size": [-10, -2]}
							}
						},
						{
							"origin": [-17.76914, 22.68103, 3.53046],
							"size": [1.01582, 1.38313, 1.47609],
							"inflate": -0.3,
							"pivot": [-15.82666, 45.89266, 5.26155],
							"rotation": [0, 0, -45],
							"uv": {
								"north": {"uv": [79, 7], "uv_size": [10, 2]},
								"east": {"uv": [79, 7], "uv_size": [10, 2]},
								"south": {"uv": [79, 7], "uv_size": [10, 2]},
								"west": {"uv": [79, 7], "uv_size": [10, 2]},
								"up": {"uv": [89, 9], "uv_size": [-10, -2]},
								"down": {"uv": [89, 9], "uv_size": [-10, -2]}
							}
						},
						{
							"origin": [16.28644, 37.90256, 3.53046],
							"size": [1.01582, 1.48015, 1.47609],
							"inflate": -0.3,
							"pivot": [18.2012, 16.07405, 5.26155],
							"rotation": [0, 0, -45],
							"uv": {
								"north": {"uv": [79, 7], "uv_size": [10, 2]},
								"east": {"uv": [79, 7], "uv_size": [10, 2]},
								"south": {"uv": [79, 7], "uv_size": [10, 2]},
								"west": {"uv": [79, 7], "uv_size": [10, 2]},
								"up": {"uv": [89, 9], "uv_size": [-10, -2]},
								"down": {"uv": [89, 9], "uv_size": [-10, -2]}
							}
						},
						{
							"origin": [-17.76914, 35.96207, 3.53046],
							"size": [1.01582, 1.38313, 1.47609],
							"inflate": -0.3,
							"pivot": [-15.82666, 14.13356, 5.26155],
							"rotation": [0, 0, 45],
							"uv": {
								"north": {"uv": [79, 7], "uv_size": [10, 2]},
								"east": {"uv": [79, 7], "uv_size": [10, 2]},
								"south": {"uv": [79, 7], "uv_size": [10, 2]},
								"west": {"uv": [79, 7], "uv_size": [10, 2]},
								"up": {"uv": [89, 9], "uv_size": [-10, -2]},
								"down": {"uv": [89, 9], "uv_size": [-10, -2]}
							}
						},
						{
							"origin": [-1.64229, 28.77661, 3.53046],
							"size": [0.94652, 2.46298, 1.47609],
							"inflate": -0.3,
							"uv": {
								"north": {"uv": [79, 7], "uv_size": [10, 2]},
								"east": {"uv": [79, 7], "uv_size": [10, 2]},
								"south": {"uv": [79, 7], "uv_size": [10, 2]},
								"west": {"uv": [79, 7], "uv_size": [10, 2]},
								"up": {"uv": [89, 9], "uv_size": [-10, -2]},
								"down": {"uv": [89, 9], "uv_size": [-10, -2]}
							}
						},
						{
							"origin": [0.99123, 28.85047, 3.53046],
							"size": [1.01582, 2.31981, 1.47609],
							"inflate": -0.3,
							"uv": {
								"north": {"uv": [79, 7], "uv_size": [10, 2]},
								"east": {"uv": [79, 7], "uv_size": [10, 2]},
								"south": {"uv": [79, 7], "uv_size": [10, 2]},
								"west": {"uv": [79, 7], "uv_size": [10, 2]},
								"up": {"uv": [89, 9], "uv_size": [-10, -2]},
								"down": {"uv": [89, 9], "uv_size": [-10, -2]}
							}
						},
						{
							"origin": [-1.08787, 30.84749, 3.53046],
							"size": [2.47119, 0.94652, 1.47609],
							"inflate": -0.3,
							"uv": {
								"north": {"uv": [79, 7], "uv_size": [10, 2]},
								"east": {"uv": [79, 7], "uv_size": [10, 2]},
								"south": {"uv": [79, 7], "uv_size": [10, 2]},
								"west": {"uv": [79, 7], "uv_size": [10, 2]},
								"up": {"uv": [89, 9], "uv_size": [-10, -2]},
								"down": {"uv": [89, 9], "uv_size": [-10, -2]}
							}
						},
						{
							"origin": [-19.51606, 36.57828, 4.4335],
							"size": [1.0574, 1.46144, 3.0637],
							"inflate": -0.3,
							"pivot": [-17.40932, 12.53692, 6.3077],
							"rotation": [0, 0, 45],
							"uv": {
								"north": {"uv": [79, 7], "uv_size": [10, 2]},
								"east": {"uv": [79, 7], "uv_size": [10, 2]},
								"south": {"uv": [79, 7], "uv_size": [10, 2]},
								"west": {"uv": [79, 7], "uv_size": [10, 2]},
								"up": {"uv": [89, 9], "uv_size": [-10, -2]},
								"down": {"uv": [89, 9], "uv_size": [-10, -2]}
							}
						},
						{
							"origin": [-19.51606, 21.96913, 4.4335],
							"size": [1.0574, 1.46144, 3.0637],
							"inflate": -0.3,
							"pivot": [-17.40932, 47.47192, 6.3077],
							"rotation": [0, 0, -45],
							"uv": {
								"north": {"uv": [79, 7], "uv_size": [10, 2]},
								"east": {"uv": [79, 7], "uv_size": [10, 2]},
								"south": {"uv": [79, 7], "uv_size": [10, 2]},
								"west": {"uv": [79, 7], "uv_size": [10, 2]},
								"up": {"uv": [89, 9], "uv_size": [-10, -2]},
								"down": {"uv": [89, 9], "uv_size": [-10, -2]}
							}
						},
						{
							"origin": [-1.77652, 28.67427, 4.4335],
							"size": [0.98117, 2.64928, 3.0637],
							"inflate": -0.3,
							"uv": {
								"north": {"uv": [79, 7], "uv_size": [10, 2]},
								"east": {"uv": [79, 7], "uv_size": [10, 2]},
								"south": {"uv": [79, 7], "uv_size": [10, 2]},
								"west": {"uv": [79, 7], "uv_size": [10, 2]},
								"up": {"uv": [89, 9], "uv_size": [-10, -2]},
								"down": {"uv": [89, 9], "uv_size": [-10, -2]}
							}
						},
						{
							"origin": [-1.16665, 28.07543, 4.4335],
							"size": [2.6583, 0.98117, 3.0637],
							"inflate": -0.3,
							"uv": {
								"north": {"uv": [79, 7], "uv_size": [10, 2]},
								"east": {"uv": [79, 7], "uv_size": [10, 2]},
								"south": {"uv": [79, 7], "uv_size": [10, 2]},
								"west": {"uv": [79, 7], "uv_size": [10, 2]},
								"up": {"uv": [89, 9], "uv_size": [-10, -2]},
								"down": {"uv": [89, 9], "uv_size": [-10, -2]}
							}
						},
						{
							"origin": [17.94508, 19.72786, 4.4335],
							"size": [1.0574, 1.56817, 3.0637],
							"inflate": -0.3,
							"pivot": [20.02132, 45.33739, 6.3077],
							"rotation": [0, 0, 45],
							"uv": {
								"north": {"uv": [79, 7], "uv_size": [10, 2]},
								"east": {"uv": [79, 7], "uv_size": [10, 2]},
								"south": {"uv": [79, 7], "uv_size": [10, 2]},
								"west": {"uv": [79, 7], "uv_size": [10, 2]},
								"up": {"uv": [89, 9], "uv_size": [-10, -2]},
								"down": {"uv": [89, 9], "uv_size": [-10, -2]}
							}
						},
						{
							"origin": [1.12035, 28.75551, 4.4335],
							"size": [1.0574, 2.49179, 3.0637],
							"inflate": -0.3,
							"uv": {
								"north": {"uv": [79, 7], "uv_size": [10, 2]},
								"east": {"uv": [79, 7], "uv_size": [10, 2]},
								"south": {"uv": [79, 7], "uv_size": [10, 2]},
								"west": {"uv": [79, 7], "uv_size": [10, 2]},
								"up": {"uv": [89, 9], "uv_size": [-10, -2]},
								"down": {"uv": [89, 9], "uv_size": [-10, -2]}
							}
						},
						{
							"origin": [-1.16665, 30.95224, 4.4335],
							"size": [2.6583, 0.98117, 3.0637],
							"inflate": -0.3,
							"uv": {
								"north": {"uv": [79, 7], "uv_size": [10, 2]},
								"east": {"uv": [79, 7], "uv_size": [10, 2]},
								"south": {"uv": [79, 7], "uv_size": [10, 2]},
								"west": {"uv": [79, 7], "uv_size": [10, 2]},
								"up": {"uv": [89, 9], "uv_size": [-10, -2]},
								"down": {"uv": [89, 9], "uv_size": [-10, -2]}
							}
						},
						{
							"origin": [17.94508, 38.71281, 4.4335],
							"size": [1.0574, 1.56817, 3.0637],
							"inflate": -0.3,
							"pivot": [20.02132, 14.67146, 6.3077],
							"rotation": [0, 0, -45],
							"uv": {
								"north": {"uv": [79, 7], "uv_size": [10, 2]},
								"east": {"uv": [79, 7], "uv_size": [10, 2]},
								"south": {"uv": [79, 7], "uv_size": [10, 2]},
								"west": {"uv": [79, 7], "uv_size": [10, 2]},
								"up": {"uv": [89, 9], "uv_size": [-10, -2]},
								"down": {"uv": [89, 9], "uv_size": [-10, -2]}
							}
						},
						{
							"origin": [-0.9262, 27.688, -12.1515],
							"size": [6.496, 7.902, 7.902],
							"inflate": -3.4,
							"pivot": [3.23, 31.506, -9.0365],
							"rotation": [-27.5, 0, 0],
							"uv": {
								"north": {"uv": [116, 20], "uv_size": [1, 1]},
								"east": {"uv": [116, 20], "uv_size": [1, 1]},
								"south": {"uv": [116, 20], "uv_size": [1, 1]},
								"west": {"uv": [116, 20], "uv_size": [1, 1]},
								"up": {"uv": [117, 21], "uv_size": [-1, -1]},
								"down": {"uv": [117, 21], "uv_size": [-1, -1]}
							}
						},
						{
							"origin": [-0.022, 31.002, -9.5025],
							"size": [2.388, 1.806, 1.806],
							"inflate": -0.2,
							"pivot": [2.698, 30.765, -9.7395],
							"rotation": [-27.5, 0, 0],
							"uv": {
								"north": {"uv": [79, 7], "uv_size": [10, 2]},
								"east": {"uv": [79, 7], "uv_size": [10, 2]},
								"south": {"uv": [79, 7], "uv_size": [10, 2]},
								"west": {"uv": [79, 7], "uv_size": [10, 2]},
								"up": {"uv": [89, 9], "uv_size": [-10, -2]},
								"down": {"uv": [89, 9], "uv_size": [-10, -2]}
							}
						},
						{
							"origin": [-1.966, 31.002, -9.5025],
							"size": [2.388, 1.806, 1.806],
							"inflate": -0.2,
							"pivot": [-2.298, 30.765, -9.7395],
							"rotation": [-27.5, 0, 0],
							"uv": {
								"north": {"uv": [79, 7], "uv_size": [10, 2]},
								"east": {"uv": [79, 7], "uv_size": [10, 2]},
								"south": {"uv": [79, 7], "uv_size": [10, 2]},
								"west": {"uv": [79, 7], "uv_size": [10, 2]},
								"up": {"uv": [89, 9], "uv_size": [-10, -2]},
								"down": {"uv": [89, 9], "uv_size": [-10, -2]}
							}
						},
						{
							"origin": [-5.1698, 27.688, -12.1515],
							"size": [6.496, 7.902, 7.902],
							"inflate": -3.4,
							"pivot": [-2.83, 31.506, -9.0365],
							"rotation": [-27.5, 0, 0],
							"uv": {
								"north": {"uv": [116, 20], "uv_size": [1, 1]},
								"east": {"uv": [116, 20], "uv_size": [1, 1]},
								"south": {"uv": [116, 20], "uv_size": [1, 1]},
								"west": {"uv": [116, 20], "uv_size": [1, 1]},
								"up": {"uv": [117, 21], "uv_size": [-1, -1]},
								"down": {"uv": [117, 21], "uv_size": [-1, -1]}
							}
						},
						{
							"origin": [-1, 29.072, -17.5035],
							"size": [2.25, 2.198, 0.76],
							"uv": {
								"north": {"uv": [45, 47], "uv_size": [3, 4]},
								"east": {"uv": [45, 47], "uv_size": [3, 4]},
								"south": {"uv": [45, 47], "uv_size": [3, 4]},
								"west": {"uv": [45, 47], "uv_size": [3, 4]},
								"up": {"uv": [48, 51], "uv_size": [-3, -4]},
								"down": {"uv": [48, 51], "uv_size": [-3, -4]}
							}
						},
						{
							"origin": [-1.1, 28.672, 6.0965],
							"size": [2.55, 2.698, 0.75],
							"uv": {
								"north": {"uv": [45, 47], "uv_size": [3, 4]},
								"east": {"uv": [45, 47], "uv_size": [3, 4]},
								"south": {"uv": [45, 47], "uv_size": [3, 4]},
								"west": {"uv": [45, 47], "uv_size": [3, 4]},
								"up": {"uv": [48, 51], "uv_size": [-3, -4]},
								"down": {"uv": [48, 51], "uv_size": [-3, -4]}
							}
						}
					]
				},
				{
					"name": "pso4",
					"parent": "pso",
					"pivot": [2.298, 26.665, -2.9395],
					"rotation": [0, -90, 0],
					"cubes": [
						{
							"origin": [-0.2262, 23.188, -6.8515],
							"size": [7.196, 7.902, 7.902],
							"inflate": -3.4,
							"pivot": [4.63, 27.006, -3.7365],
							"rotation": [-27.5, 0, 0],
							"uv": {
								"north": {"uv": [116, 20], "uv_size": [1, 1]},
								"east": {"uv": [116, 20], "uv_size": [1, 1]},
								"south": {"uv": [116, 20], "uv_size": [1, 1]},
								"west": {"uv": [116, 20], "uv_size": [1, 1]},
								"up": {"uv": [117, 21], "uv_size": [-1, -1]},
								"down": {"uv": [117, 21], "uv_size": [-1, -1]}
							}
						},
						{
							"origin": [-0.022, 26.502, -4.2025],
							"size": [3.488, 1.806, 1.806],
							"inflate": -0.2,
							"pivot": [4.398, 26.265, -4.4395],
							"rotation": [-27.5, 0, 0],
							"uv": {
								"north": {"uv": [39, 5], "uv_size": [15, 5]},
								"east": {"uv": [39, 5], "uv_size": [15, 5]},
								"south": {"uv": [39, 5], "uv_size": [15, 5]},
								"west": {"uv": [39, 5], "uv_size": [15, 5]},
								"up": {"uv": [54, 10], "uv_size": [-15, -5]},
								"down": {"uv": [54, 10], "uv_size": [-15, -5]}
							}
						},
						{
							"origin": [3.278, 26.602, -4.1025],
							"size": [0.988, 1.606, 1.606],
							"inflate": -0.2,
							"pivot": [7.698, 26.265, -4.4395],
							"rotation": [-27.5, 0, 0],
							"uv": {
								"north": {"uv": [39, 5], "uv_size": [15, 5]},
								"east": {"uv": [39, 5], "uv_size": [15, 5]},
								"south": {"uv": [39, 5], "uv_size": [15, 5]},
								"west": {"uv": [39, 5], "uv_size": [15, 5]},
								"up": {"uv": [54, 10], "uv_size": [-15, -5]},
								"down": {"uv": [54, 10], "uv_size": [-15, -5]}
							}
						},
						{
							"origin": [3.778, 26.502, -4.2025],
							"size": [0.888, 1.806, 1.806],
							"inflate": -0.2,
							"pivot": [8.198, 26.265, -4.4395],
							"rotation": [-27.5, 0, 0],
							"uv": {
								"north": {"uv": [39, 5], "uv_size": [15, 5]},
								"east": {"uv": [39, 5], "uv_size": [15, 5]},
								"south": {"uv": [39, 5], "uv_size": [15, 5]},
								"west": {"uv": [39, 5], "uv_size": [15, 5]},
								"up": {"uv": [54, 10], "uv_size": [-15, -5]},
								"down": {"uv": [54, 10], "uv_size": [-15, -5]}
							}
						}
					]
				},
				{
					"name": "pso2",
					"parent": "pso",
					"pivot": [0.698, 34.865, -8.5395],
					"rotation": [0, 0, -90],
					"cubes": [
						{
							"origin": [-5.4262, 31.688, -11.0515],
							"size": [7.396, 8.102, 8.102],
							"inflate": -3.4,
							"pivot": [1.23, 35.606, -7.8365],
							"rotation": [-27.5, 0, 0],
							"uv": {
								"north": {"uv": [79, 7], "uv_size": [10, 2]},
								"east": {"uv": [79, 7], "uv_size": [10, 2]},
								"south": {"uv": [79, 7], "uv_size": [10, 2]},
								"west": {"uv": [79, 7], "uv_size": [10, 2]},
								"up": {"uv": [89, 9], "uv_size": [-10, -2]},
								"down": {"uv": [89, 9], "uv_size": [-10, -2]}
							}
						},
						{
							"origin": [-9.6262, 31.788, -10.9515],
							"size": [7.196, 7.902, 7.902],
							"inflate": -3.4,
							"pivot": [-3.27, 35.606, -7.8365],
							"rotation": [-27.5, 0, 0],
							"uv": {
								"north": {"uv": [79, 7], "uv_size": [10, 2]},
								"east": {"uv": [79, 7], "uv_size": [10, 2]},
								"south": {"uv": [79, 7], "uv_size": [10, 2]},
								"west": {"uv": [79, 7], "uv_size": [10, 2]},
								"up": {"uv": [89, 9], "uv_size": [-10, -2]},
								"down": {"uv": [89, 9], "uv_size": [-10, -2]}
							}
						},
						{
							"origin": [-9.9262, 31.988, -10.7515],
							"size": [7.396, 7.502, 7.502],
							"inflate": -3.4,
							"pivot": [-4.27, 35.606, -7.8365],
							"rotation": [-27.5, 0, 0],
							"uv": {
								"north": {"uv": [116, 20], "uv_size": [1, 1]},
								"east": {"uv": [116, 20], "uv_size": [1, 1]},
								"south": {"uv": [116, 20], "uv_size": [1, 1]},
								"west": {"uv": [116, 20], "uv_size": [1, 1]},
								"up": {"uv": [117, 21], "uv_size": [-1, -1]},
								"down": {"uv": [117, 21], "uv_size": [-1, -1]}
							}
						},
						{
							"origin": [-1.622, 35.102, -8.3025],
							"size": [0.688, 1.806, 1.806],
							"inflate": -0.2,
							"pivot": [0.698, 34.865, -8.5395],
							"rotation": [-27.5, 0, 0],
							"uv": {
								"north": {"uv": [116, 20], "uv_size": [1, 1]},
								"east": {"uv": [116, 20], "uv_size": [1, 1]},
								"south": {"uv": [116, 20], "uv_size": [1, 1]},
								"west": {"uv": [116, 20], "uv_size": [1, 1]},
								"up": {"uv": [117, 21], "uv_size": [-1, -1]},
								"down": {"uv": [117, 21], "uv_size": [-1, -1]}
							}
						}
					]
				},
				{
					"name": "pso3",
					"parent": "pso",
					"pivot": [-3.402, 31.565, -8.0395],
					"rotation": [0, 0, -180],
					"cubes": [
						{
							"origin": [-8.6262, 29.18631, -10.96707],
							"size": [7.596, 8.102, 8.102],
							"inflate": -3.4,
							"pivot": [-2.87, 32.306, -7.3365],
							"rotation": [-27.5, 0, 0],
							"uv": {
								"north": {"uv": [79, 7], "uv_size": [10, 2]},
								"east": {"uv": [79, 7], "uv_size": [10, 2]},
								"south": {"uv": [79, 7], "uv_size": [10, 2]},
								"west": {"uv": [79, 7], "uv_size": [10, 2]},
								"up": {"uv": [89, 9], "uv_size": [-10, -2]},
								"down": {"uv": [89, 9], "uv_size": [-10, -2]}
							}
						},
						{
							"origin": [-4.622, 32.60031, -8.21807],
							"size": [0.688, 1.806, 1.806],
							"inflate": -0.2,
							"pivot": [-3.202, 31.565, -8.0395],
							"rotation": [-27.5, 0, 0],
							"uv": {
								"north": {"uv": [116, 20], "uv_size": [1, 1]},
								"east": {"uv": [116, 20], "uv_size": [1, 1]},
								"south": {"uv": [116, 20], "uv_size": [1, 1]},
								"west": {"uv": [116, 20], "uv_size": [1, 1]},
								"up": {"uv": [117, 21], "uv_size": [-1, -1]},
								"down": {"uv": [117, 21], "uv_size": [-1, -1]}
							}
						}
					]
				},
				{
					"name": "scopepip",
					"parent": "pso",
					"pivot": [0.28, 29.94, 2.73],
					"cubes": [
						{
							"origin": [-1.1, 28.672, 6.0965],
							"size": [2.55, 2.698, 0.76],
							"uv": {
								"north": {"uv": [45, 47], "uv_size": [3, 4]},
								"east": {"uv": [45, 47], "uv_size": [3, 4]},
								"south": {"uv": [45, 47], "uv_size": [3, 4]},
								"west": {"uv": [45, 47], "uv_size": [3, 4]},
								"up": {"uv": [48, 51], "uv_size": [-3, -4]},
								"down": {"uv": [48, 51], "uv_size": [-3, -4]}
							}
						}
					]
				},
				{
					"name": "scope",
					"parent": "main",
					"pivot": [0.0575, 31.15, 8.45],
					"cubes": [
						{
							"origin": [-0.32, 29.6, 11.01],
							"size": [0.96, 0.96, 0.96],
							"inflate": -0.4,
							"uv": {
								"north": {"uv": [60, 19], "uv_size": [1, 1]},
								"east": {"uv": [23, 56], "uv_size": [1, 1]},
								"south": {"uv": [58, 18], "uv_size": [1, 1]},
								"west": {"uv": [24, 57], "uv_size": [1, 1]},
								"up": {"uv": [58, 23], "uv_size": [1, 1]},
								"down": {"uv": [26, 60], "uv_size": [1, -1]}
							}
						}
					]
				},
				{
					"name": "_ca_scope",
					"parent": "main",
					"pivot": [0.1, 27.85, -6.05],
					"cubes": [
						{"origin": [-0.42, 27.35, -10.4], "size": [1, 1, 1], "uv": [198, 208]}
					]
				}
			]
		}
	]
}