{
	"format_version": "1.12.0",
	"minecraft:geometry": [
		{
			"description": {
				"identifier": "geometry.unknown",
				"texture_width": 128,
				"texture_height": 128,
				"visible_bounds_width": 9,
				"visible_bounds_height": 6,
				"visible_bounds_offset": [0, 1, 0]
			},
			"bones": [
				{
					"name": "main",
					"pivot": [0, 20, 0]
				},
				{
					"name": "1p87",
					"parent": "main",
					"pivot": [0.2, 29.5, -13.35],
					"cubes": [
						{
							"origin": [-1.0474, 27.3958, -13.28412],
							"size": [2.2554, 1.0628, 5.532],
							"uv": {
								"north": {"uv": [47, 30], "uv_size": [4, 1]},
								"east": {"uv": [47, 30], "uv_size": [4, 1]},
								"south": {"uv": [47, 30], "uv_size": [4, 1]},
								"west": {"uv": [47, 30], "uv_size": [4, 1]},
								"up": {"uv": [51, 31], "uv_size": [-4, -1]},
								"down": {"uv": [51, 31], "uv_size": [-4, -1]}
							}
						},
						{
							"origin": [-1.0474, 28.5958, -13.28412],
							"size": [2.2554, 0.6628, 3.032],
							"uv": {
								"north": {"uv": [47, 30], "uv_size": [4, 1]},
								"east": {"uv": [47, 30], "uv_size": [4, 1]},
								"south": {"uv": [47, 30], "uv_size": [4, 1]},
								"west": {"uv": [47, 30], "uv_size": [4, 1]},
								"up": {"uv": [51, 31], "uv_size": [-4, -1]},
								"down": {"uv": [51, 31], "uv_size": [-4, -1]}
							}
						},
						{
							"origin": [-1.0474, 28.7958, -10.28412],
							"size": [2.2554, 0.3628, 1.332],
							"uv": {
								"north": {"uv": [47, 30], "uv_size": [4, 1]},
								"east": {"uv": [47, 30], "uv_size": [4, 1]},
								"south": {"uv": [47, 30], "uv_size": [4, 1]},
								"west": {"uv": [47, 30], "uv_size": [4, 1]},
								"up": {"uv": [51, 31], "uv_size": [-4, -1]},
								"down": {"uv": [51, 31], "uv_size": [-4, -1]}
							}
						},
						{
							"origin": [-1.0474, 28.9958, -8.98413],
							"size": [2.2554, 0.1628, 1.332],
							"uv": {
								"north": {"uv": [47, 30], "uv_size": [4, 1]},
								"east": {"uv": [47, 30], "uv_size": [4, 1]},
								"south": {"uv": [47, 30], "uv_size": [4, 1]},
								"west": {"uv": [47, 30], "uv_size": [4, 1]},
								"up": {"uv": [51, 31], "uv_size": [-4, -1]},
								"down": {"uv": [51, 31], "uv_size": [-4, -1]}
							}
						},
						{
							"origin": [-1.0474, 29.0958, -10.28412],
							"size": [2.2554, 0.1628, 3.032],
							"uv": {
								"north": {"uv": [47, 30], "uv_size": [4, 1]},
								"east": {"uv": [47, 30], "uv_size": [4, 1]},
								"south": {"uv": [47, 30], "uv_size": [4, 1]},
								"west": {"uv": [47, 30], "uv_size": [4, 1]},
								"up": {"uv": [51, 31], "uv_size": [-4, -1]},
								"down": {"uv": [51, 31], "uv_size": [-4, -1]}
							}
						},
						{
							"origin": [-1.0474, 29.1958, -9.58412],
							"size": [2.2554, 0.2628, 3.832],
							"uv": {
								"north": {"uv": [47, 30], "uv_size": [4, 1]},
								"east": {"uv": [47, 30], "uv_size": [4, 1]},
								"south": {"uv": [47, 30], "uv_size": [4, 1]},
								"west": {"uv": [47, 30], "uv_size": [4, 1]},
								"up": {"uv": [51, 31], "uv_size": [-4, -1]},
								"down": {"uv": [51, 31], "uv_size": [-4, -1]}
							}
						},
						{
							"origin": [-1.0474, 29.3958, -8.98412],
							"size": [2.2554, 0.495, 3.232],
							"uv": {
								"north": {"uv": [47, 30], "uv_size": [4, 1]},
								"east": {"uv": [47, 30], "uv_size": [4, 1]},
								"south": {"uv": [47, 30], "uv_size": [4, 1]},
								"west": {"uv": [47, 30], "uv_size": [4, 1]},
								"up": {"uv": [51, 31], "uv_size": [-4, -1]},
								"down": {"uv": [51, 31], "uv_size": [-4, -1]}
							}
						},
						{
							"origin": [0.4526, 29.0958, -9.58412],
							"size": [0.7554, 0.3628, 0.733],
							"pivot": [1.208, 29.46, -9.5841],
							"rotation": [36, 0, 0],
							"uv": {
								"north": {"uv": [47, 30], "uv_size": [4, 1]},
								"east": {"uv": [47, 30], "uv_size": [4, 1]},
								"south": {"uv": [47, 30], "uv_size": [4, 1]},
								"west": {"uv": [47, 30], "uv_size": [4, 1]},
								"up": {"uv": [51, 31], "uv_size": [-4, -1]},
								"down": {"uv": [51, 31], "uv_size": [-4, -1]}
							}
						},
						{
							"origin": [-1.0474, 29.0958, -9.58412],
							"size": [0.7554, 0.3628, 0.733],
							"pivot": [-0.292, 29.46, -9.5841],
							"rotation": [36, 0, 0],
							"uv": {
								"north": {"uv": [47, 30], "uv_size": [4, 1]},
								"east": {"uv": [47, 30], "uv_size": [4, 1]},
								"south": {"uv": [47, 30], "uv_size": [4, 1]},
								"west": {"uv": [47, 30], "uv_size": [4, 1]},
								"up": {"uv": [51, 31], "uv_size": [-4, -1]},
								"down": {"uv": [51, 31], "uv_size": [-4, -1]}
							}
						},
						{
							"origin": [-1.0474, 28.6958, -10.28412],
							"size": [2.2554, 0.2628, 4.532],
							"pivot": [1.2, 28.87, -9.39082],
							"rotation": [6.5, 0, 0],
							"uv": {
								"north": {"uv": [47, 30], "uv_size": [4, 1]},
								"east": {"uv": [47, 30], "uv_size": [4, 1]},
								"south": {"uv": [47, 30], "uv_size": [4, 1]},
								"west": {"uv": [47, 30], "uv_size": [4, 1]},
								"up": {"uv": [51, 31], "uv_size": [-4, -1]},
								"down": {"uv": [51, 31], "uv_size": [-4, -1]}
							}
						},
						{
							"origin": [-0.9474, 28.3958, -13.28412],
							"size": [2.0554, 0.2628, 5.532],
							"uv": {
								"north": {"uv": [47, 30], "uv_size": [4, 1]},
								"east": {"uv": [47, 30], "uv_size": [4, 1]},
								"south": {"uv": [47, 30], "uv_size": [4, 1]},
								"west": {"uv": [47, 30], "uv_size": [4, 1]},
								"up": {"uv": [51, 31], "uv_size": [-4, -1]},
								"down": {"uv": [51, 31], "uv_size": [-4, -1]}
							}
						},
						{
							"origin": [-0.95, 31.5408, -13.2841],
							"size": [2.1, 0.2415, 0.917],
							"uv": {
								"north": {"uv": [79, 7], "uv_size": [10, 2]},
								"east": {"uv": [79, 7], "uv_size": [10, 2]},
								"south": {"uv": [79, 7], "uv_size": [10, 2]},
								"west": {"uv": [79, 7], "uv_size": [10, 2]},
								"up": {"uv": [89, 9], "uv_size": [-10, -2]},
								"down": {"uv": [89, 9], "uv_size": [-10, -2]}
							}
						},
						{
							"origin": [-1.023, 29.8408, -13.28412],
							"size": [0.231, 0.4, 0.917],
							"pivot": [-1.022, 29.9206, -13.26582],
							"rotation": [0, 0, -35],
							"uv": {
								"north": {"uv": [79, 7], "uv_size": [10, 2]},
								"east": {"uv": [79, 7], "uv_size": [10, 2]},
								"south": {"uv": [79, 7], "uv_size": [10, 2]},
								"west": {"uv": [79, 7], "uv_size": [10, 2]},
								"up": {"uv": [89, 9], "uv_size": [-10, -2]},
								"down": {"uv": [89, 9], "uv_size": [-10, -2]}
							}
						},
						{
							"origin": [-1.223, 30.18, -13.28412],
							"size": [0.231, 0.38, 0.917],
							"pivot": [-1.222, 30.2206, -13.26582],
							"rotation": [0, 0, -19],
							"uv": {
								"north": {"uv": [79, 7], "uv_size": [10, 2]},
								"east": {"uv": [79, 7], "uv_size": [10, 2]},
								"south": {"uv": [79, 7], "uv_size": [10, 2]},
								"west": {"uv": [79, 7], "uv_size": [10, 2]},
								"up": {"uv": [89, 9], "uv_size": [-10, -2]},
								"down": {"uv": [89, 9], "uv_size": [-10, -2]}
							}
						},
						{
							"origin": [-1.331, 30.5408, -13.28412],
							"size": [0.231, 0.29, 0.917],
							"uv": {
								"north": {"uv": [79, 7], "uv_size": [10, 2]},
								"east": {"uv": [79, 7], "uv_size": [10, 2]},
								"south": {"uv": [79, 7], "uv_size": [10, 2]},
								"west": {"uv": [79, 7], "uv_size": [10, 2]},
								"up": {"uv": [89, 9], "uv_size": [-10, -2]},
								"down": {"uv": [89, 9], "uv_size": [-10, -2]}
							}
						},
						{
							"origin": [-1.331, 30.7692, -13.28412],
							"size": [0.231, 0.29, 0.917],
							"uv": {
								"north": {"uv": [79, 9], "uv_size": [10, -2]},
								"east": {"uv": [79, 9], "uv_size": [10, -2]},
								"south": {"uv": [79, 9], "uv_size": [10, -2]},
								"west": {"uv": [79, 9], "uv_size": [10, -2]},
								"up": {"uv": [89, 7], "uv_size": [-10, 2]},
								"down": {"uv": [89, 7], "uv_size": [-10, 2]}
							}
						},
						{
							"origin": [-1.223, 31.04, -13.28412],
							"size": [0.231, 0.38, 0.917],
							"pivot": [-1.222, 31.3794, -13.26582],
							"rotation": [0, 0, 19],
							"uv": {
								"north": {"uv": [79, 9], "uv_size": [10, -2]},
								"east": {"uv": [79, 9], "uv_size": [10, -2]},
								"south": {"uv": [79, 9], "uv_size": [10, -2]},
								"west": {"uv": [79, 9], "uv_size": [10, -2]},
								"up": {"uv": [89, 7], "uv_size": [-10, 2]},
								"down": {"uv": [89, 7], "uv_size": [-10, 2]}
							}
						},
						{
							"origin": [-1.023, 31.3592, -13.28412],
							"size": [0.231, 0.445, 0.917],
							"pivot": [-1.022, 31.6794, -13.26582],
							"rotation": [0, 0, 35],
							"uv": {
								"north": {"uv": [79, 9], "uv_size": [10, -2]},
								"east": {"uv": [79, 9], "uv_size": [10, -2]},
								"south": {"uv": [79, 9], "uv_size": [10, -2]},
								"west": {"uv": [79, 9], "uv_size": [10, -2]},
								"up": {"uv": [89, 7], "uv_size": [-10, 2]},
								"down": {"uv": [89, 7], "uv_size": [-10, 2]}
							}
						},
						{
							"origin": [0.992, 31.3592, -13.28412],
							"size": [0.231, 0.445, 0.917],
							"pivot": [1.222, 31.6794, -13.26582],
							"rotation": [0, 0, -35],
							"uv": {
								"north": {"uv": [89, 9], "uv_size": [-10, -2]},
								"east": {"uv": [89, 9], "uv_size": [-10, -2]},
								"south": {"uv": [89, 9], "uv_size": [-10, -2]},
								"west": {"uv": [89, 9], "uv_size": [-10, -2]},
								"up": {"uv": [79, 7], "uv_size": [10, 2]},
								"down": {"uv": [79, 7], "uv_size": [10, 2]}
							}
						},
						{
							"origin": [-1.023, 29.7408, -13.28412],
							"size": [2.231, 0.175, 0.91],
							"uv": {
								"north": {"uv": [79, 7], "uv_size": [10, 2]},
								"east": {"uv": [79, 7], "uv_size": [10, 2]},
								"south": {"uv": [79, 7], "uv_size": [10, 2]},
								"west": {"uv": [79, 7], "uv_size": [10, 2]},
								"up": {"uv": [89, 9], "uv_size": [-10, -2]},
								"down": {"uv": [89, 9], "uv_size": [-10, -2]}
							}
						},
						{
							"origin": [-0.823, 29.2408, -13.28412],
							"size": [1.831, 0.575, 0.91],
							"uv": {
								"north": {"uv": [79, 7], "uv_size": [10, 2]},
								"east": {"uv": [79, 7], "uv_size": [10, 2]},
								"south": {"uv": [79, 7], "uv_size": [10, 2]},
								"west": {"uv": [79, 7], "uv_size": [10, 2]},
								"up": {"uv": [89, 9], "uv_size": [-10, -2]},
								"down": {"uv": [89, 9], "uv_size": [-10, -2]}
							}
						},
						{
							"origin": [0.774, 29.2408, -13.28412],
							"size": [0.231, 0.54, 0.91],
							"pivot": [1.008, 29.2408, -13.26582],
							"rotation": [0, 0, 22],
							"uv": {
								"north": {"uv": [79, 7], "uv_size": [10, 2]},
								"east": {"uv": [79, 7], "uv_size": [10, 2]},
								"south": {"uv": [79, 7], "uv_size": [10, 2]},
								"west": {"uv": [79, 7], "uv_size": [10, 2]},
								"up": {"uv": [89, 9], "uv_size": [-10, -2]},
								"down": {"uv": [89, 9], "uv_size": [-10, -2]}
							}
						},
						{
							"origin": [0.974, 29.2408, -13.28412],
							"size": [0.231, 0.34, 0.91],
							"pivot": [1.208, 29.2408, -13.26582],
							"rotation": [0, 0, -22],
							"uv": {
								"north": {"uv": [79, 7], "uv_size": [10, 2]},
								"east": {"uv": [79, 7], "uv_size": [10, 2]},
								"south": {"uv": [79, 7], "uv_size": [10, 2]},
								"west": {"uv": [79, 7], "uv_size": [10, 2]},
								"up": {"uv": [89, 9], "uv_size": [-10, -2]},
								"down": {"uv": [89, 9], "uv_size": [-10, -2]}
							}
						},
						{
							"origin": [-1.005, 29.2408, -13.28412],
							"size": [0.231, 0.34, 0.91],
							"pivot": [-1.008, 29.2408, -13.26582],
							"rotation": [0, 0, 22],
							"uv": {
								"north": {"uv": [89, 7], "uv_size": [-10, 2]},
								"east": {"uv": [89, 7], "uv_size": [-10, 2]},
								"south": {"uv": [89, 7], "uv_size": [-10, 2]},
								"west": {"uv": [89, 7], "uv_size": [-10, 2]},
								"up": {"uv": [79, 9], "uv_size": [10, -2]},
								"down": {"uv": [79, 9], "uv_size": [10, -2]}
							}
						},
						{
							"origin": [-0.805, 29.2408, -13.28412],
							"size": [0.231, 0.54, 0.91],
							"pivot": [-0.808, 29.2408, -13.26582],
							"rotation": [0, 0, -22],
							"uv": {
								"north": {"uv": [89, 7], "uv_size": [-10, 2]},
								"east": {"uv": [89, 7], "uv_size": [-10, 2]},
								"south": {"uv": [89, 7], "uv_size": [-10, 2]},
								"west": {"uv": [89, 7], "uv_size": [-10, 2]},
								"up": {"uv": [79, 9], "uv_size": [10, -2]},
								"down": {"uv": [79, 9], "uv_size": [10, -2]}
							}
						},
						{
							"origin": [-1.2865, 29.7, -13.28412],
							"size": [0.173, 0.43, 0.917],
							"pivot": [-0.982, 30.2608, -9.56082],
							"rotation": [0, 0, -65],
							"uv": {
								"north": {"uv": [89, 7], "uv_size": [-10, 2]},
								"east": {"uv": [89, 7], "uv_size": [-10, 2]},
								"south": {"uv": [89, 7], "uv_size": [-10, 2]},
								"west": {"uv": [89, 7], "uv_size": [-10, 2]},
								"up": {"uv": [79, 9], "uv_size": [10, -2]},
								"down": {"uv": [79, 9], "uv_size": [10, -2]}
							}
						},
						{
							"origin": [1.3135, 29.7, -13.28412],
							"size": [0.173, 0.43, 0.917],
							"pivot": [1.182, 30.2608, -9.56082],
							"rotation": [0, 0, 65],
							"uv": {
								"north": {"uv": [79, 7], "uv_size": [10, 2]},
								"east": {"uv": [79, 7], "uv_size": [10, 2]},
								"south": {"uv": [79, 7], "uv_size": [10, 2]},
								"west": {"uv": [79, 7], "uv_size": [10, 2]},
								"up": {"uv": [89, 9], "uv_size": [-10, -2]},
								"down": {"uv": [89, 9], "uv_size": [-10, -2]}
							}
						},
						{
							"origin": [0.992, 29.8408, -13.28412],
							"size": [0.231, 0.4, 0.917],
							"pivot": [1.222, 29.9206, -13.26582],
							"rotation": [0, 0, 35],
							"uv": {
								"north": {"uv": [89, 7], "uv_size": [-10, 2]},
								"east": {"uv": [89, 7], "uv_size": [-10, 2]},
								"south": {"uv": [89, 7], "uv_size": [-10, 2]},
								"west": {"uv": [89, 7], "uv_size": [-10, 2]},
								"up": {"uv": [79, 9], "uv_size": [10, -2]},
								"down": {"uv": [79, 9], "uv_size": [10, -2]}
							}
						},
						{
							"origin": [1.192, 30.18, -13.28412],
							"size": [0.231, 0.38, 0.917],
							"pivot": [1.422, 30.2206, -13.26582],
							"rotation": [0, 0, 19],
							"uv": {
								"north": {"uv": [89, 7], "uv_size": [-10, 2]},
								"east": {"uv": [89, 7], "uv_size": [-10, 2]},
								"south": {"uv": [89, 7], "uv_size": [-10, 2]},
								"west": {"uv": [89, 7], "uv_size": [-10, 2]},
								"up": {"uv": [79, 9], "uv_size": [10, -2]},
								"down": {"uv": [79, 9], "uv_size": [10, -2]}
							}
						},
						{
							"origin": [1.3, 30.7692, -13.28412],
							"size": [0.231, 0.29, 0.917],
							"uv": {
								"north": {"uv": [89, 9], "uv_size": [-10, -2]},
								"east": {"uv": [89, 9], "uv_size": [-10, -2]},
								"south": {"uv": [89, 9], "uv_size": [-10, -2]},
								"west": {"uv": [89, 9], "uv_size": [-10, -2]},
								"up": {"uv": [79, 7], "uv_size": [10, 2]},
								"down": {"uv": [79, 7], "uv_size": [10, 2]}
							}
						},
						{
							"origin": [1.3, 30.5408, -13.28412],
							"size": [0.231, 0.29, 0.917],
							"uv": {
								"north": {"uv": [89, 7], "uv_size": [-10, 2]},
								"east": {"uv": [89, 7], "uv_size": [-10, 2]},
								"south": {"uv": [89, 7], "uv_size": [-10, 2]},
								"west": {"uv": [89, 7], "uv_size": [-10, 2]},
								"up": {"uv": [79, 9], "uv_size": [10, -2]},
								"down": {"uv": [79, 9], "uv_size": [10, -2]}
							}
						},
						{
							"origin": [1.192, 31.04, -13.28412],
							"size": [0.231, 0.38, 0.917],
							"pivot": [1.422, 31.3794, -13.26582],
							"rotation": [0, 0, -19],
							"uv": {
								"north": {"uv": [89, 9], "uv_size": [-10, -2]},
								"east": {"uv": [89, 9], "uv_size": [-10, -2]},
								"south": {"uv": [89, 9], "uv_size": [-10, -2]},
								"west": {"uv": [89, 9], "uv_size": [-10, -2]},
								"up": {"uv": [79, 7], "uv_size": [10, 2]},
								"down": {"uv": [79, 7], "uv_size": [10, 2]}
							}
						},
						{
							"origin": [-1.4348, 28.1625, -13.38422],
							"size": [3.0192, 1.0872, 1.0872],
							"inflate": -0.3,
							"pivot": [1.5238, 27.9081, -13.63862],
							"rotation": [-45, 0, 0],
							"uv": {
								"north": {"uv": [116, 20], "uv_size": [1, 1]},
								"east": {"uv": [116, 20], "uv_size": [1, 1]},
								"south": {"uv": [116, 20], "uv_size": [1, 1]},
								"west": {"uv": [116, 20], "uv_size": [1, 1]},
								"up": {"uv": [117, 21], "uv_size": [-1, -1]},
								"down": {"uv": [117, 21], "uv_size": [-1, -1]}
							}
						},
						{
							"origin": [-1.4348, 28.1625, -9.28423],
							"size": [3.0192, 1.0872, 1.0872],
							"inflate": -0.3,
							"pivot": [1.5238, 27.9081, -9.53863],
							"rotation": [-45, 0, 0],
							"uv": {
								"north": {"uv": [116, 20], "uv_size": [1, 1]},
								"east": {"uv": [116, 20], "uv_size": [1, 1]},
								"south": {"uv": [116, 20], "uv_size": [1, 1]},
								"west": {"uv": [116, 20], "uv_size": [1, 1]},
								"up": {"uv": [117, 21], "uv_size": [-1, -1]},
								"down": {"uv": [117, 21], "uv_size": [-1, -1]}
							}
						},
						{
							"origin": [0.6652, 29.2625, -10.48422],
							"size": [0.9192, 0.8872, 0.8872],
							"inflate": -0.3,
							"pivot": [1.5238, 28.9081, -10.83863],
							"rotation": [-45, 0, 0],
							"uv": {
								"north": {"uv": [116, 20], "uv_size": [1, 1]},
								"east": {"uv": [116, 20], "uv_size": [1, 1]},
								"south": {"uv": [116, 20], "uv_size": [1, 1]},
								"west": {"uv": [116, 20], "uv_size": [1, 1]},
								"up": {"uv": [117, 21], "uv_size": [-1, -1]},
								"down": {"uv": [117, 21], "uv_size": [-1, -1]}
							}
						}
					]
				},
				{
					"name": "pso4",
					"parent": "1p87",
					"pivot": [-0.2521, 28.45325, -10.67397],
					"rotation": [-45, 0, -90],
					"cubes": [
						{
							"origin": [0.3252, 27.19454, -11.43735],
							"size": [0.90009, 1.7257, 1.7257],
							"inflate": -0.2,
							"uv": {
								"north": {"uv": [79, 7], "uv_size": [10, 2]},
								"east": {"uv": [79, 7], "uv_size": [10, 2]},
								"south": {"uv": [79, 7], "uv_size": [10, 2]},
								"west": {"uv": [79, 7], "uv_size": [10, 2]},
								"up": {"uv": [89, 9], "uv_size": [-10, -2]},
								"down": {"uv": [89, 9], "uv_size": [-10, -2]}
							}
						},
						{
							"origin": [0.45045, 27.10949, -11.5224],
							"size": [0.71504, 1.8958, 1.8958],
							"inflate": -0.2,
							"uv": {
								"north": {"uv": [79, 7], "uv_size": [10, 2]},
								"east": {"uv": [79, 7], "uv_size": [10, 2]},
								"south": {"uv": [79, 7], "uv_size": [10, 2]},
								"west": {"uv": [79, 7], "uv_size": [10, 2]},
								"up": {"uv": [89, 9], "uv_size": [-10, -2]},
								"down": {"uv": [89, 9], "uv_size": [-10, -2]}
							}
						}
					]
				},
				{
					"name": "pso2",
					"parent": "1p87",
					"pivot": [-1.4521, 27.75325, -5.87398],
					"rotation": [-45, 0, -90],
					"cubes": [
						{
							"origin": [-0.93861, 25.37949, -6.1654],
							"size": [0.85133, 1.39645, 1.39645],
							"inflate": -0.2,
							"uv": {
								"north": {"uv": [79, 7], "uv_size": [10, 2]},
								"east": {"uv": [79, 7], "uv_size": [10, 2]},
								"south": {"uv": [79, 7], "uv_size": [10, 2]},
								"west": {"uv": [79, 7], "uv_size": [10, 2]},
								"up": {"uv": [89, 9], "uv_size": [-10, -2]},
								"down": {"uv": [89, 9], "uv_size": [-10, -2]}
							}
						},
						{
							"origin": [-0.82557, 25.30273, -6.24216],
							"size": [0.96483, 1.54996, 1.54996],
							"inflate": -0.2,
							"uv": {
								"north": {"uv": [79, 7], "uv_size": [10, 2]},
								"east": {"uv": [79, 7], "uv_size": [10, 2]},
								"south": {"uv": [79, 7], "uv_size": [10, 2]},
								"west": {"uv": [79, 7], "uv_size": [10, 2]},
								"up": {"uv": [89, 9], "uv_size": [-10, -2]},
								"down": {"uv": [89, 9], "uv_size": [-10, -2]}
							}
						}
					]
				},
				{
					"name": "scope",
					"parent": "main",
					"pivot": [0.06, 31.38, 2.39],
					"cubes": [
						{
							"origin": [-0.36, 30.3, -3.59],
							"size": [0.96, 0.96, 0.96],
							"inflate": -0.4,
							"uv": {
								"north": {"uv": [60, 19], "uv_size": [1, 1]},
								"east": {"uv": [23, 56], "uv_size": [1, 1]},
								"south": {"uv": [58, 18], "uv_size": [1, 1]},
								"west": {"uv": [24, 57], "uv_size": [1, 1]},
								"up": {"uv": [58, 23], "uv_size": [1, 1]},
								"down": {"uv": [26, 60], "uv_size": [1, -1]}
							}
						}
					]
				},
				{
					"name": "_ca_scope",
					"parent": "main",
					"pivot": [-0.1, 28.98, -10.67],
					"cubes": [
						{
							"origin": [-0.18, 27.486, -10.9565],
							"size": [0.76, 0.76, 0.76],
							"uv": {
								"north": {"uv": [53, 14], "uv_size": [1, 1]},
								"east": {"uv": [15, 53], "uv_size": [1, 1]},
								"south": {"uv": [53, 15], "uv_size": [1, 1]},
								"west": {"uv": [16, 53], "uv_size": [1, 1]},
								"up": {"uv": [53, 16], "uv_size": [1, 1]},
								"down": {"uv": [17, 54], "uv_size": [1, -1]}
							}
						}
					]
				}
			]
		}
	]
}