{
	"format_version": "1.12.0",
	"minecraft:geometry": [
		{
			"description": {
				"identifier": "geometry.unknown",
				"texture_width": 128,
				"texture_height": 128,
				"visible_bounds_width": 10,
				"visible_bounds_height": 5,
				"visible_bounds_offset": [0, 0.5, 0]
			},
			"bones": [
				{
					"name": "main",
					"pivot": [0, 20, 0]
				},
				{
					"name": "gun",
					"parent": "main",
					"pivot": [1, 11, -1]
				},
				{
					"name": "stock",
					"parent": "gun",
					"pivot": [0.65, 6.6, 23.4],
					"rotation": [-4, 0, 0],
					"cubes": [
						{
							"origin": [-1.3, 9.1, 7.1],
							"size": [2.8, 15.5, 5],
							"pivot": [0.65, 20, 10.3],
							"rotation": [90, 0, 0],
							"uv": {
								"north": {"uv": [82, 45], "uv_size": [6, 3]},
								"east": {"uv": [82, 45], "uv_size": [6, 3]},
								"south": {"uv": [82, 45], "uv_size": [6, 3]},
								"west": {"uv": [82, 45], "uv_size": [6, 3]},
								"up": {"uv": [88, 48], "uv_size": [-6, -3]},
								"down": {"uv": [88, 48], "uv_size": [-6, -3]}
							}
						},
						{
							"origin": [-1.3, 9.8, 14.5],
							"size": [2.8, 7, 2],
							"pivot": [-1.25, 16.8, 14.5],
							"rotation": [75, 0, 0],
							"uv": {
								"north": {"uv": [82, 45], "uv_size": [6, 3]},
								"east": {"uv": [82, 45], "uv_size": [6, 3]},
								"south": {"uv": [82, 45], "uv_size": [6, 3]},
								"west": {"uv": [82, 45], "uv_size": [6, 3]},
								"up": {"uv": [88, 48], "uv_size": [-6, -3]},
								"down": {"uv": [88, 48], "uv_size": [-6, -3]}
							}
						},
						{
							"origin": [-1.3, 8.9, 17.7],
							"size": [2.8, 7, 2],
							"pivot": [-1.25, 15.9, 17.7],
							"rotation": [41, 0, 0],
							"uv": {
								"north": {"uv": [82, 45], "uv_size": [6, 3]},
								"east": {"uv": [82, 45], "uv_size": [6, 3]},
								"south": {"uv": [82, 45], "uv_size": [6, 3]},
								"west": {"uv": [82, 45], "uv_size": [6, 3]},
								"up": {"uv": [88, 48], "uv_size": [-6, -3]},
								"down": {"uv": [88, 48], "uv_size": [-6, -3]}
							}
						},
						{
							"origin": [-1.3, 9.6, 19.7],
							"size": [2.8, 3.9, 9.6],
							"pivot": [-1.25, 13.5, 19.7],
							"rotation": [5, 0, 0],
							"uv": {
								"north": {"uv": [82, 45], "uv_size": [6, 3]},
								"east": {"uv": [82, 45], "uv_size": [6, 3]},
								"south": {"uv": [82, 45], "uv_size": [6, 3]},
								"west": {"uv": [82, 45], "uv_size": [6, 3]},
								"up": {"uv": [88, 48], "uv_size": [-6, -3]},
								"down": {"uv": [88, 48], "uv_size": [-6, -3]}
							}
						}
					]
				},
				{
					"name": "bone32",
					"parent": "stock",
					"pivot": [0.15, 13.4, 32],
					"cubes": [
						{
							"origin": [-1.3, 12.2, 14.5],
							"size": [2.8, 7.9, 8.6],
							"pivot": [0.65, 20, 21.3],
							"rotation": [90, 0, 0],
							"uv": {
								"north": {"uv": [82, 45], "uv_size": [6, 3]},
								"east": {"uv": [82, 45], "uv_size": [6, 3]},
								"south": {"uv": [82, 45], "uv_size": [6, 3]},
								"west": {"uv": [82, 45], "uv_size": [6, 3]},
								"up": {"uv": [88, 48], "uv_size": [-6, -3]},
								"down": {"uv": [88, 48], "uv_size": [-6, -3]}
							}
						},
						{
							"origin": [-1.3, 12.2, 10.6],
							"size": [2.8, 9.1, 1.2],
							"pivot": [0.65, 20, 21.3],
							"rotation": [90, 0, 0],
							"uv": {
								"north": {"uv": [82, 45], "uv_size": [6, 3]},
								"east": {"uv": [82, 45], "uv_size": [6, 3]},
								"south": {"uv": [82, 45], "uv_size": [6, 3]},
								"west": {"uv": [82, 45], "uv_size": [6, 3]},
								"up": {"uv": [88, 48], "uv_size": [-6, -3]},
								"down": {"uv": [88, 48], "uv_size": [-6, -3]}
							}
						},
						{
							"origin": [-1.3, 9.3, 29.1],
							"size": [2.8, 12.5, 2],
							"uv": {
								"north": {"uv": [82, 45], "uv_size": [6, 3]},
								"east": {"uv": [82, 45], "uv_size": [6, 3]},
								"south": {"uv": [82, 45], "uv_size": [6, 3]},
								"west": {"uv": [82, 45], "uv_size": [6, 3]},
								"up": {"uv": [88, 48], "uv_size": [-6, -3]},
								"down": {"uv": [88, 48], "uv_size": [-6, -3]}
							}
						},
						{
							"origin": [-1.31, 14.75, 30.9],
							"size": [2.82, 7, 1.4],
							"pivot": [0.65, 19.4, 32],
							"rotation": [-5, 0, 0],
							"uv": {
								"north": {"uv": [14, 56], "uv_size": [4, 14]},
								"east": {"uv": [52, 62], "uv_size": [3, 14]},
								"south": {"uv": [18, 56], "uv_size": [4, 14]},
								"west": {"uv": [63, 42], "uv_size": [3, 14]},
								"up": {"uv": [91, 31], "uv_size": [4, 3]},
								"down": {"uv": [92, 22], "uv_size": [4, -3]}
							}
						},
						{
							"origin": [-1.31, 9.4, 30.4],
							"size": [2.82, 5.8, 1.4],
							"pivot": [0.65, 17.2, 31.5],
							"rotation": [5, 0, 0],
							"uv": {
								"north": {"uv": [14, 56], "uv_size": [4, 14]},
								"east": {"uv": [52, 62], "uv_size": [3, 14]},
								"south": {"uv": [18, 56], "uv_size": [4, 14]},
								"west": {"uv": [63, 42], "uv_size": [3, 14]},
								"up": {"uv": [91, 31], "uv_size": [4, 3]},
								"down": {"uv": [92, 22], "uv_size": [4, -3]}
							}
						},
						{
							"origin": [-0.59, 12.68135, 31.32706],
							"size": [1.4, 1.4, 1.2],
							"pivot": [0.15, 13.4, 32],
							"rotation": [3.54002, -3.53329, 44.89078],
							"uv": {
								"north": {"uv": [91, 111], "uv_size": [1, 1]},
								"east": {"uv": [91, 111], "uv_size": [1, 1]},
								"south": {"uv": [91, 111], "uv_size": [1, 1]},
								"west": {"uv": [91, 111], "uv_size": [1, 1]},
								"up": {"uv": [92, 112], "uv_size": [-1, -1]},
								"down": {"uv": [92, 112], "uv_size": [-1, -1]}
							}
						}
					]
				},
				{
					"name": "_ca_stock",
					"parent": "main",
					"pivot": [-0.2, 19.45, -1.025],
					"cubes": [
						{"origin": [-0.45, 20.75, 6.775], "size": [1, 1, 1], "uv": [24, 121]}
					]
				}
			]
		}
	]
}