{
	"format_version": "1.12.0",
	"minecraft:geometry": [
		{
			"description": {
				"identifier": "geometry.unknown",
				"texture_width": 256,
				"texture_height": 256,
				"visible_bounds_width": 8,
				"visible_bounds_height": 4,
				"visible_bounds_offset": [0, 1, 0]
			},
			"bones": [
				{
					"name": "main",
					"pivot": [0, 20, 0]
				},
				{
					"name": "gun",
					"parent": "main",
					"pivot": [1, 11, -1]
				},
				{
					"name": "barrel",
					"parent": "gun",
					"pivot": [0, 24.3, -67.05],
					"cubes": [
						{
							"origin": [-1, 23.3, -58.65],
							"size": [2, 2, 40.6],
							"inflate": -0.3,
							"pivot": [0, 24.3, -67.05],
							"rotation": [0, 0, -20],
							"uv": {
								"north": {"uv": [36, 2], "uv_size": [36, 2]},
								"east": {"uv": [36, 2], "uv_size": [36, 2]},
								"south": {"uv": [36, 2], "uv_size": [36, 2]},
								"west": {"uv": [36, 2], "uv_size": [36, 2]},
								"up": {"uv": [72, 4], "uv_size": [-36, -2]},
								"down": {"uv": [72, 4], "uv_size": [-36, -2]}
							}
						}
					]
				},
				{
					"name": "muzzledef",
					"parent": "barrel",
					"pivot": [0, 24.3, -71.15],
					"cubes": [
						{
							"origin": [-1.2, 23.1, -59.05],
							"size": [2.4, 2.4, 1],
							"inflate": -0.3,
							"pivot": [0, 24.3, -75.25],
							"rotation": [0, 0, -20],
							"uv": {
								"north": {"uv": [9, 147], "uv_size": [1, 2]},
								"east": {"uv": [9, 147], "uv_size": [1, 2]},
								"south": {"uv": [9, 147], "uv_size": [1, 2]},
								"west": {"uv": [9, 147], "uv_size": [1, 2]},
								"up": {"uv": [10, 149], "uv_size": [-1, -2]},
								"down": {"uv": [10, 149], "uv_size": [-1, -2]}
							}
						},
						{
							"origin": [0.3, 24.2, -62.85],
							"size": [0.8, 1.2, 4.4],
							"inflate": -0.3,
							"pivot": [0, 24.3, -75.65],
							"rotation": [0, 0, -20],
							"uv": {
								"north": {"uv": [137, 120], "uv_size": [4, 1]},
								"east": {"uv": [137, 120], "uv_size": [4, 1]},
								"south": {"uv": [137, 120], "uv_size": [4, 1]},
								"west": {"uv": [137, 120], "uv_size": [4, 1]},
								"up": {"uv": [141, 121], "uv_size": [-4, -1]},
								"down": {"uv": [141, 121], "uv_size": [-4, -1]}
							}
						},
						{
							"origin": [0.3, 23.9, -60.35],
							"size": [0.8, 0.9, 1.9],
							"inflate": -0.3,
							"pivot": [0, 24.3, -73.15],
							"rotation": [0, 0, -20],
							"uv": {
								"north": {"uv": [147, 17], "uv_size": [2, 1]},
								"east": {"uv": [147, 17], "uv_size": [2, 1]},
								"south": {"uv": [147, 17], "uv_size": [2, 1]},
								"west": {"uv": [147, 17], "uv_size": [2, 1]},
								"up": {"uv": [149, 18], "uv_size": [-2, -1]},
								"down": {"uv": [149, 18], "uv_size": [-2, -1]}
							}
						},
						{
							"origin": [0.3, 23.4, -62.85],
							"size": [0.8, 1.1, 4.4],
							"inflate": -0.3,
							"pivot": [0, 24.3, -75.65],
							"rotation": [0, 0, -20],
							"uv": {
								"north": {"uv": [137, 112], "uv_size": [4, 1]},
								"east": {"uv": [137, 112], "uv_size": [4, 1]},
								"south": {"uv": [137, 112], "uv_size": [4, 1]},
								"west": {"uv": [137, 112], "uv_size": [4, 1]},
								"up": {"uv": [141, 113], "uv_size": [-4, -1]},
								"down": {"uv": [141, 113], "uv_size": [-4, -1]}
							}
						},
						{
							"origin": [-1.1, 23.2, -62.85],
							"size": [2.2, 0.8, 4.4],
							"inflate": -0.3,
							"pivot": [0, 24.3, -75.65],
							"rotation": [0, 0, -20],
							"uv": {
								"north": {"uv": [137, 99], "uv_size": [4, 1]},
								"east": {"uv": [137, 99], "uv_size": [4, 1]},
								"south": {"uv": [137, 99], "uv_size": [4, 1]},
								"west": {"uv": [137, 99], "uv_size": [4, 1]},
								"up": {"uv": [141, 100], "uv_size": [-4, -1]},
								"down": {"uv": [141, 100], "uv_size": [-4, -1]}
							}
						},
						{
							"origin": [0.3, 23.9, -62.85],
							"size": [0.8, 0.9, 1.9],
							"inflate": -0.3,
							"pivot": [0, 24.3, -75.65],
							"rotation": [0, 0, -20],
							"uv": {
								"north": {"uv": [147, 15], "uv_size": [2, 1]},
								"east": {"uv": [147, 15], "uv_size": [2, 1]},
								"south": {"uv": [147, 15], "uv_size": [2, 1]},
								"west": {"uv": [147, 15], "uv_size": [2, 1]},
								"up": {"uv": [149, 16], "uv_size": [-2, -1]},
								"down": {"uv": [149, 16], "uv_size": [-2, -1]}
							}
						},
						{
							"origin": [-1.1, 23.4, -62.85],
							"size": [0.8, 1.1, 4.4],
							"inflate": -0.3,
							"pivot": [0, 24.3, -75.65],
							"rotation": [0, 0, -20],
							"uv": {
								"north": {"uv": [137, 113], "uv_size": [4, 1]},
								"east": {"uv": [137, 113], "uv_size": [4, 1]},
								"south": {"uv": [137, 113], "uv_size": [4, 1]},
								"west": {"uv": [137, 113], "uv_size": [4, 1]},
								"up": {"uv": [141, 114], "uv_size": [-4, -1]},
								"down": {"uv": [141, 114], "uv_size": [-4, -1]}
							}
						},
						{
							"origin": [-1.1, 23.9, -62.85],
							"size": [0.8, 0.9, 1.9],
							"inflate": -0.3,
							"pivot": [0, 24.3, -75.65],
							"rotation": [0, 0, -20],
							"uv": {
								"north": {"uv": [147, 18], "uv_size": [2, 1]},
								"east": {"uv": [147, 18], "uv_size": [2, 1]},
								"south": {"uv": [147, 18], "uv_size": [2, 1]},
								"west": {"uv": [147, 18], "uv_size": [2, 1]},
								"up": {"uv": [149, 19], "uv_size": [-2, -1]},
								"down": {"uv": [149, 19], "uv_size": [-2, -1]}
							}
						},
						{
							"origin": [-1.1, 24.2, -62.85],
							"size": [0.8, 1.2, 4.4],
							"inflate": -0.3,
							"pivot": [0, 24.3, -75.65],
							"rotation": [0, 0, -20],
							"uv": {
								"north": {"uv": [137, 88], "uv_size": [4, 1]},
								"east": {"uv": [137, 88], "uv_size": [4, 1]},
								"south": {"uv": [137, 88], "uv_size": [4, 1]},
								"west": {"uv": [137, 88], "uv_size": [4, 1]},
								"up": {"uv": [141, 89], "uv_size": [-4, -1]},
								"down": {"uv": [141, 89], "uv_size": [-4, -1]}
							}
						},
						{
							"origin": [-1.1, 23.9, -60.35],
							"size": [0.8, 0.9, 1.9],
							"inflate": -0.3,
							"pivot": [0, 24.3, -73.15],
							"rotation": [0, 0, -20],
							"uv": {
								"north": {"uv": [23, 147], "uv_size": [2, 1]},
								"east": {"uv": [23, 147], "uv_size": [2, 1]},
								"south": {"uv": [23, 147], "uv_size": [2, 1]},
								"west": {"uv": [23, 147], "uv_size": [2, 1]},
								"up": {"uv": [25, 148], "uv_size": [-2, -1]},
								"down": {"uv": [25, 148], "uv_size": [-2, -1]}
							}
						},
						{
							"origin": [-0.9, 24.6, -62.85],
							"size": [1.8, 0.8, 4.4],
							"inflate": -0.3,
							"pivot": [0, 24.3, -75.65],
							"rotation": [0, 0, -20],
							"uv": {
								"north": {"uv": [59, 129], "uv_size": [-2, -4]},
								"east": {"uv": [59, 129], "uv_size": [-2, -4]},
								"south": {"uv": [59, 129], "uv_size": [-2, -4]},
								"west": {"uv": [59, 129], "uv_size": [-2, -4]},
								"up": {"uv": [57, 125], "uv_size": [2, 4]},
								"down": {"uv": [57, 125], "uv_size": [2, 4]}
							}
						}
					]
				},
				{
					"name": "muzzleflash",
					"parent": "main",
					"pivot": [0, 24.35, -68.25],
					"cubes": [
						{
							"origin": [-0.5, 23.85, -63.25],
							"size": [1, 1, 1],
							"inflate": -0.4,
							"uv": {
								"north": {"uv": [93, 200], "uv_size": [1, 1]},
								"east": {"uv": [93, 200], "uv_size": [1, 1]},
								"south": {"uv": [93, 200], "uv_size": [1, 1]},
								"west": {"uv": [93, 200], "uv_size": [1, 1]},
								"up": {"uv": [94, 201], "uv_size": [-1, -1]},
								"down": {"uv": [94, 201], "uv_size": [-1, -1]}
							}
						}
					]
				},
				{
					"name": "_cb_suppressor",
					"parent": "main",
					"pivot": [-0.2, 24.35, -59.925],
					"cubes": [
						{"origin": [-0.5, 23.85, -59.425], "size": [1, 1, 1], "uv": [100, 209]}
					]
				},
				{
					"name": "_ca_barrel",
					"parent": "main",
					"pivot": [-0.3, 22.25, -25.425],
					"cubes": [
						{"origin": [-0.5, 23.95, -18.425], "size": [1, 1, 1], "uv": [51, 203]}
					]
				}
			]
		}
	]
}