{
	"format_version": "1.12.0",
	"minecraft:geometry": [
		{
			"description": {
				"identifier": "geometry.unknown",
				"texture_width": 64,
				"texture_height": 64,
				"visible_bounds_width": 8,
				"visible_bounds_height": 5,
				"visible_bounds_offset": [0, 1.5, 0]
			},
			"bones": [
				{
					"name": "main",
					"pivot": [0, 20, 6.65],
					"cubes": [
						{
							"origin": [-1.311, 26.462, -5.1585],
							"size": [2.527, 2.608, 0.665],
							"uv": {
								"north": {"uv": [42, 11], "uv_size": [3, 4]},
								"east": {"uv": [11, 48], "uv_size": [1, 4]},
								"south": {"uv": [42, 11], "uv_size": [3, 4]},
								"west": {"uv": [20, 48], "uv_size": [1, 4]},
								"up": {"uv": [50, 29], "uv_size": [3, 1]},
								"down": {"uv": [50, 37], "uv_size": [3, -1]}
							}
						}
					]
				},
				{
					"name": "specter",
					"parent": "main",
					"pivot": [0, 26.4, -2.95],
					"cubes": [
						{
							"origin": [-0.988, 24.396, -5.2825],
							"size": [1.748, 0.336, 3.04],
							"uv": {
								"north": {"uv": [40, 49], "uv_size": [3, 1]},
								"east": {"uv": [47, 28], "uv_size": [4, 1]},
								"south": {"uv": [43, 49], "uv_size": [3, 1]},
								"west": {"uv": [47, 30], "uv_size": [4, 1]},
								"up": {"uv": [40, 34], "uv_size": [3, 4]},
								"down": {"uv": [0, 45], "uv_size": [3, -4]}
							}
						},
						{
							"origin": [-1.58324, 24.49976, -5.51874],
							"size": [2.53348, 0.93248, 3.51248],
							"inflate": -0.201,
							"uv": {
								"north": {"uv": [12, 48], "uv_size": [-3, -2]},
								"east": {"uv": [12, 48], "uv_size": [-3, -2]},
								"south": {"uv": [12, 48], "uv_size": [-3, -2]},
								"west": {"uv": [12, 48], "uv_size": [-3, -2]},
								"up": {"uv": [9, 46], "uv_size": [3, 2]},
								"down": {"uv": [9, 46], "uv_size": [3, 2]}
							}
						},
						{
							"origin": [-1.311, 26.472, 4.0395],
							"size": [2.622, 2.57, 0.76],
							"uv": {
								"north": {"uv": [26, 41], "uv_size": [3, 4]},
								"east": {"uv": [17, 47], "uv_size": [1, 4]},
								"south": {"uv": [41, 38], "uv_size": [3, 4]},
								"west": {"uv": [33, 47], "uv_size": [1, 4]},
								"up": {"uv": [50, 13], "uv_size": [3, 1]},
								"down": {"uv": [50, 15], "uv_size": [3, -1]}
							}
						},
						{
							"origin": [-1.364, 28.694, -5.5915],
							"size": [2.652, 0.98, 10.809],
							"inflate": -0.3,
							"uv": {
								"north": {"uv": [27, 39], "uv_size": [1.1, 1]},
								"east": {"uv": [27, 30], "uv_size": [5.1, 7]},
								"south": {"uv": [15, 7], "uv_size": [1.1, 1]},
								"west": {"uv": [27, 30], "uv_size": [5.1, 7]},
								"up": {"uv": [33.2, 36], "uv_size": [-6.2, -3.8]},
								"down": {"uv": [16.1, 8], "uv_size": [-1.1, -1]}
							}
						},
						{
							"origin": [-1.364, 25.826, -5.5915],
							"size": [2.652, 0.98, 10.809],
							"inflate": -0.3,
							"uv": {
								"north": {"uv": [27, 40], "uv_size": [1.1, -1]},
								"east": {"uv": [27, 37], "uv_size": [5.1, -7]},
								"south": {"uv": [15, 8], "uv_size": [1.1, -1]},
								"west": {"uv": [27, 37], "uv_size": [5.1, -7]},
								"up": {"uv": [16.1, 7], "uv_size": [-1.1, 1]},
								"down": {"uv": [33.2, 32.2], "uv_size": [-6.2, 3.8]}
							}
						},
						{
							"origin": [-1.964, 25.426, -5.3915],
							"size": [3.252, 0.98, 3.309],
							"inflate": -0.3,
							"uv": {
								"north": {"uv": [27, 40], "uv_size": [1.1, -1]},
								"east": {"uv": [27, 37], "uv_size": [5.1, -7]},
								"south": {"uv": [15, 8], "uv_size": [1.1, -1]},
								"west": {"uv": [27, 37], "uv_size": [5.1, -7]},
								"up": {"uv": [16.1, 7], "uv_size": [-1.1, 1]},
								"down": {"uv": [33.2, 32.2], "uv_size": [-6.2, 3.8]}
							}
						},
						{
							"origin": [-1.44, 28.884, -5.6885],
							"size": [2.88, 0.9325, 5.9675],
							"inflate": -0.3,
							"uv": {
								"north": {"uv": [9, 46], "uv_size": [3, 2]},
								"east": {"uv": [9, 46], "uv_size": [3, 2]},
								"south": {"uv": [27, 39], "uv_size": [1.1, 1]},
								"west": {"uv": [9, 46], "uv_size": [3, 2]},
								"up": {"uv": [12, 48], "uv_size": [-3, -2]},
								"down": {"uv": [12, 48], "uv_size": [-3, -2]}
							}
						},
						{
							"origin": [0.916, 26.504, -5.5915],
							"size": [1.056, 2.486, 10.809],
							"inflate": -0.3,
							"uv": {
								"north": {"uv": [27, 39], "uv_size": [1.1, 1]},
								"east": {"uv": [15, 7], "uv_size": [1.1, 1]},
								"south": {"uv": [15, 7], "uv_size": [1.1, 1]},
								"west": {"uv": [27, 32.2], "uv_size": [6.2, 3.8]},
								"up": {"uv": [32.1, 37], "uv_size": [-5.1, -7]},
								"down": {"uv": [32.1, 37], "uv_size": [-5.1, -7]}
							}
						},
						{
							"origin": [1.182, 26.4425, -5.6715],
							"size": [0.961, 2.671, 5.9505],
							"inflate": -0.3,
							"uv": {
								"north": {"uv": [12, 48], "uv_size": [-3, -2]},
								"east": {"uv": [27, 30], "uv_size": [5.1, 7]},
								"south": {"uv": [27, 39], "uv_size": [1.1, 1]},
								"west": {"uv": [27, 32.2], "uv_size": [6.2, 3.8]},
								"up": {"uv": [32.1, 37], "uv_size": [-5.1, -7]},
								"down": {"uv": [32.1, 37], "uv_size": [-5.1, -7]}
							}
						},
						{
							"origin": [1.543, 26.8425, -5.6715],
							"size": [0.7, 1.871, 5.9505],
							"inflate": -0.3,
							"uv": {
								"north": {"uv": [27, 32.2], "uv_size": [6.2, 3.8]},
								"east": {"uv": [27, 32.2], "uv_size": [6.2, 3.8]},
								"south": {"uv": [27, 32.2], "uv_size": [6.2, 3.8]},
								"west": {"uv": [27, 33.4], "uv_size": [3.3, 1.8]},
								"up": {"uv": [33.2, 36], "uv_size": [-6.2, -3.8]},
								"down": {"uv": [33.2, 36], "uv_size": [-6.2, -3.8]}
							}
						},
						{
							"origin": [-2.143, 26.4425, -5.6715],
							"size": [0.961, 2.671, 5.9505],
							"inflate": -0.3,
							"uv": {
								"north": {"uv": [12, 48], "uv_size": [-3, -2]},
								"east": {"uv": [33.2, 32.2], "uv_size": [-6.2, 3.8]},
								"south": {"uv": [27, 39], "uv_size": [1.1, 1]},
								"west": {"uv": [32.1, 30], "uv_size": [-5.1, 7]},
								"up": {"uv": [27, 37], "uv_size": [5.1, -7]},
								"down": {"uv": [27, 37], "uv_size": [5.1, -7]}
							}
						},
						{
							"origin": [-2.638, 26.6225, -4.6615],
							"size": [1.456, 2.311, 3.92],
							"inflate": -0.3,
							"uv": {
								"north": {"uv": [9, 46], "uv_size": [3, 2]},
								"east": {"uv": [9, 46], "uv_size": [3, 2]},
								"south": {"uv": [9, 46], "uv_size": [3, 2]},
								"west": {"uv": [9, 46], "uv_size": [3, 2]},
								"up": {"uv": [12, 48], "uv_size": [-3, -2]},
								"down": {"uv": [12, 48], "uv_size": [-3, -2]}
							}
						},
						{
							"origin": [-2.638, 26.6225, -5.75],
							"size": [1.456, 2.311, 1.6905],
							"inflate": -0.3,
							"pivot": [-2.335, 28.43, -4.36],
							"rotation": [0, -28, 0],
							"uv": {
								"north": {"uv": [9, 46], "uv_size": [3, 2]},
								"east": {"uv": [9, 46], "uv_size": [3, 2]},
								"south": {"uv": [9, 46], "uv_size": [3, 2]},
								"west": {"uv": [9, 46], "uv_size": [3, 2]},
								"up": {"uv": [12, 48], "uv_size": [-3, -2]},
								"down": {"uv": [12, 48], "uv_size": [-3, -2]}
							}
						},
						{
							"origin": [-2.638, 26.6225, -1.3405],
							"size": [1.456, 2.311, 1.6905],
							"inflate": -0.3,
							"pivot": [-2.335, 28.43, -1.04],
							"rotation": [0, 28, 0],
							"uv": {
								"north": {"uv": [9, 46], "uv_size": [3, 2]},
								"east": {"uv": [9, 46], "uv_size": [3, 2]},
								"south": {"uv": [9, 46], "uv_size": [3, 2]},
								"west": {"uv": [9, 46], "uv_size": [3, 2]},
								"up": {"uv": [12, 48], "uv_size": [-3, -2]},
								"down": {"uv": [12, 48], "uv_size": [-3, -2]}
							}
						},
						{
							"origin": [-1.972, 26.423, -5.5915],
							"size": [0.98, 2.643, 10.809],
							"inflate": -0.3,
							"uv": {
								"north": {"uv": [27, 39], "uv_size": [1.1, 1]},
								"east": {"uv": [27, 32.2], "uv_size": [6.2, 3.8]},
								"south": {"uv": [15, 7], "uv_size": [1.1, 1]},
								"west": {"uv": [15, 7], "uv_size": [1.1, 1]},
								"up": {"uv": [32.1, 37], "uv_size": [-5.1, -7]},
								"down": {"uv": [32.1, 37], "uv_size": [-5.1, -7]}
							}
						},
						{
							"origin": [-19.6572, 34.3028, -5.5915],
							"size": [1.056, 1.4588, 10.809],
							"inflate": -0.3,
							"pivot": [-17.556, 10.336, 1.2635],
							"rotation": [0, 0, 45],
							"uv": {
								"north": {"uv": [27, 39], "uv_size": [1.1, 1]},
								"east": {"uv": [27, 30], "uv_size": [5.1, 7]},
								"south": {"uv": [15, 7], "uv_size": [1.1, 1]},
								"west": {"uv": [15, 7], "uv_size": [1.1, 1]},
								"up": {"uv": [32.1, 37], "uv_size": [-5.1, -7]},
								"down": {"uv": [32.1, 37], "uv_size": [-5.1, -7]}
							}
						},
						{
							"origin": [17.6892, 36.4308, -5.5915],
							"size": [1.056, 1.5652, 10.809],
							"inflate": -0.3,
							"pivot": [19.76, 12.464, 1.2635],
							"rotation": [0, 0, -45],
							"uv": {
								"north": {"uv": [27, 39], "uv_size": [1.1, 1]},
								"east": {"uv": [15, 7], "uv_size": [1.1, 1]},
								"south": {"uv": [15, 7], "uv_size": [1.1, 1]},
								"west": {"uv": [27, 32.2], "uv_size": [6.2, 3.8]},
								"up": {"uv": [32.1, 37], "uv_size": [-5.1, -7]},
								"down": {"uv": [32.1, 37], "uv_size": [-5.1, -7]}
							}
						},
						{
							"origin": [-19.6572, 19.7384, -5.5915],
							"size": [1.056, 1.4588, 10.809],
							"inflate": -0.3,
							"pivot": [-17.556, 45.164, 1.2635],
							"rotation": [0, 0, -45],
							"uv": {
								"north": {"uv": [27, 40], "uv_size": [1.1, -1]},
								"east": {"uv": [27, 37], "uv_size": [5.1, -7]},
								"south": {"uv": [15, 8], "uv_size": [1.1, -1]},
								"west": {"uv": [15, 8], "uv_size": [1.1, -1]},
								"up": {"uv": [32.1, 30], "uv_size": [-5.1, 7]},
								"down": {"uv": [32.1, 30], "uv_size": [-5.1, 7]}
							}
						},
						{
							"origin": [17.6892, 17.504, -5.5915],
							"size": [1.056, 1.5652, 10.809],
							"inflate": -0.3,
							"pivot": [19.76, 43.036, 1.2635],
							"rotation": [0, 0, 45],
							"uv": {
								"north": {"uv": [27, 40], "uv_size": [1.1, -1]},
								"east": {"uv": [15, 8], "uv_size": [1.1, -1]},
								"south": {"uv": [15, 8], "uv_size": [1.1, -1]},
								"west": {"uv": [27, 36], "uv_size": [6.2, -3.8]},
								"up": {"uv": [32.1, 30], "uv_size": [-5.1, 7]},
								"down": {"uv": [32.1, 30], "uv_size": [-5.1, 7]}
							}
						},
						{
							"origin": [-1.40656, 28.75376, 0.22884],
							"size": [2.73408, 0.9952, 3.62536],
							"inflate": -0.3,
							"uv": {
								"north": {"uv": [27, 39], "uv_size": [1.1, 1]},
								"east": {"uv": [27, 30], "uv_size": [5.1, 7]},
								"south": {"uv": [15, 7], "uv_size": [1.1, 1]},
								"west": {"uv": [27, 30], "uv_size": [5.1, 7]},
								"up": {"uv": [33.2, 36], "uv_size": [-6.2, -3.8]},
								"down": {"uv": [16.1, 8], "uv_size": [-1.1, -1]}
							}
						},
						{
							"origin": [0.96464, 26.47616, 0.22884],
							"size": [1.07424, 2.56144, 3.62536],
							"inflate": -0.3,
							"uv": {
								"north": {"uv": [27, 39], "uv_size": [1.1, 1]},
								"east": {"uv": [15, 7], "uv_size": [1.1, 1]},
								"south": {"uv": [15, 7], "uv_size": [1.1, 1]},
								"west": {"uv": [27, 32.2], "uv_size": [6.2, 3.8]},
								"up": {"uv": [32.1, 37], "uv_size": [-5.1, -7]},
								"down": {"uv": [32.1, 37], "uv_size": [-5.1, -7]}
							}
						},
						{
							"origin": [-2.03888, 26.39192, 0.22884],
							"size": [0.9952, 2.72472, 3.62536],
							"inflate": -0.3,
							"uv": {
								"north": {"uv": [27, 39], "uv_size": [1.1, 1]},
								"east": {"uv": [27, 32.2], "uv_size": [6.2, 3.8]},
								"south": {"uv": [15, 7], "uv_size": [1.1, 1]},
								"west": {"uv": [15, 7], "uv_size": [1.1, 1]},
								"up": {"uv": [32.1, 37], "uv_size": [-5.1, -7]},
								"down": {"uv": [32.1, 37], "uv_size": [-5.1, -7]}
							}
						},
						{
							"origin": [-20.43149, 34.58691, 0.22884],
							"size": [1.07424, 1.49315, 3.62536],
							"inflate": -0.3,
							"pivot": [-18.25824, 9.64944, 1.31404],
							"rotation": [0, 0, 45],
							"uv": {
								"north": {"uv": [27, 39], "uv_size": [1.1, 1]},
								"east": {"uv": [27, 30], "uv_size": [5.1, 7]},
								"south": {"uv": [15, 7], "uv_size": [1.1, 1]},
								"west": {"uv": [15, 7], "uv_size": [1.1, 1]},
								"up": {"uv": [32.1, 37], "uv_size": [-5.1, -7]},
								"down": {"uv": [32.1, 37], "uv_size": [-5.1, -7]}
							}
						},
						{
							"origin": [18.40877, 36.80003, 0.22884],
							"size": [1.07424, 1.60381, 3.62536],
							"inflate": -0.3,
							"pivot": [20.5504, 11.86256, 1.31404],
							"rotation": [0, 0, -45],
							"uv": {
								"north": {"uv": [27, 39], "uv_size": [1.1, 1]},
								"east": {"uv": [15, 7], "uv_size": [1.1, 1]},
								"south": {"uv": [15, 7], "uv_size": [1.1, 1]},
								"west": {"uv": [27, 32.2], "uv_size": [6.2, 3.8]},
								"up": {"uv": [32.1, 37], "uv_size": [-5.1, -7]},
								"down": {"uv": [32.1, 37], "uv_size": [-5.1, -7]}
							}
						},
						{
							"origin": [18.40877, 17.11616, 0.22884],
							"size": [1.07424, 1.60381, 3.62536],
							"inflate": -0.3,
							"pivot": [20.5504, 43.65744, 1.31404],
							"rotation": [0, 0, 45],
							"uv": {
								"north": {"uv": [27, 40], "uv_size": [1.1, -1]},
								"east": {"uv": [15, 8], "uv_size": [1.1, -1]},
								"south": {"uv": [15, 8], "uv_size": [1.1, -1]},
								"west": {"uv": [27, 36], "uv_size": [6.2, -3.8]},
								"up": {"uv": [32.1, 30], "uv_size": [-5.1, 7]},
								"down": {"uv": [32.1, 30], "uv_size": [-5.1, 7]}
							}
						},
						{
							"origin": [-20.43149, 19.43994, 0.22884],
							"size": [1.07424, 1.49315, 3.62536],
							"inflate": -0.3,
							"pivot": [-18.25824, 45.87056, 1.31404],
							"rotation": [0, 0, -45],
							"uv": {
								"north": {"uv": [27, 40], "uv_size": [1.1, -1]},
								"east": {"uv": [27, 37], "uv_size": [5.1, -7]},
								"south": {"uv": [15, 8], "uv_size": [1.1, -1]},
								"west": {"uv": [15, 8], "uv_size": [1.1, -1]},
								"up": {"uv": [32.1, 30], "uv_size": [-5.1, 7]},
								"down": {"uv": [32.1, 30], "uv_size": [-5.1, 7]}
							}
						},
						{
							"origin": [-1.40656, 25.77104, 0.22884],
							"size": [2.73408, 0.9952, 3.62536],
							"inflate": -0.3,
							"uv": {
								"north": {"uv": [27, 40], "uv_size": [1.1, -1]},
								"east": {"uv": [27, 37], "uv_size": [5.1, -7]},
								"south": {"uv": [15, 8], "uv_size": [1.1, -1]},
								"west": {"uv": [27, 37], "uv_size": [5.1, -7]},
								"up": {"uv": [16.1, 7], "uv_size": [-1.1, 1]},
								"down": {"uv": [33.2, 32.2], "uv_size": [-6.2, 3.8]}
							}
						},
						{
							"origin": [-1.40656, 28.75376, 3.82884],
							"size": [2.73408, 0.9952, 1.12536],
							"inflate": -0.3,
							"uv": {
								"north": {"uv": [27, 39], "uv_size": [1.1, 1]},
								"east": {"uv": [27, 30], "uv_size": [5.1, 7]},
								"south": {"uv": [15, 7], "uv_size": [1.1, 1]},
								"west": {"uv": [27, 30], "uv_size": [5.1, 7]},
								"up": {"uv": [33.2, 36], "uv_size": [-6.2, -3.8]},
								"down": {"uv": [16.1, 8], "uv_size": [-1.1, -1]}
							}
						},
						{
							"origin": [0.96464, 26.47616, 3.82884],
							"size": [1.07424, 2.56144, 1.12536],
							"inflate": -0.3,
							"uv": {
								"north": {"uv": [27, 39], "uv_size": [1.1, 1]},
								"east": {"uv": [15, 7], "uv_size": [1.1, 1]},
								"south": {"uv": [15, 7], "uv_size": [1.1, 1]},
								"west": {"uv": [27, 32.2], "uv_size": [6.2, 3.8]},
								"up": {"uv": [32.1, 37], "uv_size": [-5.1, -7]},
								"down": {"uv": [32.1, 37], "uv_size": [-5.1, -7]}
							}
						},
						{
							"origin": [-2.03888, 26.39192, 3.82884],
							"size": [0.9952, 2.72472, 1.12536],
							"inflate": -0.3,
							"uv": {
								"north": {"uv": [27, 39], "uv_size": [1.1, 1]},
								"east": {"uv": [27, 32.2], "uv_size": [6.2, 3.8]},
								"south": {"uv": [15, 7], "uv_size": [1.1, 1]},
								"west": {"uv": [15, 7], "uv_size": [1.1, 1]},
								"up": {"uv": [32.1, 37], "uv_size": [-5.1, -7]},
								"down": {"uv": [32.1, 37], "uv_size": [-5.1, -7]}
							}
						},
						{
							"origin": [-20.43149, 34.58691, 3.82884],
							"size": [1.07424, 1.49315, 1.12536],
							"inflate": -0.3,
							"pivot": [-18.25824, 9.64944, 4.91404],
							"rotation": [0, 0, 45],
							"uv": {
								"north": {"uv": [27, 39], "uv_size": [1.1, 1]},
								"east": {"uv": [27, 30], "uv_size": [5.1, 7]},
								"south": {"uv": [15, 7], "uv_size": [1.1, 1]},
								"west": {"uv": [15, 7], "uv_size": [1.1, 1]},
								"up": {"uv": [32.1, 37], "uv_size": [-5.1, -7]},
								"down": {"uv": [32.1, 37], "uv_size": [-5.1, -7]}
							}
						},
						{
							"origin": [18.40877, 36.80003, 3.82884],
							"size": [1.07424, 1.60381, 1.12536],
							"inflate": -0.3,
							"pivot": [20.5504, 11.86256, 4.91404],
							"rotation": [0, 0, -45],
							"uv": {
								"north": {"uv": [27, 39], "uv_size": [1.1, 1]},
								"east": {"uv": [15, 7], "uv_size": [1.1, 1]},
								"south": {"uv": [15, 7], "uv_size": [1.1, 1]},
								"west": {"uv": [27, 32.2], "uv_size": [6.2, 3.8]},
								"up": {"uv": [32.1, 37], "uv_size": [-5.1, -7]},
								"down": {"uv": [32.1, 37], "uv_size": [-5.1, -7]}
							}
						},
						{
							"origin": [18.40877, 17.11616, 3.82884],
							"size": [1.07424, 1.60381, 1.12536],
							"inflate": -0.3,
							"pivot": [20.5504, 43.65744, 4.91404],
							"rotation": [0, 0, 45],
							"uv": {
								"north": {"uv": [27, 40], "uv_size": [1.1, -1]},
								"east": {"uv": [15, 8], "uv_size": [1.1, -1]},
								"south": {"uv": [15, 8], "uv_size": [1.1, -1]},
								"west": {"uv": [27, 36], "uv_size": [6.2, -3.8]},
								"up": {"uv": [32.1, 30], "uv_size": [-5.1, 7]},
								"down": {"uv": [32.1, 30], "uv_size": [-5.1, 7]}
							}
						},
						{
							"origin": [-20.43149, 19.43994, 3.82884],
							"size": [1.07424, 1.49315, 1.12536],
							"inflate": -0.3,
							"pivot": [-18.25824, 45.87056, 4.91404],
							"rotation": [0, 0, -45],
							"uv": {
								"north": {"uv": [27, 40], "uv_size": [1.1, -1]},
								"east": {"uv": [27, 37], "uv_size": [5.1, -7]},
								"south": {"uv": [15, 8], "uv_size": [1.1, -1]},
								"west": {"uv": [15, 8], "uv_size": [1.1, -1]},
								"up": {"uv": [32.1, 30], "uv_size": [-5.1, 7]},
								"down": {"uv": [32.1, 30], "uv_size": [-5.1, 7]}
							}
						},
						{
							"origin": [-1.40656, 25.77104, 3.82884],
							"size": [2.73408, 0.9952, 1.12536],
							"inflate": -0.3,
							"uv": {
								"north": {"uv": [27, 40], "uv_size": [1.1, -1]},
								"east": {"uv": [27, 37], "uv_size": [5.1, -7]},
								"south": {"uv": [15, 8], "uv_size": [1.1, -1]},
								"west": {"uv": [27, 37], "uv_size": [5.1, -7]},
								"up": {"uv": [16.1, 7], "uv_size": [-1.1, 1]},
								"down": {"uv": [33.2, 32.2], "uv_size": [-6.2, 3.8]}
							}
						},
						{
							"origin": [1.16464, 26.47616, 4.62884],
							"size": [0.87424, 2.56144, 1.02536],
							"inflate": -0.3,
							"uv": {
								"north": {"uv": [16, 13], "uv_size": [3.1, 2]},
								"east": {"uv": [16, 13], "uv_size": [3.1, 2]},
								"south": {"uv": [16, 13], "uv_size": [3.1, 2]},
								"west": {"uv": [16, 13], "uv_size": [3.1, 2]},
								"up": {"uv": [19.1, 15], "uv_size": [-3.1, -2]},
								"down": {"uv": [19.1, 15], "uv_size": [-3.1, -2]}
							}
						},
						{
							"origin": [18.60877, 36.80003, 4.62884],
							"size": [0.87424, 1.60381, 1.02536],
							"inflate": -0.3,
							"pivot": [20.5504, 11.86256, 5.71404],
							"rotation": [0, 0, -45],
							"uv": {
								"north": {"uv": [16, 13], "uv_size": [3.1, 2]},
								"east": {"uv": [16, 13], "uv_size": [3.1, 2]},
								"south": {"uv": [16, 13], "uv_size": [3.1, 2]},
								"west": {"uv": [16, 13], "uv_size": [3.1, 2]},
								"up": {"uv": [19.1, 15], "uv_size": [-3.1, -2]},
								"down": {"uv": [19.1, 15], "uv_size": [-3.1, -2]}
							}
						},
						{
							"origin": [18.80877, 36.90003, 4.62884],
							"size": [0.77424, 0.90381, 0.92536],
							"inflate": -0.3,
							"pivot": [20.5504, 11.86256, 5.71404],
							"rotation": [0, 0, -45],
							"uv": {
								"north": {"uv": [35, 11], "uv_size": [1.1, 1]},
								"east": {"uv": [35, 11], "uv_size": [1.1, 1]},
								"south": {"uv": [35, 11], "uv_size": [1.1, 1]},
								"west": {"uv": [35, 11], "uv_size": [1.1, 1]},
								"up": {"uv": [36.1, 12], "uv_size": [-1.1, -1]},
								"down": {"uv": [36.1, 12], "uv_size": [-1.1, -1]}
							}
						},
						{
							"origin": [18.80877, 37.40003, 4.62884],
							"size": [0.77424, 0.90381, 0.92536],
							"inflate": -0.3,
							"pivot": [20.5504, 11.86256, 5.71404],
							"rotation": [0, 0, -45],
							"uv": {
								"north": {"uv": [35, 11], "uv_size": [1.1, 1]},
								"east": {"uv": [35, 11], "uv_size": [1.1, 1]},
								"south": {"uv": [35, 11], "uv_size": [1.1, 1]},
								"west": {"uv": [35, 11], "uv_size": [1.1, 1]},
								"up": {"uv": [36.1, 12], "uv_size": [-1.1, -1]},
								"down": {"uv": [36.1, 12], "uv_size": [-1.1, -1]}
							}
						},
						{
							"origin": [-19.58301, 37.40003, 4.62884],
							"size": [0.77424, 0.90381, 0.92536],
							"inflate": -0.3,
							"pivot": [-20.5504, 11.86256, 5.71404],
							"rotation": [0, 0, 45],
							"uv": {
								"north": {"uv": [36.1, 11], "uv_size": [-1.1, 1]},
								"east": {"uv": [36.1, 11], "uv_size": [-1.1, 1]},
								"south": {"uv": [36.1, 11], "uv_size": [-1.1, 1]},
								"west": {"uv": [36.1, 11], "uv_size": [-1.1, 1]},
								"up": {"uv": [35, 12], "uv_size": [1.1, -1]},
								"down": {"uv": [35, 12], "uv_size": [1.1, -1]}
							}
						},
						{
							"origin": [-19.58301, 36.90003, 4.62884],
							"size": [0.77424, 0.90381, 0.92536],
							"inflate": -0.3,
							"pivot": [-20.5504, 11.86256, 5.71404],
							"rotation": [0, 0, 45],
							"uv": {
								"north": {"uv": [36.1, 11], "uv_size": [-1.1, 1]},
								"east": {"uv": [36.1, 11], "uv_size": [-1.1, 1]},
								"south": {"uv": [36.1, 11], "uv_size": [-1.1, 1]},
								"west": {"uv": [36.1, 11], "uv_size": [-1.1, 1]},
								"up": {"uv": [35, 12], "uv_size": [1.1, -1]},
								"down": {"uv": [35, 12], "uv_size": [1.1, -1]}
							}
						},
						{
							"origin": [-1.40656, 28.95376, 4.62884],
							"size": [2.73408, 0.7952, 1.02536],
							"inflate": -0.3,
							"uv": {
								"north": {"uv": [16, 13], "uv_size": [3.1, 2]},
								"east": {"uv": [16, 13], "uv_size": [3.1, 2]},
								"south": {"uv": [16, 13], "uv_size": [3.1, 2]},
								"west": {"uv": [16, 13], "uv_size": [3.1, 2]},
								"up": {"uv": [19.1, 15], "uv_size": [-3.1, -2]},
								"down": {"uv": [19.1, 15], "uv_size": [-3.1, -2]}
							}
						},
						{
							"origin": [0.29344, 29.05376, 4.62884],
							"size": [0.93408, 0.7952, 0.92536],
							"inflate": -0.3,
							"uv": {
								"north": {"uv": [35, 11], "uv_size": [1.1, 1]},
								"east": {"uv": [35, 11], "uv_size": [1.1, 1]},
								"south": {"uv": [35, 11], "uv_size": [1.1, 1]},
								"west": {"uv": [35, 11], "uv_size": [1.1, 1]},
								"up": {"uv": [36.1, 12], "uv_size": [-1.1, -1]},
								"down": {"uv": [36.1, 12], "uv_size": [-1.1, -1]}
							}
						},
						{
							"origin": [-1.30656, 29.05376, 4.62884],
							"size": [0.93408, 0.7952, 0.92536],
							"inflate": -0.3,
							"uv": {
								"north": {"uv": [35, 11], "uv_size": [1.1, 1]},
								"east": {"uv": [35, 11], "uv_size": [1.1, 1]},
								"south": {"uv": [35, 11], "uv_size": [1.1, 1]},
								"west": {"uv": [35, 11], "uv_size": [1.1, 1]},
								"up": {"uv": [36.1, 12], "uv_size": [-1.1, -1]},
								"down": {"uv": [36.1, 12], "uv_size": [-1.1, -1]}
							}
						},
						{
							"origin": [-2.10656, 28.05376, 4.62884],
							"size": [0.73408, 0.9, 0.92536],
							"inflate": -0.3,
							"uv": {
								"north": {"uv": [35, 11], "uv_size": [1.1, 1]},
								"east": {"uv": [35, 11], "uv_size": [1.1, 1]},
								"south": {"uv": [35, 11], "uv_size": [1.1, 1]},
								"west": {"uv": [35, 11], "uv_size": [1.1, 1]},
								"up": {"uv": [36.1, 12], "uv_size": [-1.1, -1]},
								"down": {"uv": [36.1, 12], "uv_size": [-1.1, -1]}
							}
						},
						{
							"origin": [-2.10656, 26.55376, 4.62884],
							"size": [0.73408, 0.9, 0.92536],
							"inflate": -0.3,
							"uv": {
								"north": {"uv": [35, 11], "uv_size": [1.1, 1]},
								"east": {"uv": [35, 11], "uv_size": [1.1, 1]},
								"south": {"uv": [35, 11], "uv_size": [1.1, 1]},
								"west": {"uv": [35, 11], "uv_size": [1.1, 1]},
								"up": {"uv": [36.1, 12], "uv_size": [-1.1, -1]},
								"down": {"uv": [36.1, 12], "uv_size": [-1.1, -1]}
							}
						},
						{
							"origin": [1.37248, 26.55376, 4.62884],
							"size": [0.73408, 0.9, 0.92536],
							"inflate": -0.3,
							"uv": {
								"north": {"uv": [36.1, 11], "uv_size": [-1.1, 1]},
								"east": {"uv": [36.1, 11], "uv_size": [-1.1, 1]},
								"south": {"uv": [36.1, 11], "uv_size": [-1.1, 1]},
								"west": {"uv": [36.1, 11], "uv_size": [-1.1, 1]},
								"up": {"uv": [35, 12], "uv_size": [1.1, -1]},
								"down": {"uv": [35, 12], "uv_size": [1.1, -1]}
							}
						},
						{
							"origin": [1.37248, 28.05376, 4.62884],
							"size": [0.73408, 0.9, 0.92536],
							"inflate": -0.3,
							"uv": {
								"north": {"uv": [36.1, 11], "uv_size": [-1.1, 1]},
								"east": {"uv": [36.1, 11], "uv_size": [-1.1, 1]},
								"south": {"uv": [36.1, 11], "uv_size": [-1.1, 1]},
								"west": {"uv": [36.1, 11], "uv_size": [-1.1, 1]},
								"up": {"uv": [35, 12], "uv_size": [1.1, -1]},
								"down": {"uv": [35, 12], "uv_size": [1.1, -1]}
							}
						},
						{
							"origin": [-19.58301, 17.19616, 4.62884],
							"size": [0.77424, 0.90381, 0.92536],
							"inflate": -0.3,
							"pivot": [-20.5504, 43.63744, 5.71404],
							"rotation": [0, 0, -45],
							"uv": {
								"north": {"uv": [36.1, 12], "uv_size": [-1.1, -1]},
								"east": {"uv": [36.1, 12], "uv_size": [-1.1, -1]},
								"south": {"uv": [36.1, 12], "uv_size": [-1.1, -1]},
								"west": {"uv": [36.1, 12], "uv_size": [-1.1, -1]},
								"up": {"uv": [35, 11], "uv_size": [1.1, 1]},
								"down": {"uv": [35, 11], "uv_size": [1.1, 1]}
							}
						},
						{
							"origin": [-19.58301, 17.69616, 4.62884],
							"size": [0.77424, 0.90381, 0.92536],
							"inflate": -0.3,
							"pivot": [-20.5504, 43.63744, 5.71404],
							"rotation": [0, 0, -45],
							"uv": {
								"north": {"uv": [36.1, 12], "uv_size": [-1.1, -1]},
								"east": {"uv": [36.1, 12], "uv_size": [-1.1, -1]},
								"south": {"uv": [36.1, 12], "uv_size": [-1.1, -1]},
								"west": {"uv": [36.1, 12], "uv_size": [-1.1, -1]},
								"up": {"uv": [35, 11], "uv_size": [1.1, 1]},
								"down": {"uv": [35, 11], "uv_size": [1.1, 1]}
							}
						},
						{
							"origin": [18.80877, 17.19616, 4.62884],
							"size": [0.77424, 0.90381, 0.92536],
							"inflate": -0.3,
							"pivot": [20.5504, 43.63744, 5.71404],
							"rotation": [0, 0, 45],
							"uv": {
								"north": {"uv": [35, 12], "uv_size": [1.1, -1]},
								"east": {"uv": [35, 12], "uv_size": [1.1, -1]},
								"south": {"uv": [35, 12], "uv_size": [1.1, -1]},
								"west": {"uv": [35, 12], "uv_size": [1.1, -1]},
								"up": {"uv": [36.1, 11], "uv_size": [-1.1, 1]},
								"down": {"uv": [36.1, 11], "uv_size": [-1.1, 1]}
							}
						},
						{
							"origin": [18.80877, 17.69616, 4.62884],
							"size": [0.77424, 0.90381, 0.92536],
							"inflate": -0.3,
							"pivot": [20.5504, 43.63744, 5.71404],
							"rotation": [0, 0, 45],
							"uv": {
								"north": {"uv": [35, 12], "uv_size": [1.1, -1]},
								"east": {"uv": [35, 12], "uv_size": [1.1, -1]},
								"south": {"uv": [35, 12], "uv_size": [1.1, -1]},
								"west": {"uv": [35, 12], "uv_size": [1.1, -1]},
								"up": {"uv": [36.1, 11], "uv_size": [-1.1, 1]},
								"down": {"uv": [36.1, 11], "uv_size": [-1.1, 1]}
							}
						},
						{
							"origin": [0.29344, 25.65104, 4.62884],
							"size": [0.93408, 0.7952, 0.92536],
							"inflate": -0.3,
							"uv": {
								"north": {"uv": [35, 12], "uv_size": [1.1, -1]},
								"east": {"uv": [35, 12], "uv_size": [1.1, -1]},
								"south": {"uv": [35, 12], "uv_size": [1.1, -1]},
								"west": {"uv": [35, 12], "uv_size": [1.1, -1]},
								"up": {"uv": [36.1, 11], "uv_size": [-1.1, 1]},
								"down": {"uv": [36.1, 11], "uv_size": [-1.1, 1]}
							}
						},
						{
							"origin": [-1.30656, 25.65104, 4.62884],
							"size": [0.93408, 0.7952, 0.92536],
							"inflate": -0.3,
							"uv": {
								"north": {"uv": [35, 12], "uv_size": [1.1, -1]},
								"east": {"uv": [35, 12], "uv_size": [1.1, -1]},
								"south": {"uv": [35, 12], "uv_size": [1.1, -1]},
								"west": {"uv": [35, 12], "uv_size": [1.1, -1]},
								"up": {"uv": [36.1, 11], "uv_size": [-1.1, 1]},
								"down": {"uv": [36.1, 11], "uv_size": [-1.1, 1]}
							}
						},
						{
							"origin": [-20.43149, 34.58691, 4.62884],
							"size": [0.87424, 1.49315, 1.02536],
							"inflate": -0.3,
							"pivot": [-18.25824, 9.64944, 5.71404],
							"rotation": [0, 0, 45],
							"uv": {
								"north": {"uv": [16, 13], "uv_size": [3.1, 2]},
								"east": {"uv": [16, 13], "uv_size": [3.1, 2]},
								"south": {"uv": [16, 13], "uv_size": [3.1, 2]},
								"west": {"uv": [16, 13], "uv_size": [3.1, 2]},
								"up": {"uv": [19.1, 15], "uv_size": [-3.1, -2]},
								"down": {"uv": [19.1, 15], "uv_size": [-3.1, -2]}
							}
						},
						{
							"origin": [-2.03888, 26.39192, 4.62884],
							"size": [0.7952, 2.72472, 1.02536],
							"inflate": -0.3,
							"uv": {
								"north": {"uv": [16, 13], "uv_size": [3.1, 2]},
								"east": {"uv": [16, 13], "uv_size": [3.1, 2]},
								"south": {"uv": [16, 13], "uv_size": [3.1, 2]},
								"west": {"uv": [16, 13], "uv_size": [3.1, 2]},
								"up": {"uv": [19.1, 15], "uv_size": [-3.1, -2]},
								"down": {"uv": [19.1, 15], "uv_size": [-3.1, -2]}
							}
						},
						{
							"origin": [-20.43149, 19.43994, 4.62884],
							"size": [0.87424, 1.49315, 1.02536],
							"inflate": -0.3,
							"pivot": [-18.25824, 45.87056, 5.71404],
							"rotation": [0, 0, -45],
							"uv": {
								"north": {"uv": [16, 13], "uv_size": [3.1, 2]},
								"east": {"uv": [16, 13], "uv_size": [3.1, 2]},
								"south": {"uv": [16, 13], "uv_size": [3.1, 2]},
								"west": {"uv": [16, 13], "uv_size": [3.1, 2]},
								"up": {"uv": [19.1, 15], "uv_size": [-3.1, -2]},
								"down": {"uv": [19.1, 15], "uv_size": [-3.1, -2]}
							}
						},
						{
							"origin": [-1.40656, 25.77104, 4.62884],
							"size": [2.73408, 0.7952, 1.02536],
							"inflate": -0.3,
							"uv": {
								"north": {"uv": [16, 13], "uv_size": [3.1, 2]},
								"east": {"uv": [16, 13], "uv_size": [3.1, 2]},
								"south": {"uv": [16, 13], "uv_size": [3.1, 2]},
								"west": {"uv": [16, 13], "uv_size": [3.1, 2]},
								"up": {"uv": [19.1, 15], "uv_size": [-3.1, -2]},
								"down": {"uv": [19.1, 15], "uv_size": [-3.1, -2]}
							}
						},
						{
							"origin": [18.60877, 17.11616, 4.62884],
							"size": [0.87424, 1.60381, 1.02536],
							"inflate": -0.3,
							"pivot": [20.5504, 43.65744, 5.71404],
							"rotation": [0, 0, 45],
							"uv": {
								"north": {"uv": [16, 13], "uv_size": [3.1, 2]},
								"east": {"uv": [16, 13], "uv_size": [3.1, 2]},
								"south": {"uv": [16, 13], "uv_size": [3.1, 2]},
								"west": {"uv": [16, 13], "uv_size": [3.1, 2]},
								"up": {"uv": [19.1, 15], "uv_size": [-3.1, -2]},
								"down": {"uv": [19.1, 15], "uv_size": [-3.1, -2]}
							}
						},
						{
							"origin": [-5.9262, 24.288, -6.6515],
							"size": [6.696, 7.702, 7.702],
							"inflate": -3.4,
							"pivot": [-1.77, 28.006, -3.6365],
							"rotation": [-27.5, 0, 0],
							"uv": {
								"north": {"uv": [15, 7], "uv_size": [1.1, 1]},
								"east": {"uv": [15, 7], "uv_size": [1.1, 1]},
								"south": {"uv": [15, 7], "uv_size": [1.1, 1]},
								"west": {"uv": [15, 7], "uv_size": [1.1, 1]},
								"up": {"uv": [16.1, 8], "uv_size": [-1.1, -1]},
								"down": {"uv": [16.1, 8], "uv_size": [-1.1, -1]}
							}
						},
						{
							"origin": [-1.4262, 24.588, -4.7515],
							"size": [6.696, 7.302, 7.302],
							"inflate": -3.4,
							"pivot": [2.73, 28.106, -1.9365],
							"rotation": [-27.5, 0, 0],
							"uv": {
								"north": {"uv": [15, 7], "uv_size": [1.1, 1]},
								"east": {"uv": [15, 7], "uv_size": [1.1, 1]},
								"south": {"uv": [15, 7], "uv_size": [1.1, 1]},
								"west": {"uv": [15, 7], "uv_size": [1.1, 1]},
								"up": {"uv": [16.1, 8], "uv_size": [-1.1, -1]},
								"down": {"uv": [16.1, 8], "uv_size": [-1.1, -1]}
							}
						},
						{
							"origin": [-2.722, 27.602, -4.0025],
							"size": [0.888, 1.606, 1.606],
							"inflate": -0.2,
							"pivot": [-1.502, 27.265, -4.3395],
							"rotation": [-27.5, 0, 0],
							"uv": {
								"north": {"uv": [32, 44], "uv_size": [2, 3]},
								"east": {"uv": [3, 43], "uv_size": [3, 3]},
								"south": {"uv": [25, 45], "uv_size": [2, 3]},
								"west": {"uv": [27, 32.2], "uv_size": [6.2, 3.8]},
								"up": {"uv": [27, 45], "uv_size": [2, 3]},
								"down": {"uv": [34, 48], "uv_size": [2, -3]}
							}
						},
						{
							"origin": [-1.79, 24.652, -5.4725],
							"size": [1.06, 2.106, 3.476],
							"inflate": -0.2,
							"pivot": [-1.3, 25.2, -5.2365],
							"rotation": [0, 0, -41],
							"uv": {
								"north": {"uv": [4, 52], "uv_size": [1, 2]},
								"east": {"uv": [42, 45], "uv_size": [3, 2]},
								"south": {"uv": [5, 52], "uv_size": [1, 2]},
								"west": {"uv": [45, 45], "uv_size": [3, 2]},
								"up": {"uv": [18, 50], "uv_size": [1, 3]},
								"down": {"uv": [19, 53], "uv_size": [1, -3]}
							}
						},
						{
							"origin": [-1.29, 24.652, -5.4725],
							"size": [0.56, 2.106, 3.476],
							"inflate": -0.2,
							"pivot": [-1.3, 25.2, -5.2365],
							"rotation": [0, 0, -34],
							"uv": {
								"north": {"uv": [4, 52], "uv_size": [1, 2]},
								"east": {"uv": [42, 45], "uv_size": [3, 2]},
								"south": {"uv": [5, 52], "uv_size": [1, 2]},
								"west": {"uv": [45, 45], "uv_size": [3, 2]},
								"up": {"uv": [18, 50], "uv_size": [1, 3]},
								"down": {"uv": [19, 53], "uv_size": [1, -3]}
							}
						},
						{
							"origin": [-1.29, 26.352, -5.4725],
							"size": [0.56, 0.44, 3.476],
							"inflate": -0.2,
							"pivot": [-1.3, 25.2, -5.2365],
							"rotation": [0, 0, -34],
							"uv": {
								"north": {"uv": [4, 52], "uv_size": [1, 2]},
								"east": {"uv": [42, 45], "uv_size": [3, 2]},
								"south": {"uv": [5, 52], "uv_size": [1, 2]},
								"west": {"uv": [45, 45], "uv_size": [3, 2]},
								"up": {"uv": [18, 50], "uv_size": [1, 3]},
								"down": {"uv": [19, 53], "uv_size": [1, -3]}
							}
						},
						{
							"origin": [-19.8092, 34.2078, -5.6885],
							"size": [1.018, 1.5975, 5.9675],
							"inflate": -0.3,
							"pivot": [-17.556, 10.336, -5.2365],
							"rotation": [0, 0, 45],
							"uv": {
								"north": {"uv": [12, 46], "uv_size": [-3, 2]},
								"east": {"uv": [27, 32.2], "uv_size": [6.2, 3.8]},
								"south": {"uv": [27, 39], "uv_size": [1.1, 1]},
								"west": {"uv": [12, 46], "uv_size": [-3, 2]},
								"up": {"uv": [9, 48], "uv_size": [3, -2]},
								"down": {"uv": [9, 48], "uv_size": [3, -2]}
							}
						},
						{
							"origin": [18.7912, 34.2078, -5.6885],
							"size": [1.018, 1.5975, 5.9675],
							"inflate": -0.3,
							"pivot": [17.556, 10.336, -5.2365],
							"rotation": [0, 0, -45],
							"uv": {
								"north": {"uv": [9, 46], "uv_size": [3, 2]},
								"east": {"uv": [9, 46], "uv_size": [3, 2]},
								"south": {"uv": [27, 39], "uv_size": [1.1, 1]},
								"west": {"uv": [27, 32.2], "uv_size": [6.2, 3.8]},
								"up": {"uv": [12, 48], "uv_size": [-3, -2]},
								"down": {"uv": [12, 48], "uv_size": [-3, -2]}
							}
						},
						{
							"origin": [18.7912, 19.7697, -5.6785],
							"size": [1.018, 1.5975, 5.9575],
							"inflate": -0.3,
							"pivot": [17.556, 45.239, -5.2365],
							"rotation": [0, 0, 45],
							"uv": {
								"north": {"uv": [9, 48], "uv_size": [3, -2]},
								"east": {"uv": [9, 48], "uv_size": [3, -2]},
								"south": {"uv": [27, 39], "uv_size": [1.1, 1]},
								"west": {"uv": [27, 32.2], "uv_size": [6.2, 3.8]},
								"up": {"uv": [12, 46], "uv_size": [-3, 2]},
								"down": {"uv": [12, 46], "uv_size": [-3, 2]}
							}
						},
						{
							"origin": [-20.1092, 19.5697, -5.6785],
							"size": [1.018, 0.9975, 3.8575],
							"inflate": -0.3,
							"pivot": [-17.856, 44.439, 1.2635],
							"rotation": [0, 0, -45],
							"uv": {
								"north": {"uv": [15, 7], "uv_size": [1.1, 1]},
								"east": {"uv": [15, 7], "uv_size": [1.1, 1]},
								"south": {"uv": [15, 7], "uv_size": [1.1, 1]},
								"west": {"uv": [15, 7], "uv_size": [1.1, 1]},
								"up": {"uv": [16.1, 8], "uv_size": [-1.1, -1]},
								"down": {"uv": [16.1, 8], "uv_size": [-1.1, -1]}
							}
						},
						{
							"origin": [-19.8092, 19.7697, -5.6785],
							"size": [1.018, 1.5975, 5.9575],
							"inflate": -0.3,
							"pivot": [-17.556, 45.239, 1.2635],
							"rotation": [0, 0, -45],
							"uv": {
								"north": {"uv": [12, 48], "uv_size": [-3, -2]},
								"east": {"uv": [27, 32.2], "uv_size": [6.2, 3.8]},
								"south": {"uv": [27, 39], "uv_size": [1.1, 1]},
								"west": {"uv": [12, 48], "uv_size": [-3, -2]},
								"up": {"uv": [9, 46], "uv_size": [3, 2]},
								"down": {"uv": [9, 46], "uv_size": [3, 2]}
							}
						},
						{
							"origin": [-1.44, 25.7585, -5.6785],
							"size": [2.88, 0.9325, 5.9575],
							"inflate": -0.3,
							"uv": {
								"north": {"uv": [9, 48], "uv_size": [3, -2]},
								"east": {"uv": [9, 48], "uv_size": [3, -2]},
								"south": {"uv": [27, 39], "uv_size": [1.1, 1]},
								"west": {"uv": [9, 48], "uv_size": [3, -2]},
								"up": {"uv": [12, 46], "uv_size": [-3, 2]},
								"down": {"uv": [12, 46], "uv_size": [-3, 2]}
							}
						}
					]
				},
				{
					"name": "specter2",
					"parent": "specter",
					"pivot": [0.23, 29.606, -3.6365],
					"rotation": [0, 0, 90],
					"cubes": [
						{
							"origin": [-0.438, 28.2225, -5.75],
							"size": [1.456, 2.311, 1.6905],
							"inflate": -0.3,
							"pivot": [-0.135, 30.03, -4.36],
							"rotation": [0, -28, 0],
							"uv": {
								"north": {"uv": [9, 46], "uv_size": [3, 2]},
								"east": {"uv": [9, 46], "uv_size": [3, 2]},
								"south": {"uv": [9, 46], "uv_size": [3, 2]},
								"west": {"uv": [9, 46], "uv_size": [3, 2]},
								"up": {"uv": [12, 48], "uv_size": [-3, -2]},
								"down": {"uv": [12, 48], "uv_size": [-3, -2]}
							}
						},
						{
							"origin": [-0.438, 28.2225, -4.6615],
							"size": [1.456, 2.311, 3.92],
							"inflate": -0.3,
							"uv": {
								"north": {"uv": [9, 46], "uv_size": [3, 2]},
								"east": {"uv": [9, 46], "uv_size": [3, 2]},
								"south": {"uv": [9, 46], "uv_size": [3, 2]},
								"west": {"uv": [9, 46], "uv_size": [3, 2]},
								"up": {"uv": [12, 48], "uv_size": [-3, -2]},
								"down": {"uv": [12, 48], "uv_size": [-3, -2]}
							}
						},
						{
							"origin": [-0.438, 28.2225, -1.3405],
							"size": [1.456, 2.311, 1.6905],
							"inflate": -0.3,
							"pivot": [-0.135, 30.03, -1.04],
							"rotation": [0, 28, 0],
							"uv": {
								"north": {"uv": [9, 46], "uv_size": [3, 2]},
								"east": {"uv": [9, 46], "uv_size": [3, 2]},
								"south": {"uv": [9, 46], "uv_size": [3, 2]},
								"west": {"uv": [9, 46], "uv_size": [3, 2]},
								"up": {"uv": [12, 48], "uv_size": [-3, -2]},
								"down": {"uv": [12, 48], "uv_size": [-3, -2]}
							}
						},
						{
							"origin": [-0.522, 29.202, -4.0025],
							"size": [0.888, 1.606, 1.606],
							"inflate": -0.2,
							"pivot": [0.698, 28.865, -4.3395],
							"rotation": [-27.5, 0, 0],
							"uv": {
								"north": {"uv": [32, 44], "uv_size": [2, 3]},
								"east": {"uv": [3, 43], "uv_size": [3, 3]},
								"south": {"uv": [25, 45], "uv_size": [2, 3]},
								"west": {"uv": [27, 32.2], "uv_size": [6.2, 3.8]},
								"up": {"uv": [27, 45], "uv_size": [2, 3]},
								"down": {"uv": [34, 48], "uv_size": [2, -3]}
							}
						},
						{
							"origin": [-3.2262, 25.888, -6.6515],
							"size": [6.196, 7.702, 7.702],
							"inflate": -3.4,
							"pivot": [0.43, 29.606, -3.6365],
							"rotation": [-27.5, 0, 0],
							"uv": {
								"north": {"uv": [15, 7], "uv_size": [1.1, 1]},
								"east": {"uv": [15, 7], "uv_size": [1.1, 1]},
								"south": {"uv": [15, 7], "uv_size": [1.1, 1]},
								"west": {"uv": [15, 7], "uv_size": [1.1, 1]},
								"up": {"uv": [16.1, 8], "uv_size": [-1.1, -1]},
								"down": {"uv": [16.1, 8], "uv_size": [-1.1, -1]}
							}
						}
					]
				},
				{
					"name": "scopepip",
					"parent": "main",
					"pivot": [0.08, 27.64, 2.73],
					"cubes": [
						{
							"origin": [-1.311, 26.472, 4.0965],
							"size": [2.622, 2.57, 0.76],
							"uv": {
								"north": {"uv": [42, 7], "uv_size": [3, 4]},
								"east": {"uv": [11, 48], "uv_size": [1, 4]},
								"south": {"uv": [42, 11], "uv_size": [3, 4]},
								"west": {"uv": [20, 48], "uv_size": [1, 4]},
								"up": {"uv": [50, 29], "uv_size": [3, 1]},
								"down": {"uv": [50, 37], "uv_size": [3, -1]}
							}
						}
					]
				},
				{
					"name": "_ca_scope",
					"parent": "main",
					"pivot": [-0.1, 25.98, -1.87],
					"cubes": [
						{
							"origin": [-0.38, 24.486, -2.1565],
							"size": [0.76, 0.76, 0.76],
							"uv": {
								"north": {"uv": [53, 14], "uv_size": [1, 1]},
								"east": {"uv": [15, 53], "uv_size": [1, 1]},
								"south": {"uv": [53, 15], "uv_size": [1, 1]},
								"west": {"uv": [16, 53], "uv_size": [1, 1]},
								"up": {"uv": [53, 16], "uv_size": [1, 1]},
								"down": {"uv": [17, 54], "uv_size": [1, -1]}
							}
						}
					]
				},
				{
					"name": "_cb_scope",
					"parent": "main",
					"pivot": [0, 29.96, 2.03],
					"cubes": [
						{
							"origin": [-0.44, 29.42, 0.53],
							"size": [0.8, 0.8, 0.8],
							"uv": {
								"north": {"uv": [60, 18], "uv_size": [1, 1]},
								"east": {"uv": [19, 58], "uv_size": [1, 1]},
								"south": {"uv": [58, 18], "uv_size": [1, 1]},
								"west": {"uv": [20, 58], "uv_size": [1, 1]},
								"up": {"uv": [58, 20], "uv_size": [1, 1]},
								"down": {"uv": [58, 21], "uv_size": [1, -1]}
							}
						}
					]
				},
				{
					"name": "scope",
					"parent": "main",
					"pivot": [-0.04, 27.78, 9.79],
					"cubes": [
						{
							"origin": [-0.52, 27.3, 8.21],
							"size": [0.96, 0.96, 0.96],
							"inflate": -0.4,
							"uv": {
								"north": {"uv": [60, 19], "uv_size": [1, 1]},
								"east": {"uv": [23, 56], "uv_size": [1, 1]},
								"south": {"uv": [58, 18], "uv_size": [1, 1]},
								"west": {"uv": [24, 57], "uv_size": [1, 1]},
								"up": {"uv": [58, 23], "uv_size": [1, 1]},
								"down": {"uv": [26, 60], "uv_size": [1, -1]}
							}
						}
					]
				}
			]
		}
	]
}