{
	"format_version": "1.12.0",
	"minecraft:geometry": [
		{
			"description": {
				"identifier": "geometry.unknown",
				"texture_width": 64,
				"texture_height": 64,
				"visible_bounds_width": 8,
				"visible_bounds_height": 5,
				"visible_bounds_offset": [0, 1.5, 0]
			},
			"bones": [
				{
					"name": "main",
					"pivot": [0, 20, 6.65]
				},
				{
					"name": "specter",
					"parent": "main",
					"pivot": [0, 26.4, -2.95],
					"cubes": [
						{
							"origin": [-1.10137, 24.04428, -4.93536],
							"size": [2.18133, 0.31282, 2.83024],
							"uv": {
								"north": {"uv": [31, 37], "uv_size": [3, 1]},
								"east": {"uv": [47, 5], "uv_size": [4, 1]},
								"south": {"uv": [49, 31], "uv_size": [3, 1]},
								"west": {"uv": [47, 6], "uv_size": [4, 1]},
								"up": {"uv": [26, 5], "uv_size": [3, 4]},
								"down": {"uv": [39, 34], "uv_size": [3, -4]}
							}
						},
						{
							"origin": [-1.10603, 24.04428, -2.14236],
							"size": [2.18599, 0.31282, 2.89541],
							"uv": {
								"north": {"uv": [40, 49], "uv_size": [3, 1]},
								"east": {"uv": [47, 28], "uv_size": [4, 1]},
								"south": {"uv": [43, 49], "uv_size": [3, 1]},
								"west": {"uv": [47, 30], "uv_size": [4, 1]},
								"up": {"uv": [40, 34], "uv_size": [3, 4]},
								"down": {"uv": [0, 45], "uv_size": [3, -4]}
							}
						},
						{
							"origin": [-1.48787, 25.45491, -5.07607],
							"size": [2.94501, 0.89588, 6.03269],
							"inflate": -0.201,
							"uv": {
								"north": {"uv": [47, 33], "uv_size": [4, 1]},
								"east": {"uv": [43, 29], "uv_size": [7, 1]},
								"south": {"uv": [47, 34], "uv_size": [4, 1]},
								"west": {"uv": [43, 36], "uv_size": [7, 1]},
								"up": {"uv": [23, 33], "uv_size": [4, 7]},
								"down": {"uv": [0, 41], "uv_size": [4, -7]}
							}
						},
						{
							"origin": [-1.20857, 24.12701, -5.07607],
							"size": [2.38641, 1.07228, 6.03269],
							"inflate": -0.201,
							"uv": {
								"north": {"uv": [47, 33], "uv_size": [4, 1]},
								"east": {"uv": [43, 29], "uv_size": [7, 1]},
								"south": {"uv": [47, 34], "uv_size": [4, 1]},
								"west": {"uv": [43, 36], "uv_size": [7, 1]},
								"up": {"uv": [23, 33], "uv_size": [4, 7]},
								"down": {"uv": [0, 41], "uv_size": [4, -7]}
							}
						},
						{
							"origin": [0.65343, 25.17561, -5.07607],
							"size": [0.80371, 0.80278, 6.03269],
							"inflate": -0.201,
							"pivot": [1.25704, 25.68294, 0.75538],
							"rotation": [0, 0, -14],
							"uv": {
								"north": {"uv": [47, 33], "uv_size": [4, 1]},
								"east": {"uv": [43, 29], "uv_size": [7, 1]},
								"south": {"uv": [47, 34], "uv_size": [4, 1]},
								"west": {"uv": [43, 36], "uv_size": [7, 1]},
								"up": {"uv": [23, 33], "uv_size": [4, 7]},
								"down": {"uv": [0, 41], "uv_size": [4, -7]}
							}
						},
						{
							"origin": [-1.45714, 25.17561, -5.07607],
							"size": [0.80371, 0.80278, 6.03269],
							"inflate": -0.201,
							"pivot": [-1.25704, 25.68294, 0.75538],
							"rotation": [0, 0, 14],
							"uv": {
								"north": {"uv": [51, 33], "uv_size": [-4, 1]},
								"east": {"uv": [50, 36], "uv_size": [-7, 1]},
								"south": {"uv": [51, 34], "uv_size": [-4, 1]},
								"west": {"uv": [50, 29], "uv_size": [-7, 1]},
								"up": {"uv": [27, 33], "uv_size": [-4, 7]},
								"down": {"uv": [4, 41], "uv_size": [-4, -7]}
							}
						},
						{
							"origin": [-1.45085, 23.83862, -5.07607],
							"size": [0.80371, 1.75828, 6.03269],
							"inflate": -0.201,
							"pivot": [-1.25704, 25.06886, 0.75538],
							"rotation": [0, 0, -14],
							"uv": {
								"north": {"uv": [51, 34], "uv_size": [-4, -1]},
								"east": {"uv": [50, 37], "uv_size": [-7, -1]},
								"south": {"uv": [51, 35], "uv_size": [-4, -1]},
								"west": {"uv": [50, 30], "uv_size": [-7, -1]},
								"up": {"uv": [4, 34], "uv_size": [-4, 7]},
								"down": {"uv": [27, 40], "uv_size": [-4, -7]}
							}
						},
						{
							"origin": [0.71471, 23.94492, -5.07607],
							"size": [0.80371, 1.66028, 6.03269],
							"inflate": -0.201,
							"pivot": [1.25704, 25.34816, 0.75538],
							"rotation": [0, 0, 14],
							"uv": {
								"north": {"uv": [47, 34], "uv_size": [4, -1]},
								"east": {"uv": [43, 30], "uv_size": [7, -1]},
								"south": {"uv": [47, 35], "uv_size": [4, -1]},
								"west": {"uv": [43, 37], "uv_size": [7, -1]},
								"up": {"uv": [0, 34], "uv_size": [4, 7]},
								"down": {"uv": [23, 40], "uv_size": [4, -7]}
							}
						},
						{
							"origin": [-1.29058, 28.51501, -5.42994],
							"size": [2.51041, 0.95378, 6.84608],
							"inflate": -0.3,
							"uv": {
								"north": {"uv": [27, 39], "uv_size": [1.1, 1]},
								"east": {"uv": [27, 30], "uv_size": [5.1, 7]},
								"south": {"uv": [15, 7], "uv_size": [1.1, 1]},
								"west": {"uv": [27, 30], "uv_size": [5.1, 7]},
								"up": {"uv": [33.2, 36], "uv_size": [-6.2, -3.8]},
								"down": {"uv": [16.1, 8], "uv_size": [-1.1, -1]}
							}
						},
						{
							"origin": [-1.29058, 25.84491, -5.42994],
							"size": [2.51041, 0.95378, 6.84608],
							"inflate": -0.3,
							"uv": {
								"north": {"uv": [27, 40], "uv_size": [1.1, -1]},
								"east": {"uv": [27, 37], "uv_size": [5.1, -7]},
								"south": {"uv": [15, 8], "uv_size": [1.1, -1]},
								"west": {"uv": [27, 37], "uv_size": [5.1, -7]},
								"up": {"uv": [16.1, 7], "uv_size": [-1.1, 1]},
								"down": {"uv": [33.2, 32.2], "uv_size": [-6.2, 3.8]}
							}
						},
						{
							"origin": [-1.45444, 28.6919, -4.77544],
							"size": [2.90888, 0.90956, 5.96954],
							"inflate": -0.3,
							"uv": {
								"north": {"uv": [9, 46], "uv_size": [3, 2]},
								"east": {"uv": [9, 46], "uv_size": [3, 2]},
								"south": {"uv": [27, 39], "uv_size": [1.1, 1]},
								"west": {"uv": [9, 46], "uv_size": [3, 2]},
								"up": {"uv": [12, 48], "uv_size": [-3, -2]},
								"down": {"uv": [12, 48], "uv_size": [-3, -2]}
							}
						},
						{
							"origin": [0.8321, 26.47612, -5.42994],
							"size": [1.02454, 2.35587, 6.84608],
							"inflate": -0.3,
							"uv": {
								"north": {"uv": [27, 39], "uv_size": [1.1, 1]},
								"east": {"uv": [15, 7], "uv_size": [1.1, 1]},
								"south": {"uv": [15, 7], "uv_size": [1.1, 1]},
								"west": {"uv": [27, 32.2], "uv_size": [6.2, 3.8]},
								"up": {"uv": [32.1, 37], "uv_size": [-5.1, -7]},
								"down": {"uv": [32.1, 37], "uv_size": [-5.1, -7]}
							}
						},
						{
							"origin": [1.07974, 26.41887, -0.47702],
							"size": [0.93609, 2.5281, 1.67112],
							"inflate": -0.3,
							"uv": {
								"north": {"uv": [27, 39], "uv_size": [1.1, 1]},
								"east": {"uv": [27, 30], "uv_size": [5.1, 7]},
								"south": {"uv": [27, 39], "uv_size": [1.1, 1]},
								"west": {"uv": [27, 32.2], "uv_size": [6.2, 3.8]},
								"up": {"uv": [32.1, 37], "uv_size": [-5.1, -7]},
								"down": {"uv": [32.1, 37], "uv_size": [-5.1, -7]}
							}
						},
						{
							"origin": [-2.01583, 26.41887, -0.47702],
							"size": [0.93609, 2.5281, 1.67112],
							"inflate": -0.3,
							"uv": {
								"north": {"uv": [28.1, 39], "uv_size": [-1.1, 1]},
								"east": {"uv": [33.2, 32.2], "uv_size": [-6.2, 3.8]},
								"south": {"uv": [27, 39], "uv_size": [1.1, 1]},
								"west": {"uv": [32.1, 30], "uv_size": [-5.1, 7]},
								"up": {"uv": [27, 37], "uv_size": [5.1, -7]},
								"down": {"uv": [27, 37], "uv_size": [5.1, -7]}
							}
						},
						{
							"origin": [-1.85663, 26.40071, -5.42994],
							"size": [0.95378, 2.50203, 6.84608],
							"inflate": -0.3,
							"uv": {
								"north": {"uv": [27, 39], "uv_size": [1.1, 1]},
								"east": {"uv": [27, 32.2], "uv_size": [6.2, 3.8]},
								"south": {"uv": [15, 7], "uv_size": [1.1, 1]},
								"west": {"uv": [15, 7], "uv_size": [1.1, 1]},
								"up": {"uv": [32.1, 37], "uv_size": [-5.1, -7]},
								"down": {"uv": [32.1, 37], "uv_size": [-5.1, -7]}
							}
						},
						{
							"origin": [-18.32155, 33.73681, -5.42994],
							"size": [1.02454, 1.39954, 6.84608],
							"inflate": -0.3,
							"pivot": [-16.34464, 11.44442, 0.97277],
							"rotation": [0, 0, 45],
							"uv": {
								"north": {"uv": [27, 39], "uv_size": [1.1, 1]},
								"east": {"uv": [27, 30], "uv_size": [5.1, 7]},
								"south": {"uv": [15, 7], "uv_size": [1.1, 1]},
								"west": {"uv": [15, 7], "uv_size": [1.1, 1]},
								"up": {"uv": [32.1, 37], "uv_size": [-5.1, -7]},
								"down": {"uv": [32.1, 37], "uv_size": [-5.1, -7]}
							}
						},
						{
							"origin": [16.44795, 35.71797, -5.42994],
							"size": [1.02454, 1.4986, 6.84608],
							"inflate": -0.3,
							"pivot": [18.39656, 13.42558, 0.97277],
							"rotation": [0, 0, -45],
							"uv": {
								"north": {"uv": [27, 39], "uv_size": [1.1, 1]},
								"east": {"uv": [15, 7], "uv_size": [1.1, 1]},
								"south": {"uv": [15, 7], "uv_size": [1.1, 1]},
								"west": {"uv": [27, 32.2], "uv_size": [6.2, 3.8]},
								"up": {"uv": [32.1, 37], "uv_size": [-5.1, -7]},
								"down": {"uv": [32.1, 37], "uv_size": [-5.1, -7]}
							}
						},
						{
							"origin": [-18.32155, 20.17735, -5.42994],
							"size": [1.02454, 1.39954, 6.84608],
							"inflate": -0.3,
							"pivot": [-16.34464, 43.86928, 0.97277],
							"rotation": [0, 0, -45],
							"uv": {
								"north": {"uv": [27, 40], "uv_size": [1.1, -1]},
								"east": {"uv": [27, 37], "uv_size": [5.1, -7]},
								"south": {"uv": [15, 8], "uv_size": [1.1, -1]},
								"west": {"uv": [15, 8], "uv_size": [1.1, -1]},
								"up": {"uv": [32.1, 30], "uv_size": [-5.1, 7]},
								"down": {"uv": [32.1, 30], "uv_size": [-5.1, 7]}
							}
						},
						{
							"origin": [16.44795, 18.09712, -5.42994],
							"size": [1.02454, 1.4986, 6.84608],
							"inflate": -0.3,
							"pivot": [18.39656, 41.88812, 0.97277],
							"rotation": [0, 0, 45],
							"uv": {
								"north": {"uv": [27, 40], "uv_size": [1.1, -1]},
								"east": {"uv": [15, 8], "uv_size": [1.1, -1]},
								"south": {"uv": [15, 8], "uv_size": [1.1, -1]},
								"west": {"uv": [27, 36], "uv_size": [6.2, -3.8]},
								"up": {"uv": [32.1, 30], "uv_size": [-5.1, 7]},
								"down": {"uv": [32.1, 30], "uv_size": [-5.1, 7]}
							}
						},
						{
							"origin": [-2.14579, 25.22245, -5.09579],
							"size": [0.82826, 1.70899, 6.05676],
							"inflate": -0.2,
							"pivot": [-1.94579, 26.73051, -4.89253],
							"rotation": [0, 0, -42],
							"uv": {
								"north": {"uv": [4, 52], "uv_size": [1, 2]},
								"east": {"uv": [42, 45], "uv_size": [3, 2]},
								"south": {"uv": [5, 52], "uv_size": [1, 2]},
								"west": {"uv": [45, 45], "uv_size": [3, 2]},
								"up": {"uv": [18, 50], "uv_size": [1, 3]},
								"down": {"uv": [19, 53], "uv_size": [1, -3]}
							}
						},
						{
							"origin": [-1.26134, 25.5483, -5.09579],
							"size": [2.53199, 0.9586, 6.05676],
							"inflate": -0.2,
							"uv": {
								"north": {"uv": [4, 52], "uv_size": [1, 2]},
								"east": {"uv": [42, 45], "uv_size": [3, 2]},
								"south": {"uv": [5, 52], "uv_size": [1, 2]},
								"west": {"uv": [45, 45], "uv_size": [3, 2]},
								"up": {"uv": [18, 50], "uv_size": [1, 3]},
								"down": {"uv": [19, 53], "uv_size": [1, -3]}
							}
						},
						{
							"origin": [-1.77339, 25.68795, -5.09579],
							"size": [0.64206, 0.96419, 2.23966],
							"inflate": -0.2,
							"pivot": [-1.94579, 26.73051, -4.89253],
							"rotation": [0, 0, -42],
							"uv": {
								"north": {"uv": [4, 52], "uv_size": [1, 2]},
								"east": {"uv": [42, 45], "uv_size": [3, 2]},
								"south": {"uv": [5, 52], "uv_size": [1, 2]},
								"west": {"uv": [45, 45], "uv_size": [3, 2]},
								"up": {"uv": [18, 50], "uv_size": [1, 3]},
								"down": {"uv": [19, 53], "uv_size": [1, -3]}
							}
						},
						{
							"origin": [1.03823, 25.68795, -5.09579],
							"size": [0.73516, 0.96419, 2.23966],
							"inflate": -0.2,
							"pivot": [1.94579, 26.73051, -4.89253],
							"rotation": [0, 0, 42],
							"uv": {
								"north": {"uv": [5, 52], "uv_size": [-1, 2]},
								"east": {"uv": [48, 45], "uv_size": [-3, 2]},
								"south": {"uv": [6, 52], "uv_size": [-1, 2]},
								"west": {"uv": [45, 45], "uv_size": [-3, 2]},
								"up": {"uv": [19, 50], "uv_size": [-1, 3]},
								"down": {"uv": [20, 53], "uv_size": [-1, -3]}
							}
						},
						{
							"origin": [1.31753, 25.22245, -5.09579],
							"size": [0.82826, 1.70899, 6.05676],
							"inflate": -0.2,
							"pivot": [1.94579, 26.73051, -4.89253],
							"rotation": [0, 0, 42],
							"uv": {
								"north": {"uv": [5, 52], "uv_size": [-1, 2]},
								"east": {"uv": [48, 45], "uv_size": [-3, 2]},
								"south": {"uv": [6, 52], "uv_size": [-1, 2]},
								"west": {"uv": [45, 45], "uv_size": [-3, 2]},
								"up": {"uv": [19, 50], "uv_size": [-1, 3]},
								"down": {"uv": [20, 53], "uv_size": [-1, -3]}
							}
						},
						{
							"origin": [1.31753, 25.22245, -4.16479],
							"size": [0.92136, 1.42969, 0.47076],
							"inflate": -0.2,
							"pivot": [1.94579, 26.73051, -4.61323],
							"rotation": [0, 0, 42],
							"uv": {
								"north": {"uv": [11, 6.2], "uv_size": [6.2, 3.8]},
								"east": {"uv": [11, 6.2], "uv_size": [6.2, 3.8]},
								"south": {"uv": [11, 6.2], "uv_size": [6.2, 3.8]},
								"west": {"uv": [11, 6.2], "uv_size": [6.2, 3.8]},
								"up": {"uv": [17.2, 10], "uv_size": [-6.2, -3.8]},
								"down": {"uv": [17.2, 10], "uv_size": [-6.2, -3.8]}
							}
						},
						{
							"origin": [1.31753, 25.22245, -3.04759],
							"size": [0.92136, 1.42969, 0.47076],
							"inflate": -0.2,
							"pivot": [1.94579, 26.73051, -3.49603],
							"rotation": [0, 0, 42],
							"uv": {
								"north": {"uv": [11, 6.2], "uv_size": [6.2, 3.8]},
								"east": {"uv": [11, 6.2], "uv_size": [6.2, 3.8]},
								"south": {"uv": [11, 6.2], "uv_size": [6.2, 3.8]},
								"west": {"uv": [11, 6.2], "uv_size": [6.2, 3.8]},
								"up": {"uv": [17.2, 10], "uv_size": [-6.2, -3.8]},
								"down": {"uv": [17.2, 10], "uv_size": [-6.2, -3.8]}
							}
						},
						{
							"origin": [1.31753, 25.22245, -3.60619],
							"size": [0.92136, 1.42969, 0.47076],
							"inflate": -0.2,
							"pivot": [1.94579, 26.73051, -4.05463],
							"rotation": [0, 0, 42],
							"uv": {
								"north": {"uv": [11, 6.2], "uv_size": [6.2, 3.8]},
								"east": {"uv": [11, 6.2], "uv_size": [6.2, 3.8]},
								"south": {"uv": [11, 6.2], "uv_size": [6.2, 3.8]},
								"west": {"uv": [11, 6.2], "uv_size": [6.2, 3.8]},
								"up": {"uv": [17.2, 10], "uv_size": [-6.2, -3.8]},
								"down": {"uv": [17.2, 10], "uv_size": [-6.2, -3.8]}
							}
						},
						{
							"origin": [1.31753, 25.22245, -2.48899],
							"size": [0.92136, 1.42969, 0.47076],
							"inflate": -0.2,
							"pivot": [1.94579, 26.73051, -2.93743],
							"rotation": [0, 0, 42],
							"uv": {
								"north": {"uv": [11, 6.2], "uv_size": [6.2, 3.8]},
								"east": {"uv": [11, 6.2], "uv_size": [6.2, 3.8]},
								"south": {"uv": [11, 6.2], "uv_size": [6.2, 3.8]},
								"west": {"uv": [11, 6.2], "uv_size": [6.2, 3.8]},
								"up": {"uv": [17.2, 10], "uv_size": [-6.2, -3.8]},
								"down": {"uv": [17.2, 10], "uv_size": [-6.2, -3.8]}
							}
						},
						{
							"origin": [1.31753, 25.22245, -1.37179],
							"size": [0.92136, 1.42969, 0.47076],
							"inflate": -0.2,
							"pivot": [1.94579, 26.73051, -1.82023],
							"rotation": [0, 0, 42],
							"uv": {
								"north": {"uv": [11, 6.2], "uv_size": [6.2, 3.8]},
								"east": {"uv": [11, 6.2], "uv_size": [6.2, 3.8]},
								"south": {"uv": [11, 6.2], "uv_size": [6.2, 3.8]},
								"west": {"uv": [11, 6.2], "uv_size": [6.2, 3.8]},
								"up": {"uv": [17.2, 10], "uv_size": [-6.2, -3.8]},
								"down": {"uv": [17.2, 10], "uv_size": [-6.2, -3.8]}
							}
						},
						{
							"origin": [1.31753, 25.22245, -1.93039],
							"size": [0.92136, 1.42969, 0.47076],
							"inflate": -0.2,
							"pivot": [1.94579, 26.73051, -2.37883],
							"rotation": [0, 0, 42],
							"uv": {
								"north": {"uv": [11, 6.2], "uv_size": [6.2, 3.8]},
								"east": {"uv": [11, 6.2], "uv_size": [6.2, 3.8]},
								"south": {"uv": [11, 6.2], "uv_size": [6.2, 3.8]},
								"west": {"uv": [11, 6.2], "uv_size": [6.2, 3.8]},
								"up": {"uv": [17.2, 10], "uv_size": [-6.2, -3.8]},
								"down": {"uv": [17.2, 10], "uv_size": [-6.2, -3.8]}
							}
						},
						{
							"origin": [1.31753, 25.22245, -0.81319],
							"size": [0.92136, 1.42969, 0.47076],
							"inflate": -0.2,
							"pivot": [1.94579, 26.73051, -1.26163],
							"rotation": [0, 0, 42],
							"uv": {
								"north": {"uv": [11, 6.2], "uv_size": [6.2, 3.8]},
								"east": {"uv": [11, 6.2], "uv_size": [6.2, 3.8]},
								"south": {"uv": [11, 6.2], "uv_size": [6.2, 3.8]},
								"west": {"uv": [11, 6.2], "uv_size": [6.2, 3.8]},
								"up": {"uv": [17.2, 10], "uv_size": [-6.2, -3.8]},
								"down": {"uv": [17.2, 10], "uv_size": [-6.2, -3.8]}
							}
						},
						{
							"origin": [1.31753, 25.22245, -0.25459],
							"size": [0.92136, 1.42969, 0.47076],
							"inflate": -0.2,
							"pivot": [1.94579, 26.73051, -0.70303],
							"rotation": [0, 0, 42],
							"uv": {
								"north": {"uv": [11, 6.2], "uv_size": [6.2, 3.8]},
								"east": {"uv": [11, 6.2], "uv_size": [6.2, 3.8]},
								"south": {"uv": [11, 6.2], "uv_size": [6.2, 3.8]},
								"west": {"uv": [11, 6.2], "uv_size": [6.2, 3.8]},
								"up": {"uv": [17.2, 10], "uv_size": [-6.2, -3.8]},
								"down": {"uv": [17.2, 10], "uv_size": [-6.2, -3.8]}
							}
						},
						{
							"origin": [-2.23889, 25.22245, -4.16479],
							"size": [0.92136, 1.42969, 0.47076],
							"inflate": -0.2,
							"pivot": [-1.94579, 26.73051, -4.61323],
							"rotation": [0, 0, -42],
							"uv": {
								"north": {"uv": [17.2, 6.2], "uv_size": [-6.2, 3.8]},
								"east": {"uv": [17.2, 6.2], "uv_size": [-6.2, 3.8]},
								"south": {"uv": [17.2, 6.2], "uv_size": [-6.2, 3.8]},
								"west": {"uv": [17.2, 6.2], "uv_size": [-6.2, 3.8]},
								"up": {"uv": [11, 10], "uv_size": [6.2, -3.8]},
								"down": {"uv": [11, 10], "uv_size": [6.2, -3.8]}
							}
						},
						{
							"origin": [-2.23889, 25.22245, -3.60619],
							"size": [0.92136, 1.42969, 0.47076],
							"inflate": -0.2,
							"pivot": [-1.94579, 26.73051, -4.05463],
							"rotation": [0, 0, -42],
							"uv": {
								"north": {"uv": [17.2, 6.2], "uv_size": [-6.2, 3.8]},
								"east": {"uv": [17.2, 6.2], "uv_size": [-6.2, 3.8]},
								"south": {"uv": [17.2, 6.2], "uv_size": [-6.2, 3.8]},
								"west": {"uv": [17.2, 6.2], "uv_size": [-6.2, 3.8]},
								"up": {"uv": [11, 10], "uv_size": [6.2, -3.8]},
								"down": {"uv": [11, 10], "uv_size": [6.2, -3.8]}
							}
						},
						{
							"origin": [-2.23889, 25.22245, -3.04759],
							"size": [0.92136, 1.42969, 0.47076],
							"inflate": -0.2,
							"pivot": [-1.94579, 26.73051, -3.49603],
							"rotation": [0, 0, -42],
							"uv": {
								"north": {"uv": [17.2, 6.2], "uv_size": [-6.2, 3.8]},
								"east": {"uv": [17.2, 6.2], "uv_size": [-6.2, 3.8]},
								"south": {"uv": [17.2, 6.2], "uv_size": [-6.2, 3.8]},
								"west": {"uv": [17.2, 6.2], "uv_size": [-6.2, 3.8]},
								"up": {"uv": [11, 10], "uv_size": [6.2, -3.8]},
								"down": {"uv": [11, 10], "uv_size": [6.2, -3.8]}
							}
						},
						{
							"origin": [-2.23889, 25.22245, -2.48899],
							"size": [0.92136, 1.42969, 0.47076],
							"inflate": -0.2,
							"pivot": [-1.94579, 26.73051, -2.93743],
							"rotation": [0, 0, -42],
							"uv": {
								"north": {"uv": [17.2, 6.2], "uv_size": [-6.2, 3.8]},
								"east": {"uv": [17.2, 6.2], "uv_size": [-6.2, 3.8]},
								"south": {"uv": [17.2, 6.2], "uv_size": [-6.2, 3.8]},
								"west": {"uv": [17.2, 6.2], "uv_size": [-6.2, 3.8]},
								"up": {"uv": [11, 10], "uv_size": [6.2, -3.8]},
								"down": {"uv": [11, 10], "uv_size": [6.2, -3.8]}
							}
						},
						{
							"origin": [-2.23889, 25.22245, -1.93039],
							"size": [0.92136, 1.42969, 0.47076],
							"inflate": -0.2,
							"pivot": [-1.94579, 26.73051, -2.37883],
							"rotation": [0, 0, -42],
							"uv": {
								"north": {"uv": [17.2, 6.2], "uv_size": [-6.2, 3.8]},
								"east": {"uv": [17.2, 6.2], "uv_size": [-6.2, 3.8]},
								"south": {"uv": [17.2, 6.2], "uv_size": [-6.2, 3.8]},
								"west": {"uv": [17.2, 6.2], "uv_size": [-6.2, 3.8]},
								"up": {"uv": [11, 10], "uv_size": [6.2, -3.8]},
								"down": {"uv": [11, 10], "uv_size": [6.2, -3.8]}
							}
						},
						{
							"origin": [-2.23889, 25.22245, -1.37179],
							"size": [0.92136, 1.42969, 0.47076],
							"inflate": -0.2,
							"pivot": [-1.94579, 26.73051, -1.82023],
							"rotation": [0, 0, -42],
							"uv": {
								"north": {"uv": [17.2, 6.2], "uv_size": [-6.2, 3.8]},
								"east": {"uv": [17.2, 6.2], "uv_size": [-6.2, 3.8]},
								"south": {"uv": [17.2, 6.2], "uv_size": [-6.2, 3.8]},
								"west": {"uv": [17.2, 6.2], "uv_size": [-6.2, 3.8]},
								"up": {"uv": [11, 10], "uv_size": [6.2, -3.8]},
								"down": {"uv": [11, 10], "uv_size": [6.2, -3.8]}
							}
						},
						{
							"origin": [-2.23889, 25.22245, -0.81319],
							"size": [0.92136, 1.42969, 0.47076],
							"inflate": -0.2,
							"pivot": [-1.94579, 26.73051, -1.26163],
							"rotation": [0, 0, -42],
							"uv": {
								"north": {"uv": [17.2, 6.2], "uv_size": [-6.2, 3.8]},
								"east": {"uv": [17.2, 6.2], "uv_size": [-6.2, 3.8]},
								"south": {"uv": [17.2, 6.2], "uv_size": [-6.2, 3.8]},
								"west": {"uv": [17.2, 6.2], "uv_size": [-6.2, 3.8]},
								"up": {"uv": [11, 10], "uv_size": [6.2, -3.8]},
								"down": {"uv": [11, 10], "uv_size": [6.2, -3.8]}
							}
						},
						{
							"origin": [-2.23889, 25.22245, -0.25459],
							"size": [0.92136, 1.42969, 0.47076],
							"inflate": -0.2,
							"pivot": [-1.94579, 26.73051, -0.70303],
							"rotation": [0, 0, -42],
							"uv": {
								"north": {"uv": [17.2, 6.2], "uv_size": [-6.2, 3.8]},
								"east": {"uv": [17.2, 6.2], "uv_size": [-6.2, 3.8]},
								"south": {"uv": [17.2, 6.2], "uv_size": [-6.2, 3.8]},
								"west": {"uv": [17.2, 6.2], "uv_size": [-6.2, 3.8]},
								"up": {"uv": [11, 10], "uv_size": [6.2, -3.8]},
								"down": {"uv": [11, 10], "uv_size": [6.2, -3.8]}
							}
						},
						{
							"origin": [-2.1455, 26.90599, -5.31196],
							"size": [1.10698, 1.95977, 0.81185],
							"inflate": -0.199,
							"pivot": [-1.94579, 26.8264, -5.11225],
							"rotation": [-47.5, 0, 0],
							"uv": {
								"north": {"uv": [22, 50], "uv_size": [1, 3]},
								"east": {"uv": [9, 43], "uv_size": [3, 3]},
								"south": {"uv": [23, 50], "uv_size": [1, 3]},
								"west": {"uv": [43, 17], "uv_size": [3, 3]},
								"up": {"uv": [24, 50], "uv_size": [1, 3]},
								"down": {"uv": [25, 53], "uv_size": [1, -3]}
							}
						},
						{
							"origin": [1.03852, 26.90599, -5.31196],
							"size": [1.10698, 1.95977, 0.81185],
							"inflate": -0.199,
							"pivot": [1.94579, 26.8264, -5.11225],
							"rotation": [-47.5, 0, 0],
							"uv": {
								"north": {"uv": [23, 50], "uv_size": [-1, 3]},
								"east": {"uv": [46, 17], "uv_size": [-3, 3]},
								"south": {"uv": [24, 50], "uv_size": [-1, 3]},
								"west": {"uv": [12, 43], "uv_size": [-3, 3]},
								"up": {"uv": [25, 50], "uv_size": [-1, 3]},
								"down": {"uv": [26, 53], "uv_size": [-1, -3]}
							}
						},
						{
							"origin": [1.03852, 27.37149, -4.43331],
							"size": [1.10698, 0.74947, 0.71875],
							"inflate": -0.199,
							"uv": {
								"north": {"uv": [23, 50], "uv_size": [-1, 3]},
								"east": {"uv": [46, 17], "uv_size": [-3, 3]},
								"south": {"uv": [24, 50], "uv_size": [-1, 3]},
								"west": {"uv": [12, 43], "uv_size": [-3, 3]},
								"up": {"uv": [25, 50], "uv_size": [-1, 3]},
								"down": {"uv": [26, 53], "uv_size": [-1, -3]}
							}
						},
						{
							"origin": [1.48511, 26.52957, -3.96788],
							"size": [0.66068, 1.73505, 5.01497],
							"inflate": -0.2,
							"uv": {
								"north": {"uv": [0, 27], "uv_size": [6, 2]},
								"east": {"uv": [46, 2], "uv_size": [3, 2]},
								"south": {"uv": [41, 0], "uv_size": [6, 2]},
								"west": {"uv": [3, 46], "uv_size": [3, 2]},
								"up": {"uv": [35, 0], "uv_size": [6, 3]},
								"down": {"uv": [14, 40], "uv_size": [6, -3]}
							}
						},
						{
							"origin": [-2.14579, 26.52957, -3.96788],
							"size": [0.66068, 1.73505, 5.01497],
							"inflate": -0.2,
							"uv": {
								"north": {"uv": [6, 27], "uv_size": [-6, 2]},
								"east": {"uv": [6, 46], "uv_size": [-3, 2]},
								"south": {"uv": [47, 0], "uv_size": [-6, 2]},
								"west": {"uv": [49, 2], "uv_size": [-3, 2]},
								"up": {"uv": [41, 0], "uv_size": [-6, 3]},
								"down": {"uv": [20, 40], "uv_size": [-6, -3]}
							}
						},
						{
							"origin": [-2.14579, 26.52957, -5.09579],
							"size": [1.03308, 0.68861, 1.57306],
							"inflate": -0.2,
							"uv": {
								"north": {"uv": [0, 27], "uv_size": [6, 2]},
								"east": {"uv": [46, 2], "uv_size": [3, 2]},
								"south": {"uv": [41, 0], "uv_size": [6, 2]},
								"west": {"uv": [3, 46], "uv_size": [3, 2]},
								"up": {"uv": [35, 0], "uv_size": [6, 3]},
								"down": {"uv": [14, 40], "uv_size": [6, -3]}
							}
						},
						{
							"origin": [-2.14579, 26.80887, -4.53719],
							"size": [1.03308, 0.87481, 1.01446],
							"inflate": -0.2,
							"uv": {
								"north": {"uv": [0, 27], "uv_size": [6, 2]},
								"east": {"uv": [46, 2], "uv_size": [3, 2]},
								"south": {"uv": [41, 0], "uv_size": [6, 2]},
								"west": {"uv": [3, 46], "uv_size": [3, 2]},
								"up": {"uv": [35, 0], "uv_size": [6, 3]},
								"down": {"uv": [14, 40], "uv_size": [6, -3]}
							}
						},
						{
							"origin": [1.11271, 26.80887, -4.53719],
							"size": [1.03308, 0.87481, 1.01446],
							"inflate": -0.2,
							"uv": {
								"north": {"uv": [6, 27], "uv_size": [-6, 2]},
								"east": {"uv": [6, 46], "uv_size": [-3, 2]},
								"south": {"uv": [47, 0], "uv_size": [-6, 2]},
								"west": {"uv": [49, 2], "uv_size": [-3, 2]},
								"up": {"uv": [41, 0], "uv_size": [-6, 3]},
								"down": {"uv": [20, 40], "uv_size": [-6, -3]}
							}
						},
						{
							"origin": [1.11271, 26.52957, -5.09579],
							"size": [1.03308, 0.68861, 1.57306],
							"inflate": -0.2,
							"uv": {
								"north": {"uv": [6, 27], "uv_size": [-6, 2]},
								"east": {"uv": [6, 46], "uv_size": [-3, 2]},
								"south": {"uv": [47, 0], "uv_size": [-6, 2]},
								"west": {"uv": [49, 2], "uv_size": [-3, 2]},
								"up": {"uv": [41, 0], "uv_size": [-6, 3]},
								"down": {"uv": [20, 40], "uv_size": [-6, -3]}
							}
						},
						{
							"origin": [1.01961, 26.71577, -4.07169],
							"size": [1.12618, 0.50241, 0.54896],
							"inflate": -0.2,
							"uv": {
								"north": {"uv": [0, 27], "uv_size": [6, 2]},
								"east": {"uv": [46, 2], "uv_size": [3, 2]},
								"south": {"uv": [41, 0], "uv_size": [6, 2]},
								"west": {"uv": [3, 46], "uv_size": [3, 2]},
								"up": {"uv": [35, 0], "uv_size": [6, 3]},
								"down": {"uv": [14, 40], "uv_size": [6, -3]}
							}
						},
						{
							"origin": [-2.14579, 26.71577, -4.07169],
							"size": [1.12618, 0.50241, 0.54896],
							"inflate": -0.2,
							"uv": {
								"north": {"uv": [6, 27], "uv_size": [-6, 2]},
								"east": {"uv": [6, 46], "uv_size": [-3, 2]},
								"south": {"uv": [47, 0], "uv_size": [-6, 2]},
								"west": {"uv": [49, 2], "uv_size": [-3, 2]},
								"up": {"uv": [41, 0], "uv_size": [-6, 3]},
								"down": {"uv": [20, 40], "uv_size": [-6, -3]}
							}
						},
						{
							"origin": [-18.55617, 33.64836, -4.77544],
							"size": [0.98916, 1.52867, 5.96954],
							"inflate": -0.3,
							"pivot": [-16.43774, 11.44442, 0.97277],
							"rotation": [0, 0, 45],
							"uv": {
								"north": {"uv": [12, 46], "uv_size": [-3, 2]},
								"east": {"uv": [27, 32.2], "uv_size": [6.2, 3.8]},
								"south": {"uv": [27, 39], "uv_size": [1.1, 1]},
								"west": {"uv": [12, 46], "uv_size": [-3, 2]},
								"up": {"uv": [9, 48], "uv_size": [3, -2]},
								"down": {"uv": [9, 48], "uv_size": [3, -2]}
							}
						},
						{
							"origin": [17.56701, 33.64836, -4.77544],
							"size": [0.98916, 1.52867, 5.96954],
							"inflate": -0.3,
							"pivot": [16.43774, 11.44442, 0.97277],
							"rotation": [0, 0, -45],
							"uv": {
								"north": {"uv": [9, 46], "uv_size": [3, 2]},
								"east": {"uv": [9, 46], "uv_size": [3, 2]},
								"south": {"uv": [27, 39], "uv_size": [1.1, 1]},
								"west": {"uv": [27, 32.2], "uv_size": [6.2, 3.8]},
								"up": {"uv": [12, 48], "uv_size": [-3, -2]},
								"down": {"uv": [12, 48], "uv_size": [-3, -2]}
							}
						},
						{
							"origin": [17.47391, 20.20649, -3.18343],
							"size": [0.98916, 1.52867, 4.37753],
							"inflate": -0.3,
							"pivot": [16.34464, 43.93911, 0.97277],
							"rotation": [0, 0, 45],
							"uv": {
								"north": {"uv": [9, 48], "uv_size": [3, -2]},
								"east": {"uv": [9, 48], "uv_size": [3, -2]},
								"south": {"uv": [27, 39], "uv_size": [1.1, 1]},
								"west": {"uv": [27, 32.2], "uv_size": [6.2, 3.8]},
								"up": {"uv": [12, 46], "uv_size": [-3, 2]},
								"down": {"uv": [12, 46], "uv_size": [-3, 2]}
							}
						},
						{
							"origin": [-18.46307, 20.20649, -3.18343],
							"size": [0.98916, 1.52867, 4.37753],
							"inflate": -0.3,
							"pivot": [-16.34464, 43.93911, 0.97277],
							"rotation": [0, 0, -45],
							"uv": {
								"north": {"uv": [12, 48], "uv_size": [-3, -2]},
								"east": {"uv": [27, 32.2], "uv_size": [6.2, 3.8]},
								"south": {"uv": [27, 39], "uv_size": [1.1, 1]},
								"west": {"uv": [12, 48], "uv_size": [-3, -2]},
								"up": {"uv": [9, 46], "uv_size": [3, 2]},
								"down": {"uv": [9, 46], "uv_size": [3, 2]}
							}
						},
						{
							"origin": [-1.36134, 25.78206, -3.18343],
							"size": [2.72268, 0.90956, 4.37753],
							"inflate": -0.3,
							"uv": {
								"north": {"uv": [9, 48], "uv_size": [3, -2]},
								"east": {"uv": [9, 48], "uv_size": [3, -2]},
								"south": {"uv": [27, 39], "uv_size": [1.1, 1]},
								"west": {"uv": [9, 48], "uv_size": [3, -2]},
								"up": {"uv": [12, 46], "uv_size": [-3, 2]},
								"down": {"uv": [12, 46], "uv_size": [-3, 2]}
							}
						},
						{
							"origin": [1.44973, 28.19048, -4.67544],
							"size": [0.78916, 0.66534, 0.7184],
							"inflate": -0.2,
							"pivot": [2.03889, 27.50603, -3.76788],
							"rotation": [0, 0, -12],
							"uv": {
								"north": {"uv": [6, 52], "uv_size": [1, 2]},
								"east": {"uv": [6, 46], "uv_size": [3, 2]},
								"south": {"uv": [7, 52], "uv_size": [1, 2]},
								"west": {"uv": [9, 46], "uv_size": [3, 2]},
								"up": {"uv": [30, 50], "uv_size": [1, 3]},
								"down": {"uv": [34, 53], "uv_size": [1, -3]}
							}
						},
						{
							"origin": [1.44973, 27.77153, -3.96788],
							"size": [0.78916, 1.08429, 5.01497],
							"inflate": -0.2,
							"pivot": [2.03889, 27.50603, -3.76788],
							"rotation": [0, 0, -12],
							"uv": {
								"north": {"uv": [6, 52], "uv_size": [1, 2]},
								"east": {"uv": [6, 46], "uv_size": [3, 2]},
								"south": {"uv": [7, 52], "uv_size": [1, 2]},
								"west": {"uv": [9, 46], "uv_size": [3, 2]},
								"up": {"uv": [30, 50], "uv_size": [1, 3]},
								"down": {"uv": [34, 53], "uv_size": [1, -3]}
							}
						},
						{
							"origin": [1.22443, 27.67843, -3.78168],
							"size": [1.01446, 1.03587, 0.77985],
							"inflate": -0.2,
							"pivot": [2.03889, 27.50603, -3.76788],
							"rotation": [38.65552, 0, -12.2651],
							"uv": {
								"north": {"uv": [53, 19], "uv_size": [-1, 2]},
								"east": {"uv": [53, 21], "uv_size": [-1, 2]},
								"south": {"uv": [22, 52], "uv_size": [-1, 2]},
								"west": {"uv": [21, 52], "uv_size": [-1, 2]},
								"up": {"uv": [54, 13], "uv_size": [-1, 1]},
								"down": {"uv": [15, 54], "uv_size": [-1, -1]}
							}
						},
						{
							"origin": [1.44973, 28.19048, -4.41011],
							"size": [0.78916, 0.66534, 0.89529],
							"inflate": -0.2,
							"pivot": [2.03889, 27.50603, -3.76788],
							"rotation": [0, 0, -12],
							"uv": {
								"north": {"uv": [6, 52], "uv_size": [1, 2]},
								"east": {"uv": [6, 46], "uv_size": [3, 2]},
								"south": {"uv": [7, 52], "uv_size": [1, 2]},
								"west": {"uv": [9, 46], "uv_size": [3, 2]},
								"up": {"uv": [30, 50], "uv_size": [1, 3]},
								"down": {"uv": [34, 53], "uv_size": [1, -3]}
							}
						},
						{
							"origin": [1.13133, 27.67843, -3.96788],
							"size": [1.10756, 1.1597, 0.61227],
							"inflate": -0.2,
							"pivot": [2.03889, 27.50603, -3.76788],
							"rotation": [38.65552, 0, -12.2651],
							"uv": {
								"north": {"uv": [53, 19], "uv_size": [-1, 2]},
								"east": {"uv": [53, 21], "uv_size": [-1, 2]},
								"south": {"uv": [22, 52], "uv_size": [-1, 2]},
								"west": {"uv": [21, 52], "uv_size": [-1, 2]},
								"up": {"uv": [54, 13], "uv_size": [-1, 1]},
								"down": {"uv": [15, 54], "uv_size": [-1, -1]}
							}
						},
						{
							"origin": [1.13133, 27.67843, -4.43338],
							"size": [1.10756, 0.6942, 0.61227],
							"inflate": -0.2,
							"pivot": [2.03889, 27.50603, -4.23338],
							"rotation": [0.65552, 0, -12.2651],
							"uv": {
								"north": {"uv": [53, 19], "uv_size": [-1, 2]},
								"east": {"uv": [53, 21], "uv_size": [-1, 2]},
								"south": {"uv": [22, 52], "uv_size": [-1, 2]},
								"west": {"uv": [21, 52], "uv_size": [-1, 2]},
								"up": {"uv": [54, 13], "uv_size": [-1, 1]},
								"down": {"uv": [15, 54], "uv_size": [-1, -1]}
							}
						},
						{
							"origin": [-2.23889, 27.67843, -4.43338],
							"size": [1.10756, 0.6942, 0.61227],
							"inflate": -0.2,
							"pivot": [-2.03889, 27.50603, -4.23338],
							"rotation": [0.65552, 0, 12.2651],
							"uv": {
								"north": {"uv": [52, 19], "uv_size": [1, 2]},
								"east": {"uv": [20, 52], "uv_size": [1, 2]},
								"south": {"uv": [21, 52], "uv_size": [1, 2]},
								"west": {"uv": [52, 21], "uv_size": [1, 2]},
								"up": {"uv": [53, 13], "uv_size": [1, 1]},
								"down": {"uv": [14, 54], "uv_size": [1, -1]}
							}
						},
						{
							"origin": [-2.1455, 27.37149, -4.43331],
							"size": [1.10698, 0.74947, 0.71875],
							"inflate": -0.199,
							"uv": {
								"north": {"uv": [22, 50], "uv_size": [1, 3]},
								"east": {"uv": [9, 43], "uv_size": [3, 3]},
								"south": {"uv": [23, 50], "uv_size": [1, 3]},
								"west": {"uv": [43, 17], "uv_size": [3, 3]},
								"up": {"uv": [24, 50], "uv_size": [1, 3]},
								"down": {"uv": [25, 53], "uv_size": [1, -3]}
							}
						},
						{
							"origin": [-2.23889, 27.67843, -3.96788],
							"size": [1.01446, 1.1597, 0.61227],
							"inflate": -0.2,
							"pivot": [-2.03889, 27.50603, -3.76788],
							"rotation": [38.65552, 0, 12.2651],
							"uv": {
								"north": {"uv": [52, 19], "uv_size": [1, 2]},
								"east": {"uv": [20, 52], "uv_size": [1, 2]},
								"south": {"uv": [21, 52], "uv_size": [1, 2]},
								"west": {"uv": [52, 21], "uv_size": [1, 2]},
								"up": {"uv": [53, 13], "uv_size": [1, 1]},
								"down": {"uv": [14, 54], "uv_size": [1, -1]}
							}
						},
						{
							"origin": [-2.23889, 27.67843, -3.78168],
							"size": [1.01446, 1.03587, 0.77985],
							"inflate": -0.2,
							"pivot": [-2.03889, 27.50603, -3.76788],
							"rotation": [38.65552, 0, 12.2651],
							"uv": {
								"north": {"uv": [52, 19], "uv_size": [1, 2]},
								"east": {"uv": [20, 52], "uv_size": [1, 2]},
								"south": {"uv": [21, 52], "uv_size": [1, 2]},
								"west": {"uv": [52, 21], "uv_size": [1, 2]},
								"up": {"uv": [53, 13], "uv_size": [1, 1]},
								"down": {"uv": [14, 54], "uv_size": [1, -1]}
							}
						},
						{
							"origin": [-2.23889, 28.19048, -4.41011],
							"size": [0.78916, 0.66534, 0.89529],
							"inflate": -0.2,
							"pivot": [-2.03889, 27.50603, -3.76788],
							"rotation": [0, 0, 12],
							"uv": {
								"north": {"uv": [7, 52], "uv_size": [-1, 2]},
								"east": {"uv": [12, 46], "uv_size": [-3, 2]},
								"south": {"uv": [8, 52], "uv_size": [-1, 2]},
								"west": {"uv": [9, 46], "uv_size": [-3, 2]},
								"up": {"uv": [31, 50], "uv_size": [-1, 3]},
								"down": {"uv": [35, 53], "uv_size": [-1, -3]}
							}
						},
						{
							"origin": [-2.23889, 27.77153, -3.96788],
							"size": [0.78916, 1.08429, 5.01497],
							"inflate": -0.2,
							"pivot": [-2.03889, 27.50603, -3.76788],
							"rotation": [0, 0, 12],
							"uv": {
								"north": {"uv": [7, 52], "uv_size": [-1, 2]},
								"east": {"uv": [12, 46], "uv_size": [-3, 2]},
								"south": {"uv": [8, 52], "uv_size": [-1, 2]},
								"west": {"uv": [9, 46], "uv_size": [-3, 2]},
								"up": {"uv": [31, 50], "uv_size": [-1, 3]},
								"down": {"uv": [35, 53], "uv_size": [-1, -3]}
							}
						},
						{
							"origin": [-2.23889, 28.19048, -4.67544],
							"size": [0.78916, 0.66534, 0.7184],
							"inflate": -0.2,
							"pivot": [-2.03889, 27.50603, -3.76788],
							"rotation": [0, 0, 12],
							"uv": {
								"north": {"uv": [7, 52], "uv_size": [-1, 2]},
								"east": {"uv": [12, 46], "uv_size": [-3, 2]},
								"south": {"uv": [8, 52], "uv_size": [-1, 2]},
								"west": {"uv": [9, 46], "uv_size": [-3, 2]},
								"up": {"uv": [31, 50], "uv_size": [-1, 3]},
								"down": {"uv": [35, 53], "uv_size": [-1, -3]}
							}
						},
						{
							"origin": [-5.6262, 24.088, -6.5515],
							"size": [6.596, 8.102, 8.102],
							"inflate": -3.4,
							"pivot": [-1.77, 28.006, -3.3365],
							"rotation": [-27.5, 0, 0],
							"uv": {
								"north": {"uv": [15, 7], "uv_size": [1.1, 1]},
								"east": {"uv": [15, 7], "uv_size": [1.1, 1]},
								"south": {"uv": [15, 7], "uv_size": [1.1, 1]},
								"west": {"uv": [15, 7], "uv_size": [1.1, 1]},
								"up": {"uv": [16.1, 8], "uv_size": [-1.1, -1]},
								"down": {"uv": [16.1, 8], "uv_size": [-1.1, -1]}
							}
						},
						{
							"origin": [-2.522, 27.602, -3.7025],
							"size": [0.988, 1.606, 1.606],
							"inflate": -0.2,
							"pivot": [-1.902, 27.265, -4.0395],
							"rotation": [-27.5, 0, 0],
							"uv": {
								"north": {"uv": [32, 44], "uv_size": [2, 3]},
								"east": {"uv": [3, 43], "uv_size": [3, 3]},
								"south": {"uv": [25, 45], "uv_size": [2, 3]},
								"west": {"uv": [27, 32.2], "uv_size": [6.2, 3.8]},
								"up": {"uv": [27, 45], "uv_size": [2, 3]},
								"down": {"uv": [34, 48], "uv_size": [2, -3]}
							}
						}
					]
				},
				{
					"name": "specter2",
					"parent": "specter",
					"pivot": [0.46364, 30.09142, -1.63682],
					"rotation": [0, 0, -90],
					"cubes": [
						{
							"origin": [-3.33129, 27.27143, -3.8377],
							"size": [6.51698, 7.26736, 7.26736],
							"inflate": -3.4,
							"pivot": [0.95893, 30.78129, -0.98233],
							"rotation": [-27.5, 0, 0],
							"uv": {
								"north": {"uv": [15, 7], "uv_size": [1.1, 1]},
								"east": {"uv": [15, 7], "uv_size": [1.1, 1]},
								"south": {"uv": [15, 7], "uv_size": [1.1, 1]},
								"west": {"uv": [15, 7], "uv_size": [1.1, 1]},
								"up": {"uv": [16.1, 8], "uv_size": [-1.1, -1]},
								"down": {"uv": [16.1, 8], "uv_size": [-1.1, -1]}
							}
						},
						{
							"origin": [-0.59288, 30.29826, -1.42998],
							"size": [0.76123, 1.70899, 1.70899],
							"inflate": -0.2,
							"pivot": [0.46364, 30.09142, -1.63682],
							"rotation": [-27.5, 0, 0],
							"uv": {
								"north": {"uv": [32, 44], "uv_size": [2, 3]},
								"east": {"uv": [3, 43], "uv_size": [3, 3]},
								"south": {"uv": [25, 45], "uv_size": [2, 3]},
								"west": {"uv": [27, 32.2], "uv_size": [6.2, 3.8]},
								"up": {"uv": [27, 45], "uv_size": [2, 3]},
								"down": {"uv": [34, 48], "uv_size": [2, -3]}
							}
						},
						{
							"origin": [-0.59288, 30.57756, -3.01268],
							"size": [0.66813, 1.15039, 1.15039],
							"inflate": -0.2,
							"pivot": [0.46364, 30.09142, -3.49882],
							"rotation": [-27.5, 0, 0],
							"uv": {
								"north": {"uv": [11, 6.2], "uv_size": [6.2, 3.8]},
								"east": {"uv": [11, 6.2], "uv_size": [6.2, 3.8]},
								"south": {"uv": [11, 6.2], "uv_size": [6.2, 3.8]},
								"west": {"uv": [11, 6.2], "uv_size": [6.2, 3.8]},
								"up": {"uv": [17.2, 10], "uv_size": [-6.2, -3.8]},
								"down": {"uv": [17.2, 10], "uv_size": [-6.2, -3.8]}
							}
						},
						{
							"origin": [-0.59288, 30.57756, -4.59538],
							"size": [0.66813, 1.15039, 1.15039],
							"inflate": -0.2,
							"pivot": [0.46364, 30.09142, -5.08152],
							"rotation": [-27.5, 0, 0],
							"uv": {
								"north": {"uv": [11, 6.2], "uv_size": [6.2, 3.8]},
								"east": {"uv": [11, 6.2], "uv_size": [6.2, 3.8]},
								"south": {"uv": [11, 6.2], "uv_size": [6.2, 3.8]},
								"west": {"uv": [11, 6.2], "uv_size": [6.2, 3.8]},
								"up": {"uv": [17.2, 10], "uv_size": [-6.2, -3.8]},
								"down": {"uv": [17.2, 10], "uv_size": [-6.2, -3.8]}
							}
						}
					]
				},
				{
					"name": "_ca_scope",
					"parent": "main",
					"pivot": [0, 26.18, -1.87],
					"cubes": [
						{
							"origin": [-0.24, 24.186, -2.1565],
							"size": [0.76, 0.76, 0.76],
							"uv": {
								"north": {"uv": [53, 14], "uv_size": [1, 1]},
								"east": {"uv": [15, 53], "uv_size": [1, 1]},
								"south": {"uv": [53, 15], "uv_size": [1, 1]},
								"west": {"uv": [16, 53], "uv_size": [1, 1]},
								"up": {"uv": [53, 16], "uv_size": [1, 1]},
								"down": {"uv": [17, 54], "uv_size": [1, -1]}
							}
						}
					]
				},
				{
					"name": "scope",
					"parent": "main",
					"pivot": [-0.04, 27.78, 9.79],
					"cubes": [
						{
							"origin": [-0.52, 27.3, 8.21],
							"size": [0.96, 0.96, 0.96],
							"inflate": -0.4,
							"uv": {
								"north": {"uv": [60, 19], "uv_size": [1, 1]},
								"east": {"uv": [23, 56], "uv_size": [1, 1]},
								"south": {"uv": [58, 18], "uv_size": [1, 1]},
								"west": {"uv": [24, 57], "uv_size": [1, 1]},
								"up": {"uv": [58, 23], "uv_size": [1, 1]},
								"down": {"uv": [26, 60], "uv_size": [1, -1]}
							}
						}
					]
				}
			]
		}
	]
}