{
	"format_version": "1.12.0",
	"minecraft:geometry": [
		{
			"description": {
				"identifier": "geometry.unknown",
				"texture_width": 128,
				"texture_height": 128,
				"visible_bounds_width": 8,
				"visible_bounds_height": 4,
				"visible_bounds_offset": [0, 1, 0]
			},
			"bones": [
				{
					"name": "main",
					"pivot": [0, 20, 0]
				},
				{
					"name": "gun",
					"parent": "main",
					"pivot": [1, 11, -1]
				},
				{
					"name": "stock",
					"parent": "gun",
					"pivot": [0.65, 21.4, 6.8],
					"cubes": [
						{
							"origin": [-1.35, 20.8, 7],
							"size": [2.7, 4.2, 2.9],
							"uv": {
								"north": {"uv": [48, 44], "uv_size": [13, 4]},
								"east": {"uv": [48, 44], "uv_size": [13, 4]},
								"south": {"uv": [48, 44], "uv_size": [13, 4]},
								"west": {"uv": [48, 44], "uv_size": [13, 4]},
								"up": {"uv": [61, 48], "uv_size": [-13, -4]},
								"down": {"uv": [61, 48], "uv_size": [-13, -4]}
							}
						},
						{
							"origin": [-0.55, 20.7, 9.9],
							"size": [1.1, 3.3, 3.8],
							"uv": {
								"north": {"uv": [94, 34], "uv_size": [11, 1]},
								"east": {"uv": [94, 34], "uv_size": [11, 1]},
								"south": {"uv": [94, 34], "uv_size": [11, 1]},
								"west": {"uv": [94, 34], "uv_size": [11, 1]},
								"up": {"uv": [105, 35], "uv_size": [-11, -1]},
								"down": {"uv": [105, 35], "uv_size": [-11, -1]}
							}
						},
						{
							"origin": [-1.35, 23.4, 10],
							"size": [2.7, 0.5, 0.9],
							"pivot": [1.35, 23.2, 9.9],
							"rotation": [45, 0, 0],
							"uv": {
								"north": {"uv": [46, 4], "uv_size": [16, 4]},
								"east": {"uv": [46, 4], "uv_size": [16, 4]},
								"south": {"uv": [46, 4], "uv_size": [16, 4]},
								"west": {"uv": [46, 4], "uv_size": [16, 4]},
								"up": {"uv": [62, 8], "uv_size": [-16, -4]},
								"down": {"uv": [62, 8], "uv_size": [-16, -4]}
							}
						},
						{
							"origin": [-1.35, 20.9, 10],
							"size": [2.7, 0.5, 0.9],
							"pivot": [1.35, 21.6, 9.9],
							"rotation": [-45, 0, 0],
							"uv": {
								"north": {"uv": [46, 4], "uv_size": [16, 4]},
								"east": {"uv": [46, 4], "uv_size": [16, 4]},
								"south": {"uv": [46, 4], "uv_size": [16, 4]},
								"west": {"uv": [46, 4], "uv_size": [16, 4]},
								"up": {"uv": [62, 8], "uv_size": [-16, -4]},
								"down": {"uv": [62, 8], "uv_size": [-16, -4]}
							}
						},
						{
							"origin": [-1.35, 21.7, 19.1],
							"size": [2.7, 0.5, 0.9],
							"pivot": [1.35, 21.5, 19],
							"rotation": [45, 0, 0],
							"uv": {
								"north": {"uv": [46, 4], "uv_size": [16, 4]},
								"east": {"uv": [46, 4], "uv_size": [16, 4]},
								"south": {"uv": [46, 4], "uv_size": [16, 4]},
								"west": {"uv": [46, 4], "uv_size": [16, 4]},
								"up": {"uv": [62, 8], "uv_size": [-16, -4]},
								"down": {"uv": [62, 8], "uv_size": [-16, -4]}
							}
						},
						{
							"origin": [-1.35, 21.6, 22.1],
							"size": [2.7, 0.5, 0.9],
							"pivot": [1.35, 21.4, 23.1],
							"rotation": [-45, 0, 0],
							"uv": {
								"north": {"uv": [62, 4], "uv_size": [-16, 4]},
								"east": {"uv": [62, 4], "uv_size": [-16, 4]},
								"south": {"uv": [62, 4], "uv_size": [-16, 4]},
								"west": {"uv": [62, 4], "uv_size": [-16, 4]},
								"up": {"uv": [62, 4], "uv_size": [-16, 4]},
								"down": {"uv": [62, 4], "uv_size": [-16, 4]}
							}
						},
						{
							"origin": [-1.35, 18.9, 22.1],
							"size": [2.7, 0.5, 0.9],
							"pivot": [1.35, 19.6, 23.1],
							"rotation": [45, 0, 0],
							"uv": {
								"north": {"uv": [62, 8], "uv_size": [-16, -4]},
								"east": {"uv": [62, 8], "uv_size": [-16, -4]},
								"south": {"uv": [62, 8], "uv_size": [-16, -4]},
								"west": {"uv": [62, 8], "uv_size": [-16, -4]},
								"up": {"uv": [62, 8], "uv_size": [-16, -4]},
								"down": {"uv": [62, 8], "uv_size": [-16, -4]}
							}
						},
						{
							"origin": [-1.35, 15.8, 26.8],
							"size": [2.7, 1.1, 1.5],
							"pivot": [1.35, 17.1, 28.1],
							"rotation": [45, 0, 0],
							"uv": {
								"north": {"uv": [62, 8], "uv_size": [-16, -4]},
								"east": {"uv": [62, 8], "uv_size": [-16, -4]},
								"south": {"uv": [62, 8], "uv_size": [-16, -4]},
								"west": {"uv": [62, 8], "uv_size": [-16, -4]},
								"up": {"uv": [62, 8], "uv_size": [-16, -4]},
								"down": {"uv": [62, 8], "uv_size": [-16, -4]}
							}
						},
						{
							"origin": [-1.35, 21.2, 27],
							"size": [2.7, 1.1, 1.5],
							"pivot": [1.35, 21, 28.3],
							"rotation": [-45, 0, 0],
							"uv": {
								"north": {"uv": [62, 4], "uv_size": [-16, 4]},
								"east": {"uv": [62, 4], "uv_size": [-16, 4]},
								"south": {"uv": [62, 4], "uv_size": [-16, 4]},
								"west": {"uv": [62, 4], "uv_size": [-16, 4]},
								"up": {"uv": [62, 4], "uv_size": [-16, 4]},
								"down": {"uv": [62, 4], "uv_size": [-16, 4]}
							}
						},
						{
							"origin": [-1.35, 20.9, 19],
							"size": [2.7, 0.5, 0.9],
							"pivot": [1.35, 21.6, 18.9],
							"rotation": [-45, 0, 0],
							"uv": {
								"north": {"uv": [46, 8], "uv_size": [16, -4]},
								"east": {"uv": [46, 8], "uv_size": [16, -4]},
								"south": {"uv": [46, 8], "uv_size": [16, -4]},
								"west": {"uv": [46, 8], "uv_size": [16, -4]},
								"up": {"uv": [62, 4], "uv_size": [-16, 4]},
								"down": {"uv": [62, 4], "uv_size": [-16, 4]}
							}
						},
						{
							"origin": [-1.35, 21.7, 25.6],
							"size": [2.7, 0.5, 0.9],
							"pivot": [1.35, 21.5, 25.5],
							"rotation": [45, 0, 0],
							"uv": {
								"north": {"uv": [46, 4], "uv_size": [16, 4]},
								"east": {"uv": [46, 4], "uv_size": [16, 4]},
								"south": {"uv": [46, 4], "uv_size": [16, 4]},
								"west": {"uv": [46, 4], "uv_size": [16, 4]},
								"up": {"uv": [62, 8], "uv_size": [-16, -4]},
								"down": {"uv": [62, 8], "uv_size": [-16, -4]}
							}
						},
						{
							"origin": [-1.35, 17.2, 25.5],
							"size": [2.7, 0.5, 0.9],
							"pivot": [1.35, 17.9, 25.4],
							"rotation": [-58, 0, 0],
							"uv": {
								"north": {"uv": [46, 8], "uv_size": [16, -4]},
								"east": {"uv": [46, 8], "uv_size": [16, -4]},
								"south": {"uv": [46, 8], "uv_size": [16, -4]},
								"west": {"uv": [46, 8], "uv_size": [16, -4]},
								"up": {"uv": [62, 4], "uv_size": [-16, 4]},
								"down": {"uv": [62, 4], "uv_size": [-16, 4]}
							}
						},
						{
							"origin": [-1.35, 11.7, 29.9],
							"size": [2.7, 12.9, 4.7],
							"pivot": [0.65, 18.9, 33.4],
							"rotation": [-2, 0, 0],
							"uv": {
								"north": {"uv": [46, 4], "uv_size": [16, 4]},
								"east": {"uv": [46, 4], "uv_size": [16, 4]},
								"south": {"uv": [46, 4], "uv_size": [16, 4]},
								"west": {"uv": [46, 4], "uv_size": [16, 4]},
								"up": {"uv": [62, 8], "uv_size": [-16, -4]},
								"down": {"uv": [62, 8], "uv_size": [-16, -4]}
							}
						},
						{
							"origin": [-1.75, 11.6, 30.9],
							"size": [3.5, 11, 2.7],
							"pivot": [0.65, 18.9, 33.4],
							"rotation": [-2, 0, 0],
							"uv": {
								"north": {"uv": [94, 34], "uv_size": [11, 1]},
								"east": {"uv": [94, 34], "uv_size": [11, 1]},
								"south": {"uv": [94, 34], "uv_size": [11, 1]},
								"west": {"uv": [94, 34], "uv_size": [11, 1]},
								"up": {"uv": [105, 35], "uv_size": [-11, -1]},
								"down": {"uv": [105, 35], "uv_size": [-11, -1]}
							}
						},
						{
							"origin": [-1.55, 22.6, 30.9],
							"size": [3.1, 2.1, 2.7],
							"pivot": [0.65, 18.9, 33.4],
							"rotation": [-2, 0, 0],
							"uv": {
								"north": {"uv": [46, 4], "uv_size": [16, 4]},
								"east": {"uv": [46, 4], "uv_size": [16, 4]},
								"south": {"uv": [46, 4], "uv_size": [16, 4]},
								"west": {"uv": [46, 4], "uv_size": [16, 4]},
								"up": {"uv": [62, 8], "uv_size": [-16, -4]},
								"down": {"uv": [62, 8], "uv_size": [-16, -4]}
							}
						},
						{
							"origin": [-1.35, 25, 7],
							"size": [2.7, 2.4, 1],
							"uv": {
								"north": {"uv": [46, 4], "uv_size": [16, 4]},
								"east": {"uv": [46, 4], "uv_size": [16, 4]},
								"south": {"uv": [46, 4], "uv_size": [16, 4]},
								"west": {"uv": [46, 4], "uv_size": [16, 4]},
								"up": {"uv": [62, 8], "uv_size": [-16, -4]},
								"down": {"uv": [62, 8], "uv_size": [-16, -4]}
							}
						}
					]
				},
				{
					"name": "bone15",
					"parent": "stock",
					"pivot": [0.25, 28.4, 7],
					"rotation": [-5, 0, 0],
					"cubes": [
						{
							"origin": [-0.63679, 27.04047, 7.1],
							"size": [0.8, 0.8, 2.6],
							"pivot": [0.05, 28.4, 7],
							"rotation": [-13.18128, 10.83218, 38.74478],
							"uv": {
								"north": {"uv": [71, 41.1], "uv_size": [24, 1.9]},
								"east": {"uv": [71, 41.1], "uv_size": [24, 1.9]},
								"south": {"uv": [71, 41.1], "uv_size": [24, 1.9]},
								"west": {"uv": [71, 41.1], "uv_size": [24, 1.9]},
								"up": {"uv": [95, 43], "uv_size": [-24, -1.9]},
								"down": {"uv": [95, 43], "uv_size": [-24, -1.9]}
							}
						},
						{
							"origin": [-0.85, 27.8, 7],
							"size": [1.7, 0.6, 2.7],
							"pivot": [0.05, 28.4, 7],
							"rotation": [-17, 0, 0],
							"uv": {
								"north": {"uv": [38, 84], "uv_size": [-2, -9]},
								"east": {"uv": [38, 84], "uv_size": [-2, -9]},
								"south": {"uv": [38, 84], "uv_size": [-2, -9]},
								"west": {"uv": [38, 84], "uv_size": [-2, -9]},
								"up": {"uv": [36, 75], "uv_size": [2, 9]},
								"down": {"uv": [36, 75], "uv_size": [2, 9]}
							}
						},
						{
							"origin": [-0.63679, 27.44047, 7],
							"size": [0.8, 0.4, 1.5],
							"pivot": [0.05, 28.4, 7],
							"rotation": [-13.18128, 10.83218, 38.74478],
							"uv": {
								"north": {"uv": [71, 41.1], "uv_size": [24, 1.9]},
								"east": {"uv": [71, 41.1], "uv_size": [24, 1.9]},
								"south": {"uv": [71, 41.1], "uv_size": [24, 1.9]},
								"west": {"uv": [71, 41.1], "uv_size": [24, 1.9]},
								"up": {"uv": [95, 43], "uv_size": [-24, -1.9]},
								"down": {"uv": [95, 43], "uv_size": [-24, -1.9]}
							}
						},
						{
							"origin": [-0.13981, 27.10475, 7.1],
							"size": [0.8, 0.8, 2.6],
							"pivot": [0.05, 28.4, 7],
							"rotation": [-13.18128, -10.83218, -38.74478],
							"uv": {
								"north": {"uv": [71, 41.1], "uv_size": [24, 1.9]},
								"east": {"uv": [71, 41.1], "uv_size": [24, 1.9]},
								"south": {"uv": [71, 41.1], "uv_size": [24, 1.9]},
								"west": {"uv": [71, 41.1], "uv_size": [24, 1.9]},
								"up": {"uv": [95, 43], "uv_size": [-24, -1.9]},
								"down": {"uv": [95, 43], "uv_size": [-24, -1.9]}
							}
						},
						{
							"origin": [-0.16321, 27.44047, 7],
							"size": [0.8, 0.4, 1.5],
							"pivot": [-0.05, 28.4, 7],
							"rotation": [-13.18128, -10.83218, -38.74478],
							"uv": {
								"north": {"uv": [71, 41.1], "uv_size": [24, 1.9]},
								"east": {"uv": [71, 41.1], "uv_size": [24, 1.9]},
								"south": {"uv": [71, 41.1], "uv_size": [24, 1.9]},
								"west": {"uv": [71, 41.1], "uv_size": [24, 1.9]},
								"up": {"uv": [95, 43], "uv_size": [-24, -1.9]},
								"down": {"uv": [95, 43], "uv_size": [-24, -1.9]}
							}
						},
						{
							"origin": [-1.35, 27.3, 7],
							"size": [2.7, 0.5, 2.6],
							"pivot": [1.35, 27.8, 7],
							"rotation": [-17, 0, 0],
							"uv": {
								"north": {"uv": [46, 4], "uv_size": [16, 4]},
								"east": {"uv": [46, 4], "uv_size": [16, 4]},
								"south": {"uv": [46, 4], "uv_size": [16, 4]},
								"west": {"uv": [46, 4], "uv_size": [16, 4]},
								"up": {"uv": [62, 8], "uv_size": [-16, -4]},
								"down": {"uv": [62, 8], "uv_size": [-16, -4]}
							}
						},
						{
							"origin": [-1.35, 25.2, 8.2],
							"size": [2.7, 2.1, 2.2],
							"pivot": [1.35, 27.8, 7],
							"rotation": [-17, 0, 0],
							"uv": {
								"north": {"uv": [46, 4], "uv_size": [16, 4]},
								"east": {"uv": [46, 4], "uv_size": [16, 4]},
								"south": {"uv": [46, 4], "uv_size": [16, 4]},
								"west": {"uv": [46, 4], "uv_size": [16, 4]},
								"up": {"uv": [62, 8], "uv_size": [-16, -4]},
								"down": {"uv": [62, 8], "uv_size": [-16, -4]}
							}
						},
						{
							"origin": [-1.35, 25.6, 9.5],
							"size": [2.7, 1.7, 1.3],
							"pivot": [1.35, 27.8, 7],
							"rotation": [-17, 0, 0],
							"uv": {
								"north": {"uv": [46, 4], "uv_size": [16, 4]},
								"east": {"uv": [46, 4], "uv_size": [16, 4]},
								"south": {"uv": [46, 4], "uv_size": [16, 4]},
								"west": {"uv": [46, 4], "uv_size": [16, 4]},
								"up": {"uv": [62, 8], "uv_size": [-16, -4]},
								"down": {"uv": [62, 8], "uv_size": [-16, -4]}
							}
						}
					]
				},
				{
					"name": "bone18",
					"parent": "stock",
					"pivot": [0.25, 27.6, 9.2],
					"rotation": [-23, 0, 0],
					"cubes": [
						{
							"origin": [-0.63679, 26.24047, 9.6],
							"size": [0.8, 0.8, 4],
							"pivot": [0.05, 27.6, 9.2],
							"rotation": [-13.18128, 10.83218, 38.74478],
							"uv": {
								"north": {"uv": [71, 41.1], "uv_size": [24, 1.9]},
								"east": {"uv": [71, 41.1], "uv_size": [24, 1.9]},
								"south": {"uv": [71, 41.1], "uv_size": [24, 1.9]},
								"west": {"uv": [71, 41.1], "uv_size": [24, 1.9]},
								"up": {"uv": [95, 43], "uv_size": [-24, -1.9]},
								"down": {"uv": [95, 43], "uv_size": [-24, -1.9]}
							}
						},
						{
							"origin": [-0.85, 27, 9.5],
							"size": [1.7, 0.6, 4.4],
							"pivot": [0.05, 27.6, 9.2],
							"rotation": [-17, 0, 0],
							"uv": {
								"north": {"uv": [38, 84], "uv_size": [-2, -9]},
								"east": {"uv": [38, 84], "uv_size": [-2, -9]},
								"south": {"uv": [38, 84], "uv_size": [-2, -9]},
								"west": {"uv": [38, 84], "uv_size": [-2, -9]},
								"up": {"uv": [36, 75], "uv_size": [2, 9]},
								"down": {"uv": [36, 75], "uv_size": [2, 9]}
							}
						},
						{
							"origin": [-0.63679, 26.64047, 9.5],
							"size": [0.8, 0.4, 3.2],
							"pivot": [0.05, 27.6, 9.2],
							"rotation": [-13.18128, 10.83218, 38.74478],
							"uv": {
								"north": {"uv": [71, 41.1], "uv_size": [24, 1.9]},
								"east": {"uv": [71, 41.1], "uv_size": [24, 1.9]},
								"south": {"uv": [71, 41.1], "uv_size": [24, 1.9]},
								"west": {"uv": [71, 41.1], "uv_size": [24, 1.9]},
								"up": {"uv": [95, 43], "uv_size": [-24, -1.9]},
								"down": {"uv": [95, 43], "uv_size": [-24, -1.9]}
							}
						},
						{
							"origin": [-0.13981, 26.30475, 9.6],
							"size": [0.8, 0.8, 3.9],
							"pivot": [0.05, 27.6, 9.2],
							"rotation": [-13.18128, -10.83218, -38.74478],
							"uv": {
								"north": {"uv": [71, 41.1], "uv_size": [24, 1.9]},
								"east": {"uv": [71, 41.1], "uv_size": [24, 1.9]},
								"south": {"uv": [71, 41.1], "uv_size": [24, 1.9]},
								"west": {"uv": [71, 41.1], "uv_size": [24, 1.9]},
								"up": {"uv": [95, 43], "uv_size": [-24, -1.9]},
								"down": {"uv": [95, 43], "uv_size": [-24, -1.9]}
							}
						},
						{
							"origin": [-0.16321, 26.64047, 9.5],
							"size": [0.8, 0.4, 3.2],
							"pivot": [-0.05, 27.6, 9.2],
							"rotation": [-13.18128, -10.83218, -38.74478],
							"uv": {
								"north": {"uv": [71, 41.1], "uv_size": [24, 1.9]},
								"east": {"uv": [71, 41.1], "uv_size": [24, 1.9]},
								"south": {"uv": [71, 41.1], "uv_size": [24, 1.9]},
								"west": {"uv": [71, 41.1], "uv_size": [24, 1.9]},
								"up": {"uv": [95, 43], "uv_size": [-24, -1.9]},
								"down": {"uv": [95, 43], "uv_size": [-24, -1.9]}
							}
						},
						{
							"origin": [-1.35, 26, 9.5],
							"size": [2.7, 1, 3.2],
							"pivot": [1.35, 27, 9.2],
							"rotation": [-17, 0, 0],
							"uv": {
								"north": {"uv": [46, 4], "uv_size": [16, 4]},
								"east": {"uv": [46, 4], "uv_size": [16, 4]},
								"south": {"uv": [46, 4], "uv_size": [16, 4]},
								"west": {"uv": [46, 4], "uv_size": [16, 4]},
								"up": {"uv": [62, 8], "uv_size": [-16, -4]},
								"down": {"uv": [62, 8], "uv_size": [-16, -4]}
							}
						},
						{
							"origin": [-1.35, 26.5, 12.7],
							"size": [2.7, 0.5, 0.5],
							"pivot": [1.35, 27, 9.2],
							"rotation": [-17, 0, 0],
							"uv": {
								"north": {"uv": [46, 4], "uv_size": [16, 4]},
								"east": {"uv": [46, 4], "uv_size": [16, 4]},
								"south": {"uv": [46, 4], "uv_size": [16, 4]},
								"west": {"uv": [46, 4], "uv_size": [16, 4]},
								"up": {"uv": [62, 8], "uv_size": [-16, -4]},
								"down": {"uv": [62, 8], "uv_size": [-16, -4]}
							}
						},
						{
							"origin": [-1.35, 25.6, 10.9],
							"size": [2.7, 0.9, 1.2],
							"pivot": [1.35, 27, 9.2],
							"rotation": [-17, 0, 0],
							"uv": {
								"north": {"uv": [46, 4], "uv_size": [16, 4]},
								"east": {"uv": [46, 4], "uv_size": [16, 4]},
								"south": {"uv": [46, 4], "uv_size": [16, 4]},
								"west": {"uv": [46, 4], "uv_size": [16, 4]},
								"up": {"uv": [62, 8], "uv_size": [-16, -4]},
								"down": {"uv": [62, 8], "uv_size": [-16, -4]}
							}
						}
					]
				},
				{
					"name": "bone19",
					"parent": "stock",
					"pivot": [0.25, 25.9, 10.6],
					"cubes": [
						{
							"origin": [-0.63679, 24.54047, 11],
							"size": [0.8, 0.8, 3.1],
							"pivot": [0.05, 25.9, 10.6],
							"rotation": [-13.18128, 10.83218, 38.74478],
							"uv": {
								"north": {"uv": [71, 41.1], "uv_size": [24, 1.9]},
								"east": {"uv": [71, 41.1], "uv_size": [24, 1.9]},
								"south": {"uv": [71, 41.1], "uv_size": [24, 1.9]},
								"west": {"uv": [71, 41.1], "uv_size": [24, 1.9]},
								"up": {"uv": [95, 43], "uv_size": [-24, -1.9]},
								"down": {"uv": [95, 43], "uv_size": [-24, -1.9]}
							}
						},
						{
							"origin": [-0.85, 25.3, 10.9],
							"size": [1.7, 0.6, 3.5],
							"pivot": [0.05, 25.9, 10.6],
							"rotation": [-17, 0, 0],
							"uv": {
								"north": {"uv": [38, 84], "uv_size": [-2, -9]},
								"east": {"uv": [38, 84], "uv_size": [-2, -9]},
								"south": {"uv": [38, 84], "uv_size": [-2, -9]},
								"west": {"uv": [38, 84], "uv_size": [-2, -9]},
								"up": {"uv": [36, 75], "uv_size": [2, 9]},
								"down": {"uv": [36, 75], "uv_size": [2, 9]}
							}
						},
						{
							"origin": [-0.63679, 24.94047, 10.9],
							"size": [0.8, 0.4, 2.3],
							"pivot": [0.05, 25.9, 10.6],
							"rotation": [-13.18128, 10.83218, 38.74478],
							"uv": {
								"north": {"uv": [71, 41.1], "uv_size": [24, 1.9]},
								"east": {"uv": [71, 41.1], "uv_size": [24, 1.9]},
								"south": {"uv": [71, 41.1], "uv_size": [24, 1.9]},
								"west": {"uv": [71, 41.1], "uv_size": [24, 1.9]},
								"up": {"uv": [95, 43], "uv_size": [-24, -1.9]},
								"down": {"uv": [95, 43], "uv_size": [-24, -1.9]}
							}
						},
						{
							"origin": [-0.13981, 24.60475, 11],
							"size": [0.8, 0.8, 3],
							"pivot": [0.05, 25.9, 10.6],
							"rotation": [-13.18128, -10.83218, -38.74478],
							"uv": {
								"north": {"uv": [71, 41.1], "uv_size": [24, 1.9]},
								"east": {"uv": [71, 41.1], "uv_size": [24, 1.9]},
								"south": {"uv": [71, 41.1], "uv_size": [24, 1.9]},
								"west": {"uv": [71, 41.1], "uv_size": [24, 1.9]},
								"up": {"uv": [95, 43], "uv_size": [-24, -1.9]},
								"down": {"uv": [95, 43], "uv_size": [-24, -1.9]}
							}
						},
						{
							"origin": [-0.16321, 24.94047, 10.9],
							"size": [0.8, 0.4, 2.3],
							"pivot": [-0.05, 25.9, 10.6],
							"rotation": [-13.18128, -10.83218, -38.74478],
							"uv": {
								"north": {"uv": [71, 41.1], "uv_size": [24, 1.9]},
								"east": {"uv": [71, 41.1], "uv_size": [24, 1.9]},
								"south": {"uv": [71, 41.1], "uv_size": [24, 1.9]},
								"west": {"uv": [71, 41.1], "uv_size": [24, 1.9]},
								"up": {"uv": [95, 43], "uv_size": [-24, -1.9]},
								"down": {"uv": [95, 43], "uv_size": [-24, -1.9]}
							}
						},
						{
							"origin": [-1.35, 25.3, 11.4],
							"size": [2.7, 0.4, 2.4],
							"pivot": [1.35, 25.7, 9.2],
							"rotation": [-17, 0, 0],
							"uv": {
								"north": {"uv": [46, 4], "uv_size": [16, 4]},
								"east": {"uv": [46, 4], "uv_size": [16, 4]},
								"south": {"uv": [46, 4], "uv_size": [16, 4]},
								"west": {"uv": [46, 4], "uv_size": [16, 4]},
								"up": {"uv": [62, 8], "uv_size": [-16, -4]},
								"down": {"uv": [62, 8], "uv_size": [-16, -4]}
							}
						}
					]
				},
				{
					"name": "bone16",
					"parent": "stock",
					"pivot": [1.35, 24.3, 15.5],
					"rotation": [15, 0, 0],
					"cubes": [
						{
							"origin": [-0.63679, 23.54047, 11.3],
							"size": [0.8, 0.8, 19],
							"pivot": [0.05, 24.9, 15.5],
							"rotation": [-13.18128, 10.83218, 38.74478],
							"uv": {
								"north": {"uv": [71, 41.1], "uv_size": [24, 1.9]},
								"east": {"uv": [71, 41.1], "uv_size": [24, 1.9]},
								"south": {"uv": [71, 41.1], "uv_size": [24, 1.9]},
								"west": {"uv": [71, 41.1], "uv_size": [24, 1.9]},
								"up": {"uv": [95, 43], "uv_size": [-24, -1.9]},
								"down": {"uv": [95, 43], "uv_size": [-24, -1.9]}
							}
						},
						{
							"origin": [-0.85, 24.3, 11.2],
							"size": [1.7, 0.6, 19.1],
							"pivot": [0.05, 24.9, 15.5],
							"rotation": [-17, 0, 0],
							"uv": {
								"north": {"uv": [31, 71], "uv_size": [-2, -23]},
								"east": {"uv": [31, 71], "uv_size": [-2, -23]},
								"south": {"uv": [31, 71], "uv_size": [-2, -23]},
								"west": {"uv": [31, 71], "uv_size": [-2, -23]},
								"up": {"uv": [29, 48], "uv_size": [2, 23]},
								"down": {"uv": [29, 48], "uv_size": [2, 23]}
							}
						},
						{
							"origin": [-0.63679, 23.94047, 11.2],
							"size": [0.8, 0.4, 17.9],
							"pivot": [0.05, 24.9, 15.5],
							"rotation": [-13.18128, 10.83218, 38.74478],
							"uv": {
								"north": {"uv": [71, 41.1], "uv_size": [24, 1.9]},
								"east": {"uv": [71, 41.1], "uv_size": [24, 1.9]},
								"south": {"uv": [71, 41.1], "uv_size": [24, 1.9]},
								"west": {"uv": [71, 41.1], "uv_size": [24, 1.9]},
								"up": {"uv": [95, 43], "uv_size": [-24, -1.9]},
								"down": {"uv": [95, 43], "uv_size": [-24, -1.9]}
							}
						},
						{
							"origin": [-0.13981, 23.60475, 11.3],
							"size": [0.8, 0.8, 19],
							"pivot": [0.05, 24.9, 15.5],
							"rotation": [-13.18128, -10.83218, -38.74478],
							"uv": {
								"north": {"uv": [71, 41.1], "uv_size": [24, 1.9]},
								"east": {"uv": [71, 41.1], "uv_size": [24, 1.9]},
								"south": {"uv": [71, 41.1], "uv_size": [24, 1.9]},
								"west": {"uv": [71, 41.1], "uv_size": [24, 1.9]},
								"up": {"uv": [95, 43], "uv_size": [-24, -1.9]},
								"down": {"uv": [95, 43], "uv_size": [-24, -1.9]}
							}
						},
						{
							"origin": [-0.16321, 23.94047, 11.2],
							"size": [0.8, 0.4, 17.9],
							"pivot": [-0.05, 24.9, 15.5],
							"rotation": [-13.18128, -10.83218, -38.74478],
							"uv": {
								"north": {"uv": [71, 41.1], "uv_size": [24, 1.9]},
								"east": {"uv": [71, 41.1], "uv_size": [24, 1.9]},
								"south": {"uv": [71, 41.1], "uv_size": [24, 1.9]},
								"west": {"uv": [71, 41.1], "uv_size": [24, 1.9]},
								"up": {"uv": [95, 43], "uv_size": [-24, -1.9]},
								"down": {"uv": [95, 43], "uv_size": [-24, -1.9]}
							}
						},
						{
							"origin": [-1.35, 23.8, 7.5],
							"size": [2.7, 0.5, 22.6],
							"pivot": [1.35, 24.3, 15.5],
							"rotation": [-17, 0, 0],
							"uv": {
								"north": {"uv": [46, 4], "uv_size": [16, 4]},
								"east": {"uv": [46, 4], "uv_size": [16, 4]},
								"south": {"uv": [46, 4], "uv_size": [16, 4]},
								"west": {"uv": [46, 4], "uv_size": [16, 4]},
								"up": {"uv": [62, 8], "uv_size": [-16, -4]},
								"down": {"uv": [62, 8], "uv_size": [-16, -4]}
							}
						},
						{
							"origin": [-1.35, 22.58797, 6.21652],
							"size": [2.7, 0.6, 9.5],
							"pivot": [-0.25, 22.6, 6.4],
							"rotation": [-16, 0, 0],
							"uv": {
								"north": {"uv": [46, 4], "uv_size": [16, 4]},
								"east": {"uv": [46, 4], "uv_size": [16, 4]},
								"south": {"uv": [46, 4], "uv_size": [16, 4]},
								"west": {"uv": [46, 4], "uv_size": [16, 4]},
								"up": {"uv": [62, 8], "uv_size": [-16, -4]},
								"down": {"uv": [62, 8], "uv_size": [-16, -4]}
							}
						},
						{
							"origin": [-1.35, 22.98797, 12.81652],
							"size": [2.7, 3.2, 2.9],
							"pivot": [-0.25, 22.6, 6.4],
							"rotation": [-15, 0, 0],
							"uv": {
								"north": {"uv": [46, 4], "uv_size": [16, 4]},
								"east": {"uv": [46, 4], "uv_size": [16, 4]},
								"south": {"uv": [46, 4], "uv_size": [16, 4]},
								"west": {"uv": [46, 4], "uv_size": [16, 4]},
								"up": {"uv": [62, 8], "uv_size": [-16, -4]},
								"down": {"uv": [62, 8], "uv_size": [-16, -4]}
							}
						},
						{
							"origin": [-1.35, 24.98797, 15.51652],
							"size": [2.7, 1.4, 13.7],
							"pivot": [-0.25, 22.6, 6.4],
							"rotation": [-17, 0, 0],
							"uv": {
								"north": {"uv": [46, 4], "uv_size": [16, 4]},
								"east": {"uv": [46, 4], "uv_size": [16, 4]},
								"south": {"uv": [46, 4], "uv_size": [16, 4]},
								"west": {"uv": [46, 4], "uv_size": [16, 4]},
								"up": {"uv": [62, 8], "uv_size": [-16, -4]},
								"down": {"uv": [62, 8], "uv_size": [-16, -4]}
							}
						},
						{
							"origin": [-1.35, 22.78797, 15.61652],
							"size": [2.7, 2.3, 2.5],
							"pivot": [-0.25, 22.6, 6.4],
							"rotation": [-17, 0, 0],
							"uv": {
								"north": {"uv": [46, 4], "uv_size": [16, 4]},
								"east": {"uv": [46, 4], "uv_size": [16, 4]},
								"south": {"uv": [46, 4], "uv_size": [16, 4]},
								"west": {"uv": [46, 4], "uv_size": [16, 4]},
								"up": {"uv": [62, 8], "uv_size": [-16, -4]},
								"down": {"uv": [62, 8], "uv_size": [-16, -4]}
							}
						},
						{
							"origin": [-1.35, 19.08797, 22.31652],
							"size": [2.7, 6, 2.4],
							"pivot": [-0.25, 22.6, 6.4],
							"rotation": [-17, 0, 0],
							"uv": {
								"north": {"uv": [46, 4], "uv_size": [16, 4]},
								"east": {"uv": [46, 4], "uv_size": [16, 4]},
								"south": {"uv": [46, 4], "uv_size": [16, 4]},
								"west": {"uv": [46, 4], "uv_size": [16, 4]},
								"up": {"uv": [62, 8], "uv_size": [-16, -4]},
								"down": {"uv": [62, 8], "uv_size": [-16, -4]}
							}
						},
						{
							"origin": [-1.35, 17.58797, 27.71652],
							"size": [2.7, 7.5, 1.5],
							"pivot": [-0.25, 22.6, 6.4],
							"rotation": [-17, 0, 0],
							"uv": {
								"north": {"uv": [46, 4], "uv_size": [16, 4]},
								"east": {"uv": [46, 4], "uv_size": [16, 4]},
								"south": {"uv": [46, 4], "uv_size": [16, 4]},
								"west": {"uv": [46, 4], "uv_size": [16, 4]},
								"up": {"uv": [62, 8], "uv_size": [-16, -4]},
								"down": {"uv": [62, 8], "uv_size": [-16, -4]}
							}
						},
						{
							"origin": [-1.35, 20.0431, 14.30877],
							"size": [2.7, 2.2, 16.4],
							"pivot": [-0.25, 20, 15.2],
							"rotation": [-46, 0, 0],
							"uv": {
								"north": {"uv": [46, 4], "uv_size": [16, 4]},
								"east": {"uv": [46, 4], "uv_size": [16, 4]},
								"south": {"uv": [46, 4], "uv_size": [16, 4]},
								"west": {"uv": [46, 4], "uv_size": [16, 4]},
								"up": {"uv": [62, 8], "uv_size": [-16, -4]},
								"down": {"uv": [62, 8], "uv_size": [-16, -4]}
							}
						},
						{
							"origin": [-1.35, 22.27, 6.1],
							"size": [2.7, 0.6, 7.8],
							"pivot": [1.55, 22.3, 6.1],
							"rotation": [-13, 0, 0],
							"uv": {
								"north": {"uv": [46, 4], "uv_size": [16, 4]},
								"east": {"uv": [46, 4], "uv_size": [16, 4]},
								"south": {"uv": [46, 4], "uv_size": [16, 4]},
								"west": {"uv": [46, 4], "uv_size": [16, 4]},
								"up": {"uv": [62, 8], "uv_size": [-16, -4]},
								"down": {"uv": [62, 8], "uv_size": [-16, -4]}
							}
						}
					]
				},
				{
					"name": "bone17",
					"parent": "stock",
					"pivot": [1.35, 23.8, 30.3],
					"rotation": [66, 0, 0]
				},
				{
					"name": "_ca_stock",
					"parent": "main",
					"pivot": [-0.2, 22.95, -0.825],
					"cubes": [
						{"origin": [-0.45, 24.25, 6.975], "size": [1, 1, 1], "uv": [24, 121]}
					]
				}
			]
		}
	]
}