{
	"format_version": "1.12.0",
	"minecraft:geometry": [
		{
			"description": {
				"identifier": "geometry.unknown",
				"texture_width": 128,
				"texture_height": 128,
				"visible_bounds_width": 8,
				"visible_bounds_height": 4,
				"visible_bounds_offset": [0, 1, 0]
			},
			"bones": [
				{
					"name": "main",
					"pivot": [0, 20, 0]
				},
				{
					"name": "gun",
					"parent": "main",
					"pivot": [1, 11, -1]
				},
				{
					"name": "barrel",
					"parent": "gun",
					"pivot": [0, 23.7, -67.05],
					"cubes": [
						{
							"origin": [-1, 22.7, -42.55],
							"size": [2, 2, 24.8],
							"inflate": -0.3,
							"pivot": [0, 23.7, -73.95],
							"rotation": [0, 0, -20],
							"uv": {
								"north": {"uv": [94, 34], "uv_size": [11, 1]},
								"east": {"uv": [94, 34], "uv_size": [11, 1]},
								"south": {"uv": [94, 34], "uv_size": [11, 1]},
								"west": {"uv": [94, 34], "uv_size": [11, 1]},
								"up": {"uv": [99.8, 34.7], "uv_size": [-2.5, -0.7]},
								"down": {"uv": [105, 35], "uv_size": [-11, -1]}
							}
						}
					]
				},
				{
					"name": "muzzledef",
					"parent": "barrel",
					"pivot": [0, 23.7, -85.65],
					"cubes": [
						{
							"origin": [-1, 22.7, -46.45],
							"size": [2, 2, 4.5],
							"inflate": -0.3,
							"pivot": [0, 23.7, -92.55],
							"rotation": [0, 0, -20],
							"uv": {
								"north": {"uv": [95.2, 34], "uv_size": [4.6, 0.9]},
								"east": {"uv": [95.2, 34], "uv_size": [4.6, 0.9]},
								"south": {"uv": [95.2, 34], "uv_size": [4.6, 0.9]},
								"west": {"uv": [95.2, 34], "uv_size": [4.6, 0.9]},
								"up": {"uv": [99.8, 34.9], "uv_size": [-4.6, -0.9]},
								"down": {"uv": [99.8, 34.9], "uv_size": [-4.6, -0.9]}
							}
						},
						{
							"origin": [-1.1, 22.6, -43.75],
							"size": [2.2, 2.2, 1.6],
							"inflate": -0.3,
							"pivot": [0, 23.7, -89.55],
							"rotation": [0, 0, -20],
							"uv": {
								"north": {"uv": [95.2, 34], "uv_size": [4.6, 0.9]},
								"east": {"uv": [95.2, 34], "uv_size": [4.6, 0.9]},
								"south": {"uv": [95.2, 34], "uv_size": [4.6, 0.9]},
								"west": {"uv": [95.2, 34], "uv_size": [4.6, 0.9]},
								"up": {"uv": [99.8, 34.9], "uv_size": [-4.6, -0.9]},
								"down": {"uv": [99.8, 34.9], "uv_size": [-4.6, -0.9]}
							}
						}
					]
				},
				{
					"name": "_cb_suppressor",
					"parent": "main",
					"pivot": [0.2, 22.75, -71.225],
					"cubes": [
						{"origin": [-0.5, 23.225, -43.05], "size": [1, 1, 1], "uv": [8, 121]}
					]
				},
				{
					"name": "_ca_barrelsig",
					"parent": "main",
					"pivot": [-0.3, 22.25, -21.625],
					"cubes": [
						{"origin": [-0.5, 23.15, -15.425], "size": [1, 1, 1], "uv": [30, 121]}
					]
				},
				{
					"name": "muzzleflash",
					"parent": "main",
					"pivot": [0, 24.35, -75.35],
					"cubes": [
						{
							"origin": [-0.5, 23.15, -47.45],
							"size": [1, 1, 1],
							"inflate": -0.4,
							"uv": {
								"north": {"uv": [77, 124], "uv_size": [1, 1]},
								"east": {"uv": [124, 77], "uv_size": [1, 1]},
								"south": {"uv": [78, 124], "uv_size": [1, 1]},
								"west": {"uv": [124, 78], "uv_size": [1, 1]},
								"up": {"uv": [79, 124], "uv_size": [1, 1]},
								"down": {"uv": [124, 80], "uv_size": [1, -1]}
							}
						}
					]
				}
			]
		}
	]
}