{
	"format_version": "1.12.0",
	"minecraft:geometry": [
		{
			"description": {
				"identifier": "geometry.unknown",
				"texture_width": 128,
				"texture_height": 128,
				"visible_bounds_width": 8,
				"visible_bounds_height": 4,
				"visible_bounds_offset": [0, 1, 0]
			},
			"bones": [
				{
					"name": "main",
					"pivot": [0, 20, 0]
				},
				{
					"name": "gun",
					"parent": "main",
					"pivot": [1, 11, -1]
				},
				{
					"name": "handguard",
					"parent": "gun",
					"pivot": [1.45, 21.9, -39.4],
					"cubes": [
						{
							"origin": [-2.25, 21, -42.1],
							"size": [4.5, 3, 15.4],
							"inflate": 0.001,
							"uv": {
								"north": {"uv": [36, 40], "uv_size": [21, 4]},
								"east": {"uv": [36, 40], "uv_size": [21, 4]},
								"south": {"uv": [36, 40], "uv_size": [21, 4]},
								"west": {"uv": [36, 40], "uv_size": [21, 4]},
								"up": {"uv": [57, 44], "uv_size": [-21, -4]},
								"down": {"uv": [57, 44], "uv_size": [-21, -4]}
							}
						},
						{
							"origin": [-2.5, 24.7, -42.1],
							"size": [0.4, 1.6, 15.4],
							"inflate": 0.001,
							"pivot": [-2.25, 23.7, -39.7],
							"rotation": [0, 0, 24],
							"uv": {
								"north": {"uv": [36, 40], "uv_size": [21, 4]},
								"east": {"uv": [36, 40], "uv_size": [21, 4]},
								"south": {"uv": [36, 40], "uv_size": [21, 4]},
								"west": {"uv": [36, 40], "uv_size": [21, 4]},
								"up": {"uv": [57, 44], "uv_size": [-21, -4]},
								"down": {"uv": [57, 44], "uv_size": [-21, -4]}
							}
						},
						{
							"origin": [1.33, 23.8, -42.1],
							"size": [1.4, 0.7, 2.7],
							"inflate": 0.001,
							"pivot": [1.45, 21.9, -41.2],
							"rotation": [0, 0, -14],
							"uv": {
								"north": {"uv": [36, 40], "uv_size": [21, 4]},
								"east": {"uv": [36, 40], "uv_size": [21, 4]},
								"south": {"uv": [36, 40], "uv_size": [21, 4]},
								"west": {"uv": [36, 40], "uv_size": [21, 4]},
								"up": {"uv": [57, 44], "uv_size": [-21, -4]},
								"down": {"uv": [57, 44], "uv_size": [-21, -4]}
							}
						},
						{
							"origin": [1.33, 23.8, -37.4],
							"size": [1.4, 0.7, 2],
							"inflate": 0.001,
							"pivot": [1.45, 21.9, -36.5],
							"rotation": [0, 0, -14],
							"uv": {
								"north": {"uv": [36, 40], "uv_size": [21, 4]},
								"east": {"uv": [36, 40], "uv_size": [21, 4]},
								"south": {"uv": [36, 40], "uv_size": [21, 4]},
								"west": {"uv": [36, 40], "uv_size": [21, 4]},
								"up": {"uv": [57, 44], "uv_size": [-21, -4]},
								"down": {"uv": [57, 44], "uv_size": [-21, -4]}
							}
						},
						{
							"origin": [1.33, 23.8, -33.4],
							"size": [1.4, 0.7, 2],
							"inflate": 0.001,
							"pivot": [1.45, 21.9, -32.5],
							"rotation": [0, 0, -14],
							"uv": {
								"north": {"uv": [36, 40], "uv_size": [21, 4]},
								"east": {"uv": [36, 40], "uv_size": [21, 4]},
								"south": {"uv": [36, 40], "uv_size": [21, 4]},
								"west": {"uv": [36, 40], "uv_size": [21, 4]},
								"up": {"uv": [57, 44], "uv_size": [-21, -4]},
								"down": {"uv": [57, 44], "uv_size": [-21, -4]}
							}
						},
						{
							"origin": [1.33, 23.8, -29.4],
							"size": [1.4, 0.7, 2.7],
							"inflate": 0.001,
							"pivot": [1.45, 21.9, -27.8],
							"rotation": [0, 0, -14],
							"uv": {
								"north": {"uv": [36, 40], "uv_size": [21, 4]},
								"east": {"uv": [36, 40], "uv_size": [21, 4]},
								"south": {"uv": [36, 40], "uv_size": [21, 4]},
								"west": {"uv": [36, 40], "uv_size": [21, 4]},
								"up": {"uv": [57, 44], "uv_size": [-21, -4]},
								"down": {"uv": [57, 44], "uv_size": [-21, -4]}
							}
						},
						{
							"origin": [2.2, 24.2, -42.1],
							"size": [0.4, 1.6, 15.4],
							"inflate": 0.001,
							"pivot": [1.15, 23.2, -41.2],
							"rotation": [0, 0, -24],
							"uv": {
								"north": {"uv": [36, 40], "uv_size": [21, 4]},
								"east": {"uv": [36, 40], "uv_size": [21, 4]},
								"south": {"uv": [36, 40], "uv_size": [21, 4]},
								"west": {"uv": [36, 40], "uv_size": [21, 4]},
								"up": {"uv": [57, 44], "uv_size": [-21, -4]},
								"down": {"uv": [57, 44], "uv_size": [-21, -4]}
							}
						},
						{
							"origin": [1.245, 25.26, -42.1],
							"size": [0.8, 0.85, 15.4],
							"inflate": 0.001,
							"pivot": [0.53, 24.86, -41.2],
							"rotation": [0, 0, -41],
							"uv": {
								"north": {"uv": [36, 40], "uv_size": [21, 4]},
								"east": {"uv": [36, 40], "uv_size": [21, 4]},
								"south": {"uv": [36, 40], "uv_size": [21, 4]},
								"west": {"uv": [36, 40], "uv_size": [21, 4]},
								"up": {"uv": [57, 44], "uv_size": [-21, -4]},
								"down": {"uv": [57, 44], "uv_size": [-21, -4]}
							}
						},
						{
							"origin": [-0.455, 19.4, -60.6],
							"size": [0.8, 0.85, 17.3],
							"inflate": 0.001,
							"pivot": [-1.17, 19, -42.7],
							"rotation": [0, 180, 41],
							"uv": {
								"north": {"uv": [36, 40], "uv_size": [21, 4]},
								"east": {"uv": [36, 40], "uv_size": [21, 4]},
								"south": {"uv": [36, 40], "uv_size": [21, 4]},
								"west": {"uv": [36, 40], "uv_size": [21, 4]},
								"up": {"uv": [57, 44], "uv_size": [-21, -4]},
								"down": {"uv": [57, 44], "uv_size": [-21, -4]}
							}
						},
						{
							"origin": [0.345, 19, -64.2],
							"size": [0.8, 1.15, 20.9],
							"inflate": 0.001,
							"pivot": [-0.383, 18.6, -42.7],
							"rotation": [180, 0, -147],
							"uv": {
								"north": {"uv": [36, 40], "uv_size": [21, 4]},
								"east": {"uv": [36, 40], "uv_size": [21, 4]},
								"south": {"uv": [36, 40], "uv_size": [21, 4]},
								"west": {"uv": [36, 40], "uv_size": [21, 4]},
								"up": {"uv": [57, 44], "uv_size": [-21, -4]},
								"down": {"uv": [57, 44], "uv_size": [-21, -4]}
							}
						},
						{
							"origin": [-0.78, 19.33, -42.1],
							"size": [1.55, 0.5, 20.9],
							"inflate": 0.001,
							"uv": {
								"north": {"uv": [36, 40], "uv_size": [21, 4]},
								"east": {"uv": [36, 40], "uv_size": [21, 4]},
								"south": {"uv": [36, 40], "uv_size": [21, 4]},
								"west": {"uv": [36, 40], "uv_size": [21, 4]},
								"up": {"uv": [57, 44], "uv_size": [-21, -4]},
								"down": {"uv": [57, 44], "uv_size": [-21, -4]}
							}
						},
						{
							"origin": [-0.85, 26.4, -42.1],
							"size": [1.7, 0.4, 15.4],
							"inflate": 0.001,
							"uv": {
								"north": {"uv": [36, 40], "uv_size": [21, 4]},
								"east": {"uv": [36, 40], "uv_size": [21, 4]},
								"south": {"uv": [36, 40], "uv_size": [21, 4]},
								"west": {"uv": [36, 40], "uv_size": [21, 4]},
								"up": {"uv": [57, 44], "uv_size": [-21, -4]},
								"down": {"uv": [57, 44], "uv_size": [-21, -4]}
							}
						},
						{
							"origin": [-1.545, 26.58, -42.1],
							"size": [1, 0.85, 15.4],
							"inflate": 0.001,
							"pivot": [-2.05, 26.2, -41.2],
							"rotation": [0, 0, 41],
							"uv": {
								"north": {"uv": [36, 40], "uv_size": [21, 4]},
								"east": {"uv": [36, 40], "uv_size": [21, 4]},
								"south": {"uv": [36, 40], "uv_size": [21, 4]},
								"west": {"uv": [36, 40], "uv_size": [21, 4]},
								"up": {"uv": [57, 44], "uv_size": [-21, -4]},
								"down": {"uv": [57, 44], "uv_size": [-21, -4]}
							}
						},
						{
							"origin": [-2.7, 24.1, -29.4],
							"size": [1.4, 0.7, 2.7],
							"inflate": 0.001,
							"pivot": [-2.55, 22.2, -41.2],
							"rotation": [0, 0, 14],
							"uv": {
								"north": {"uv": [36, 40], "uv_size": [21, 4]},
								"east": {"uv": [36, 40], "uv_size": [21, 4]},
								"south": {"uv": [36, 40], "uv_size": [21, 4]},
								"west": {"uv": [36, 40], "uv_size": [21, 4]},
								"up": {"uv": [57, 44], "uv_size": [-21, -4]},
								"down": {"uv": [57, 44], "uv_size": [-21, -4]}
							}
						},
						{
							"origin": [-2.7, 24.1, -33.4],
							"size": [1.4, 0.7, 2],
							"inflate": 0.001,
							"pivot": [-2.55, 22.2, -45.9],
							"rotation": [0, 0, 14],
							"uv": {
								"north": {"uv": [36, 40], "uv_size": [21, 4]},
								"east": {"uv": [36, 40], "uv_size": [21, 4]},
								"south": {"uv": [36, 40], "uv_size": [21, 4]},
								"west": {"uv": [36, 40], "uv_size": [21, 4]},
								"up": {"uv": [57, 44], "uv_size": [-21, -4]},
								"down": {"uv": [57, 44], "uv_size": [-21, -4]}
							}
						},
						{
							"origin": [-2.7, 24.1, -37.4],
							"size": [1.4, 0.7, 2],
							"inflate": 0.001,
							"pivot": [-2.55, 22.2, -49.9],
							"rotation": [0, 0, 14],
							"uv": {
								"north": {"uv": [36, 40], "uv_size": [21, 4]},
								"east": {"uv": [36, 40], "uv_size": [21, 4]},
								"south": {"uv": [36, 40], "uv_size": [21, 4]},
								"west": {"uv": [36, 40], "uv_size": [21, 4]},
								"up": {"uv": [57, 44], "uv_size": [-21, -4]},
								"down": {"uv": [57, 44], "uv_size": [-21, -4]}
							}
						},
						{
							"origin": [-2.7, 24.1, -42.1],
							"size": [1.4, 0.7, 2.7],
							"inflate": 0.001,
							"pivot": [-2.55, 22.2, -53.9],
							"rotation": [0, 0, 14],
							"uv": {
								"north": {"uv": [36, 40], "uv_size": [21, 4]},
								"east": {"uv": [36, 40], "uv_size": [21, 4]},
								"south": {"uv": [36, 40], "uv_size": [21, 4]},
								"west": {"uv": [36, 40], "uv_size": [21, 4]},
								"up": {"uv": [57, 44], "uv_size": [-21, -4]},
								"down": {"uv": [57, 44], "uv_size": [-21, -4]}
							}
						},
						{
							"origin": [-0.05, 27, -42.1],
							"size": [0.1, 0.25, 15.4],
							"inflate": -0.002,
							"uv": {
								"north": {"uv": [36, 40], "uv_size": [21, 4]},
								"east": {"uv": [36, 40], "uv_size": [21, 4]},
								"south": {"uv": [36, 40], "uv_size": [21, 4]},
								"west": {"uv": [36, 40], "uv_size": [21, 4]},
								"up": {"uv": [57, 44], "uv_size": [-21, -4]},
								"down": {"uv": [57, 44], "uv_size": [-21, -4]}
							}
						},
						{
							"origin": [-0.5, 25.7, -42.1],
							"size": [0.9, 0.7, 15.4],
							"inflate": -0.002,
							"pivot": [-1.39, 26, -50.3],
							"rotation": [0, 0, -30],
							"uv": {
								"north": {"uv": [36, 40], "uv_size": [21, 4]},
								"east": {"uv": [36, 40], "uv_size": [21, 4]},
								"south": {"uv": [36, 40], "uv_size": [21, 4]},
								"west": {"uv": [36, 40], "uv_size": [21, 4]},
								"up": {"uv": [57, 44], "uv_size": [-21, -4]},
								"down": {"uv": [57, 44], "uv_size": [-21, -4]}
							}
						},
						{
							"origin": [0, 27.2, -42.1],
							"size": [0.9, 0.7, 15.4],
							"inflate": -0.002,
							"pivot": [-1.2, 27.5, -50.3],
							"rotation": [0, 0, 30],
							"uv": {
								"north": {"uv": [36, 40], "uv_size": [21, 4]},
								"east": {"uv": [36, 40], "uv_size": [21, 4]},
								"south": {"uv": [36, 40], "uv_size": [21, 4]},
								"west": {"uv": [36, 40], "uv_size": [21, 4]},
								"up": {"uv": [57, 44], "uv_size": [-21, -4]},
								"down": {"uv": [57, 44], "uv_size": [-21, -4]}
							}
						},
						{
							"origin": [-2.25, 21, -26.7],
							"size": [4.5, 3.2, 5.6],
							"inflate": 0.001,
							"uv": {
								"north": {"uv": [36, 40], "uv_size": [21, 4]},
								"east": {"uv": [36, 40], "uv_size": [21, 4]},
								"south": {"uv": [36, 40], "uv_size": [21, 4]},
								"west": {"uv": [36, 40], "uv_size": [21, 4]},
								"up": {"uv": [57, 44], "uv_size": [-21, -4]},
								"down": {"uv": [57, 44], "uv_size": [-21, -4]}
							}
						},
						{
							"origin": [-1.05, 14.2, -2.3],
							"size": [2.1, 1.5, 4.7],
							"inflate": 0.001,
							"pivot": [-0.65, 16.5, -13.7],
							"rotation": [172, 0, 0],
							"uv": {
								"north": {"uv": [36, 40], "uv_size": [21, 4]},
								"east": {"uv": [36, 40], "uv_size": [21, 4]},
								"south": {"uv": [36, 40], "uv_size": [21, 4]},
								"west": {"uv": [36, 40], "uv_size": [21, 4]},
								"up": {"uv": [57, 44], "uv_size": [-21, -4]},
								"down": {"uv": [57, 44], "uv_size": [-21, -4]}
							}
						},
						{
							"origin": [-1.05, 18.9, -24.9],
							"size": [2.1, 1.5, 3.8],
							"inflate": 0.001,
							"uv": {
								"north": {"uv": [36, 40], "uv_size": [21, 4]},
								"east": {"uv": [36, 40], "uv_size": [21, 4]},
								"south": {"uv": [36, 40], "uv_size": [21, 4]},
								"west": {"uv": [36, 40], "uv_size": [21, 4]},
								"up": {"uv": [57, 44], "uv_size": [-21, -4]},
								"down": {"uv": [57, 44], "uv_size": [-21, -4]}
							}
						},
						{
							"origin": [3.345, 19.9, -64.1],
							"size": [0.9, 1.15, 3.8],
							"inflate": 0.001,
							"pivot": [2.617, 19.5, -42.6],
							"rotation": [180, 0, 147],
							"uv": {
								"north": {"uv": [36, 40], "uv_size": [21, 4]},
								"east": {"uv": [36, 40], "uv_size": [21, 4]},
								"south": {"uv": [36, 40], "uv_size": [21, 4]},
								"west": {"uv": [36, 40], "uv_size": [21, 4]},
								"up": {"uv": [57, 44], "uv_size": [-21, -4]},
								"down": {"uv": [57, 44], "uv_size": [-21, -4]}
							}
						},
						{
							"origin": [1.645, 22.4, -67.7],
							"size": [0.9, 1.15, 4.7],
							"inflate": 0.001,
							"pivot": [0.917, 22, -46.2],
							"rotation": [-172, 0, 147],
							"uv": {
								"north": {"uv": [36, 40], "uv_size": [21, 4]},
								"east": {"uv": [36, 40], "uv_size": [21, 4]},
								"south": {"uv": [36, 40], "uv_size": [21, 4]},
								"west": {"uv": [36, 40], "uv_size": [21, 4]},
								"up": {"uv": [57, 44], "uv_size": [-21, -4]},
								"down": {"uv": [57, 44], "uv_size": [-21, -4]}
							}
						},
						{
							"origin": [0.085, 22.05, -57.5],
							"size": [0.96, 0.85, 4.8],
							"inflate": 0.001,
							"pivot": [-0.57, 21.7, -41],
							"rotation": [-169, 0, 104],
							"uv": {
								"north": {"uv": [36, 40], "uv_size": [21, 4]},
								"east": {"uv": [36, 40], "uv_size": [21, 4]},
								"south": {"uv": [36, 40], "uv_size": [21, 4]},
								"west": {"uv": [36, 40], "uv_size": [21, 4]},
								"up": {"uv": [57, 44], "uv_size": [-21, -4]},
								"down": {"uv": [57, 44], "uv_size": [-21, -4]}
							}
						},
						{
							"origin": [3.085, 21.2, -56.5],
							"size": [0.96, 0.85, 3.7],
							"inflate": 0.001,
							"pivot": [2.53, 20.8, -38.8],
							"rotation": [180, 0, 104],
							"uv": {
								"north": {"uv": [36, 40], "uv_size": [21, 4]},
								"east": {"uv": [36, 40], "uv_size": [21, 4]},
								"south": {"uv": [36, 40], "uv_size": [21, 4]},
								"west": {"uv": [36, 40], "uv_size": [21, 4]},
								"up": {"uv": [57, 44], "uv_size": [-21, -4]},
								"down": {"uv": [57, 44], "uv_size": [-21, -4]}
							}
						},
						{
							"origin": [-4.245, 19.9, -64.1],
							"size": [0.9, 1.15, 3.8],
							"inflate": 0.001,
							"pivot": [-2.617, 19.5, -42.6],
							"rotation": [180, 0, -147],
							"uv": {
								"north": {"uv": [36, 40], "uv_size": [21, 4]},
								"east": {"uv": [36, 40], "uv_size": [21, 4]},
								"south": {"uv": [36, 40], "uv_size": [21, 4]},
								"west": {"uv": [36, 40], "uv_size": [21, 4]},
								"up": {"uv": [57, 44], "uv_size": [-21, -4]},
								"down": {"uv": [57, 44], "uv_size": [-21, -4]}
							}
						},
						{
							"origin": [-4.045, 21.2, -56.5],
							"size": [0.96, 0.85, 3.7],
							"inflate": 0.001,
							"pivot": [-2.53, 20.8, -38.8],
							"rotation": [180, 0, -104],
							"uv": {
								"north": {"uv": [36, 40], "uv_size": [21, 4]},
								"east": {"uv": [36, 40], "uv_size": [21, 4]},
								"south": {"uv": [36, 40], "uv_size": [21, 4]},
								"west": {"uv": [36, 40], "uv_size": [21, 4]},
								"up": {"uv": [57, 44], "uv_size": [-21, -4]},
								"down": {"uv": [57, 44], "uv_size": [-21, -4]}
							}
						},
						{
							"origin": [-1.045, 22.05, -57.5],
							"size": [0.96, 0.85, 4.8],
							"inflate": 0.001,
							"pivot": [0.57, 21.7, -41],
							"rotation": [-169, 0, -104],
							"uv": {
								"north": {"uv": [36, 40], "uv_size": [21, 4]},
								"east": {"uv": [36, 40], "uv_size": [21, 4]},
								"south": {"uv": [36, 40], "uv_size": [21, 4]},
								"west": {"uv": [36, 40], "uv_size": [21, 4]},
								"up": {"uv": [57, 44], "uv_size": [-21, -4]},
								"down": {"uv": [57, 44], "uv_size": [-21, -4]}
							}
						},
						{
							"origin": [-2.545, 22.4, -67.7],
							"size": [0.9, 1.15, 4.7],
							"inflate": 0.001,
							"pivot": [-0.917, 22, -46.2],
							"rotation": [-172, 0, -147],
							"uv": {
								"north": {"uv": [36, 40], "uv_size": [21, 4]},
								"east": {"uv": [36, 40], "uv_size": [21, 4]},
								"south": {"uv": [36, 40], "uv_size": [21, 4]},
								"west": {"uv": [36, 40], "uv_size": [21, 4]},
								"up": {"uv": [57, 44], "uv_size": [-21, -4]},
								"down": {"uv": [57, 44], "uv_size": [-21, -4]}
							}
						},
						{
							"origin": [-2.25, 21, -42.4],
							"size": [4.5, 3.2, 0.3],
							"inflate": 0.001,
							"uv": {
								"north": {"uv": [82, 93], "uv_size": [1, 4]},
								"east": {"uv": [82, 93], "uv_size": [1, 4]},
								"south": {"uv": [82, 93], "uv_size": [1, 4]},
								"west": {"uv": [82, 93], "uv_size": [1, 4]},
								"up": {"uv": [83, 97], "uv_size": [-1, -4]},
								"down": {"uv": [83, 97], "uv_size": [-1, -4]}
							}
						},
						{
							"origin": [0.9, 24.2, -42.4],
							"size": [1.7, 1.6, 0.3],
							"inflate": 0.001,
							"pivot": [1.15, 23.2, -41.5],
							"rotation": [0, 0, -24],
							"uv": {
								"north": {"uv": [7, 100], "uv_size": [1, 1]},
								"east": {"uv": [7, 100], "uv_size": [1, 1]},
								"south": {"uv": [7, 100], "uv_size": [1, 1]},
								"west": {"uv": [7, 100], "uv_size": [1, 1]},
								"up": {"uv": [8, 101], "uv_size": [-1, -1]},
								"down": {"uv": [8, 101], "uv_size": [-1, -1]}
							}
						},
						{
							"origin": [1.33, 23.8, -42.4],
							"size": [1.4, 0.7, 0.3],
							"inflate": 0.001,
							"pivot": [1.45, 21.9, -41.5],
							"rotation": [0, 0, -14],
							"uv": {
								"north": {"uv": [7, 100], "uv_size": [1, 1]},
								"east": {"uv": [7, 100], "uv_size": [1, 1]},
								"south": {"uv": [7, 100], "uv_size": [1, 1]},
								"west": {"uv": [7, 100], "uv_size": [1, 1]},
								"up": {"uv": [8, 101], "uv_size": [-1, -1]},
								"down": {"uv": [8, 101], "uv_size": [-1, -1]}
							}
						},
						{
							"origin": [1.245, 25.26, -42.4],
							"size": [0.8, 0.85, 0.3],
							"inflate": 0.001,
							"pivot": [0.53, 24.86, -41.5],
							"rotation": [0, 0, -41],
							"uv": {
								"north": {"uv": [7, 100], "uv_size": [1, 1]},
								"east": {"uv": [7, 100], "uv_size": [1, 1]},
								"south": {"uv": [7, 100], "uv_size": [1, 1]},
								"west": {"uv": [7, 100], "uv_size": [1, 1]},
								"up": {"uv": [8, 101], "uv_size": [-1, -1]},
								"down": {"uv": [8, 101], "uv_size": [-1, -1]}
							}
						},
						{
							"origin": [0, 27.2, -42.4],
							"size": [0.9, 0.7, 0.3],
							"inflate": -0.002,
							"pivot": [-1.2, 27.5, -65.7],
							"rotation": [0, 0, 30],
							"uv": {
								"north": {"uv": [7, 100], "uv_size": [1, 1]},
								"east": {"uv": [7, 100], "uv_size": [1, 1]},
								"south": {"uv": [7, 100], "uv_size": [1, 1]},
								"west": {"uv": [7, 100], "uv_size": [1, 1]},
								"up": {"uv": [8, 101], "uv_size": [-1, -1]},
								"down": {"uv": [8, 101], "uv_size": [-1, -1]}
							}
						},
						{
							"origin": [-0.85, 24.2, -42.4],
							"size": [1.7, 2.6, 0.3],
							"inflate": 0.001,
							"uv": {
								"north": {"uv": [7, 100], "uv_size": [1, 1]},
								"east": {"uv": [7, 100], "uv_size": [1, 1]},
								"south": {"uv": [7, 100], "uv_size": [1, 1]},
								"west": {"uv": [7, 100], "uv_size": [1, 1]},
								"up": {"uv": [8, 101], "uv_size": [-1, -1]},
								"down": {"uv": [8, 101], "uv_size": [-1, -1]}
							}
						},
						{
							"origin": [-0.5, 25.7, -42.4],
							"size": [0.9, 0.7, 0.3],
							"inflate": -0.002,
							"pivot": [-1.39, 26, -65.7],
							"rotation": [0, 0, -30],
							"uv": {
								"north": {"uv": [7, 100], "uv_size": [1, 1]},
								"east": {"uv": [7, 100], "uv_size": [1, 1]},
								"south": {"uv": [7, 100], "uv_size": [1, 1]},
								"west": {"uv": [7, 100], "uv_size": [1, 1]},
								"up": {"uv": [8, 101], "uv_size": [-1, -1]},
								"down": {"uv": [8, 101], "uv_size": [-1, -1]}
							}
						},
						{
							"origin": [-0.05, 27, -42.4],
							"size": [0.1, 0.25, 0.3],
							"inflate": -0.002,
							"uv": {
								"north": {"uv": [7, 100], "uv_size": [1, 1]},
								"east": {"uv": [7, 100], "uv_size": [1, 1]},
								"south": {"uv": [7, 100], "uv_size": [1, 1]},
								"west": {"uv": [7, 100], "uv_size": [1, 1]},
								"up": {"uv": [8, 101], "uv_size": [-1, -1]},
								"down": {"uv": [8, 101], "uv_size": [-1, -1]}
							}
						},
						{
							"origin": [-1.545, 26.58, -42.4],
							"size": [1, 0.85, 0.3],
							"inflate": 0.001,
							"pivot": [-2.05, 26.2, -55.1],
							"rotation": [0, 0, 41],
							"uv": {
								"north": {"uv": [7, 100], "uv_size": [1, 1]},
								"east": {"uv": [7, 100], "uv_size": [1, 1]},
								"south": {"uv": [7, 100], "uv_size": [1, 1]},
								"west": {"uv": [7, 100], "uv_size": [1, 1]},
								"up": {"uv": [8, 101], "uv_size": [-1, -1]},
								"down": {"uv": [8, 101], "uv_size": [-1, -1]}
							}
						},
						{
							"origin": [-2.5, 24.7, -42.4],
							"size": [1.7, 1.6, 0.3],
							"inflate": 0.001,
							"pivot": [-2.25, 23.7, -55.1],
							"rotation": [0, 0, 24],
							"uv": {
								"north": {"uv": [7, 100], "uv_size": [1, 1]},
								"east": {"uv": [7, 100], "uv_size": [1, 1]},
								"south": {"uv": [7, 100], "uv_size": [1, 1]},
								"west": {"uv": [7, 100], "uv_size": [1, 1]},
								"up": {"uv": [8, 101], "uv_size": [-1, -1]},
								"down": {"uv": [8, 101], "uv_size": [-1, -1]}
							}
						},
						{
							"origin": [-2.7, 24.2, -42.4],
							"size": [1.3, 0.6, 0.3],
							"inflate": 0.001,
							"pivot": [-2.55, 22.2, -55.1],
							"rotation": [0, 0, 14],
							"uv": {
								"north": {"uv": [7, 100], "uv_size": [1, 1]},
								"east": {"uv": [7, 100], "uv_size": [1, 1]},
								"south": {"uv": [7, 100], "uv_size": [1, 1]},
								"west": {"uv": [7, 100], "uv_size": [1, 1]},
								"up": {"uv": [8, 101], "uv_size": [-1, -1]},
								"down": {"uv": [8, 101], "uv_size": [-1, -1]}
							}
						},
						{
							"origin": [1.33, 20.53, -42.4],
							"size": [1.4, 0.76, 0.3],
							"inflate": 0.001,
							"pivot": [1.45, 23.2, -41.5],
							"rotation": [0, 0, 14],
							"uv": {
								"north": {"uv": [7, 101], "uv_size": [1, -1]},
								"east": {"uv": [7, 101], "uv_size": [1, -1]},
								"south": {"uv": [7, 101], "uv_size": [1, -1]},
								"west": {"uv": [7, 101], "uv_size": [1, -1]},
								"up": {"uv": [8, 100], "uv_size": [-1, 1]},
								"down": {"uv": [8, 100], "uv_size": [-1, 1]}
							}
						},
						{
							"origin": [1.33, 20.53, -42.1],
							"size": [1.4, 0.76, 21.1],
							"inflate": 0.001,
							"pivot": [1.45, 23.2, -41.2],
							"rotation": [0, 0, 14],
							"uv": {
								"north": {"uv": [36, 40], "uv_size": [21, 4]},
								"east": {"uv": [36, 40], "uv_size": [21, 4]},
								"south": {"uv": [36, 40], "uv_size": [21, 4]},
								"west": {"uv": [36, 40], "uv_size": [21, 4]},
								"up": {"uv": [57, 44], "uv_size": [-21, -4]},
								"down": {"uv": [57, 44], "uv_size": [-21, -4]}
							}
						},
						{
							"origin": [-2.73, 20.53, -42.1],
							"size": [1.4, 0.76, 21.1],
							"inflate": 0.001,
							"pivot": [-1.45, 23.2, -41.2],
							"rotation": [0, 0, -14],
							"uv": {
								"north": {"uv": [36, 40], "uv_size": [21, 4]},
								"east": {"uv": [36, 40], "uv_size": [21, 4]},
								"south": {"uv": [36, 40], "uv_size": [21, 4]},
								"west": {"uv": [36, 40], "uv_size": [21, 4]},
								"up": {"uv": [57, 44], "uv_size": [-21, -4]},
								"down": {"uv": [57, 44], "uv_size": [-21, -4]}
							}
						},
						{
							"origin": [-2.73, 20.53, -42.4],
							"size": [1.4, 0.76, 0.3],
							"inflate": 0.001,
							"pivot": [-1.45, 23.2, -41.5],
							"rotation": [0, 0, -14],
							"uv": {
								"north": {"uv": [8, 101], "uv_size": [-1, -1]},
								"east": {"uv": [8, 101], "uv_size": [-1, -1]},
								"south": {"uv": [8, 101], "uv_size": [-1, -1]},
								"west": {"uv": [8, 101], "uv_size": [-1, -1]},
								"up": {"uv": [7, 100], "uv_size": [1, 1]},
								"down": {"uv": [7, 100], "uv_size": [1, 1]}
							}
						},
						{
							"origin": [-0.455, 19.4, -43.9],
							"size": [0.8, 1.05, 0.3],
							"inflate": 0.001,
							"pivot": [-1.17, 19, -43],
							"rotation": [0, 180, 41],
							"uv": {
								"north": {"uv": [101, 42], "uv_size": [-1, 1]},
								"east": {"uv": [101, 42], "uv_size": [-1, 1]},
								"south": {"uv": [101, 42], "uv_size": [-1, 1]},
								"west": {"uv": [101, 42], "uv_size": [-1, 1]},
								"up": {"uv": [100, 43], "uv_size": [1, -1]},
								"down": {"uv": [100, 43], "uv_size": [1, -1]}
							}
						},
						{
							"origin": [0.345, 19, -43.9],
							"size": [0.8, 1.45, 0.3],
							"inflate": 0.001,
							"pivot": [-0.383, 18.6, -43],
							"rotation": [180, 0, -147],
							"uv": {
								"north": {"uv": [101, 45], "uv_size": [-1, 1]},
								"east": {"uv": [101, 45], "uv_size": [-1, 1]},
								"south": {"uv": [101, 45], "uv_size": [-1, 1]},
								"west": {"uv": [101, 45], "uv_size": [-1, 1]},
								"up": {"uv": [100, 46], "uv_size": [1, -1]},
								"down": {"uv": [100, 46], "uv_size": [1, -1]}
							}
						},
						{
							"origin": [-1.145, 19, -64.2],
							"size": [0.8, 1.15, 20.9],
							"inflate": 0.001,
							"pivot": [0.383, 18.6, -42.7],
							"rotation": [180, 0, 147],
							"uv": {
								"north": {"uv": [36, 40], "uv_size": [21, 4]},
								"east": {"uv": [36, 40], "uv_size": [21, 4]},
								"south": {"uv": [36, 40], "uv_size": [21, 4]},
								"west": {"uv": [36, 40], "uv_size": [21, 4]},
								"up": {"uv": [57, 44], "uv_size": [-21, -4]},
								"down": {"uv": [57, 44], "uv_size": [-21, -4]}
							}
						},
						{
							"origin": [-0.345, 19.4, -60.6],
							"size": [0.8, 0.85, 17.3],
							"inflate": 0.001,
							"pivot": [1.17, 19, -42.7],
							"rotation": [0, -180, -41],
							"uv": {
								"north": {"uv": [36, 40], "uv_size": [21, 4]},
								"east": {"uv": [36, 40], "uv_size": [21, 4]},
								"south": {"uv": [36, 40], "uv_size": [21, 4]},
								"west": {"uv": [36, 40], "uv_size": [21, 4]},
								"up": {"uv": [57, 44], "uv_size": [-21, -4]},
								"down": {"uv": [57, 44], "uv_size": [-21, -4]}
							}
						},
						{
							"origin": [-0.345, 19.4, -43.9],
							"size": [0.8, 1.15, 0.3],
							"inflate": 0.001,
							"pivot": [1.17, 19, -43],
							"rotation": [0, -180, -41],
							"uv": {
								"north": {"uv": [100, 42], "uv_size": [1, 1]},
								"east": {"uv": [100, 42], "uv_size": [1, 1]},
								"south": {"uv": [100, 42], "uv_size": [1, 1]},
								"west": {"uv": [100, 42], "uv_size": [1, 1]},
								"up": {"uv": [101, 43], "uv_size": [-1, -1]},
								"down": {"uv": [101, 43], "uv_size": [-1, -1]}
							}
						},
						{
							"origin": [-1.145, 19, -43.9],
							"size": [0.8, 1.15, 0.3],
							"inflate": 0.001,
							"pivot": [0.383, 18.6, -43],
							"rotation": [180, 0, 147],
							"uv": {
								"north": {"uv": [100, 45], "uv_size": [1, 1]},
								"east": {"uv": [100, 45], "uv_size": [1, 1]},
								"south": {"uv": [100, 45], "uv_size": [1, 1]},
								"west": {"uv": [100, 45], "uv_size": [1, 1]},
								"up": {"uv": [101, 46], "uv_size": [-1, -1]},
								"down": {"uv": [101, 46], "uv_size": [-1, -1]}
							}
						},
						{
							"origin": [-0.78, 19.33, -42.4],
							"size": [1.55, 1.7, 0.3],
							"inflate": 0.001,
							"uv": {
								"north": {"uv": [28, 98], "uv_size": [-2, 1]},
								"east": {"uv": [28, 98], "uv_size": [-2, 1]},
								"south": {"uv": [28, 98], "uv_size": [-2, 1]},
								"west": {"uv": [28, 98], "uv_size": [-2, 1]},
								"up": {"uv": [26, 99], "uv_size": [2, -1]},
								"down": {"uv": [26, 99], "uv_size": [2, -1]}
							}
						},
						{
							"origin": [-2.25, 20.4, -21.1],
							"size": [4.5, 3.8, 0.3],
							"inflate": 0.001,
							"uv": {
								"north": {"uv": [38, 94], "uv_size": [1, 4]},
								"east": {"uv": [38, 94], "uv_size": [1, 4]},
								"south": {"uv": [38, 94], "uv_size": [1, 4]},
								"west": {"uv": [38, 94], "uv_size": [1, 4]},
								"up": {"uv": [39, 98], "uv_size": [-1, -4]},
								"down": {"uv": [39, 98], "uv_size": [-1, -4]}
							}
						},
						{
							"origin": [1.385, 21.5, -56.2],
							"size": [0.96, 0.92, 0.3],
							"inflate": 0.001,
							"pivot": [0.83, 21.1, -38.5],
							"rotation": [180, 0, 10],
							"uv": {
								"north": {"uv": [68, 100], "uv_size": [1, 1]},
								"east": {"uv": [100, 68], "uv_size": [1, 1]},
								"south": {"uv": [69, 100], "uv_size": [1, 1]},
								"west": {"uv": [100, 69], "uv_size": [1, 1]},
								"up": {"uv": [70, 100], "uv_size": [1, 1]},
								"down": {"uv": [100, 71], "uv_size": [1, -1]}
							}
						},
						{
							"origin": [3.645, 20, -63.8],
							"size": [1.3, 1.15, 0.3],
							"inflate": 0.001,
							"pivot": [2.917, 19.6, -42.3],
							"rotation": [180, 0, 147],
							"uv": {
								"north": {"uv": [71, 100], "uv_size": [1, 1]},
								"east": {"uv": [100, 71], "uv_size": [1, 1]},
								"south": {"uv": [72, 100], "uv_size": [1, 1]},
								"west": {"uv": [100, 72], "uv_size": [1, 1]},
								"up": {"uv": [73, 100], "uv_size": [1, 1]},
								"down": {"uv": [100, 74], "uv_size": [1, -1]}
							}
						},
						{
							"origin": [-4.945, 20, -63.8],
							"size": [1.3, 1.15, 0.3],
							"inflate": 0.001,
							"pivot": [-2.917, 19.6, -42.3],
							"rotation": [180, 0, -147],
							"uv": {
								"north": {"uv": [72, 100], "uv_size": [-1, 1]},
								"east": {"uv": [101, 72], "uv_size": [-1, 1]},
								"south": {"uv": [73, 100], "uv_size": [-1, 1]},
								"west": {"uv": [101, 71], "uv_size": [-1, 1]},
								"up": {"uv": [74, 100], "uv_size": [-1, 1]},
								"down": {"uv": [101, 74], "uv_size": [-1, -1]}
							}
						},
						{
							"origin": [-2.345, 21.5, -56.2],
							"size": [0.96, 0.92, 0.3],
							"inflate": 0.001,
							"pivot": [-0.83, 21.1, -38.5],
							"rotation": [180, 0, -10],
							"uv": {
								"north": {"uv": [69, 100], "uv_size": [-1, 1]},
								"east": {"uv": [101, 69], "uv_size": [-1, 1]},
								"south": {"uv": [70, 100], "uv_size": [-1, 1]},
								"west": {"uv": [101, 68], "uv_size": [-1, 1]},
								"up": {"uv": [71, 100], "uv_size": [-1, 1]},
								"down": {"uv": [101, 71], "uv_size": [-1, -1]}
							}
						},
						{
							"origin": [-1.08, 18.83, -21.1],
							"size": [2.13, 1.1, 0.3],
							"inflate": 0.001,
							"uv": {
								"north": {"uv": [98, 28], "uv_size": [2, 1]},
								"east": {"uv": [57, 100], "uv_size": [1, 1]},
								"south": {"uv": [98, 29], "uv_size": [2, 1]},
								"west": {"uv": [100, 57], "uv_size": [1, 1]},
								"up": {"uv": [30, 98], "uv_size": [2, 1]},
								"down": {"uv": [98, 31], "uv_size": [2, -1]}
							}
						},
						{
							"origin": [-2.7, 24.1, -26.7],
							"size": [1.4, 0.7, 0.3],
							"inflate": 0.001,
							"pivot": [-2.55, 22.2, -39.4],
							"rotation": [0, 0, 14],
							"uv": {
								"north": {"uv": [7, 100], "uv_size": [1, 1]},
								"east": {"uv": [7, 100], "uv_size": [1, 1]},
								"south": {"uv": [7, 100], "uv_size": [1, 1]},
								"west": {"uv": [7, 100], "uv_size": [1, 1]},
								"up": {"uv": [8, 101], "uv_size": [-1, -1]},
								"down": {"uv": [8, 101], "uv_size": [-1, -1]}
							}
						},
						{
							"origin": [-2.5, 24.7, -26.7],
							"size": [1.7, 1.6, 0.3],
							"inflate": 0.001,
							"pivot": [-2.25, 23.7, -39.4],
							"rotation": [0, 0, 24],
							"uv": {
								"north": {"uv": [7, 100], "uv_size": [1, 1]},
								"east": {"uv": [7, 100], "uv_size": [1, 1]},
								"south": {"uv": [7, 100], "uv_size": [1, 1]},
								"west": {"uv": [7, 100], "uv_size": [1, 1]},
								"up": {"uv": [8, 101], "uv_size": [-1, -1]},
								"down": {"uv": [8, 101], "uv_size": [-1, -1]}
							}
						},
						{
							"origin": [-1.545, 26.58, -26.7],
							"size": [1, 0.85, 0.3],
							"inflate": 0.001,
							"pivot": [-2.05, 26.2, -39.4],
							"rotation": [0, 0, 41],
							"uv": {
								"north": {"uv": [7, 100], "uv_size": [1, 1]},
								"east": {"uv": [7, 100], "uv_size": [1, 1]},
								"south": {"uv": [7, 100], "uv_size": [1, 1]},
								"west": {"uv": [7, 100], "uv_size": [1, 1]},
								"up": {"uv": [8, 101], "uv_size": [-1, -1]},
								"down": {"uv": [8, 101], "uv_size": [-1, -1]}
							}
						},
						{
							"origin": [-0.5, 25.7, -26.7],
							"size": [0.9, 0.7, 0.3],
							"inflate": -0.002,
							"pivot": [-1.39, 26, -50],
							"rotation": [0, 0, -30],
							"uv": {
								"north": {"uv": [7, 100], "uv_size": [1, 1]},
								"east": {"uv": [7, 100], "uv_size": [1, 1]},
								"south": {"uv": [7, 100], "uv_size": [1, 1]},
								"west": {"uv": [7, 100], "uv_size": [1, 1]},
								"up": {"uv": [8, 101], "uv_size": [-1, -1]},
								"down": {"uv": [8, 101], "uv_size": [-1, -1]}
							}
						},
						{
							"origin": [-0.05, 27, -26.7],
							"size": [0.1, 0.25, 0.3],
							"inflate": -0.002,
							"uv": {
								"north": {"uv": [7, 100], "uv_size": [1, 1]},
								"east": {"uv": [7, 100], "uv_size": [1, 1]},
								"south": {"uv": [7, 100], "uv_size": [1, 1]},
								"west": {"uv": [7, 100], "uv_size": [1, 1]},
								"up": {"uv": [8, 101], "uv_size": [-1, -1]},
								"down": {"uv": [8, 101], "uv_size": [-1, -1]}
							}
						},
						{
							"origin": [0, 27.2, -26.7],
							"size": [0.9, 0.7, 0.3],
							"inflate": -0.002,
							"pivot": [-1.2, 27.5, -50],
							"rotation": [0, 0, 30],
							"uv": {
								"north": {"uv": [45, 72], "uv_size": [-3, -11]},
								"east": {"uv": [45, 72], "uv_size": [-3, -11]},
								"south": {"uv": [45, 72], "uv_size": [-3, -11]},
								"west": {"uv": [45, 72], "uv_size": [-3, -11]},
								"up": {"uv": [8, 101], "uv_size": [-1, -1]},
								"down": {"uv": [42, 61], "uv_size": [3, 11]}
							}
						},
						{
							"origin": [1.245, 25.26, -26.7],
							"size": [0.8, 0.85, 0.3],
							"inflate": 0.001,
							"pivot": [0.53, 24.86, -39.4],
							"rotation": [0, 0, -41],
							"uv": {
								"north": {"uv": [100, 24], "uv_size": [1, 1]},
								"east": {"uv": [100, 24], "uv_size": [1, 1]},
								"south": {"uv": [100, 24], "uv_size": [1, 1]},
								"west": {"uv": [100, 24], "uv_size": [1, 1]},
								"up": {"uv": [101, 25], "uv_size": [-1, -1]},
								"down": {"uv": [101, 25], "uv_size": [-1, -1]}
							}
						},
						{
							"origin": [-0.85, 24.2, -26.7],
							"size": [1.7, 2.6, 0.3],
							"inflate": 0.001,
							"uv": {
								"north": {"uv": [92, 0], "uv_size": [2, 3]},
								"east": {"uv": [49, 95], "uv_size": [1, 3]},
								"south": {"uv": [4, 92], "uv_size": [2, 3]},
								"west": {"uv": [2, 96], "uv_size": [1, 3]},
								"up": {"uv": [97, 84], "uv_size": [2, 1]},
								"down": {"uv": [97, 86], "uv_size": [2, -1]}
							}
						},
						{
							"origin": [0.9, 24.2, -26.7],
							"size": [1.7, 1.6, 0.3],
							"inflate": 0.001,
							"pivot": [1.15, 23.2, -39.4],
							"rotation": [0, 0, -24],
							"uv": {
								"north": {"uv": [8, 98], "uv_size": [1, 2]},
								"east": {"uv": [8, 98], "uv_size": [1, 2]},
								"south": {"uv": [8, 98], "uv_size": [1, 2]},
								"west": {"uv": [8, 98], "uv_size": [1, 2]},
								"up": {"uv": [9, 100], "uv_size": [-1, -2]},
								"down": {"uv": [9, 100], "uv_size": [-1, -2]}
							}
						},
						{
							"origin": [1.33, 23.8, -26.7],
							"size": [1.4, 0.7, 0.3],
							"inflate": 0.001,
							"pivot": [1.45, 21.9, -39.4],
							"rotation": [0, 0, -14],
							"uv": {
								"north": {"uv": [31, 100], "uv_size": [1, 1]},
								"east": {"uv": [31, 100], "uv_size": [1, 1]},
								"south": {"uv": [31, 100], "uv_size": [1, 1]},
								"west": {"uv": [31, 100], "uv_size": [1, 1]},
								"up": {"uv": [32, 101], "uv_size": [-1, -1]},
								"down": {"uv": [32, 101], "uv_size": [-1, -1]}
							}
						},
						{
							"origin": [-1.25, 19.9, -21.1],
							"size": [2.6, 0.6, 0.3],
							"inflate": 0.001,
							"uv": {
								"north": {"uv": [15, 82], "uv_size": [4, 4]},
								"east": {"uv": [38, 94], "uv_size": [1, 4]},
								"south": {"uv": [82, 29], "uv_size": [4, 4]},
								"west": {"uv": [39, 94], "uv_size": [1, 4]},
								"up": {"uv": [94, 30], "uv_size": [4, 1]},
								"down": {"uv": [94, 42], "uv_size": [4, -1]}
							}
						}
					]
				},
				{
					"name": "_ca_handguardak",
					"parent": "main",
					"pivot": [-0.2, 16.35, -31.025],
					"cubes": [
						{"origin": [-0.5, 19.15, -21.825], "size": [1, 1, 1], "uv": [27, 121]}
					]
				}
			]
		}
	]
}