{
	"format_version": "1.12.0",
	"minecraft:geometry": [
		{
			"description": {
				"identifier": "geometry.unknown",
				"texture_width": 128,
				"texture_height": 128,
				"visible_bounds_width": 8,
				"visible_bounds_height": 4,
				"visible_bounds_offset": [0, 1, 0]
			},
			"bones": [
				{
					"name": "main",
					"pivot": [0, 20, 0]
				},
				{
					"name": "gun",
					"parent": "main",
					"pivot": [1, 11, -1]
				},
				{
					"name": "pistolgrip",
					"parent": "gun",
					"pivot": [0.75, 14.3, -0.2],
					"cubes": [
						{
							"origin": [-1.75, 8.4, 1.53],
							"size": [3.5, 2.075, 5.05],
							"uv": {
								"north": {"uv": [36, 40], "uv_size": [21, 4]},
								"east": {"uv": [36, 40], "uv_size": [21, 4]},
								"south": {"uv": [36, 40], "uv_size": [21, 4]},
								"west": {"uv": [36, 40], "uv_size": [21, 4]},
								"up": {"uv": [57, 44], "uv_size": [-21, -4]},
								"down": {"uv": [57, 44], "uv_size": [-21, -4]}
							}
						},
						{
							"origin": [-1.75, 9, 4.33],
							"size": [3.5, 3.43, 3.85],
							"pivot": [0.75, 5.2, 3.2],
							"rotation": [20, 0, 0],
							"uv": {
								"north": {"uv": [36, 40], "uv_size": [21, 4]},
								"east": {"uv": [36, 40], "uv_size": [21, 4]},
								"south": {"uv": [36, 40], "uv_size": [21, 4]},
								"west": {"uv": [36, 40], "uv_size": [21, 4]},
								"up": {"uv": [57, 44], "uv_size": [-21, -4]},
								"down": {"uv": [57, 44], "uv_size": [-21, -4]}
							}
						},
						{
							"origin": [-1.75, 9, 1.93],
							"size": [3.5, 3.83, 1.45],
							"pivot": [0.75, 5.2, 0.8],
							"rotation": [6, 0, 0],
							"uv": {
								"north": {"uv": [36, 40], "uv_size": [21, 4]},
								"east": {"uv": [36, 40], "uv_size": [21, 4]},
								"south": {"uv": [36, 40], "uv_size": [21, 4]},
								"west": {"uv": [36, 40], "uv_size": [21, 4]},
								"up": {"uv": [57, 44], "uv_size": [-21, -4]},
								"down": {"uv": [57, 44], "uv_size": [-21, -4]}
							}
						},
						{
							"origin": [-1.75, 9.7, 4.33],
							"size": [3.5, 6.43, 3.85],
							"pivot": [0.75, 6.6, 3.2],
							"rotation": [28, 0, 0],
							"uv": {
								"north": {"uv": [36, 40], "uv_size": [21, 4]},
								"east": {"uv": [36, 40], "uv_size": [21, 4]},
								"south": {"uv": [36, 40], "uv_size": [21, 4]},
								"west": {"uv": [36, 40], "uv_size": [21, 4]},
								"up": {"uv": [57, 44], "uv_size": [-21, -4]},
								"down": {"uv": [57, 44], "uv_size": [-21, -4]}
							}
						},
						{
							"origin": [-1.75, 15.5, 0.35],
							"size": [3.5, 0.9, 1.95],
							"pivot": [0.75, 10.4, -0.4],
							"rotation": [7, 0, 0],
							"uv": {
								"north": {"uv": [36, 40], "uv_size": [21, 4]},
								"east": {"uv": [36, 40], "uv_size": [21, 4]},
								"south": {"uv": [36, 40], "uv_size": [21, 4]},
								"west": {"uv": [36, 40], "uv_size": [21, 4]},
								"up": {"uv": [57, 44], "uv_size": [-21, -4]},
								"down": {"uv": [57, 44], "uv_size": [-21, -4]}
							}
						},
						{
							"origin": [-1.75, 11.8, 2.53],
							"size": [3.5, 1.83, 0.25],
							"pivot": [0.75, 7.3, 1.4],
							"rotation": [16, 0, 0],
							"uv": {
								"north": {"uv": [36, 40], "uv_size": [21, 4]},
								"east": {"uv": [36, 40], "uv_size": [21, 4]},
								"south": {"uv": [36, 40], "uv_size": [21, 4]},
								"west": {"uv": [36, 40], "uv_size": [21, 4]},
								"up": {"uv": [57, 44], "uv_size": [-21, -4]},
								"down": {"uv": [57, 44], "uv_size": [-21, -4]}
							}
						},
						{
							"origin": [-1.75, 11.58, 8.03],
							"size": [3.5, 2.23, 0.85],
							"pivot": [0.75, 7.3, 3.9],
							"rotation": [36, 0, 0],
							"uv": {
								"north": {"uv": [36, 40], "uv_size": [21, 4]},
								"east": {"uv": [36, 40], "uv_size": [21, 4]},
								"south": {"uv": [36, 40], "uv_size": [21, 4]},
								"west": {"uv": [36, 40], "uv_size": [21, 4]},
								"up": {"uv": [57, 44], "uv_size": [-21, -4]},
								"down": {"uv": [57, 44], "uv_size": [-21, -4]}
							}
						},
						{
							"origin": [-1.75, 16.3, -0.25],
							"size": [3.5, 0.9, 3.55],
							"uv": {
								"north": {"uv": [36, 40], "uv_size": [21, 4]},
								"east": {"uv": [36, 40], "uv_size": [21, 4]},
								"south": {"uv": [36, 40], "uv_size": [21, 4]},
								"west": {"uv": [36, 40], "uv_size": [21, 4]},
								"up": {"uv": [57, 44], "uv_size": [-21, -4]},
								"down": {"uv": [57, 44], "uv_size": [-21, -4]}
							}
						},
						{
							"origin": [-1.75, 16.03, 3.57],
							"size": [3.5, 1.1, 0.6],
							"pivot": [0.75, 11.1, 1.3],
							"rotation": [42, 0, 0],
							"uv": {
								"north": {"uv": [36, 40], "uv_size": [21, 4]},
								"east": {"uv": [36, 40], "uv_size": [21, 4]},
								"south": {"uv": [36, 40], "uv_size": [21, 4]},
								"west": {"uv": [36, 40], "uv_size": [21, 4]},
								"up": {"uv": [57, 44], "uv_size": [-21, -4]},
								"down": {"uv": [57, 44], "uv_size": [-21, -4]}
							}
						},
						{
							"origin": [-1.75, 17.1, -1.05],
							"size": [3.5, 1.9, 4.35],
							"uv": {
								"north": {"uv": [36, 40], "uv_size": [21, 4]},
								"east": {"uv": [36, 40], "uv_size": [21, 4]},
								"south": {"uv": [36, 40], "uv_size": [21, 4]},
								"west": {"uv": [36, 40], "uv_size": [21, 4]},
								"up": {"uv": [57, 44], "uv_size": [-21, -4]},
								"down": {"uv": [57, 44], "uv_size": [-21, -4]}
							}
						},
						{
							"origin": [-1.75, 19.2, -0.2],
							"size": [3.5, 1.1, 1.4],
							"pivot": [0.75, 14.3, -0.2],
							"rotation": [-27, 0, 0],
							"uv": {
								"north": {"uv": [36, 40], "uv_size": [21, 4]},
								"east": {"uv": [36, 40], "uv_size": [21, 4]},
								"south": {"uv": [36, 40], "uv_size": [21, 4]},
								"west": {"uv": [36, 40], "uv_size": [21, 4]},
								"up": {"uv": [57, 44], "uv_size": [-21, -4]},
								"down": {"uv": [57, 44], "uv_size": [-21, -4]}
							}
						}
					]
				},
				{
					"name": "bone2",
					"parent": "pistolgrip",
					"pivot": [0.75, 15.4, -0.2],
					"rotation": [-3, 0, 0],
					"cubes": [
						{
							"origin": [-1.75, 14.76, -0.00034],
							"size": [3.5, 0.43, 0.45],
							"pivot": [0.75, 15, 0.2],
							"rotation": [163, 0, 0],
							"uv": {
								"north": {"uv": [36, 40], "uv_size": [21, 4]},
								"east": {"uv": [36, 40], "uv_size": [21, 4]},
								"south": {"uv": [36, 40], "uv_size": [21, 4]},
								"west": {"uv": [36, 40], "uv_size": [21, 4]},
								"up": {"uv": [57, 44], "uv_size": [-21, -4]},
								"down": {"uv": [57, 44], "uv_size": [-21, -4]}
							}
						},
						{
							"origin": [-1.75, 14.92, -0.20034],
							"size": [3.5, 0.53, 0.35],
							"pivot": [0.75, 15.1, -0.1],
							"rotation": [28, 0, 0],
							"uv": {
								"north": {"uv": [36, 40], "uv_size": [21, 4]},
								"east": {"uv": [36, 40], "uv_size": [21, 4]},
								"south": {"uv": [36, 40], "uv_size": [21, 4]},
								"west": {"uv": [36, 40], "uv_size": [21, 4]},
								"up": {"uv": [57, 44], "uv_size": [-21, -4]},
								"down": {"uv": [57, 44], "uv_size": [-21, -4]}
							}
						},
						{
							"origin": [-1.75, 15.32, -0.30034],
							"size": [3.5, 0.43, 0.35],
							"pivot": [0.75, 15.5, -0.2],
							"rotation": [-17, 0, 0],
							"uv": {
								"north": {"uv": [36, 40], "uv_size": [21, 4]},
								"east": {"uv": [36, 40], "uv_size": [21, 4]},
								"south": {"uv": [36, 40], "uv_size": [21, 4]},
								"west": {"uv": [36, 40], "uv_size": [21, 4]},
								"up": {"uv": [57, 44], "uv_size": [-21, -4]},
								"down": {"uv": [57, 44], "uv_size": [-21, -4]}
							}
						}
					]
				},
				{
					"name": "bone",
					"parent": "pistolgrip",
					"pivot": [0.75, 12.4, 1],
					"rotation": [-14, 0, 0],
					"cubes": [
						{
							"origin": [-1.75, 11.66, 1.19966],
							"size": [3.5, 0.43, 0.45],
							"pivot": [0.75, 11.9, 1.4],
							"rotation": [163, 0, 0],
							"uv": {
								"north": {"uv": [36, 40], "uv_size": [21, 4]},
								"east": {"uv": [36, 40], "uv_size": [21, 4]},
								"south": {"uv": [36, 40], "uv_size": [21, 4]},
								"west": {"uv": [36, 40], "uv_size": [21, 4]},
								"up": {"uv": [57, 44], "uv_size": [-21, -4]},
								"down": {"uv": [57, 44], "uv_size": [-21, -4]}
							}
						},
						{
							"origin": [-1.75, 11.82, 0.99966],
							"size": [3.5, 0.53, 0.35],
							"pivot": [0.75, 12, 1.1],
							"rotation": [28, 0, 0],
							"uv": {
								"north": {"uv": [36, 40], "uv_size": [21, 4]},
								"east": {"uv": [36, 40], "uv_size": [21, 4]},
								"south": {"uv": [36, 40], "uv_size": [21, 4]},
								"west": {"uv": [36, 40], "uv_size": [21, 4]},
								"up": {"uv": [57, 44], "uv_size": [-21, -4]},
								"down": {"uv": [57, 44], "uv_size": [-21, -4]}
							}
						},
						{
							"origin": [-1.75, 12.22, 0.89966],
							"size": [3.5, 0.43, 0.35],
							"pivot": [0.75, 12.4, 1],
							"rotation": [-17, 0, 0],
							"uv": {
								"north": {"uv": [36, 40], "uv_size": [21, 4]},
								"east": {"uv": [36, 40], "uv_size": [21, 4]},
								"south": {"uv": [36, 40], "uv_size": [21, 4]},
								"west": {"uv": [36, 40], "uv_size": [21, 4]},
								"up": {"uv": [57, 44], "uv_size": [-21, -4]},
								"down": {"uv": [57, 44], "uv_size": [-21, -4]}
							}
						}
					]
				},
				{
					"name": "bone3",
					"parent": "pistolgrip",
					"pivot": [0.75, 9.3, 1.4],
					"rotation": [-29, 0, 0],
					"cubes": [
						{
							"origin": [-1.75, 8.4, 1.39966],
							"size": [3.5, 0.85, 0.35],
							"pivot": [0.75, 8.9, 1.5],
							"rotation": [28, 0, 0],
							"uv": {
								"north": {"uv": [36, 40], "uv_size": [21, 4]},
								"east": {"uv": [36, 40], "uv_size": [21, 4]},
								"south": {"uv": [36, 40], "uv_size": [21, 4]},
								"west": {"uv": [36, 40], "uv_size": [21, 4]},
								"up": {"uv": [57, 44], "uv_size": [-21, -4]},
								"down": {"uv": [57, 44], "uv_size": [-21, -4]}
							}
						},
						{
							"origin": [-1.75, 9.12, 1.29966],
							"size": [3.5, 0.43, 0.35],
							"pivot": [0.75, 9.3, 1.4],
							"rotation": [-17, 0, 0],
							"uv": {
								"north": {"uv": [36, 40], "uv_size": [21, 4]},
								"east": {"uv": [36, 40], "uv_size": [21, 4]},
								"south": {"uv": [36, 40], "uv_size": [21, 4]},
								"west": {"uv": [36, 40], "uv_size": [21, 4]},
								"up": {"uv": [57, 44], "uv_size": [-21, -4]},
								"down": {"uv": [57, 44], "uv_size": [-21, -4]}
							}
						}
					]
				},
				{
					"name": "charger",
					"parent": "gun",
					"pivot": [-1.1, 26.8, -27.4]
				},
				{
					"name": "_ca_pistolgrip",
					"parent": "main",
					"pivot": [0, 8.925, 2.05],
					"cubes": [
						{"origin": [-0.5, 8.425, 1.55], "size": [1, 1, 1], "uv": [8, 121]}
					]
				}
			]
		}
	]
}