{
	"format_version": "1.12.0",
	"minecraft:geometry": [
		{
			"description": {
				"identifier": "geometry.unknown",
				"texture_width": 128,
				"texture_height": 128,
				"visible_bounds_width": 8,
				"visible_bounds_height": 4,
				"visible_bounds_offset": [0, 1, 0]
			},
			"bones": [
				{
					"name": "main",
					"pivot": [0, 20, 0]
				},
				{
					"name": "gun",
					"parent": "main",
					"pivot": [1, 11, -1]
				},
				{
					"name": "dustcover",
					"parent": "gun",
					"pivot": [2.75, 34.9, 1.2],
					"cubes": [
						{
							"origin": [-1.45, 25, -9.4],
							"size": [3.35, 0.73, 13.4],
							"inflate": 0.001,
							"pivot": [-0.55, 24.4, -8],
							"rotation": [0, 0, -65],
							"uv": {
								"north": {"uv": [61, 16], "uv_size": [-3, -14]},
								"east": {"uv": [61, 16], "uv_size": [-3, -14]},
								"south": {"uv": [61, 16], "uv_size": [-3, -14]},
								"west": {"uv": [61, 16], "uv_size": [-3, -14]},
								"up": {"uv": [58, 2], "uv_size": [3, 14]},
								"down": {"uv": [58, 2], "uv_size": [3, 14]}
							}
						},
						{
							"origin": [-0.85, 27.15, -9.4],
							"size": [3.25, 0.03, 0.6],
							"inflate": 0.001,
							"pivot": [-0.05, 25.9, -10.8],
							"rotation": [0, 0, 65],
							"uv": {
								"north": {"uv": [30, 97], "uv_size": [-3, -1]},
								"east": {"uv": [30, 97], "uv_size": [-3, -1]},
								"south": {"uv": [30, 97], "uv_size": [-3, -1]},
								"west": {"uv": [30, 97], "uv_size": [-3, -1]},
								"up": {"uv": [27, 96], "uv_size": [3, 1]},
								"down": {"uv": [27, 96], "uv_size": [3, 1]}
							}
						},
						{
							"origin": [-0.85, 27.15, -8.4],
							"size": [3.25, 0.03, 0.6],
							"inflate": 0.001,
							"pivot": [-0.05, 25.9, -9.8],
							"rotation": [0, 0, 65],
							"uv": {
								"north": {"uv": [30, 97], "uv_size": [-3, -1]},
								"east": {"uv": [30, 97], "uv_size": [-3, -1]},
								"south": {"uv": [30, 97], "uv_size": [-3, -1]},
								"west": {"uv": [30, 97], "uv_size": [-3, -1]},
								"up": {"uv": [27, 96], "uv_size": [3, 1]},
								"down": {"uv": [27, 96], "uv_size": [3, 1]}
							}
						},
						{
							"origin": [-1.45, 25.65, -8.4],
							"size": [3.25, 0.03, 0.6],
							"inflate": 0.001,
							"pivot": [-0.65, 24.4, -9.8],
							"rotation": [0, 0, -65],
							"uv": {
								"north": {"uv": [99, 17], "uv_size": [-3, -1]},
								"east": {"uv": [99, 17], "uv_size": [-3, -1]},
								"south": {"uv": [99, 17], "uv_size": [-3, -1]},
								"west": {"uv": [99, 17], "uv_size": [-3, -1]},
								"up": {"uv": [96, 16], "uv_size": [3, 1]},
								"down": {"uv": [96, 16], "uv_size": [3, 1]}
							}
						},
						{
							"origin": [-1.45, 25.65, -9.4],
							"size": [3.25, 0.03, 0.6],
							"inflate": 0.001,
							"pivot": [-0.65, 24.4, -10.8],
							"rotation": [0, 0, -65],
							"uv": {
								"north": {"uv": [99, 17], "uv_size": [-3, -1]},
								"east": {"uv": [99, 17], "uv_size": [-3, -1]},
								"south": {"uv": [99, 17], "uv_size": [-3, -1]},
								"west": {"uv": [99, 17], "uv_size": [-3, -1]},
								"up": {"uv": [96, 16], "uv_size": [3, 1]},
								"down": {"uv": [96, 16], "uv_size": [3, 1]}
							}
						},
						{
							"origin": [-1.45, 25.65, -7.3],
							"size": [3.25, 0.03, 0.6],
							"inflate": 0.001,
							"pivot": [-0.65, 24.4, -8.7],
							"rotation": [0, 0, -65],
							"uv": {
								"north": {"uv": [99, 17], "uv_size": [-3, -1]},
								"east": {"uv": [99, 17], "uv_size": [-3, -1]},
								"south": {"uv": [99, 17], "uv_size": [-3, -1]},
								"west": {"uv": [99, 17], "uv_size": [-3, -1]},
								"up": {"uv": [96, 16], "uv_size": [3, 1]},
								"down": {"uv": [96, 16], "uv_size": [3, 1]}
							}
						},
						{
							"origin": [-3.55, 19.195, 6.3],
							"size": [2.45, 0.76, 1.5],
							"inflate": 0.001,
							"pivot": [-3.35, 18.8, -3.4],
							"rotation": [0, 38, -65],
							"uv": {
								"north": {"uv": [99, 53], "uv_size": [-2, -1]},
								"east": {"uv": [99, 53], "uv_size": [-2, -1]},
								"south": {"uv": [99, 53], "uv_size": [-2, -1]},
								"west": {"uv": [99, 53], "uv_size": [-2, -1]},
								"up": {"uv": [97, 52], "uv_size": [2, 1]},
								"down": {"uv": [97, 52], "uv_size": [2, 1]}
							}
						},
						{
							"origin": [-0.8, 23.055, 4],
							"size": [1.8, 0.76, 1],
							"inflate": 0.001,
							"pivot": [-1.45, 22.5, -6.4],
							"rotation": [0, 3, -65],
							"uv": {
								"north": {"uv": [99, 41], "uv_size": [-2, -1]},
								"east": {"uv": [99, 41], "uv_size": [-2, -1]},
								"south": {"uv": [99, 41], "uv_size": [-2, -1]},
								"west": {"uv": [99, 41], "uv_size": [-2, -1]},
								"up": {"uv": [97, 40], "uv_size": [2, 1]},
								"down": {"uv": [97, 40], "uv_size": [2, 1]}
							}
						},
						{
							"origin": [0.8, 25.85, 3.9],
							"size": [1.8, 0.76, 1.1],
							"inflate": 0.001,
							"pivot": [0.15, 25.3, -6.4],
							"rotation": [0, -3, 65],
							"uv": {
								"north": {"uv": [100, 67], "uv_size": [-1, -1]},
								"east": {"uv": [100, 67], "uv_size": [-1, -1]},
								"south": {"uv": [100, 67], "uv_size": [-1, -1]},
								"west": {"uv": [100, 67], "uv_size": [-1, -1]},
								"up": {"uv": [99, 66], "uv_size": [1, 1]},
								"down": {"uv": [99, 66], "uv_size": [1, 1]}
							}
						},
						{
							"origin": [2.1, 22.85, 4.9],
							"size": [1.3, 0.76, 1],
							"inflate": 0.001,
							"pivot": [1.45, 22.3, -5.5],
							"rotation": [0, -17.79171, 67.1627],
							"uv": {
								"north": {"uv": [100, 55], "uv_size": [-1, -1]},
								"east": {"uv": [100, 55], "uv_size": [-1, -1]},
								"south": {"uv": [100, 55], "uv_size": [-1, -1]},
								"west": {"uv": [100, 55], "uv_size": [-1, -1]},
								"up": {"uv": [99, 54], "uv_size": [1, 1]},
								"down": {"uv": [99, 54], "uv_size": [1, 1]}
							}
						},
						{
							"origin": [-1.52, 20.55, 5.7],
							"size": [1.32, 0.86, 1],
							"inflate": 0.001,
							"pivot": [-2.15, 20, -4.7],
							"rotation": [1.32064, 17.77075, -66.11205],
							"uv": {
								"north": {"uv": [100, 67], "uv_size": [-1, -1]},
								"east": {"uv": [100, 67], "uv_size": [-1, -1]},
								"south": {"uv": [100, 67], "uv_size": [-1, -1]},
								"west": {"uv": [100, 67], "uv_size": [-1, -1]},
								"up": {"uv": [99, 66], "uv_size": [1, 1]},
								"down": {"uv": [99, 66], "uv_size": [1, 1]}
							}
						},
						{
							"origin": [2.35, 20.3, 4.8],
							"size": [2.45, 0.72, 2],
							"inflate": 0.001,
							"pivot": [2.75, 19.7, -4.8],
							"rotation": [0, -39, 65],
							"uv": {
								"north": {"uv": [32, 97], "uv_size": [2, 1]},
								"east": {"uv": [97, 33], "uv_size": [2, 1]},
								"south": {"uv": [34, 97], "uv_size": [2, 1]},
								"west": {"uv": [97, 37], "uv_size": [2, 1]},
								"up": {"uv": [99, 66], "uv_size": [1, 1]},
								"down": {"uv": [91, 95], "uv_size": [2, -2]}
							}
						},
						{
							"origin": [-1.55, 35.5, 11.5],
							"size": [3.05, 0.69, 1.3],
							"inflate": 0.001,
							"pivot": [-0.55, 34.9, 1.1],
							"rotation": [-72, 0, 0],
							"uv": {
								"north": {"uv": [98, 94], "uv_size": [-3, -1]},
								"east": {"uv": [98, 94], "uv_size": [-3, -1]},
								"south": {"uv": [98, 94], "uv_size": [-3, -1]},
								"west": {"uv": [98, 94], "uv_size": [-3, -1]},
								"up": {"uv": [95, 93], "uv_size": [3, 1]},
								"down": {"uv": [95, 93], "uv_size": [3, 1]}
							}
						},
						{
							"origin": [-0.75, 34.8, 6.8],
							"size": [1.5, 0.73, 2.3],
							"inflate": 0.001,
							"pivot": [-0.55, 34.2, -3.3],
							"rotation": [-51, 0, 0],
							"uv": {
								"north": {"uv": [97, 18], "uv_size": [2, 1]},
								"east": {"uv": [26, 97], "uv_size": [2, 1]},
								"south": {"uv": [28, 97], "uv_size": [2, 1]},
								"west": {"uv": [30, 97], "uv_size": [2, 1]},
								"up": {"uv": [80, 93], "uv_size": [2, 2]},
								"down": {"uv": [93, 90], "uv_size": [2, -2]}
							}
						},
						{
							"origin": [0.75, 34.8, 6.9],
							"size": [0.65, 0.73, 0.2],
							"inflate": 0.001,
							"pivot": [0.15, 34.2, -5.3],
							"rotation": [-51, 0, 0],
							"uv": {
								"north": {"uv": [49, 99], "uv_size": [1, 1]},
								"east": {"uv": [99, 49], "uv_size": [1, 1]},
								"south": {"uv": [50, 99], "uv_size": [1, 1]},
								"west": {"uv": [99, 50], "uv_size": [1, 1]},
								"up": {"uv": [99, 51], "uv_size": [1, 1]},
								"down": {"uv": [52, 100], "uv_size": [1, -1]}
							}
						},
						{
							"origin": [-1.41, 34.8, 8.85],
							"size": [0.66, 0.73, 0.25],
							"inflate": 0.001,
							"pivot": [-2.05, 34.2, -3.3],
							"rotation": [-51, 0, 0],
							"uv": {
								"north": {"uv": [100, 62], "uv_size": [-1, -1]},
								"east": {"uv": [100, 62], "uv_size": [-1, -1]},
								"south": {"uv": [100, 62], "uv_size": [-1, -1]},
								"west": {"uv": [100, 62], "uv_size": [-1, -1]},
								"up": {"uv": [99, 61], "uv_size": [1, 1]},
								"down": {"uv": [99, 61], "uv_size": [1, 1]}
							}
						},
						{
							"origin": [0.79, 34.8, 8.85],
							"size": [0.66, 0.73, 0.25],
							"inflate": 0.001,
							"pivot": [0.15, 34.2, -3.3],
							"rotation": [-51, 0, 0],
							"uv": {
								"north": {"uv": [100, 62], "uv_size": [-1, -1]},
								"east": {"uv": [100, 62], "uv_size": [-1, -1]},
								"south": {"uv": [100, 62], "uv_size": [-1, -1]},
								"west": {"uv": [100, 62], "uv_size": [-1, -1]},
								"up": {"uv": [99, 61], "uv_size": [1, 1]},
								"down": {"uv": [99, 61], "uv_size": [1, 1]}
							}
						},
						{
							"origin": [-1.78, 34.5, 7],
							"size": [1.4, 0.73, 2.1],
							"inflate": 0.001,
							"pivot": [-1.65, 33.8, -2.9],
							"rotation": [-18, -51, -90],
							"uv": {
								"north": {"uv": [48, 99], "uv_size": [1, 1]},
								"east": {"uv": [97, 54], "uv_size": [2, 1]},
								"south": {"uv": [99, 48], "uv_size": [1, 1]},
								"west": {"uv": [97, 55], "uv_size": [2, 1]},
								"up": {"uv": [23, 97], "uv_size": [1, 2]},
								"down": {"uv": [42, 99], "uv_size": [1, -2]}
							}
						},
						{
							"origin": [1.72, 35.2, 7.9],
							"size": [1.4, 0.74, 2.1],
							"inflate": 0.001,
							"pivot": [1.85, 34.5, -2],
							"rotation": [-19, 51, 90],
							"uv": {
								"north": {"uv": [99, 58], "uv_size": [1, 1]},
								"east": {"uv": [56, 97], "uv_size": [2, 1]},
								"south": {"uv": [59, 99], "uv_size": [1, 1]},
								"west": {"uv": [97, 56], "uv_size": [2, 1]},
								"up": {"uv": [58, 97], "uv_size": [1, 2]},
								"down": {"uv": [60, 99], "uv_size": [1, -2]}
							}
						},
						{
							"origin": [-1.3545, 25.8, -9.4],
							"size": [3.3495, 0.67, 13.4],
							"inflate": 0.001,
							"pivot": [0.25, 25.2, -8],
							"rotation": [0, 0, 65],
							"uv": {
								"north": {"uv": [64, 16], "uv_size": [-3, -14]},
								"east": {"uv": [64, 16], "uv_size": [-3, -14]},
								"south": {"uv": [64, 16], "uv_size": [-3, -14]},
								"west": {"uv": [64, 16], "uv_size": [-3, -14]},
								"up": {"uv": [58, 2], "uv_size": [3, 14]},
								"down": {"uv": [61, 2], "uv_size": [3, 14]}
							}
						},
						{
							"origin": [-0.75, 26.6, -9.4],
							"size": [1.5, 0.6, 13.5],
							"inflate": -0.002,
							"uv": {
								"north": {"uv": [28, 80], "uv_size": [2, 1]},
								"east": {"uv": [61, 16], "uv_size": [-3, -14]},
								"south": {"uv": [83, 79], "uv_size": [2, 1]},
								"west": {"uv": [82, 35], "uv_size": [14, 1]},
								"up": {"uv": [68, 25], "uv_size": [2, 14]},
								"down": {"uv": [0, 83], "uv_size": [2, -14]}
							}
						},
						{
							"origin": [-0.05, 27, -9.4],
							"size": [0.1, 0.595, 12.7],
							"inflate": -0.002,
							"uv": {
								"north": {"uv": [70, 39], "uv_size": [-2, -14]},
								"east": {"uv": [70, 39], "uv_size": [-2, -14]},
								"south": {"uv": [70, 39], "uv_size": [-2, -14]},
								"west": {"uv": [70, 39], "uv_size": [-2, -14]},
								"up": {"uv": [68, 25], "uv_size": [2, 14]},
								"down": {"uv": [68, 25], "uv_size": [2, 14]}
							}
						},
						{
							"origin": [-0.4, 26, -9.4],
							"size": [0.8, 0.7, 12.7],
							"inflate": -0.002,
							"pivot": [-1.49, 26.3, -15],
							"rotation": [0, 0, -30],
							"uv": {
								"north": {"uv": [70, 39], "uv_size": [-2, -14]},
								"east": {"uv": [70, 39], "uv_size": [-2, -14]},
								"south": {"uv": [70, 39], "uv_size": [-2, -14]},
								"west": {"uv": [70, 39], "uv_size": [-2, -14]},
								"up": {"uv": [68, 25], "uv_size": [2, 14]},
								"down": {"uv": [68, 25], "uv_size": [2, 14]}
							}
						},
						{
							"origin": [0, 27.5, -9.4],
							"size": [0.8, 0.7, 12.7],
							"inflate": -0.002,
							"pivot": [-1.1, 27.8, -15],
							"rotation": [0, 0, 30],
							"uv": {
								"north": {"uv": [70, 39], "uv_size": [-2, -14]},
								"east": {"uv": [70, 39], "uv_size": [-2, -14]},
								"south": {"uv": [70, 39], "uv_size": [-2, -14]},
								"west": {"uv": [70, 39], "uv_size": [-2, -14]},
								"up": {"uv": [68, 25], "uv_size": [2, 14]},
								"down": {"uv": [68, 25], "uv_size": [2, 14]}
							}
						},
						{
							"origin": [-2.23, 24.1, 5.4],
							"size": [0.78, 0.2, 0.4],
							"inflate": -0.002,
							"pivot": [-3.4, 23.94, -0.2],
							"rotation": [51, 0, 30],
							"uv": {
								"north": {"uv": [28, 80], "uv_size": [2, 1]},
								"east": {"uv": [82, 34], "uv_size": [14, 1]},
								"south": {"uv": [83, 79], "uv_size": [2, 1]},
								"west": {"uv": [82, 35], "uv_size": [14, 1]},
								"up": {"uv": [68, 25], "uv_size": [2, 14]},
								"down": {"uv": [0, 83], "uv_size": [2, -14]}
							}
						},
						{
							"origin": [1.86, 22.5, 5.4],
							"size": [0.8, 0.2, 0.4],
							"inflate": -0.002,
							"pivot": [0.6, 22.33, -0.18],
							"rotation": [51, 0, -30],
							"uv": {
								"north": {"uv": [28, 80], "uv_size": [2, 1]},
								"east": {"uv": [82, 34], "uv_size": [14, 1]},
								"south": {"uv": [83, 79], "uv_size": [2, 1]},
								"west": {"uv": [82, 35], "uv_size": [14, 1]},
								"up": {"uv": [68, 25], "uv_size": [2, 14]},
								"down": {"uv": [0, 83], "uv_size": [2, -14]}
							}
						},
						{
							"origin": [-0.08, 27.8, 3],
							"size": [0.83, 0.3, 0.45],
							"inflate": -0.002,
							"pivot": [-1.2, 27.64, -2.6],
							"rotation": [0, 0, 30],
							"uv": {
								"north": {"uv": [28, 80], "uv_size": [2, 1]},
								"east": {"uv": [82, 34], "uv_size": [14, 1]},
								"south": {"uv": [83, 79], "uv_size": [2, 1]},
								"west": {"uv": [82, 35], "uv_size": [14, 1]},
								"up": {"uv": [68, 25], "uv_size": [2, 14]},
								"down": {"uv": [0, 83], "uv_size": [2, -14]}
							}
						},
						{
							"origin": [-0.34, 26.3, 3],
							"size": [0.8, 0.2, 0.45],
							"inflate": -0.002,
							"pivot": [-1.6, 26.13, -2.58],
							"rotation": [0, 0, -30],
							"uv": {
								"north": {"uv": [28, 80], "uv_size": [2, 1]},
								"east": {"uv": [82, 34], "uv_size": [14, 1]},
								"south": {"uv": [83, 79], "uv_size": [2, 1]},
								"west": {"uv": [82, 35], "uv_size": [14, 1]},
								"up": {"uv": [68, 25], "uv_size": [2, 14]},
								"down": {"uv": [0, 83], "uv_size": [2, -14]}
							}
						},
						{
							"origin": [0.1, 28.2, -7.3],
							"size": [0.7, 0.01, 0.6],
							"inflate": -0.002,
							"pivot": [-1.1, 27.8, -15],
							"rotation": [0, 0, 30],
							"uv": {
								"north": {"uv": [59, 97], "uv_size": [-3, -1]},
								"east": {"uv": [59, 97], "uv_size": [-3, -1]},
								"south": {"uv": [59, 97], "uv_size": [-3, -1]},
								"west": {"uv": [59, 97], "uv_size": [-3, -1]},
								"up": {"uv": [56, 96], "uv_size": [3, 1]},
								"down": {"uv": [56, 96], "uv_size": [3, 1]}
							}
						},
						{
							"origin": [0.1, 28.2, -8.4],
							"size": [0.7, 0.01, 0.6],
							"inflate": -0.002,
							"pivot": [-1.1, 27.8, -16.1],
							"rotation": [0, 0, 30],
							"uv": {
								"north": {"uv": [59, 97], "uv_size": [-3, -1]},
								"east": {"uv": [59, 97], "uv_size": [-3, -1]},
								"south": {"uv": [59, 97], "uv_size": [-3, -1]},
								"west": {"uv": [59, 97], "uv_size": [-3, -1]},
								"up": {"uv": [56, 96], "uv_size": [3, 1]},
								"down": {"uv": [56, 96], "uv_size": [3, 1]}
							}
						},
						{
							"origin": [0.1, 28.2, -9.4],
							"size": [0.7, 0.01, 0.6],
							"inflate": -0.002,
							"pivot": [-1.1, 27.8, -17.1],
							"rotation": [0, 0, 30],
							"uv": {
								"north": {"uv": [59, 97], "uv_size": [-3, -1]},
								"east": {"uv": [59, 97], "uv_size": [-3, -1]},
								"south": {"uv": [59, 97], "uv_size": [-3, -1]},
								"west": {"uv": [59, 97], "uv_size": [-3, -1]},
								"up": {"uv": [56, 96], "uv_size": [3, 1]},
								"down": {"uv": [56, 96], "uv_size": [3, 1]}
							}
						},
						{
							"origin": [-0.4, 26.7, -9.4],
							"size": [0.8, 0.01, 0.6],
							"inflate": -0.002,
							"pivot": [-1.49, 26.3, -15],
							"rotation": [0, 0, -30],
							"uv": {
								"north": {"uv": [59, 97], "uv_size": [-3, -1]},
								"east": {"uv": [59, 97], "uv_size": [-3, -1]},
								"south": {"uv": [59, 97], "uv_size": [-3, -1]},
								"west": {"uv": [59, 97], "uv_size": [-3, -1]},
								"up": {"uv": [56, 96], "uv_size": [3, 1]},
								"down": {"uv": [56, 96], "uv_size": [3, 1]}
							}
						},
						{
							"origin": [-0.4, 26.7, -8.4],
							"size": [0.8, 0.01, 0.6],
							"inflate": -0.002,
							"pivot": [-1.49, 26.3, -14],
							"rotation": [0, 0, -30],
							"uv": {
								"north": {"uv": [59, 97], "uv_size": [-3, -1]},
								"east": {"uv": [59, 97], "uv_size": [-3, -1]},
								"south": {"uv": [59, 97], "uv_size": [-3, -1]},
								"west": {"uv": [59, 97], "uv_size": [-3, -1]},
								"up": {"uv": [56, 96], "uv_size": [3, 1]},
								"down": {"uv": [56, 96], "uv_size": [3, 1]}
							}
						},
						{
							"origin": [-0.4, 26.7, -7.3],
							"size": [0.8, 0.01, 0.6],
							"inflate": -0.002,
							"pivot": [-1.49, 26.3, -12.9],
							"rotation": [0, 0, -30],
							"uv": {
								"north": {"uv": [59, 97], "uv_size": [-3, -1]},
								"east": {"uv": [59, 97], "uv_size": [-3, -1]},
								"south": {"uv": [59, 97], "uv_size": [-3, -1]},
								"west": {"uv": [59, 97], "uv_size": [-3, -1]},
								"up": {"uv": [56, 96], "uv_size": [3, 1]},
								"down": {"uv": [56, 96], "uv_size": [3, 1]}
							}
						},
						{
							"origin": [-0.85, 27.15, -7.3],
							"size": [3.25, 0.03, 0.6],
							"inflate": 0.001,
							"pivot": [-0.05, 25.9, -8.7],
							"rotation": [0, 0, 65],
							"uv": {
								"north": {"uv": [30, 97], "uv_size": [-3, -1]},
								"east": {"uv": [30, 97], "uv_size": [-3, -1]},
								"south": {"uv": [30, 97], "uv_size": [-3, -1]},
								"west": {"uv": [30, 97], "uv_size": [-3, -1]},
								"up": {"uv": [27, 96], "uv_size": [3, 1]},
								"down": {"uv": [27, 96], "uv_size": [3, 1]}
							}
						},
						{
							"origin": [0.45, 27.15, -6.7],
							"size": [0.65, 0.03, 8.1],
							"inflate": 0.001,
							"pivot": [-0.05, 25.9, -6],
							"rotation": [0, 0, 65],
							"uv": {
								"north": {"uv": [59, 97], "uv_size": [-3, -1]},
								"east": {"uv": [59, 97], "uv_size": [-3, -1]},
								"south": {"uv": [59, 97], "uv_size": [-3, -1]},
								"west": {"uv": [59, 97], "uv_size": [-3, -1]},
								"up": {"uv": [56, 96], "uv_size": [3, 1]},
								"down": {"uv": [56, 96], "uv_size": [3, 1]}
							}
						},
						{
							"origin": [-0.15, 25.65, -6.7],
							"size": [0.65, 0.03, 8.1],
							"inflate": 0.001,
							"pivot": [-0.65, 24.4, -3.6],
							"rotation": [0, 0, -65],
							"uv": {
								"north": {"uv": [13, 96], "uv_size": [3, 1]},
								"east": {"uv": [79, 99], "uv_size": [1, 1]},
								"south": {"uv": [96, 15], "uv_size": [3, 1]},
								"west": {"uv": [80, 99], "uv_size": [1, 1]},
								"up": {"uv": [96, 16], "uv_size": [3, 1]},
								"down": {"uv": [96, 25], "uv_size": [3, -1]}
							}
						},
						{
							"origin": [-0.14, 27, 3.6],
							"size": [0.4, 0.295, 0.4],
							"inflate": -0.002,
							"pivot": [0.06, 27.2, 3.7],
							"rotation": [0, -45, 0],
							"uv": {
								"north": {"uv": [99, 18], "uv_size": [1, 1]},
								"east": {"uv": [99, 18], "uv_size": [1, 1]},
								"south": {"uv": [99, 18], "uv_size": [1, 1]},
								"west": {"uv": [99, 18], "uv_size": [1, 1]},
								"up": {"uv": [100, 19], "uv_size": [-1, -1]},
								"down": {"uv": [100, 19], "uv_size": [-1, -1]}
							}
						},
						{
							"origin": [0.8, 24.57222, 5.40865],
							"size": [0.5, 0.29, 0.5],
							"inflate": 0.001,
							"pivot": [1.05, 24.7, 5.7],
							"rotation": [-76.91646, -13.95601, 44.86738],
							"uv": {
								"north": {"uv": [99, 17], "uv_size": [-3, -1]},
								"east": {"uv": [99, 17], "uv_size": [-3, -1]},
								"south": {"uv": [99, 17], "uv_size": [-3, -1]},
								"west": {"uv": [99, 17], "uv_size": [-3, -1]},
								"up": {"uv": [96, 16], "uv_size": [3, 1]},
								"down": {"uv": [96, 16], "uv_size": [3, 1]}
							}
						},
						{
							"origin": [-1.2, 24.57222, 5.40865],
							"size": [0.5, 0.29, 0.5],
							"inflate": 0.001,
							"pivot": [-0.95, 24.7, 5.7],
							"rotation": [-76.91646, -13.95601, 44.86738],
							"uv": {
								"north": {"uv": [99, 17], "uv_size": [-3, -1]},
								"east": {"uv": [99, 17], "uv_size": [-3, -1]},
								"south": {"uv": [99, 17], "uv_size": [-3, -1]},
								"west": {"uv": [99, 17], "uv_size": [-3, -1]},
								"up": {"uv": [96, 16], "uv_size": [3, 1]},
								"down": {"uv": [96, 16], "uv_size": [3, 1]}
							}
						},
						{
							"origin": [-0.038, 27.5, 3.3],
							"size": [0.083, 0.15, 0.1],
							"inflate": -0.002,
							"pivot": [0, 27.5, 3.4],
							"rotation": [53, 0, 0],
							"uv": {
								"north": {"uv": [70, 39], "uv_size": [-2, -14]},
								"east": {"uv": [70, 39], "uv_size": [-2, -14]},
								"south": {"uv": [70, 39], "uv_size": [-2, -14]},
								"west": {"uv": [70, 39], "uv_size": [-2, -14]},
								"up": {"uv": [68, 25], "uv_size": [2, 14]},
								"down": {"uv": [68, 25], "uv_size": [2, 14]}
							}
						},
						{
							"origin": [-0.055, 27.6, 3.3],
							"size": [0.11, 0.05, 0.1],
							"inflate": -0.002,
							"pivot": [0, 27.5, 3.4],
							"rotation": [53, 0, 0],
							"uv": {
								"north": {"uv": [70, 39], "uv_size": [-2, -14]},
								"east": {"uv": [70, 39], "uv_size": [-2, -14]},
								"south": {"uv": [70, 39], "uv_size": [-2, -14]},
								"west": {"uv": [70, 39], "uv_size": [-2, -14]},
								"up": {"uv": [68, 25], "uv_size": [2, 14]},
								"down": {"uv": [68, 25], "uv_size": [2, 14]}
							}
						},
						{
							"origin": [-0.055, 27.58, 3.3],
							"size": [0.1, 0.03, 0.1],
							"inflate": -0.002,
							"pivot": [0, 27.5, 3.4],
							"rotation": [53, 0, 0],
							"uv": {
								"north": {"uv": [70, 39], "uv_size": [-2, -14]},
								"east": {"uv": [70, 39], "uv_size": [-2, -14]},
								"south": {"uv": [70, 39], "uv_size": [-2, -14]},
								"west": {"uv": [70, 39], "uv_size": [-2, -14]},
								"up": {"uv": [68, 25], "uv_size": [2, 14]},
								"down": {"uv": [68, 25], "uv_size": [2, 14]}
							}
						},
						{
							"origin": [-0.02, 27.47, 3.3],
							"size": [0.05, 0.04, 0.1],
							"inflate": -0.002,
							"pivot": [0, 27.5, 3.4],
							"rotation": [53, 0, 0],
							"uv": {
								"north": {"uv": [70, 39], "uv_size": [-2, -14]},
								"east": {"uv": [70, 39], "uv_size": [-2, -14]},
								"south": {"uv": [70, 39], "uv_size": [-2, -14]},
								"west": {"uv": [70, 39], "uv_size": [-2, -14]},
								"up": {"uv": [68, 25], "uv_size": [2, 14]},
								"down": {"uv": [68, 25], "uv_size": [2, 14]}
							}
						},
						{
							"origin": [-2.18, 35.5, 12.28],
							"size": [0.54, 0.67, 0.23],
							"inflate": 0.001,
							"pivot": [-1.05, 34.8, 0.8],
							"rotation": [-71, 5.5073, 1.8603],
							"uv": {
								"north": {"uv": [99, 69], "uv_size": [1, 1]},
								"east": {"uv": [99, 69], "uv_size": [1, 1]},
								"south": {"uv": [99, 69], "uv_size": [1, 1]},
								"west": {"uv": [99, 69], "uv_size": [1, 1]},
								"up": {"uv": [100, 70], "uv_size": [-1, -1]},
								"down": {"uv": [100, 70], "uv_size": [-1, -1]}
							}
						},
						{
							"origin": [1.61, 35.7, 12.7],
							"size": [0.55, 0.52, 0.17],
							"inflate": 0.001,
							"pivot": [2.75, 34.9, 1.2],
							"rotation": [-71.9073, -5.70534, -1.86026],
							"uv": {
								"north": {"uv": [100, 58], "uv_size": [-1, -1]},
								"east": {"uv": [100, 58], "uv_size": [-1, -1]},
								"south": {"uv": [100, 58], "uv_size": [-1, -1]},
								"west": {"uv": [100, 58], "uv_size": [-1, -1]},
								"up": {"uv": [99, 57], "uv_size": [1, 1]},
								"down": {"uv": [99, 57], "uv_size": [1, 1]}
							}
						},
						{
							"origin": [-0.67, 27, -9.4],
							"size": [1.3, 0.6, 12.86],
							"inflate": 0.001,
							"uv": {
								"north": {"uv": [56, 97], "uv_size": [2, 1]},
								"east": {"uv": [56, 97], "uv_size": [2, 1]},
								"south": {"uv": [56, 97], "uv_size": [2, 1]},
								"west": {"uv": [56, 97], "uv_size": [2, 1]},
								"up": {"uv": [58, 98], "uv_size": [-2, -1]},
								"down": {"uv": [58, 98], "uv_size": [-2, -1]}
							}
						},
						{
							"origin": [4.347, 27.5, 2.85],
							"size": [0.3, 0.3, 0.6],
							"inflate": 0.001,
							"pivot": [2.76, 22.9, -9.3],
							"rotation": [0, 0, -45],
							"uv": {
								"north": {"uv": [61, 16], "uv_size": [-3, -14]},
								"east": {"uv": [61, 16], "uv_size": [-3, -14]},
								"south": {"uv": [61, 16], "uv_size": [-3, -14]},
								"west": {"uv": [61, 16], "uv_size": [-3, -14]},
								"up": {"uv": [58, 2], "uv_size": [3, 14]},
								"down": {"uv": [58, 2], "uv_size": [3, 14]}
							}
						},
						{
							"origin": [3.047, 27.5, 2.85],
							"size": [0.3, 0.3, 0.6],
							"inflate": 0.001,
							"pivot": [1.46, 22.9, -9.3],
							"rotation": [0, 0, -45],
							"uv": {
								"north": {"uv": [61, 16], "uv_size": [-3, -14]},
								"east": {"uv": [61, 16], "uv_size": [-3, -14]},
								"south": {"uv": [61, 16], "uv_size": [-3, -14]},
								"west": {"uv": [61, 16], "uv_size": [-3, -14]},
								"up": {"uv": [58, 2], "uv_size": [3, 14]},
								"down": {"uv": [58, 2], "uv_size": [3, 14]}
							}
						},
						{
							"origin": [-0.67, 27.4, 2.85],
							"size": [1.3, 0.3, 0.6],
							"inflate": 0.001,
							"uv": {
								"north": {"uv": [61, 16], "uv_size": [-3, -14]},
								"east": {"uv": [59, 97], "uv_size": [-3, -1]},
								"south": {"uv": [61, 16], "uv_size": [-3, -14]},
								"west": {"uv": [59, 97], "uv_size": [-3, -1]},
								"up": {"uv": [56, 96], "uv_size": [3, 1]},
								"down": {"uv": [56, 96], "uv_size": [3, 1]}
							}
						},
						{
							"origin": [4.347, 27.5, 1.55],
							"size": [0.3, 0.3, 0.6],
							"inflate": 0.001,
							"pivot": [2.76, 22.9, -10.6],
							"rotation": [0, 0, -45],
							"uv": {
								"north": {"uv": [61, 16], "uv_size": [-3, -14]},
								"east": {"uv": [61, 16], "uv_size": [-3, -14]},
								"south": {"uv": [61, 16], "uv_size": [-3, -14]},
								"west": {"uv": [61, 16], "uv_size": [-3, -14]},
								"up": {"uv": [58, 2], "uv_size": [3, 14]},
								"down": {"uv": [58, 2], "uv_size": [3, 14]}
							}
						},
						{
							"origin": [-0.67, 27.4, 1.55],
							"size": [1.3, 0.3, 0.6],
							"inflate": 0.001,
							"uv": {
								"north": {"uv": [61, 16], "uv_size": [-3, -14]},
								"east": {"uv": [59, 97], "uv_size": [-3, -1]},
								"south": {"uv": [61, 16], "uv_size": [-3, -14]},
								"west": {"uv": [59, 97], "uv_size": [-3, -1]},
								"up": {"uv": [56, 96], "uv_size": [3, 1]},
								"down": {"uv": [56, 96], "uv_size": [3, 1]}
							}
						},
						{
							"origin": [3.047, 27.5, 1.55],
							"size": [0.3, 0.3, 0.6],
							"inflate": 0.001,
							"pivot": [1.46, 22.9, -10.6],
							"rotation": [0, 0, -45],
							"uv": {
								"north": {"uv": [61, 16], "uv_size": [-3, -14]},
								"east": {"uv": [61, 16], "uv_size": [-3, -14]},
								"south": {"uv": [61, 16], "uv_size": [-3, -14]},
								"west": {"uv": [61, 16], "uv_size": [-3, -14]},
								"up": {"uv": [58, 2], "uv_size": [3, 14]},
								"down": {"uv": [58, 2], "uv_size": [3, 14]}
							}
						},
						{
							"origin": [4.347, 27.5, 0.25],
							"size": [0.3, 0.3, 0.6],
							"inflate": 0.001,
							"pivot": [2.76, 22.9, -11.9],
							"rotation": [0, 0, -45],
							"uv": {
								"north": {"uv": [61, 16], "uv_size": [-3, -14]},
								"east": {"uv": [61, 16], "uv_size": [-3, -14]},
								"south": {"uv": [61, 16], "uv_size": [-3, -14]},
								"west": {"uv": [61, 16], "uv_size": [-3, -14]},
								"up": {"uv": [58, 2], "uv_size": [3, 14]},
								"down": {"uv": [58, 2], "uv_size": [3, 14]}
							}
						},
						{
							"origin": [-0.67, 27.4, 0.25],
							"size": [1.3, 0.3, 0.6],
							"inflate": 0.001,
							"uv": {
								"north": {"uv": [61, 16], "uv_size": [-3, -14]},
								"east": {"uv": [59, 97], "uv_size": [-3, -1]},
								"south": {"uv": [61, 16], "uv_size": [-3, -14]},
								"west": {"uv": [59, 97], "uv_size": [-3, -1]},
								"up": {"uv": [56, 96], "uv_size": [3, 1]},
								"down": {"uv": [56, 96], "uv_size": [3, 1]}
							}
						},
						{
							"origin": [3.047, 27.5, 0.25],
							"size": [0.3, 0.3, 0.6],
							"inflate": 0.001,
							"pivot": [1.46, 22.9, -11.9],
							"rotation": [0, 0, -45],
							"uv": {
								"north": {"uv": [61, 16], "uv_size": [-3, -14]},
								"east": {"uv": [61, 16], "uv_size": [-3, -14]},
								"south": {"uv": [61, 16], "uv_size": [-3, -14]},
								"west": {"uv": [61, 16], "uv_size": [-3, -14]},
								"up": {"uv": [58, 2], "uv_size": [3, 14]},
								"down": {"uv": [58, 2], "uv_size": [3, 14]}
							}
						},
						{
							"origin": [4.347, 27.5, -1.05],
							"size": [0.3, 0.3, 0.6],
							"inflate": 0.001,
							"pivot": [2.76, 22.9, -13.2],
							"rotation": [0, 0, -45],
							"uv": {
								"north": {"uv": [61, 16], "uv_size": [-3, -14]},
								"east": {"uv": [61, 16], "uv_size": [-3, -14]},
								"south": {"uv": [61, 16], "uv_size": [-3, -14]},
								"west": {"uv": [61, 16], "uv_size": [-3, -14]},
								"up": {"uv": [58, 2], "uv_size": [3, 14]},
								"down": {"uv": [58, 2], "uv_size": [3, 14]}
							}
						},
						{
							"origin": [-0.67, 27.4, -1.05],
							"size": [1.3, 0.3, 0.6],
							"inflate": 0.001,
							"uv": {
								"north": {"uv": [61, 16], "uv_size": [-3, -14]},
								"east": {"uv": [59, 97], "uv_size": [-3, -1]},
								"south": {"uv": [61, 16], "uv_size": [-3, -14]},
								"west": {"uv": [59, 97], "uv_size": [-3, -1]},
								"up": {"uv": [56, 96], "uv_size": [3, 1]},
								"down": {"uv": [56, 96], "uv_size": [3, 1]}
							}
						},
						{
							"origin": [3.047, 27.5, -1.05],
							"size": [0.3, 0.3, 0.6],
							"inflate": 0.001,
							"pivot": [1.46, 22.9, -13.2],
							"rotation": [0, 0, -45],
							"uv": {
								"north": {"uv": [61, 16], "uv_size": [-3, -14]},
								"east": {"uv": [61, 16], "uv_size": [-3, -14]},
								"south": {"uv": [61, 16], "uv_size": [-3, -14]},
								"west": {"uv": [61, 16], "uv_size": [-3, -14]},
								"up": {"uv": [58, 2], "uv_size": [3, 14]},
								"down": {"uv": [58, 2], "uv_size": [3, 14]}
							}
						},
						{
							"origin": [4.347, 27.5, -2.35],
							"size": [0.3, 0.3, 0.6],
							"inflate": 0.001,
							"pivot": [2.76, 22.9, -14.5],
							"rotation": [0, 0, -45],
							"uv": {
								"north": {"uv": [61, 16], "uv_size": [-3, -14]},
								"east": {"uv": [61, 16], "uv_size": [-3, -14]},
								"south": {"uv": [61, 16], "uv_size": [-3, -14]},
								"west": {"uv": [61, 16], "uv_size": [-3, -14]},
								"up": {"uv": [58, 2], "uv_size": [3, 14]},
								"down": {"uv": [58, 2], "uv_size": [3, 14]}
							}
						},
						{
							"origin": [-0.67, 27.4, -2.35],
							"size": [1.3, 0.3, 0.6],
							"inflate": 0.001,
							"uv": {
								"north": {"uv": [61, 16], "uv_size": [-3, -14]},
								"east": {"uv": [59, 97], "uv_size": [-3, -1]},
								"south": {"uv": [61, 16], "uv_size": [-3, -14]},
								"west": {"uv": [59, 97], "uv_size": [-3, -1]},
								"up": {"uv": [56, 96], "uv_size": [3, 1]},
								"down": {"uv": [56, 96], "uv_size": [3, 1]}
							}
						},
						{
							"origin": [3.047, 27.5, -2.35],
							"size": [0.3, 0.3, 0.6],
							"inflate": 0.001,
							"pivot": [1.46, 22.9, -14.5],
							"rotation": [0, 0, -45],
							"uv": {
								"north": {"uv": [61, 16], "uv_size": [-3, -14]},
								"east": {"uv": [61, 16], "uv_size": [-3, -14]},
								"south": {"uv": [61, 16], "uv_size": [-3, -14]},
								"west": {"uv": [61, 16], "uv_size": [-3, -14]},
								"up": {"uv": [58, 2], "uv_size": [3, 14]},
								"down": {"uv": [58, 2], "uv_size": [3, 14]}
							}
						},
						{
							"origin": [4.347, 27.5, -3.65],
							"size": [0.3, 0.3, 0.6],
							"inflate": 0.001,
							"pivot": [2.76, 22.9, -15.8],
							"rotation": [0, 0, -45],
							"uv": {
								"north": {"uv": [61, 16], "uv_size": [-3, -14]},
								"east": {"uv": [61, 16], "uv_size": [-3, -14]},
								"south": {"uv": [61, 16], "uv_size": [-3, -14]},
								"west": {"uv": [61, 16], "uv_size": [-3, -14]},
								"up": {"uv": [58, 2], "uv_size": [3, 14]},
								"down": {"uv": [58, 2], "uv_size": [3, 14]}
							}
						},
						{
							"origin": [-0.67, 27.4, -3.65],
							"size": [1.3, 0.3, 0.6],
							"inflate": 0.001,
							"uv": {
								"north": {"uv": [61, 16], "uv_size": [-3, -14]},
								"east": {"uv": [59, 97], "uv_size": [-3, -1]},
								"south": {"uv": [61, 16], "uv_size": [-3, -14]},
								"west": {"uv": [59, 97], "uv_size": [-3, -1]},
								"up": {"uv": [56, 96], "uv_size": [3, 1]},
								"down": {"uv": [56, 96], "uv_size": [3, 1]}
							}
						},
						{
							"origin": [3.047, 27.5, -3.65],
							"size": [0.3, 0.3, 0.6],
							"inflate": 0.001,
							"pivot": [1.46, 22.9, -15.8],
							"rotation": [0, 0, -45],
							"uv": {
								"north": {"uv": [61, 16], "uv_size": [-3, -14]},
								"east": {"uv": [61, 16], "uv_size": [-3, -14]},
								"south": {"uv": [61, 16], "uv_size": [-3, -14]},
								"west": {"uv": [61, 16], "uv_size": [-3, -14]},
								"up": {"uv": [58, 2], "uv_size": [3, 14]},
								"down": {"uv": [58, 2], "uv_size": [3, 14]}
							}
						},
						{
							"origin": [4.347, 27.5, -4.95],
							"size": [0.3, 0.3, 0.6],
							"inflate": 0.001,
							"pivot": [2.76, 22.9, -17.1],
							"rotation": [0, 0, -45],
							"uv": {
								"north": {"uv": [61, 16], "uv_size": [-3, -14]},
								"east": {"uv": [61, 16], "uv_size": [-3, -14]},
								"south": {"uv": [61, 16], "uv_size": [-3, -14]},
								"west": {"uv": [61, 16], "uv_size": [-3, -14]},
								"up": {"uv": [58, 2], "uv_size": [3, 14]},
								"down": {"uv": [58, 2], "uv_size": [3, 14]}
							}
						},
						{
							"origin": [-0.67, 27.4, -4.95],
							"size": [1.3, 0.3, 0.6],
							"inflate": 0.001,
							"uv": {
								"north": {"uv": [61, 16], "uv_size": [-3, -14]},
								"east": {"uv": [59, 97], "uv_size": [-3, -1]},
								"south": {"uv": [61, 16], "uv_size": [-3, -14]},
								"west": {"uv": [59, 97], "uv_size": [-3, -1]},
								"up": {"uv": [56, 96], "uv_size": [3, 1]},
								"down": {"uv": [56, 96], "uv_size": [3, 1]}
							}
						},
						{
							"origin": [3.047, 27.5, -4.95],
							"size": [0.3, 0.3, 0.6],
							"inflate": 0.001,
							"pivot": [1.46, 22.9, -17.1],
							"rotation": [0, 0, -45],
							"uv": {
								"north": {"uv": [61, 16], "uv_size": [-3, -14]},
								"east": {"uv": [61, 16], "uv_size": [-3, -14]},
								"south": {"uv": [61, 16], "uv_size": [-3, -14]},
								"west": {"uv": [61, 16], "uv_size": [-3, -14]},
								"up": {"uv": [58, 2], "uv_size": [3, 14]},
								"down": {"uv": [58, 2], "uv_size": [3, 14]}
							}
						},
						{
							"origin": [4.347, 27.5, -6.25],
							"size": [0.3, 0.3, 0.6],
							"inflate": 0.001,
							"pivot": [2.76, 22.9, -18.4],
							"rotation": [0, 0, -45],
							"uv": {
								"north": {"uv": [61, 16], "uv_size": [-3, -14]},
								"east": {"uv": [61, 16], "uv_size": [-3, -14]},
								"south": {"uv": [61, 16], "uv_size": [-3, -14]},
								"west": {"uv": [61, 16], "uv_size": [-3, -14]},
								"up": {"uv": [58, 2], "uv_size": [3, 14]},
								"down": {"uv": [58, 2], "uv_size": [3, 14]}
							}
						},
						{
							"origin": [-0.67, 27.4, -6.25],
							"size": [1.3, 0.3, 0.6],
							"inflate": 0.001,
							"uv": {
								"north": {"uv": [61, 16], "uv_size": [-3, -14]},
								"east": {"uv": [59, 97], "uv_size": [-3, -1]},
								"south": {"uv": [61, 16], "uv_size": [-3, -14]},
								"west": {"uv": [59, 97], "uv_size": [-3, -1]},
								"up": {"uv": [56, 96], "uv_size": [3, 1]},
								"down": {"uv": [56, 96], "uv_size": [3, 1]}
							}
						},
						{
							"origin": [3.047, 27.5, -6.25],
							"size": [0.3, 0.3, 0.6],
							"inflate": 0.001,
							"pivot": [1.46, 22.9, -18.4],
							"rotation": [0, 0, -45],
							"uv": {
								"north": {"uv": [61, 16], "uv_size": [-3, -14]},
								"east": {"uv": [61, 16], "uv_size": [-3, -14]},
								"south": {"uv": [61, 16], "uv_size": [-3, -14]},
								"west": {"uv": [61, 16], "uv_size": [-3, -14]},
								"up": {"uv": [58, 2], "uv_size": [3, 14]},
								"down": {"uv": [58, 2], "uv_size": [3, 14]}
							}
						},
						{
							"origin": [4.347, 27.5, -7.55],
							"size": [0.3, 0.3, 0.6],
							"inflate": 0.001,
							"pivot": [2.76, 22.9, -19.7],
							"rotation": [0, 0, -45],
							"uv": {
								"north": {"uv": [61, 16], "uv_size": [-3, -14]},
								"east": {"uv": [61, 16], "uv_size": [-3, -14]},
								"south": {"uv": [61, 16], "uv_size": [-3, -14]},
								"west": {"uv": [61, 16], "uv_size": [-3, -14]},
								"up": {"uv": [58, 2], "uv_size": [3, 14]},
								"down": {"uv": [58, 2], "uv_size": [3, 14]}
							}
						},
						{
							"origin": [-0.67, 27.4, -7.55],
							"size": [1.3, 0.3, 0.6],
							"inflate": 0.001,
							"uv": {
								"north": {"uv": [61, 16], "uv_size": [-3, -14]},
								"east": {"uv": [59, 97], "uv_size": [-3, -1]},
								"south": {"uv": [61, 16], "uv_size": [-3, -14]},
								"west": {"uv": [59, 97], "uv_size": [-3, -1]},
								"up": {"uv": [56, 96], "uv_size": [3, 1]},
								"down": {"uv": [56, 96], "uv_size": [3, 1]}
							}
						},
						{
							"origin": [3.047, 27.5, -7.55],
							"size": [0.3, 0.3, 0.6],
							"inflate": 0.001,
							"pivot": [1.46, 22.9, -19.7],
							"rotation": [0, 0, -45],
							"uv": {
								"north": {"uv": [61, 16], "uv_size": [-3, -14]},
								"east": {"uv": [61, 16], "uv_size": [-3, -14]},
								"south": {"uv": [61, 16], "uv_size": [-3, -14]},
								"west": {"uv": [61, 16], "uv_size": [-3, -14]},
								"up": {"uv": [58, 2], "uv_size": [3, 14]},
								"down": {"uv": [58, 2], "uv_size": [3, 14]}
							}
						},
						{
							"origin": [4.347, 27.5, -8.85],
							"size": [0.3, 0.3, 0.6],
							"inflate": 0.001,
							"pivot": [2.76, 22.9, -21],
							"rotation": [0, 0, -45],
							"uv": {
								"north": {"uv": [61, 16], "uv_size": [-3, -14]},
								"east": {"uv": [61, 16], "uv_size": [-3, -14]},
								"south": {"uv": [61, 16], "uv_size": [-3, -14]},
								"west": {"uv": [61, 16], "uv_size": [-3, -14]},
								"up": {"uv": [58, 2], "uv_size": [3, 14]},
								"down": {"uv": [58, 2], "uv_size": [3, 14]}
							}
						},
						{
							"origin": [-0.67, 27.4, -8.85],
							"size": [1.3, 0.3, 0.6],
							"inflate": 0.001,
							"uv": {
								"north": {"uv": [61, 16], "uv_size": [-3, -14]},
								"east": {"uv": [59, 97], "uv_size": [-3, -1]},
								"south": {"uv": [61, 16], "uv_size": [-3, -14]},
								"west": {"uv": [59, 97], "uv_size": [-3, -1]},
								"up": {"uv": [56, 96], "uv_size": [3, 1]},
								"down": {"uv": [56, 96], "uv_size": [3, 1]}
							}
						},
						{
							"origin": [3.047, 27.5, -8.85],
							"size": [0.3, 0.3, 0.6],
							"inflate": 0.001,
							"pivot": [1.46, 22.9, -21],
							"rotation": [0, 0, -45],
							"uv": {
								"north": {"uv": [61, 16], "uv_size": [-3, -14]},
								"east": {"uv": [61, 16], "uv_size": [-3, -14]},
								"south": {"uv": [61, 16], "uv_size": [-3, -14]},
								"west": {"uv": [61, 16], "uv_size": [-3, -14]},
								"up": {"uv": [58, 2], "uv_size": [3, 14]},
								"down": {"uv": [58, 2], "uv_size": [3, 14]}
							}
						}
					]
				},
				{
					"name": "_ca_dustcover",
					"parent": "main",
					"pivot": [0, 25.325, 5.15],
					"cubes": [
						{"origin": [-0.5, 24.025, 4.65], "size": [1, 1, 1], "uv": [8, 121]}
					]
				}
			]
		}
	]
}