{
  "credit": "Made with Blockbench",
  "parent": "builtin/entity",
  "texture_size": [
    64,
    64
  ],
  "display": {
    "thirdperson_righthand": {
      "translation": [
        0,
        -4.75,
        0
      ],
      "scale": [
        0.42578125,
        0.376953125,
        0.314453125
      ]
    },
    "ground": {
      "translation": [
        0,
        -4.75,
        0
      ],
      "scale": [
        0.173828125,
        0.1640625,
        0.220703125
      ]
    },
    "gui": {
      "rotation": [
        -180,
        105,
        -180
      ],
      "translation": [
        -2,
        -10.25,
        0
      ],
      "scale": [
        1,
        0.611328125,
        0.474609375
      ]
    }
  }
}