{
"loader": "forge:separate_transforms",
  "gui_light": "front",
  "base": 
{
  "credit": "Made with Blockbench",
  "parent": "builtin/entity",
  "texture_size": [
    256,
    256
  ],
  "display": {
    "thirdperson_righthand": {
      "translation": [
        0,
        -3,
        1
      ],
      "scale": [
        0.171875,
        0.177734375,
        0.2109375
      ]
    },
    "firstperson_righthand": {
      "translation": [
        -1.75,
        -27,
        -3.5
      ]
    },
    "firstperson_lefthand": {
      "translation": [
        0,
        -24,
        0
      ]
    },
    "ground": {
      "scale": [
        0.376953125,
        0.353515625,
        0.34765625
      ]
    },
    "gui": {
      "rotation": [
        85.02,
        52.9,
        -86.04
      ],
      "translation": [
        -0.25,
        -5.5,
        0
      ],
      "scale": [
        1,
        0.22265625,
        0.17578125
      ]
    },
    "head": {
      "scale": [
        0.623046875,
        0.583984375,
        0.427734375
      ]
    },
    "fixed": {
      "rotation": [
        180,
        -86.5,
        180
      ],
      "translation": [
        -7.5,
        -11.75,
        -7.25
      ],
      "scale": [
        0.716796875,
        0.640625,
        0.486328125
      ]
    }
  }
},
  "perspectives": {
    "gui": {
      "parent": "item/generated",
      "textures": {
        "layer0": "pointblank:item/random_mg42.icon"
      }
    }
  }
}