{
	"format_version": "1.12.0",
	"minecraft:geometry": [
		{
			"description": {
				"identifier": "geometry.gyroshotgun",
				"texture_width": 128,
				"texture_height": 128,
				"visible_bounds_width": 8,
				"visible_bounds_height": 4,
				"visible_bounds_offset": [0, 1, 0]
			},
			"bones": [
				{
					"name": "main",
					"pivot": [0, 20, 0]
				},
				{
					"name": "gun",
					"parent": "main",
					"pivot": [0, 19.43332, 13.39164],
					"cubes": [
						{"origin": [-1, 26, -18], "size": [2, 2, 29], "uv": [0, 0]},
						{"origin": [-1, 25.2, 9.3], "size": [2, 2, 2], "pivot": [0, 25.2, 10.3], "rotation": [-45, 0, 0], "uv": [37, 32]},
						{"origin": [-0.8, 25.3, -3], "size": [1.6, 2, 3], "pivot": [0, 25.3, -2], "rotation": [-45, 0, 0], "uv": [0, 13]},
						{"origin": [-1.2, 18.95711, 10.12132], "size": [2.4, 6.95, 3.3], "uv": [48, 55]},
						{"origin": [-1.9, 18.80711, 5.42132], "size": [3.8, 1, 6], "inflate": -0.8, "uv": [48, 0]},
						{"origin": [-1.5, 18.00711, 0.92132], "size": [3, 1, 5], "inflate": -0.8, "uv": [14, 44]},
						{"origin": [-1.5, 16.6806, -0.7527], "size": [3, 2.55, 5.3], "inflate": -0.8, "pivot": [-0.1, 18.7306, -0.3527], "rotation": [90, 0, 0], "uv": [14, 32]},
						{"origin": [-1.5, 18.85987, -1.16365], "size": [3, 1, 3.6], "inflate": -0.8, "pivot": [0, 18.45987, -0.06365], "rotation": [-27.5, 0, 0], "uv": [34, 47]},
						{"origin": [-1.9, 15.80711, 5.42132], "size": [3.8, 1, 6], "inflate": -0.8, "uv": [42, 47]},
						{"origin": [-0.4, 27.08211, 8.42132], "size": [2.1, 2.2, 3], "inflate": -0.9, "uv": [59, 59]},
						{"origin": [-1.4, 17.10711, 9.02132], "size": [2.8, 1, 4], "inflate": -0.8, "pivot": [0, 17.60711, 10.02132], "rotation": [65, 0, 0], "uv": [0, 56]},
						{"origin": [-1.9, 16.74035, 10.11308], "size": [3.8, 1, 4.3], "inflate": -0.8, "pivot": [0, 15.74035, 13.11308], "rotation": [22.5, 0, 0], "uv": [55, 47]},
						{"origin": [-1.9, 18.55407, 2.01202], "size": [3.8, 1, 4], "inflate": -0.8, "pivot": [0, 17.55407, 4.01202], "rotation": [-80, 0, 0], "uv": [33, 55]},
						{"origin": [-1.9, 16.13884, 3.7692], "size": [3.8, 1, 2.6], "inflate": -0.8, "pivot": [0, 15.13884, 5.3692], "rotation": [-35, 0, 0], "uv": [0, 25]},
						{"origin": [-1.9, 18.52201, 4.23381], "size": [3.8, 1, 3], "inflate": -0.8, "pivot": [0, 19.02201, 5.73381], "rotation": [27, 0, 0], "uv": [34, 24]},
						{"origin": [-1.225, 16.22464, 11.43209], "size": [2.45, 3.7, 5], "pivot": [0, 19.89158, 11.46625], "rotation": [37.5, 0, 0], "uv": [14, 0]},
						{"origin": [-1.4, 16.10833, 11.62684], "size": [2.8, 3.7, 4.625], "pivot": [0, 19.77526, 11.48599], "rotation": [37.5, 0, 0], "uv": [14, 13]},
						{"origin": [-1.225, 13.62464, 12.43209], "size": [2.45, 5, 5.4], "pivot": [0, 18.59158, 12.46625], "rotation": [15, 0, 0], "uv": [52, 8]},
						{"origin": [-1.225, 9.69991, 13.20947], "size": [2.45, 5, 5.4], "pivot": [0, 18.66684, 13.24363], "rotation": [5, 0, 0], "uv": [51, 32]},
						{"origin": [-1.4, 13.62464, 12.63209], "size": [2.8, 4.8, 5], "pivot": [0, 18.59158, 12.46625], "rotation": [15, 0, 0], "uv": [18, 54]},
						{"origin": [-1.4, 9.89991, 13.40947], "size": [2.8, 4.8, 5], "pivot": [0, 18.66684, 13.24363], "rotation": [5, 0, 0], "uv": [52, 19]},
						{"origin": [-1.2, 19.90711, 13.42132], "size": [2.4, 4, 2], "uv": [0, 0]},
						{"origin": [-1.2, 24.02085, 14.08146], "size": [2.4, 2.875, 1.4], "pivot": [0, 23.85431, 15.66992], "rotation": [44, 0, 0], "uv": [22, 24]},
						{"origin": [-0.9, 22.79289, -0.59289], "size": [1.8, 3.7, 1.5], "uv": [14, 0]},
						{"origin": [-1.05, 27.03211, -17.57868], "size": [2.1, 2.1, 3], "inflate": -0.9, "uv": [59, 53]},
						{"origin": [-1.05, 26.68211, -18.35368], "size": [2.1, 2.1, 2.4], "inflate": -0.9, "pivot": [0, 27.73211, -16.85368], "rotation": [-90, 0, 0], "uv": [34, 12]},
						{"origin": [-1.05, 26.67493, -18.08605], "size": [2.1, 2.1, 2.4], "inflate": -0.9, "pivot": [0, 27.72493, -16.58605], "rotation": [-65, 0, 0], "uv": [34, 0]},
						{"origin": [-1.05, 26.83594, -16.46617], "size": [2.1, 2.1, 2.7], "inflate": -0.9, "pivot": [0, 27.88594, -14.96617], "rotation": [-20, 0, 0], "uv": [0, 32]},
						{"origin": [-1.7, 27.08211, 8.42132], "size": [2.1, 2.2, 3], "inflate": -0.9, "uv": [59, 59], "mirror": true}
					]
				},
				{
					"name": "hammer",
					"parent": "gun",
					"pivot": [0, 26.38122, 11.80179],
					"cubes": [
						{"origin": [-1.2, 25.83765, 10.97095], "size": [2.4, 2.5, 1.6], "inflate": -0.5, "pivot": [0, 26.38122, 11.80179], "rotation": [-47.5, 0, 0], "uv": [11, 25]}
					]
				},
				{
					"name": "magazine",
					"parent": "gun",
					"pivot": [0, 21, 5.5611]
				},
				{
					"name": "cylinder",
					"parent": "magazine",
					"pivot": [0, 25.09, 5.5],
					"cubes": [
						{"origin": [-1, 24.5, 1], "size": [2, 3, 9], "uv": [0, 0]},
						{"origin": [-1, 22.67157, 1], "size": [2, 2, 9], "uv": [0, 44]},
						{"origin": [1.41421, 25.08579, 1], "size": [2, 2, 9], "pivot": [2.41421, 25.08579, 5], "rotation": [0, 0, -90], "uv": [37, 35]},
						{"origin": [-1.41421, 25.08579, 1], "size": [2, 2, 9], "pivot": [-0.41421, 25.08579, 5], "rotation": [0, 0, -90], "uv": [34, 12]},
						{"origin": [0.70711, 24.79289, 1], "size": [2, 2, 9], "pivot": [1.70711, 24.79289, 5], "rotation": [0, 0, -135], "uv": [34, 0]},
						{"origin": [0.70711, 25.37868, 1], "size": [2, 2, 9], "pivot": [1.70711, 25.37868, 5], "rotation": [0, 0, -45], "uv": [23, 32]},
						{"origin": [-1.29289, 26.79289, 1], "size": [2, 2, 9], "pivot": [-0.29289, 26.79289, 5], "rotation": [0, 0, -135], "uv": [0, 32]},
						{"origin": [-1.29289, 23.37868, 1], "size": [2, 2, 9], "pivot": [-0.29289, 23.37868, 5], "rotation": [0, 0, -45], "uv": [0, 13]},
						{"origin": [-0.5, 24.59289, 10.40711], "size": [1, 1, 1], "pivot": [0, 25.33579, 8.5], "rotation": [0, 90, 0], "uv": [0, 48]},
						{"origin": [-0.5, 24.59289, 5.59289], "size": [1, 1, 1], "pivot": [0, 25.33579, 8.5], "rotation": [0, 90, 0], "uv": [46, 32]},
						{"origin": [-0.5, 22.17, 8], "size": [1, 1, 1], "pivot": [0, 25.33579, 8.5], "rotation": [0, 90, 0], "uv": [4, 46]},
						{"origin": [-0.5, 26.98579, 8], "size": [1, 1, 1], "pivot": [0, 25.33579, 8.5], "rotation": [0, 90, 0], "uv": [26, 44]},
						{"origin": [-0.5, 24.65546, 10.22678], "size": [1, 1, 1], "pivot": [0, 25.33579, 8.5], "rotation": [0, 90, -45], "uv": [44, 24]},
						{"origin": [-0.5, 22.24835, 7.81967], "size": [1, 1, 1], "pivot": [0, 25.33579, 8.5], "rotation": [0, 90, -45], "uv": [14, 44]},
						{"origin": [-0.5, 24.65546, 5.4], "size": [1, 1, 1], "pivot": [0, 25.33579, 8.5], "rotation": [0, 90, -45], "uv": [0, 44]},
						{"origin": [-0.5, 27.06256, 7.81967], "size": [1, 1, 1], "pivot": [0, 25.33579, 8.5], "rotation": [0, 90, -45], "uv": [37, 37]},
						{"origin": [-0.5, 27.06256, 1.81967], "size": [1, 1, 1], "pivot": [0, 25.33579, 2.5], "rotation": [0, 90, -45], "uv": [37, 37]},
						{"origin": [-0.5, 24.59289, -0.40711], "size": [1, 1, 1], "pivot": [0, 25.33579, 2.5], "rotation": [0, 90, 0], "uv": [46, 32]},
						{"origin": [-0.5, 24.65546, -0.6], "size": [1, 1, 1], "pivot": [0, 25.33579, 2.5], "rotation": [0, 90, -45], "uv": [0, 44]},
						{"origin": [-0.5, 22.17, 2], "size": [1, 1, 1], "pivot": [0, 25.33579, 2.5], "rotation": [0, 90, 0], "uv": [4, 46]},
						{"origin": [-0.5, 22.24835, 1.81967], "size": [1, 1, 1], "pivot": [0, 25.33579, 2.5], "rotation": [0, 90, -45], "uv": [14, 44]},
						{"origin": [-0.5, 24.59289, 4.40711], "size": [1, 1, 1], "pivot": [0, 25.33579, 2.5], "rotation": [0, 90, 0], "uv": [0, 48]},
						{"origin": [-0.5, 24.65546, 4.22678], "size": [1, 1, 1], "pivot": [0, 25.33579, 2.5], "rotation": [0, 90, -45], "uv": [44, 24]},
						{"origin": [-0.5, 26.98579, 2], "size": [1, 1, 1], "pivot": [0, 25.33579, 2.5], "rotation": [0, 90, 0], "uv": [26, 44]}
					]
				},
				{
					"name": "shaft",
					"parent": "magazine",
					"pivot": [0, 21, 5.56111],
					"cubes": [
						{"origin": [-0.5, 20.5, 0.8], "size": [1, 1, 9.5], "uv": [22, 43]},
						{"origin": [0, 21, 8], "size": [1, 1, 1], "pivot": [0.5, 21.5, 8.5], "rotation": [0, 0, -45], "uv": [9, 56]},
						{"origin": [0, 20, 8], "size": [1, 1, 1], "pivot": [0.5, 20.5, 8.5], "rotation": [0, 0, -45], "uv": [44, 55]},
						{"origin": [-1, 21, 8], "size": [1, 1, 1], "pivot": [-0.5, 21.5, 8.5], "rotation": [0, 0, -45], "uv": [28, 54]},
						{"origin": [-1, 20, 8], "size": [1, 1, 1], "pivot": [-0.5, 20.5, 8.5], "rotation": [0, 0, -45], "uv": [51, 32]},
						{"origin": [0, 20, 2], "size": [1, 1, 1], "pivot": [0.5, 20.5, 2.5], "rotation": [0, 0, -45], "uv": [4, 50]},
						{"origin": [0, 21, 2], "size": [1, 1, 1], "pivot": [0.5, 21.5, 2.5], "rotation": [0, 0, -45], "uv": [48, 18]},
						{"origin": [-1, 21, 2], "size": [1, 1, 1], "pivot": [-0.5, 21.5, 2.5], "rotation": [0, 0, -45], "uv": [48, 3]},
						{"origin": [-1, 20, 2], "size": [1, 1, 1], "pivot": [-0.5, 20.5, 2.5], "rotation": [0, 0, -45], "uv": [48, 0]}
					]
				},
				{
					"name": "bullet",
					"parent": "magazine",
					"pivot": [0.5, 26.5, 5.5],
					"cubes": [
						{"origin": [0, 26, 2], "size": [1, 1, 7], "uv": [7, 57]}
					]
				},
				{
					"name": "scope",
					"parent": "main",
					"pivot": [0, 28.35, 13.95],
					"cubes": [
						{"origin": [-0.5, 27.85, 14.45], "size": [1, 1, 1], "inflate": -0.4, "uv": [23, 9]}
					]
				},
				{
					"name": "muzzleflash",
					"parent": "main",
					"pivot": [0, 26.95, -18.55],
					"cubes": [
						{"origin": [-0.5, 26.45, -19.05], "size": [1, 1, 1], "inflate": -0.4, "uv": [0, 19]}
					]
				},
				{
					"name": "rightarm",
					"parent": "main",
					"pivot": [-5.4, 13.1, 30.8],
					"rotation": [-94.48462, -4.72719, 0.67262],
					"cubes": [
						{
							"origin": [-9.4, -10.9, 26.8],
							"size": [8, 24, 8],
							"pivot": [-2.4, 1.1, 27.8],
							"rotation": [0, -7.5, 0],
							"uv": {
								"north": {"uv": [81, 193], "uv_size": [8, 24]},
								"east": {"uv": [73, 193], "uv_size": [8, 24]},
								"south": {"uv": [97, 193], "uv_size": [8, 24]},
								"west": {"uv": [89, 193], "uv_size": [8, 24]},
								"up": {"uv": [81, 185], "uv_size": [8, 8]},
								"down": {"uv": [89, 193], "uv_size": [8, -8]}
							}
						}
					]
				},
				{
					"name": "leftarm",
					"parent": "main",
					"pivot": [1.7, 17.7, 30.3],
					"rotation": [-100, 0, -90],
					"cubes": [
						{
							"origin": [-4.77876, -4.81211, 29.36441],
							"size": [8, 24, 8],
							"uv": {
								"north": {"uv": [49, 191], "uv_size": [8, 24]},
								"east": {"uv": [41, 191], "uv_size": [8, 24]},
								"south": {"uv": [65, 191], "uv_size": [8, 24]},
								"west": {"uv": [57, 191], "uv_size": [8, 24]},
								"up": {"uv": [49, 183], "uv_size": [8, 8]},
								"down": {"uv": [57, 191], "uv_size": [8, -8]}
							}
						}
					]
				}
			]
		}
	]
}