{
	"format_version": "1.12.0",
	"minecraft:geometry": [
		{
			"description": {
				"identifier": "geometry.gyroshotgun",
				"texture_width": 256,
				"texture_height": 256,
				"visible_bounds_width": 8,
				"visible_bounds_height": 4,
				"visible_bounds_offset": [0, 1, 0]
			},
			"bones": [
				{
					"name": "main",
					"pivot": [0, 20, 0]
				},
				{
					"name": "gun",
					"parent": "main",
					"pivot": [0, 2.4, -5],
					"cubes": [
						{"origin": [3.58579, 33.58579, -34], "size": [4, 1, 8], "pivot": [5.58579, 25.58579, -34], "rotation": [0, 0, -90], "uv": [39, 54]},
						{"origin": [2.94975, 29.22183, -34], "size": [2, 1, 8], "pivot": [2.94975, 21.22183, -34], "rotation": [0, 0, -45], "uv": [113, 95]},
						{"origin": [-2, 28, -34], "size": [4, 1, 8], "uv": [78, 75]},
						{"origin": [-4.94975, 29.22183, -34], "size": [2, 1, 8], "pivot": [-2.94975, 21.22183, -34], "rotation": [0, 0, 45], "uv": [35, 115]},
						{"origin": [-7.58579, 33.58579, -34], "size": [4, 1, 8], "pivot": [-5.58579, 25.58579, -34], "rotation": [0, 0, 90], "uv": [0, 20]},
						{"origin": [-2, 23, -44], "size": [2, 2, 18], "pivot": [1, 23.4, -34], "rotation": [0, 0, 45], "uv": [86, 0]}
					]
				},
				{
					"name": "body",
					"parent": "gun",
					"pivot": [0, 0, 0],
					"cubes": [
						{"origin": [-2.01421, 17.98579, -20], "size": [4, 3, 6], "uv": [121, 15]},
						{"origin": [-2.01421, 28.47107, -26], "size": [4, 2, 30], "uv": [39, 70]},
						{"origin": [-2.4, 21.6, 1], "size": [4.8, 6.8, 12], "uv": [105, 110]},
						{"origin": [-2, 23.7, 4], "size": [4, 6.8, 10], "pivot": [0, 30.18819, 3.99764], "rotation": [-4.5, 0, 0], "uv": [114, 27]},
						{"origin": [-2, 26.02745, 13.75561], "size": [4, 3.8, 4], "pivot": [0, 29.51564, 13.75326], "rotation": [-50, 0, 0], "uv": [120, 33]},
						{"origin": [-2.9, 18.82593, 20.3991], "size": [5.8, 6, 12], "uv": [70, 110]},
						{"origin": [-1.9, 17.82593, 24.3991], "size": [3.8, 10, 9], "uv": [0, 0]},
						{"origin": [-2.9, 24.82593, 26.3991], "size": [5.8, 4, 6], "uv": [113, 56]},
						{"origin": [-2.4, 21.62593, 19.3991], "size": [4.8, 4.1, 8], "pivot": [0, 26.11412, 17.39674], "rotation": [17.5, 0, 0], "uv": [0, 51]},
						{"origin": [-1.9, 22.6, 13], "size": [3.8, 6, 10], "pivot": [0, 28.08819, 10.99764], "rotation": [-20, 0, 0], "uv": [47, 0]},
						{"origin": [-4, 21.5, -26], "size": [8, 3, 30], "uv": [0, 0]},
						{"origin": [0.42843, 19.4, -20], "size": [3, 4, 6], "uv": [100, 129]},
						{"origin": [-2.01421, 17.98579, -5], "size": [4, 3, 9], "uv": [47, 17]},
						{"origin": [-1.51421, 17.98579, 5], "size": [3, 1, 8], "uv": [113, 75]},
						{"origin": [-1.5, 18.9, 12], "size": [3, 3.1, 1], "uv": [39, 36]},
						{"origin": [-0.91421, 20.48579, 10], "size": [1.8, 2.5, 1], "pivot": [0.48579, 20.98579, 4], "rotation": [-7.5, 0, 0], "uv": [25, 9]},
						{"origin": [-1.51421, 17.19407, 4.9208], "size": [3, 4, 1], "pivot": [0, 18.19407, -1.0792], "rotation": [7.5, 0, 0], "uv": [0, 34]},
						{"origin": [1.01421, 18.4, -5], "size": [2, 4, 9], "pivot": [2.01421, 19.4, -10], "rotation": [0, 0, -45], "uv": [78, 37]},
						{"origin": [0.42843, 19.4, -5], "size": [3, 4, 9], "uv": [0, 67]},
						{"origin": [1.01421, 18.4, -20], "size": [2, 4, 6], "pivot": [2.01421, 19.4, -22], "rotation": [0, 0, -45], "uv": [130, 79]},
						{"origin": [-0.65411, 20.06832, -25.32903], "size": [2, 4, 6], "pivot": [0.34589, 21.06832, -27.32903], "rotation": [-17.5, 0, -45], "uv": [119, 129]},
						{"origin": [-3.01421, 18.4, -5], "size": [2, 4, 9], "pivot": [-2.01421, 19.4, -10], "rotation": [0, 0, 45], "uv": [78, 51]},
						{"origin": [-3.42843, 19.4, -5], "size": [3, 4, 9], "uv": [39, 70]},
						{"origin": [-3.42843, 19.4, -20], "size": [3, 4, 6], "uv": [126, 110]},
						{"origin": [-1.34589, 20.06832, -25.32903], "size": [2, 4, 6], "pivot": [-0.34589, 21.06832, -27.32903], "rotation": [-17.5, 0, 45], "uv": [130, 50]},
						{"origin": [-7.65633, 21.6779, 3.18262], "size": [5.275, 1.975, 9.975], "pivot": [-1.68133, 21.6529, 7.18262], "rotation": [0, 7.5, 45], "uv": [111, 1]},
						{"origin": [-3.01421, 18.4, -20], "size": [2, 4, 6], "pivot": [-2.01421, 19.4, -22], "rotation": [0, 0, 45], "uv": [86, 0]},
						{"origin": [-0.22826, 20.7651, -25.30399], "size": [2, 3, 6], "pivot": [0.77174, 21.7651, -27.30399], "rotation": [-10.08658, 12.4617, -0.44446], "uv": [130, 90]},
						{"origin": [-2, 19.9, -26], "size": [4, 2.5, 7], "uv": [113, 85]},
						{"origin": [6.01421, 23.98579, -26], "size": [2, 4, 30], "pivot": [2.01421, 21.98579, -22], "rotation": [0, 0, -45], "uv": [78, 75]},
						{"origin": [4.68133, 21.6529, 3.18262], "size": [3, 6, 10], "pivot": [1.68133, 21.6529, 7.18262], "rotation": [0, -7.5, -45], "uv": [39, 37]},
						{"origin": [-7.98579, 23.98579, -26], "size": [2, 4, 30], "pivot": [-1.98579, 21.98579, -22], "rotation": [0, 0, 45], "uv": [78, 40]},
						{"origin": [4.01421, 21.98579, -26], "size": [4, 2, 30], "pivot": [2.01421, 21.98579, -22], "rotation": [0, 0, -45], "uv": [39, 37]},
						{"origin": [2.38133, 21.6779, 3.18262], "size": [5.275, 1.975, 9.975], "pivot": [1.68133, 21.6529, 7.18262], "rotation": [0, -7.5, -45], "uv": [87, 22]},
						{"origin": [-1.77174, 20.7651, -25.30399], "size": [2, 3, 6], "pivot": [-0.77174, 21.7651, -27.30399], "rotation": [-10.08658, -12.4617, 0.44446], "uv": [107, 21]},
						{"origin": [-7.68133, 21.6529, 3.18262], "size": [3, 6, 10], "pivot": [-1.68133, 21.6529, 7.18262], "rotation": [0, 7.5, 45], "uv": [0, 34]},
						{"origin": [-8.01421, 21.98579, -26], "size": [4, 2, 30], "pivot": [-2.01421, 21.98579, -22], "rotation": [0, 0, 45], "uv": [0, 34]},
						{"origin": [-3, 24, -26], "size": [6, 5, 2], "uv": [-4, 0]},
						{"origin": [1, 28, -7], "size": [2, 2, 2], "pivot": [2, 28, -6], "rotation": [0, 0, 45], "uv": [17, 39]},
						{"origin": [1.5, 29.5, -6.5], "size": [1, 1, 1], "pivot": [2, 28, -6], "rotation": [0, 0, 45], "uv": [25, 57]},
						{"origin": [-3, 28, -55], "size": [2, 2, 2], "pivot": [-2, 28, -30], "rotation": [180, 0, 135], "uv": [17, 34]},
						{"origin": [-2.5, 29.5, -54.5], "size": [1, 1, 1], "pivot": [-2, 28, -30], "rotation": [180, 0, 135], "uv": [25, 26]}
					]
				},
				{
					"name": "cog",
					"parent": "gun",
					"pivot": [0, 29.92741, -21.50355],
					"cubes": [
						{"origin": [-0.5, 28.9, -22.1], "size": [1, 3, 3], "pivot": [0, 28.9, -20.1], "rotation": [45, 0, 0], "uv": [17, 20]},
						{"origin": [-0.75, 29.6, -22.1], "size": [1.5, 2, 2], "pivot": [0.25, 29.6, -20.1], "rotation": [45, 0, 0], "uv": [0, 20]},
						{"origin": [-1.5, 30.4, -22.1], "size": [3, 1, 1], "pivot": [1, 30.4, -20.1], "rotation": [45, 0, 0], "uv": [0, 40]},
						{"origin": [-0.5, 29.19289, -20.29289], "size": [1, 1, 1], "uv": [70, 20]},
						{"origin": [-0.5, 29.19289, -23.70711], "size": [1, 1, 1], "uv": [70, 17]},
						{"origin": [-0.5, 30.9, -22], "size": [1, 1, 1], "uv": [16, 70]},
						{"origin": [-0.5, 27.48579, -22], "size": [1, 1, 1], "uv": [25, 69]},
						{"origin": [-0.5, 30.98579, -22], "size": [1, 1, 1], "uv": [25, 69]},
						{"origin": [-0.5, 30.9, -20.58579], "size": [1, 1, 1], "pivot": [0, 30.9, -19.58579], "rotation": [45, 0, 0], "uv": [69, 0]},
						{"origin": [-0.5, 28.07157, -20.41421], "size": [1, 1, 1], "pivot": [0, 28.07157, -20], "rotation": [45, 0, 0], "uv": [69, 3]},
						{"origin": [-0.5, 29.19289, -23.29289], "size": [1, 1, 1], "pivot": [0, 29.19289, -21.29289], "rotation": [45, 0, 0], "uv": [4, 69]},
						{"origin": [-0.5, 30.9, -23], "size": [1, 1, 1], "pivot": [0, 30.9, -22], "rotation": [45, 0, 0], "uv": [69, 6]}
					]
				},
				{
					"name": "cog2",
					"parent": "gun",
					"pivot": [-1, 29.77665, -0.50388],
					"cubes": [
						{"origin": [-1.5, 28.9, -1.1], "size": [1, 3, 3], "pivot": [-1, 28.9, 0.9], "rotation": [45, 0, 0], "uv": [16, 0]},
						{"origin": [-1.75, 29.6, -1.1], "size": [1.5, 2, 2], "pivot": [-0.75, 29.6, 0.9], "rotation": [45, 0, 0], "uv": [47, 0]},
						{"origin": [-2, 30.4, -1.1], "size": [2, 1, 1], "pivot": [-1, 30.4, 0.9], "rotation": [45, 0, 0], "uv": [1, 25]},
						{"origin": [-1.5, 29.19289, 0.70711], "size": [1, 1, 1], "uv": [21, 67]},
						{"origin": [-1.5, 29.19289, -2.70711], "size": [1, 1, 1], "uv": [16, 67]},
						{"origin": [-1.5, 30.9, -1], "size": [1, 1, 1], "uv": [0, 67]},
						{"origin": [-1.5, 27.48579, -1], "size": [1, 1, 1], "uv": [65, 23]},
						{"origin": [-1.5, 30.9, 0.41421], "size": [1, 1, 1], "pivot": [-1, 30.9, 1.41421], "rotation": [45, 0, 0], "uv": [65, 20]},
						{"origin": [-1.5, 28.07157, 0.58579], "size": [1, 1, 1], "pivot": [-1, 28.07157, 1], "rotation": [45, 0, 0], "uv": [65, 17]},
						{"origin": [-1.5, 29.19289, -2.29289], "size": [1, 1, 1], "pivot": [-1, 29.19289, -0.29289], "rotation": [45, 0, 0], "uv": [64, 60]},
						{"origin": [-1.5, 30.9, -2], "size": [1, 1, 1], "pivot": [-1, 30.9, -1], "rotation": [45, 0, 0], "uv": [64, 6]}
					]
				},
				{
					"name": "cog3",
					"parent": "gun",
					"pivot": [1, 29.77665, -0.50388],
					"cubes": [
						{"origin": [0.5, 28.9, -1.1], "size": [1, 3, 3], "pivot": [1, 28.9, 0.9], "rotation": [45, 0, 0], "uv": [0, 0]},
						{"origin": [0.25, 29.6, -1.1], "size": [1.5, 2, 2], "pivot": [1.25, 29.6, 0.9], "rotation": [45, 0, 0], "uv": [40, 41]},
						{"origin": [0, 30.4, -1.1], "size": [2, 1, 1], "pivot": [3, 30.4, 0.9], "rotation": [45, 0, 0], "uv": [22, 0]},
						{"origin": [0.5, 29.19289, 0.70711], "size": [1, 1, 1], "uv": [64, 3]},
						{"origin": [0.5, 29.19289, -2.70711], "size": [1, 1, 1], "uv": [64, 0]},
						{"origin": [0.5, 30.9, -1], "size": [1, 1, 1], "uv": [63, 54]},
						{"origin": [0.5, 27.48579, -1], "size": [1, 1, 1], "uv": [63, 37]},
						{"origin": [0.5, 30.9, 0.41421], "size": [1, 1, 1], "pivot": [1, 30.9, 1.41421], "rotation": [45, 0, 0], "uv": [62, 57]},
						{"origin": [0.5, 28.07157, 0.58579], "size": [1, 1, 1], "pivot": [1, 28.07157, 1], "rotation": [45, 0, 0], "uv": [62, 44]},
						{"origin": [0.5, 29.19289, -2.29289], "size": [1, 1, 1], "pivot": [1, 29.19289, -0.29289], "rotation": [45, 0, 0], "uv": [62, 40]},
						{"origin": [0.5, 30.9, -2], "size": [1, 1, 1], "pivot": [1, 30.9, -1], "rotation": [45, 0, 0], "uv": [25, 60]}
					]
				},
				{
					"name": "gyro",
					"parent": "gun",
					"pivot": [4.5, 30.5, -6],
					"rotation": [0, 0, 45],
					"cubes": [
						{"origin": [4, 30, -6.5], "size": [1, 1, 1], "uv": [25, 38]},
						{"origin": [1, 30, -7.4], "size": [1, 1, 2.8], "uv": [56, 58]},
						{"origin": [7, 30, -7.4], "size": [1, 1, 2.8], "uv": [39, 58]},
						{"origin": [7, 30, -7.4], "size": [1, 1, 2.8], "pivot": [4.5, 26.5, -6], "rotation": [0, -90, 0], "uv": [56, 41]},
						{"origin": [1, 30, -7.4], "size": [1, 1, 2.8], "pivot": [4.5, 26.5, -6], "rotation": [0, -90, 0], "uv": [56, 54]},
						{"origin": [7, 30, -7.4], "size": [1, 1, 2.8], "pivot": [4.5, 26.5, -6], "rotation": [0, 45, 0], "uv": [39, 54]},
						{"origin": [1, 30, -7.4], "size": [1, 1, 2.8], "pivot": [4.5, 26.5, -6], "rotation": [0, -45, 0], "uv": [0, 55]},
						{"origin": [1, 30, -7.4], "size": [1, 1, 2.8], "pivot": [4.5, 26.5, -6], "rotation": [0, 45, 0], "uv": [17, 55]},
						{"origin": [7, 30, -7.4], "size": [1, 1, 2.8], "pivot": [4.5, 26.5, -6], "rotation": [0, -45, 0], "uv": [56, 37]}
					]
				},
				{
					"name": "gyro2",
					"parent": "gun",
					"pivot": [-4.45685, 30.55685, -6],
					"rotation": [0, 180, -45],
					"cubes": [
						{"origin": [-4.95685, 30.05685, -6.5], "size": [1, 1, 1], "uv": [25, 13]},
						{"origin": [-7.95685, 30.05685, -7.4], "size": [1, 1, 2.8], "uv": [22, 53]},
						{"origin": [-1.95685, 30.05685, -7.4], "size": [1, 1, 2.8], "uv": [17, 51]},
						{"origin": [-1.95685, 30.05685, -7.4], "size": [1, 1, 2.8], "pivot": [-4.45685, 26.55685, -6], "rotation": [0, -90, 0], "uv": [0, 51]},
						{"origin": [-7.95685, 30.05685, -7.4], "size": [1, 1, 2.8], "pivot": [-4.45685, 26.55685, -6], "rotation": [0, -90, 0], "uv": [47, 21]},
						{"origin": [-1.95685, 30.05685, -7.4], "size": [1, 1, 2.8], "pivot": [-4.45685, 26.55685, -6], "rotation": [0, 45, 0], "uv": [47, 17]},
						{"origin": [-7.95685, 30.05685, -7.4], "size": [1, 1, 2.8], "pivot": [-4.45685, 26.55685, -6], "rotation": [0, -45, 0], "uv": [47, 5]},
						{"origin": [-7.95685, 30.05685, -7.4], "size": [1, 1, 2.8], "pivot": [-4.45685, 26.55685, -6], "rotation": [0, 45, 0], "uv": [23, 18]},
						{"origin": [-1.95685, 30.05685, -7.4], "size": [1, 1, 2.8], "pivot": [-4.45685, 26.55685, -6], "rotation": [0, -45, 0], "uv": [23, 5]}
					]
				},
				{
					"name": "magazine",
					"parent": "main",
					"pivot": [0, 2, -2],
					"cubes": [
						{"origin": [-2.70711, 19.70711, -14], "size": [2, 2, 9], "pivot": [-1.70711, 19.70711, -13], "rotation": [0, 0, 45], "uv": [113, 44]},
						{"origin": [-1, 17, -14], "size": [2, 2, 9], "uv": [0, 112]},
						{"origin": [-1, 19.82843, -14], "size": [2, 2, 9], "uv": [78, 85]},
						{"origin": [0.41421, 18.41421, -14], "size": [2, 2, 9], "uv": [35, 103]},
						{"origin": [0.70711, 17.70711, -14], "size": [2, 2, 9], "pivot": [1.70711, 17.70711, -13], "rotation": [0, 0, -45], "uv": [93, 110]},
						{"origin": [0.70711, 19.70711, -14], "size": [2, 2, 9], "pivot": [1.70711, 19.70711, -13], "rotation": [0, 0, -45], "uv": [39, 84]},
						{"origin": [-2.41421, 18.41421, -14], "size": [2, 2, 9], "uv": [0, 100]},
						{"origin": [-2.70711, 17.70711, -14], "size": [2, 2, 9], "pivot": [-1.70711, 17.70711, -13], "rotation": [0, 0, 45], "uv": [0, 81]}
					]
				},
				{
					"name": "scope",
					"parent": "main",
					"pivot": [0, 31.85, 5.95],
					"cubes": [
						{
							"origin": [-0.5, 31.35, 5.45],
							"size": [1, 1, 1],
							"inflate": -0.4,
							"uv": {
								"north": {"uv": [58, 52], "uv_size": [1, 1]},
								"east": {"uv": [57, 52], "uv_size": [1, 1]},
								"south": {"uv": [60, 52], "uv_size": [1, 1]},
								"west": {"uv": [59, 52], "uv_size": [1, 1]},
								"up": {"uv": [58, 51], "uv_size": [1, 1]},
								"down": {"uv": [59, 52], "uv_size": [1, -1]}
							}
						}
					]
				},
				{
					"name": "muzzleflash",
					"parent": "main",
					"pivot": [0, 25.35, -45.05],
					"cubes": [
						{
							"origin": [-0.5, 24.85, -45.55],
							"size": [1, 1, 1],
							"inflate": -0.4,
							"uv": {
								"north": {"uv": [55, 57], "uv_size": [1, 1]},
								"east": {"uv": [54, 57], "uv_size": [1, 1]},
								"south": {"uv": [57, 57], "uv_size": [1, 1]},
								"west": {"uv": [56, 57], "uv_size": [1, 1]},
								"up": {"uv": [55, 56], "uv_size": [1, 1]},
								"down": {"uv": [56, 57], "uv_size": [1, -1]}
							}
						}
					]
				},
				{
					"name": "rightarm",
					"parent": "main",
					"pivot": [-6.3, 12.8, 28.8],
					"rotation": [-101.81106, -12.40003, -2.46982],
					"cubes": [
						{
							"origin": [-10.3, -11.2, 24.8],
							"size": [8, 24, 8],
							"uv": {
								"north": {"uv": [81, 193], "uv_size": [8, 24]},
								"east": {"uv": [73, 193], "uv_size": [8, 24]},
								"south": {"uv": [97, 193], "uv_size": [8, 24]},
								"west": {"uv": [89, 193], "uv_size": [8, 24]},
								"up": {"uv": [81, 185], "uv_size": [8, 8]},
								"down": {"uv": [89, 193], "uv_size": [8, -8]}
							}
						}
					]
				},
				{
					"name": "leftarm",
					"parent": "main",
					"pivot": [10.7, 11.3, -2.6],
					"rotation": [-119.61483, 1.67666, -38.31282],
					"cubes": [
						{
							"origin": [6.7, -12.7, -6.3],
							"size": [8, 24, 8],
							"uv": {
								"north": {"uv": [49, 191], "uv_size": [8, 24]},
								"east": {"uv": [41, 191], "uv_size": [8, 24]},
								"south": {"uv": [65, 191], "uv_size": [8, 24]},
								"west": {"uv": [57, 191], "uv_size": [8, 24]},
								"up": {"uv": [49, 183], "uv_size": [8, 8]},
								"down": {"uv": [57, 191], "uv_size": [8, -8]}
							}
						}
					]
				}
			]
		}
	]
}