{
	"format_version": "1.12.0",
	"minecraft:geometry": [
		{
			"description": {
				"identifier": "geometry.gyroshotgun",
				"texture_width": 256,
				"texture_height": 256,
				"visible_bounds_width": 9,
				"visible_bounds_height": 4,
				"visible_bounds_offset": [0, 1, 0]
			},
			"bones": [
				{
					"name": "main",
					"pivot": [0, 20, 0]
				},
				{
					"name": "gun",
					"parent": "main",
					"pivot": [0, 2.4, -5]
				},
				{
					"name": "body",
					"parent": "gun",
					"pivot": [0, 0, 0],
					"cubes": [
						{"origin": [-1.7, 22.4, -43], "size": [3.3, 2.8, 12], "pivot": [-0.05, 23.8, -6], "rotation": [0, 0, -45], "uv": [0, 19]},
						{"origin": [-2.3, 23, -43], "size": [4.5, 4, 51], "uv": [0, 75]},
						{"origin": [-1.3, 24, -43], "size": [2.6, 4, 51], "uv": [77, 0]},
						{"origin": [-1.725, 17.025, -25], "size": [3.425, 3.975, 33], "uv": [0, 0]},
						{"origin": [-1.7152, 18.24982, 5.59403], "size": [3.425, 3.975, 5], "pivot": [2.2098, 20.22482, 8.09403], "rotation": [50, 0, 0], "uv": [15, 55]},
						{"origin": [-1.15, 17.2, -31], "size": [2.3, 2.8, 6], "uv": [55, 36]},
						{"origin": [-3.6951, 19.0201, -31], "size": [7.375, 6, 39], "uv": [124, 107]},
						{"origin": [-2.2, 12.30385, 21.45448], "size": [4.5, 6, 10], "uv": [77, 0]},
						{"origin": [-2.2, 13.21753, 31.3946], "size": [4.5, 6, 10], "pivot": [-1.4, 13.21753, 38.3946], "rotation": [7.5, 0, 0], "uv": [39, 17]},
						{"origin": [-2.3, 13.61558, 32.16388], "size": [4.5, 10, 10], "uv": [37, 36]},
						{"origin": [-2.3, 22.61558, 33.16388], "size": [4.5, 2, 9], "uv": [37, 56]},
						{"origin": [-2.3, 14.61558, 42.16388], "size": [4.5, 9, 1], "uv": [0, 0]},
						{"origin": [-2.3, 21.70086, 33.50703], "size": [4.5, 1.4, 1], "pivot": [-1.5, 33.10086, 36.50703], "rotation": [45, 0, 0], "uv": [0, 28]},
						{"origin": [-2.3, 6.1618, 20.9876], "size": [4.5, 1.4, 1], "pivot": [-1.5, 17.5618, 23.9876], "rotation": [137.5, 0, 0], "uv": [18, 27]},
						{"origin": [-2.3, -3.1382, 30.1876], "size": [4.5, 1.4, 1], "pivot": [-1.5, 8.2618, 33.1876], "rotation": [137.5, 0, 0], "uv": [18, 25]},
						{"origin": [-2.3, 16.61558, 25.06388], "size": [4.5, 6, 11.1], "pivot": [-1.5, 16.61558, 32.16388], "rotation": [30, 0, 0], "uv": [39, 0]},
						{"origin": [-2.3, 14.61558, 32.16388], "size": [5.5, 9, 10], "uv": [0, 36]},
						{"origin": [3.3799, 14.61558, 43.31536], "size": [1, 9, 1.4], "pivot": [5.1799, 12.61558, 41.31536], "rotation": [0, -45, 0], "uv": [24, 36]},
						{"origin": [2.9799, 15.11558, 33.31536], "size": [1.4, 7.8, 1.4], "pivot": [5.1799, 12.61558, 31.31536], "rotation": [0, -45, 0], "uv": [28, 36]},
						{"origin": [3.3799, 24.76705, 46.16388], "size": [1, 9, 1.4], "pivot": [5.1799, 22.76705, 44.16388], "rotation": [90, 0, -45], "uv": [4, 36]},
						{"origin": [-2.50307, 17.54228, -25], "size": [2, 2.8, 33], "pivot": [-1.50307, 18.24228, -24], "rotation": [0, 0, -45], "uv": [43, 131]},
						{"origin": [-1.93787, 17.70208, -31], "size": [2, 2.8, 6], "pivot": [-0.93787, 18.40208, -57], "rotation": [0, 0, -45], "uv": [54, 56]},
						{"origin": [-3.47782, 24.10797, -31], "size": [2, 2.8, 39], "pivot": [-2.47782, 24.80797, -24], "rotation": [0, 0, 45], "uv": [132, 0]},
						{"origin": [-2.38266, 25.97553, -43], "size": [1, 1.8, 51], "pivot": [-1.38266, 25.67553, -24], "rotation": [0, 0, 27.5], "uv": [59, 79]},
						{"origin": [-0.06213, 17.70208, -31], "size": [2, 2.8, 6], "pivot": [0.93787, 18.40208, -57], "rotation": [0, 0, 45], "uv": [57, 17]},
						{"origin": [1.38266, 25.97553, -43], "size": [1, 1.8, 51], "pivot": [1.38266, 25.67553, -24], "rotation": [0, 0, -27.5], "uv": [112, 55]},
						{"origin": [-1, 15.6, 2.4], "size": [2, 1, 5], "pivot": [0, 15.6, 5.4], "rotation": [-70, 0, 0], "uv": [18, 19]},
						{"origin": [-1, 13.677, 6.08309], "size": [2, 1, 8], "pivot": [0, 13.677, 7.08309], "rotation": [-2.5, 0, 0], "uv": [77, 16]},
						{"origin": [-1, 14.04725, 13.8137], "size": [2, 1, 4], "pivot": [0, 14.04725, 14.8137], "rotation": [42.5, 0, 0], "uv": [0, 19]},
						{"origin": [-0.6, 16.19087, 10.61466], "size": [1.2, 1, 4], "pivot": [0, 16.19087, 11.61466], "rotation": [59.5, 0, 0], "uv": [20, 0]},
						{"origin": [-2.6, 20.7359, 5.94103], "size": [5.1, 5.3, 14.925], "pivot": [-0.8, 23.0359, 6.86603], "rotation": [-30, 0, 0], "uv": [60, 76]},
						{"origin": [-1.2, 26.58795, 3.65466], "size": [1, 1.2, 2], "inflate": -0.3, "pivot": [0.3, 26.58795, 3.65466], "rotation": [42.5, 0, 0], "uv": [26, 0]},
						{"origin": [0.2, 27.5, 4], "size": [1, 1.2, 2], "inflate": -0.3, "uv": [27, 19]},
						{"origin": [0.2, 26.58795, 3.65466], "size": [1, 1.2, 2], "inflate": -0.3, "pivot": [0.2, 26.58795, 3.65466], "rotation": [42.5, 0, 0], "uv": [25, 5]},
						{"origin": [-4.3799, 24.76705, 46.16388], "size": [1, 9, 1.4], "pivot": [-5.1799, 22.76705, 44.16388], "rotation": [90, 0, 45], "uv": [20, 36]},
						{"origin": [-3.2, 14.61558, 32.16388], "size": [5.5, 9, 10], "uv": [0, 0]},
						{"origin": [-4.3799, 15.11558, 33.31536], "size": [1.4, 7.8, 1.4], "pivot": [-5.1799, 12.61558, 31.31536], "rotation": [0, 45, 0], "uv": [37, 36]},
						{"origin": [0.50307, 17.54228, -25], "size": [2, 2.8, 33], "pivot": [1.50307, 18.24228, -24], "rotation": [0, 0, 45], "uv": [0, 36]},
						{"origin": [-4.3799, 14.61558, 43.31536], "size": [1, 9, 1.4], "pivot": [-5.1799, 12.61558, 41.31536], "rotation": [0, 45, 0], "uv": [0, 36]},
						{"origin": [-2.3, 21.0359, 5.86603], "size": [4.5, 6, 19], "pivot": [-0.8, 23.0359, 6.86603], "rotation": [-30, 0, 0], "uv": [0, 75]},
						{"origin": [1.47782, 24.10797, -31], "size": [2, 2.8, 39], "pivot": [2.47782, 24.80797, -24], "rotation": [0, 0, -45], "uv": [0, 130]},
						{"origin": [-1.2, 27.5, 4], "size": [1, 1.2, 2], "inflate": -0.3, "uv": [5, 24]},
						{"origin": [-18.53, 17.99396, -72], "size": [2, 2, 73], "pivot": [-16.51493, 43.36468, -93.5], "rotation": [0, 0, -45], "uv": [0, 0]},
						{"origin": [-0.55, 27.2, -41.7], "size": [1.1, 1.4, 3], "inflate": -0.3, "uv": [0, 24]},
						{"origin": [-0.55, 27.46281, -39.77403], "size": [1.1, 1.4, 3.2], "inflate": -0.3, "pivot": [0.3, 27.46281, -39.77403], "rotation": [-27.5, 0, 0], "uv": [20, 5]}
					]
				},
				{
					"name": "magazine",
					"parent": "main",
					"pivot": [0, 2, -2],
					"cubes": [
						{"origin": [-0.725, 15.025, -11], "size": [1.425, 4.975, 11], "uv": [27, 75]},
						{"origin": [-1.225, 14.725, -11.2], "size": [2.425, 2.175, 11.4], "uv": [0, 55]}
					]
				},
				{
					"name": "scope",
					"parent": "main",
					"pivot": [0, 28.45, 12.95],
					"cubes": [
						{"origin": [-0.5, 27.95, 12.45], "size": [1, 1, 1], "inflate": -0.4, "uv": [0, 19]}
					]
				},
				{
					"name": "muzzleflash",
					"parent": "main",
					"pivot": [0, 25.35, -73.05],
					"cubes": [
						{"origin": [-0.5, 24.85, -73.55], "size": [1, 1, 1], "inflate": -0.4, "uv": [8, 19]}
					]
				},
				{
					"name": "rightarm",
					"parent": "main",
					"pivot": [-10.3, 8.8, 29.8],
					"rotation": [-102.26219, -19.73565, -0.84332],
					"cubes": [
						{
							"origin": [-14.3, -15.2, 25.8],
							"size": [8, 24, 8],
							"pivot": [-7.3, -3.2, 26.8],
							"rotation": [0, -7.5, 0],
							"uv": {
								"north": {"uv": [81, 193], "uv_size": [8, 24]},
								"east": {"uv": [73, 193], "uv_size": [8, 24]},
								"south": {"uv": [97, 193], "uv_size": [8, 24]},
								"west": {"uv": [89, 193], "uv_size": [8, 24]},
								"up": {"uv": [81, 185], "uv_size": [8, 8]},
								"down": {"uv": [89, 193], "uv_size": [8, -8]}
							}
						}
					]
				},
				{
					"name": "leftarm",
					"parent": "main",
					"pivot": [10.7, 11.3, -2.6],
					"rotation": [-119.61483, 1.67666, -38.31282],
					"cubes": [
						{
							"origin": [4.22124, -11.21211, -3.53559],
							"size": [8, 24, 8],
							"uv": {
								"north": {"uv": [49, 191], "uv_size": [8, 24]},
								"east": {"uv": [41, 191], "uv_size": [8, 24]},
								"south": {"uv": [65, 191], "uv_size": [8, 24]},
								"west": {"uv": [57, 191], "uv_size": [8, 24]},
								"up": {"uv": [49, 183], "uv_size": [8, 8]},
								"down": {"uv": [57, 191], "uv_size": [8, -8]}
							}
						}
					]
				}
			]
		}
	]
}