{
	"format_version": "1.12.0",
	"minecraft:geometry": [
		{
			"description": {
				"identifier": "geometry.unknown",
				"texture_width": 256,
				"texture_height": 256,
				"visible_bounds_width": 8,
				"visible_bounds_height": 4,
				"visible_bounds_offset": [0, 1, 0]
			},
			"bones": [
				{
					"name": "main",
					"pivot": [0, 20, 0]
				},
				{
					"name": "rightarm",
					"parent": "main",
					"pivot": [-4.3, 11.8, 36.8],
					"rotation": [-101.81106, -12.40003, -2.46982],
					"cubes": [
						{"origin": [-8.3, -12.2, 32.8], "size": [8, 24, 8], "uv": [0, 44]}
					]
				},
				{
					"name": "leftarm",
					"parent": "main",
					"pivot": [11.7, 8.3, 9.4],
					"rotation": [-119.61483, 1.67666, -38.31282],
					"cubes": [
						{"origin": [7.7, -15.7, 5.4], "size": [8, 24, 8], "uv": [0, 0]}
					]
				},
				{
					"name": "muzzleflash",
					"parent": "main",
					"pivot": [0, 6.35, -58.25],
					"cubes": [
						{"origin": [-0.5, 5.85, -58.55], "size": [1, 1, 1], "inflate": -0.4, "uv": [26, 34]}
					]
				},
				{
					"name": "scope",
					"parent": "main",
					"pivot": [0, 32.55, 4.75],
					"cubes": [
						{"origin": [-0.5, 32.05, 4.45], "size": [1, 1, 1], "inflate": -0.4, "uv": [27, 69]}
					]
				},
				{
					"name": "gun",
					"parent": "main",
					"pivot": [0.08579, 6.08579, 0],
					"cubes": [
						{"origin": [2, 8, -8], "size": [2, 4, 22], "pivot": [4, 10, 0], "rotation": [0, 0, -45], "uv": [0, 132]},
						{"origin": [-4.12132, 0.87868, -8], "size": [2, 4, 22], "pivot": [-3.12132, 2.87868, 0], "rotation": [0, 0, -45], "uv": [118, 73]},
						{"origin": [-4.12132, 7.29289, -8], "size": [2, 4, 22], "pivot": [-3.12132, 9.29289, 0], "rotation": [0, 0, 45], "uv": [120, 30]},
						{"origin": [2, 0.17157, -8], "size": [2, 4, 22], "pivot": [4, 2.17157, 0], "rotation": [0, 0, 45], "uv": [112, 117]},
						{"origin": [-0.41421, 7.41421, -8], "size": [1, 5, 22], "pivot": [0.58579, 10.41421, 0], "rotation": [0, 0, 90], "uv": [138, 126]},
						{"origin": [-0.41421, -2.24264, -8], "size": [1, 5, 22], "pivot": [0.58579, 0.75736, 0], "rotation": [0, 0, 90], "uv": [48, 134]},
						{"origin": [-5.24264, 3.58579, -8], "size": [3, 5, 22], "uv": [92, 46]},
						{"origin": [4.41421, 3.58579, -8], "size": [1, 5, 22], "uv": [138, 99]},
						{"origin": [-2.91421, 1.46447, -8], "size": [5.5, 8.94975, 22], "uv": [92, 0]},
						{"origin": [2.08579, 3.46447, -8], "size": [2.5, 5.94975, 22], "uv": [92, 90]},
						{"origin": [-6.91421, 12.08579, -9], "size": [14, 1, 3], "uv": [0, 37]},
						{"origin": [-4.91421, 13.08579, -8], "size": [1, 4, 1], "uv": [61, 68]},
						{"origin": [4.08579, 13.08579, -8], "size": [1, 4, 1], "uv": [38, 68]},
						{"origin": [-1.32843, 14.32843, -8], "size": [1, 7.17157, 1], "pivot": [-0.32843, 17.5, -8], "rotation": [0, 0, 90], "uv": [32, 60]},
						{"origin": [4.08579, 17.08579, -8], "size": [1, 2, 1], "pivot": [5.08579, 17.08579, -8], "rotation": [0, 0, -45], "uv": [32, 17]},
						{"origin": [-5.20711, 16.37868, -8], "size": [1, 2, 1], "pivot": [-4.20711, 16.37868, -8], "rotation": [0, 0, 45], "uv": [32, 8]},
						{"origin": [-5.4916, 12.08579, -6.09369], "size": [1, 1, 12], "pivot": [-5.4916, 12.08579, -5.09369], "rotation": [0, 25, 0], "uv": [61, 46]},
						{"origin": [4.75686, 12.08579, -6.51631], "size": [1, 1, 12], "pivot": [4.75686, 12.08579, -5.51631], "rotation": [0, -25, 0], "uv": [61, 19]},
						{"origin": [-0.91421, 12.08579, 4], "size": [2, 1, 11], "uv": [61, 64]},
						{"origin": [-0.91421, 11.89305, 13.24014], "size": [2, 1, 6], "pivot": [0.08579, 11.89305, 14.24014], "rotation": [-77.5, 0, 0], "uv": [24, 44]},
						{"origin": [-2.5, 7.01157, 15.32234], "size": [5, 1, 9], "uv": [0, 76]},
						{"origin": [-1.5, 8.08579, 17], "size": [3, 4, 6], "uv": [68, 32]},
						{"origin": [-1.5, 11.08458, 17.39512], "size": [3, 5, 6], "pivot": [0.08579, 10.08458, 19.39512], "rotation": [15, 0, 0], "uv": [92, 46]},
						{"origin": [-1.5, 14.62111, 16.4293], "size": [3, 6, 6], "pivot": [0.08579, 14.62111, 18.4293], "rotation": [35, 0, 0], "uv": [69, 0]},
						{"origin": [5.08579, 10.08579, -9], "size": [2, 2, 2], "uv": [34, 44]},
						{"origin": [5.08579, 10.08579, -7], "size": [2, 2, 7], "pivot": [6.08579, 11.08579, -5.5], "rotation": [0, 0, 45], "uv": [67, 76]},
						{"origin": [4.08579, 8.08579, -2.5], "size": [2, 3, 2], "inflate": -0.3, "pivot": [5.08579, 10.08579, -5.5], "rotation": [0, 0, 45], "uv": [34, 0]},
						{"origin": [-6.91421, 10.08579, -7], "size": [2, 2, 7], "pivot": [-5.91421, 11.08579, -5.5], "rotation": [0, 0, 45], "uv": [19, 76]},
						{"origin": [-5.91421, 9.08579, -2.5], "size": [3, 2, 2], "inflate": -0.3, "pivot": [-4.91421, 10.08579, -5.5], "rotation": [0, 0, 45], "uv": [46, 28]},
						{"origin": [-6.91421, 10.08579, -9], "size": [2, 2, 2], "uv": [0, 44]},
						{"origin": [4.08579, 2.08579, -4], "size": [4, 4, 15], "pivot": [6.08579, 3.08579, 0], "rotation": [0, 0, 45], "uv": [46, 0]},
						{"origin": [-8.91421, 2.08579, -4], "size": [4, 4, 7], "pivot": [-6.91421, 3.08579, 0], "rotation": [0, 0, 45], "uv": [61, 90]},
						{"origin": [-8.91421, 2.08579, 8], "size": [4, 4, 2], "pivot": [-6.91421, 3.08579, 8], "rotation": [0, 0, 45], "uv": [75, 25]},
						{"origin": [-8.91421, 2.08579, 2], "size": [4, 4, 10], "inflate": -0.5, "pivot": [-6.91421, 3.08579, 7], "rotation": [0, 0, 45], "uv": [92, 30]},
						{"origin": [6.08579, 8.08579, -9], "size": [1, 2, 2], "uv": [67, 54]},
						{"origin": [5.91528, 6.18055, -9], "size": [1, 2, 2], "pivot": [5.91528, 6.18055, -8], "rotation": [0, 0, 5], "uv": [67, 27]},
						{"origin": [-6.88135, 6.0934, -9], "size": [1, 2, 2], "pivot": [-6.88135, 6.0934, -8], "rotation": [0, 0, -5], "uv": [36, 26]},
						{"origin": [-7.05566, 8.08579, -9], "size": [1, 2, 2], "uv": [24, 44]},
						{"origin": [5.64286, 4.25203, -9], "size": [1, 2, 2], "pivot": [5.64286, 4.25203, -8], "rotation": [0, 0, 8], "uv": [65, 66]},
						{"origin": [-6.603, 4.11286, -9], "size": [1, 2, 2], "pivot": [-6.603, 4.11286, -8], "rotation": [0, 0, -8], "uv": [0, 48]},
						{"origin": [-6.08536, 2.18101, -9], "size": [1, 2, 2], "pivot": [-6.08536, 2.18101, -8], "rotation": [0, 0, -15], "uv": [61, 64]},
						{"origin": [5.14956, 2.43983, -9], "size": [1, 2, 2], "pivot": [5.14956, 2.43983, -8], "rotation": [0, 0, 15], "uv": [54, 9]},
						{"origin": [4.36395, 0.79101, -9], "size": [1, 2, 2], "pivot": [4.36395, 0.79101, -8], "rotation": [0, 0, 25], "uv": [36, 64]},
						{"origin": [-5.24013, 0.36839, -9], "size": [1, 2, 2], "pivot": [-5.24013, 0.36839, -8], "rotation": [0, 0, -25], "uv": [56, 37]},
						{"origin": [3.21863, -0.52091, -9], "size": [1, 2, 2], "pivot": [3.21863, -0.52091, -8], "rotation": [0, 0, 40], "uv": [62, 37]},
						{"origin": [-3.95455, -1.1637, -9], "size": [1, 2, 2], "pivot": [-3.95455, -1.1637, -8], "rotation": [0, 0, -40], "uv": [36, 60]},
						{"origin": [1.84142, -0.52618, -9], "size": [1, 2, 2], "pivot": [1.84142, -0.52618, -8], "rotation": [0, 0, 80], "uv": [61, 54]},
						{"origin": [-1.98494, -1.51099, -9], "size": [1, 2, 2], "pivot": [-1.98494, -1.51099, -8], "rotation": [0, 0, -80], "uv": [61, 27]},
						{"origin": [0.01506, -2.51099, -9], "size": [1, 4, 2], "pivot": [0.01506, -0.51099, -8], "rotation": [0, 0, 90], "uv": [24, 0]},
						{"origin": [-1.5, 2.08579, 20], "size": [3, 6, 1], "uv": [0, 0]},
						{"origin": [-0.91421, 3.5, 14], "size": [2, 2, 5], "uv": [92, 73]},
						{"origin": [-0.91421, 3.5, 18], "size": [2, 2, 6], "inflate": -0.3, "uv": [26, 26]},
						{"origin": [6.08579, 3.08579, 10], "size": [2, 2, 4], "inflate": -0.7, "uv": [75, 19]},
						{"origin": [6.08579, 3.25442, 11.59289], "size": [2, 2, 4], "inflate": -0.7, "pivot": [7.08579, 3.25442, 12.59289], "rotation": [-45, 0, 0], "uv": [30, 72]},
						{"origin": [4.28579, 0.86041, 15.40112], "size": [2, 2, 6], "inflate": -0.7, "pivot": [5.28579, 0.86041, 16.40112], "rotation": [45, 0, 0], "uv": [24, 0]},
						{"origin": [4.28579, 3.5202, 17.82244], "size": [2, 2, 5], "inflate": -0.7, "uv": [92, 57]},
						{"origin": [3.48634, 4.06442, 20.82244], "size": [2, 2, 3], "inflate": -0.7, "pivot": [4.48634, 4.06442, 21.82244], "rotation": [0, -90, 42.5], "uv": [31, 34]},
						{"origin": [-0.51366, 5.06442, 20.82244], "size": [2, 2, 4], "inflate": -0.7, "pivot": [0.48634, 5.06442, 21.82244], "rotation": [0, -90, 45], "uv": [46, 9]},
						{"origin": [3.10614, 4.60115, 20.82244], "size": [2, 2, 5], "inflate": -0.7, "pivot": [4.10614, 4.60115, 21.82244], "rotation": [0, -90, 0], "uv": [92, 12]},
						{"origin": [5.97598, 1.55042, 13.29688], "size": [2, 2, 3], "inflate": -0.7, "pivot": [6.97598, 1.55042, 14.29688], "rotation": [-49.10661, -20.70481, 22.20765], "uv": [46, 54]},
						{"origin": [5.28579, 0.86041, 13.9869], "size": [2, 2, 3], "inflate": -0.7, "pivot": [6.28579, 0.86041, 14.9869], "rotation": [-90, -45, 90], "uv": [46, 37]}
					]
				},
				{
					"name": "barrels",
					"parent": "gun",
					"pivot": [0.38688, 6.10172, -8.73077],
					"cubes": [
						{"origin": [1.08579, 8.08579, -50], "size": [2, 2, 42], "uv": [46, 90]},
						{"origin": [-2.91421, 8.08579, -50], "size": [2, 2, 42], "uv": [0, 88]},
						{"origin": [1.08579, 2.08579, -50], "size": [2, 2, 42], "uv": [0, 0]},
						{"origin": [-2.91421, 2.08579, -50], "size": [2, 2, 42], "uv": [0, 44]},
						{"origin": [-4.6, 5.08579, -50], "size": [2, 2, 42], "uv": [46, 46]},
						{"origin": [2.6, 5.08579, -50], "size": [2, 2, 42], "uv": [46, 2]},
						{"origin": [2, 8, -29], "size": [2, 4, 4], "pivot": [4, 10, -36], "rotation": [0, 0, -45], "uv": [46, 64]},
						{"origin": [-4.12132, 0.87868, -29], "size": [2, 4, 4], "pivot": [-3.12132, 2.87868, -36], "rotation": [0, 0, -45], "uv": [61, 46]},
						{"origin": [-4.12132, 7.29289, -29], "size": [2, 4, 4], "pivot": [-3.12132, 9.29289, -36], "rotation": [0, 0, 45], "uv": [61, 19]},
						{"origin": [2, 0.17157, -29], "size": [2, 4, 4], "pivot": [4, 2.17157, -36], "rotation": [0, 0, 45], "uv": [46, 46]},
						{"origin": [-0.41421, 7.41421, -29], "size": [1, 5, 4], "pivot": [0.58579, 10.41421, -36], "rotation": [0, 0, 90], "uv": [32, 51]},
						{"origin": [-0.41421, -2.24264, -29], "size": [1, 5, 4], "pivot": [0.58579, 0.75736, -36], "rotation": [0, 0, 90], "uv": [32, 17]},
						{"origin": [-5.24264, 3.58579, -29], "size": [3, 5, 4], "uv": [46, 0]},
						{"origin": [4.41421, 3.58579, -29], "size": [1, 5, 4], "uv": [32, 8]},
						{"origin": [-2.91421, 1.46447, -29], "size": [5.5, 8.94975, 4], "uv": [92, 0]},
						{"origin": [2.08579, 3.46447, -29], "size": [2.5, 5.94975, 4], "uv": [46, 19]},
						{"origin": [-4.12132, 0.87868, -58], "size": [1, 4, 13], "pivot": [-3.12132, 2.87868, -56], "rotation": [0, 0, -45], "uv": [46, 90]},
						{"origin": [3, 8, -58], "size": [1, 4, 13], "pivot": [4, 10, -56], "rotation": [0, 0, -45], "uv": [0, 106]},
						{"origin": [-4.12132, 7.29289, -58], "size": [1, 4, 13], "pivot": [-3.12132, 9.29289, -56], "rotation": [0, 0, 45], "uv": [46, 107]},
						{"origin": [3, 0.17157, -58], "size": [1, 4, 13], "pivot": [4, 2.17157, -56], "rotation": [0, 0, 45], "uv": [124, 0]},
						{"origin": [-0.41421, 7.41421, -58], "size": [1, 5, 13], "pivot": [0.58579, 10.41421, -56], "rotation": [0, 0, 90], "uv": [46, 19]},
						{"origin": [-0.41421, -2.24264, -58], "size": [1, 5, 13], "pivot": [0.58579, 0.75736, -56], "rotation": [0, 0, 90], "uv": [46, 46]},
						{"origin": [-5.24264, 3.58579, -58], "size": [1, 5, 13], "uv": [46, 64]},
						{"origin": [4.41421, 3.58579, -58], "size": [1, 5, 13], "uv": [0, 88]},
						{"origin": [-3.91421, 2.46447, -50], "size": [7.5, 6.94975, 5], "uv": [15, 88]},
						{
							"origin": [4.58579, 3.46447, -58],
							"size": [0, 5.94975, 13],
							"uv": {
								"north": {"uv": [13, 32], "uv_size": [0, 5]},
								"east": {"uv": [0, 32], "uv_size": [13, 5]},
								"south": {"uv": [26, 32], "uv_size": [0, 5]},
								"west": {"uv": [13, 32], "uv_size": [13, 5]},
								"up": {"uv": [13, 19], "uv_size": [0, 13]},
								"down": {"uv": [13, 32], "uv_size": [0, -13]}
							}
						}
					]
				}
			]
		}
	]
}