{
	"format_version": "1.12.0",
	"minecraft:geometry": [
		{
			"description": {
				"identifier": "geometry.unknown",
				"texture_width": 256,
				"texture_height": 256,
				"visible_bounds_width": 8,
				"visible_bounds_height": 4,
				"visible_bounds_offset": [0, 1, 0]
			},
			"bones": [
				{
					"name": "main",
					"pivot": [0, 20, 0]
				},
				{
					"name": "magazine",
					"parent": "main",
					"pivot": [0.5, 4.75, -10.25],
					"cubes": [
						{"origin": [-2, 15, -38], "size": [4, 5, 26], "uv": [34, 45]},
						{"origin": [0, 18.5, -38], "size": [2, 2, 26], "pivot": [1, 18, -13], "rotation": [0, 0, 45], "uv": [0, 128]},
						{"origin": [0.3, 15, -38], "size": [2, 2, 26], "pivot": [1, 15, -13], "rotation": [0, 0, 45], "uv": [90, 119]},
						{"origin": [-4, 17.7, -38], "size": [2, 2, 26], "pivot": [-2, 18, -13], "rotation": [0, 0, 45], "uv": [120, 121]},
						{"origin": [-3.5, 14.5, -38], "size": [2, 2, 26], "pivot": [-2, 15, -13], "rotation": [0, 0, 45], "uv": [120, 93]},
						{"origin": [1.48, 15.5, -38], "size": [2, 3.55, 26], "uv": [98, 32]},
						{"origin": [-3.52, 15.5, -38], "size": [2, 3.55, 26], "uv": [98, 3]},
						{"origin": [0.3, 12.4, -38], "size": [2, 3.55, 26], "pivot": [0, 14, -22], "rotation": [0, 0, -90], "uv": [90, 90]},
						{"origin": [0.3, 17.4, -38], "size": [2, 3.55, 26], "pivot": [0, 19, -22], "rotation": [0, 0, -90], "uv": [60, 87]}
					]
				},
				{
					"name": "bullet",
					"parent": "magazine",
					"pivot": [-0.15, 21.4, -18.7],
					"cubes": [
						{"origin": [-0.65, 20.9, -18.7], "size": [1, 1, 6], "inflate": 0.2, "pivot": [-0.15, 21.4, -18.7], "rotation": [0, 0, 21], "uv": [68, 47]}
					]
				},
				{
					"name": "magazine2",
					"parent": "main",
					"pivot": [0.5, 5.75, -10.25],
					"cubes": [
						{"origin": [-2, 15, -38], "size": [4, 5, 26], "uv": [0, 40]},
						{"origin": [0, 18.5, -38], "size": [2, 2, 26], "pivot": [1, 18, -13], "rotation": [0, 0, 45], "uv": [60, 116]},
						{"origin": [0.3, 15, -38], "size": [2, 2, 26], "pivot": [1, 15, -13], "rotation": [0, 0, 45], "uv": [30, 105]},
						{"origin": [-4, 17.7, -38], "size": [2, 2, 26], "pivot": [-2, 18, -13], "rotation": [0, 0, 45], "uv": [0, 100]},
						{"origin": [-3.5, 14.5, -38], "size": [2, 2, 26], "pivot": [-2, 15, -13], "rotation": [0, 0, 45], "uv": [98, 61]},
						{"origin": [1.48, 15.5, -38], "size": [2, 3.55, 26], "uv": [30, 76]},
						{"origin": [-3.52, 15.5, -38], "size": [2, 3.55, 26], "uv": [0, 71]},
						{"origin": [0.3, 12.4, -38], "size": [2, 3.55, 26], "pivot": [0, 14, -22], "rotation": [0, 0, -90], "uv": [68, 58]},
						{"origin": [0.3, 17.4, -38], "size": [2, 3.55, 26], "pivot": [0, 19, -22], "rotation": [0, 0, -90], "uv": [68, 29]}
					]
				},
				{
					"name": "bullet2",
					"parent": "magazine2",
					"pivot": [-0.15, 21.4, -18.7],
					"cubes": [
						{"origin": [-0.65, 20.9, -18.7], "size": [1, 1, 6], "inflate": 0.2, "pivot": [-0.15, 21.4, -18.7], "rotation": [0, 0, 21], "uv": [24, 0]}
					]
				},
				{
					"name": "rightarm",
					"parent": "main",
					"pivot": [-4.3, 10.8, 17.8],
					"rotation": [-101.81106, -12.40003, -2.46982],
					"cubes": [
						{"origin": [-8.3, -13.2, 13.8], "size": [8, 24, 8], "uv": [56, 144]}
					]
				},
				{
					"name": "leftarm",
					"parent": "main",
					"pivot": [8.7, 7.3, -8.6],
					"rotation": [-119.61483, 1.67666, -38.31282],
					"cubes": [
						{"origin": [4.7, -16.7, -12.6], "size": [8, 24, 8], "uv": [0, 0]}
					]
				},
				{
					"name": "muzzleflash",
					"parent": "main",
					"pivot": [0, 24.35, -46.25],
					"cubes": [
						{"origin": [-0.5, 23.5, -46.55], "size": [1, 1, 1], "inflate": -0.4, "uv": [33, 31]}
					]
				},
				{
					"name": "scope",
					"parent": "main",
					"pivot": [0, 30.55, 13.75],
					"cubes": [
						{"origin": [-0.5, 29.5, 13.45], "size": [1, 1, 1], "inflate": -0.4, "uv": [32, 29]}
					]
				},
				{
					"name": "gun",
					"parent": "main",
					"pivot": [0, 20, 0],
					"cubes": [
						{"origin": [-2, 9, -1], "size": [4, 10, 5], "pivot": [1, 18, 3], "rotation": [25, 0, 0], "uv": [46, 0]},
						{"origin": [-2, 17, -2], "size": [4, 3, 7], "uv": [46, 15]},
						{"origin": [-2, 16.5, -3.5], "size": [4, 1, 2], "inflate": -0.4, "pivot": [0, 17, -2], "rotation": [35, 0, 0], "uv": [61, 15]},
						{"origin": [-2, 15.8, -8.9], "size": [4, 1, 2], "inflate": -0.4, "pivot": [0, 16, -7], "rotation": [-35, 0, 0], "uv": [47, 59]},
						{"origin": [-1, 15.8, -10.9], "size": [2, 1, 3], "inflate": -0.4, "pivot": [0, 16, -9], "rotation": [-70, 0, 0], "uv": [15, 40]},
						{"origin": [-2, 15.9, -7.5], "size": [4, 1, 5], "inflate": -0.4, "uv": [0, 32]},
						{"origin": [-2, 16.5, -12.1], "size": [4, 1, 4.5], "inflate": -0.4, "pivot": [0, 17, -8], "rotation": [-90, 0, 0], "uv": [47, 40]},
						{"origin": [-2, 20, -12], "size": [4, 2, 18], "uv": [128, 61]},
						{"origin": [-1.6, 17, -10], "size": [3, 3, 2], "uv": [0, 40]},
						{"origin": [-2, 7, 3.5], "size": [4, 2, 5.6], "pivot": [0, 6, 3], "rotation": [25, 0, 0], "uv": [34, 59]},
						{"origin": [-2, 21, -19], "size": [4, 1, 7], "uv": [34, 51]},
						{"origin": [-2, 21, -23], "size": [4, 1, 4], "pivot": [0, 21, -19], "rotation": [-10, 0, 0], "uv": [13, 32]},
						{"origin": [-2, 21.7, -35], "size": [4, 1, 3], "pivot": [0, 21, -32], "rotation": [-17.5, 0, 0], "uv": [59, 40]},
						{"origin": [-2, 21.7, -32], "size": [4, 2.5, 38], "uv": [0, 0]},
						{"origin": [-2, 22.57, -37.6], "size": [4, 6, 21], "uv": [133, 28]},
						{"origin": [-1, 25.57, -17], "size": [2, 2, 19.3], "uv": [88, 147]},
						{"origin": [0, 24.57, -17], "size": [2, 2, 20], "pivot": [1, 25, -16], "rotation": [0, 0, -45], "uv": [77, 0]},
						{"origin": [-1, 24.57, -8], "size": [2, 2, 11], "pivot": [0, 25, -16], "rotation": [0, 0, -45], "uv": [0, 40]},
						{"origin": [-1, 24.57, -17], "size": [2, 2, 2], "pivot": [0, 25, -25], "rotation": [0, 0, -45], "uv": [34, 45]},
						{"origin": [-2, 23.57, -2], "size": [4, 2, 6.3], "uv": [60, 29]},
						{"origin": [-2, 23.57, -17], "size": [4, 2, 2.3], "uv": [47, 45]},
						{
							"origin": [-1, 26.57, 3],
							"size": [2, 2, 0.3],
							"pivot": [0, 27, 4],
							"rotation": [40, 0, 0],
							"uv": {
								"north": {"uv": [25, 32], "uv_size": [2, 2]},
								"east": {"uv": [25, 32], "uv_size": [0, 2]},
								"south": {"uv": [27, 32], "uv_size": [2, 2]},
								"west": {"uv": [27, 32], "uv_size": [0, 2]},
								"up": {"uv": [25, 32], "uv_size": [2, 0]},
								"down": {"uv": [27, 32], "uv_size": [2, 0]}
							}
						},
						{"origin": [-1, 25.57, 3], "size": [2, 2, 1], "pivot": [0, 26, 4], "rotation": [30.68206, 27.03402, -37.45372], "uv": [32, 15]},
						{"origin": [0, 25.57, 3], "size": [2, 2, 1], "pivot": [1, 26, 4], "rotation": [30.68206, 27.03402, -37.45372], "uv": [32, 18]},
						{"origin": [-2, 24.57, 3], "size": [4, 2, 1.3], "pivot": [1, 25, 4], "rotation": [40, 0, 0], "uv": [0, 45]},
						{"origin": [-1, 24, 0], "size": [2, 2, 5.5], "pivot": [0, 24, 3], "rotation": [-45, 0, 0], "uv": [68, 40]},
						{"origin": [1, 24, 2], "size": [1, 2, 3.5], "pivot": [2, 24, 3], "rotation": [-45, 0, 0], "uv": [15, 44]},
						{"origin": [-2, 24, 2], "size": [1, 2, 3.5], "pivot": [-1, 24, 3], "rotation": [-45, 0, 0], "uv": [34, 40]},
						{"origin": [-1, 20, 6], "size": [2, 4, 2], "uv": [0, 0]},
						{"origin": [-1, 22, 8], "size": [2, 2, 26], "uv": [128, 0]},
						{"origin": [-1, 20, 7], "size": [2, 2, 27], "pivot": [0, 20, 8], "rotation": [-20, 0, 0], "uv": [46, 0]},
						{"origin": [-1, 11, 32], "size": [2, 11, 2], "uv": [64, 0]},
						{"origin": [-1, 23, -46], "size": [2, 2, 9], "uv": [34, 40]},
						{"origin": [-1, 24, -43], "size": [2, 1, 6], "pivot": [0, 24, -38], "rotation": [-67.5, 0, 0], "uv": [10, 53]},
						{"origin": [-1, 24, -46], "size": [2, 1, 5], "pivot": [0, 24, -41], "rotation": [-90, 0, 0], "uv": [24, 32]},
						{"origin": [0.3, 28.5, -41], "size": [1, 2, 1], "inflate": -0.3, "uv": [13, 32]},
						{"origin": [-1.3, 28.5, -41], "size": [1, 2, 1], "inflate": -0.3, "uv": [0, 32]},
						{"origin": [-0.5, 28.5, -41], "size": [1, 1.7, 1], "inflate": -0.4, "uv": [32, 27]},
						{"origin": [-2, 27, -14], "size": [4, 1, 15], "uv": [111, 149]},
						{"origin": [-2, 28, -14], "size": [1.5, 1, 15], "uv": [149, 149]},
						{"origin": [2, 21, -14], "size": [1, 3, 15], "uv": [30, 133]},
						{"origin": [2, 24, -13], "size": [1, 2, 2], "uv": [32, 11]},
						{"origin": [2, 26, -3], "size": [1, 2, 2], "pivot": [3, 26, -2], "rotation": [0, 0, -45], "uv": [24, 0]},
						{"origin": [2, 24, -3], "size": [1, 2, 2], "uv": [32, 0]},
						{"origin": [2, 26, -13], "size": [1, 2, 2], "pivot": [3, 26, -12], "rotation": [0, 0, -45], "uv": [32, 7]},
						{"origin": [0.5, 28, -14], "size": [1.5, 1, 15], "uv": [150, 81]}
					]
				},
				{
					"name": "sight",
					"parent": "gun",
					"pivot": [0, 27, -18],
					"cubes": [
						{"origin": [-1.5, 28, -25], "size": [3, 1, 8], "uv": [46, 29]},
						{"origin": [0.5, 29, -19], "size": [1, 1, 2], "uv": [32, 24]},
						{"origin": [-1.5, 29, -19], "size": [1, 1, 2], "uv": [32, 21]}
					]
				},
				{
					"name": "_cb_suppressor",
					"parent": "gun",
					"pivot": [0, 28, -13],
					"cubes": [
						{"origin": [-0.5, 23.5, -47], "size": [1, 1, 1], "uv": [24, 4]}
					]
				},
				{
					"name": "_cb_scope",
					"parent": "gun",
					"pivot": [0, 28, -13],
					"cubes": [
						{"origin": [-0.5, 29, -7], "size": [1, 1, 1], "uv": [32, 4]}
					]
				},
				{
					"name": "action",
					"parent": "gun",
					"pivot": [0, 20, 1],
					"cubes": [
						{"origin": [-4.5, 24, -14], "size": [3.5, 1, 1], "uv": [0, 6]},
						{"origin": [-1, 24, -15], "size": [1, 2, 8], "uv": [0, 53]}
					]
				}
			]
		}
	]
}