{
	"format_version": "1.12.0",
	"minecraft:geometry": [
		{
			"description": {
				"identifier": "geometry.unknown",
				"texture_width": 512,
				"texture_height": 512,
				"visible_bounds_width": 19,
				"visible_bounds_height": 9,
				"visible_bounds_offset": [0, 2.5, 0]
			},
			"bones": [
				{
					"name": "main",
					"pivot": [-2, 12, -13]
				},
				{
					"name": "gun",
					"parent": "main",
					"pivot": [-1, 3, -14],
					"cubes": [
						{"origin": [-4, -1, -14], "size": [4, 10, 5], "pivot": [-2, 7, -13], "rotation": [27.5, 0, 0], "uv": [0, 0]},
						{"origin": [-4, 8.3, -14.8], "size": [4, 3, 5.5], "uv": [26, 24]},
						{"origin": [-4, 9, -10], "size": [4, 2, 7], "pivot": [-1, 9, -9], "rotation": [50, 0, 0], "uv": [113, 90]},
						{"origin": [-3, 8.3, -15], "size": [2, 3, 1], "uv": [44, 8]},
						{"origin": [-3, 8.3, -22], "size": [2, 3, 0.1], "uv": [4, 15]},
						{"origin": [-3, 6.3, -22], "size": [2, 3, 0.1], "pivot": [-2, 7, -22], "rotation": [17.5, 0, 0], "uv": [0, 15]},
						{"origin": [-2.5, 8.3, -18], "size": [0.5, 3, 0.3], "pivot": [-2, 9, -18], "rotation": [-20, 0, 0], "uv": [0, 0]},
						{"origin": [-3, 7.3, -15], "size": [2, 4.5, 0.2], "pivot": [-2, 8, -15], "rotation": [112.5, 0, 0], "uv": [13, 0]},
						{"origin": [-3, 6, -20.5], "size": [2, 4.5, 0.2], "pivot": [-2, 8, -20.5], "rotation": [-122.5, 0, 0], "uv": [0, 0]},
						{"origin": [-4, 11, -22], "size": [4, 3, 14], "uv": [97, 72]},
						{"origin": [-5, 8, -39], "size": [1, 5, 17], "pivot": [-1, 10, -23], "rotation": [-5, 0, 0], "uv": [97, 0]},
						{"origin": [-5, 10, -39], "size": [1, 5, 17], "uv": [36, 90]},
						{"origin": [0, 10, -39], "size": [1, 5, 17], "uv": [0, 90]},
						{"origin": [0, 8, -39], "size": [1, 5, 17], "pivot": [4, 10, -23], "rotation": [-5, 0, 0], "uv": [94, 90]},
						{"origin": [-4, 12, -9], "size": [4, 2, 2], "uv": [44, 64]},
						{"origin": [-4, 8, -23], "size": [4, 7, 1], "uv": [0, 50]},
						{"origin": [-4, 9.5, -39], "size": [4, 5.5, 1], "uv": [36, 60]},
						{"origin": [-4, 13, -22], "size": [4, 2, 52], "uv": [72, 228]},
						{"origin": [-4, 13, -99], "size": [4, 2, 61], "uv": [168, 72]},
						{"origin": [-6, 12.2, -40], "size": [2, 2, 70], "pivot": [-3, 12.5, -6], "rotation": [0, 0, 45], "uv": [97, 0]},
						{"origin": [-8, 12.2, -99], "size": [4, 2, 61], "pivot": [-3, 12.5, -74], "rotation": [0, 0, 45], "uv": [119, 165]},
						{"origin": [-31.65, 1.7, -22], "size": [3, 2, 52], "pivot": [-29.5, 45.5, -6], "rotation": [0, 0, -45], "uv": [132, 230]},
						{"origin": [-31.65, 1.7, -99], "size": [3, 2, 61], "pivot": [-29.5, 45.5, -74], "rotation": [0, 0, -45], "uv": [171, 0]},
						{"origin": [-4, 15, -13], "size": [4, 5, 43], "uv": [64, 177]},
						{"origin": [-4, 18.5, -99], "size": [4, 1.5, 86], "uv": [0, 90]},
						{"origin": [-4, 17.5, -23], "size": [4, 1.5, 10], "uv": [0, 78]},
						{"origin": [-4, 4, 30], "size": [4, 15, 3], "uv": [0, 24]},
						{"origin": [-4, 18, 31.5], "size": [4, 2, 7], "pivot": [-1, 18, 32.5], "rotation": [-105, 0, 0], "uv": [111, 112]},
						{"origin": [-4, 6, 33.5], "size": [4, 2, 7], "pivot": [-1, 6, 34.5], "rotation": [105, 0, 0], "uv": [51, 112]},
						{"origin": [-3, 4, 15], "size": [2, 3, 15], "pivot": [-1, 4, 29], "rotation": [-5, 0, 0], "uv": [0, 112]},
						{"origin": [-3, 3, 14], "size": [2, 3, 2], "uv": [44, 68]},
						{"origin": [-3, 6, 4], "size": [2, 3, 11], "pivot": [-2, 6, 14], "rotation": [-67.5, 0, 0], "uv": [55, 90]},
						{"origin": [-0.5, 18, -40], "size": [2, 5, 70], "pivot": [0, 19, -3], "rotation": [0, 0, 160.5], "uv": [94, 90]},
						{"origin": [-0.5, 18, -99], "size": [2, 5, 60], "pivot": [0, 19, -72], "rotation": [0, 0, 160.5], "uv": [188, 135]},
						{"origin": [-3.5, 17.5, -13], "size": [2, 5, 43], "pivot": [-3, 18.5, -3], "rotation": [0, 0, -160.5], "uv": [237, 63]},
						{"origin": [-4.5, 17.5, -99], "size": [2, 5, 60], "pivot": [-4, 18.5, -72], "rotation": [0, 0, -160.5], "uv": [0, 177]},
						{"origin": [-5, 14, -99], "size": [5, 5, 2], "uv": [30, 10]},
						{"origin": [-4, 20, -80], "size": [4, 1, 89], "uv": [0, 0]},
						{"origin": [-4, 20, -21], "size": [4, 7, 3], "uv": [26, 32]},
						{"origin": [-4, 20, -40], "size": [4, 7, 3], "uv": [30, 0]},
						{"origin": [-4, 23, -37], "size": [4, 4, 16], "uv": [20, 68]},
						{"origin": [-4, 23, -19], "size": [4, 4, 8], "uv": [19, 112]},
						{"origin": [-4, 23, -47], "size": [4, 4, 8], "uv": [97, 56]},
						{"origin": [-5, 22, -11], "size": [6, 6, 11], "uv": [19, 90]},
						{"origin": [-5, 22, -63], "size": [6, 6, 18], "uv": [0, 0]},
						{"origin": [-5, 23, -21], "size": [1, 4, 3], "uv": [65, 44]},
						{"origin": [-5, 23, -40], "size": [1, 4, 3], "uv": [50, 32]},
						{"origin": [0, 23, -21], "size": [1, 4, 3], "uv": [21, 53]},
						{"origin": [0, 23, -40], "size": [1, 4, 3], "uv": [21, 46]},
						{"origin": [-4, 27, -21], "size": [4, 1, 3], "uv": [44, 4]},
						{"origin": [-4, 27, -40], "size": [4, 1, 3], "uv": [44, 0]}
					]
				},
				{
					"name": "bone2",
					"parent": "gun",
					"pivot": [-2, 18.2, -32]
				},
				{
					"name": "bone4",
					"parent": "gun",
					"pivot": [-3.1, 19.85, -54.75]
				},
				{
					"name": "Chamber",
					"parent": "gun",
					"pivot": [-1, 3, -14],
					"cubes": [
						{"origin": [-4, 15, -39], "size": [4, 4, 18], "uv": [0, 24]},
						{"origin": [-9, 16, -38], "size": [5, 2, 2], "uv": [0, 46]}
					]
				},
				{
					"name": "Barrel",
					"parent": "gun",
					"pivot": [-1, 3, -14],
					"cubes": [
						{"origin": [-3.4, 15.5, -156], "size": [2, 2, 57], "uv": [192, 200]},
						{"origin": [-5, 15, -154], "size": [5, 3, 9], "uv": [50, 32]}
					]
				},
				{
					"name": "magazine",
					"parent": "main",
					"pivot": [-1.5, -1.25, -23.25],
					"cubes": [
						{"origin": [-3.75, 0.75, -38.25], "size": [3.5, 14, 15.5], "uv": [0, 46]},
						{"origin": [-3.7, -1.25, -38.5], "size": [3.5, 2, 15.5], "pivot": [-1.5, -1.25, -23.25], "rotation": [-7.5, 0, 0], "uv": [97, 39]},
						{"origin": [-3.69, -1.25, -24.75], "size": [3.5, 2.5, 2], "uv": [46, 60]}
					]
				},
				{
					"name": "bullet",
					"parent": "magazine",
					"pivot": [-2.15, 13.4, -28.7],
					"cubes": [
						{"origin": [-2.65, 13.9, -37.7], "size": [1, 1, 15], "inflate": 0.2, "pivot": [-2.15, 14.4, -28.7], "rotation": [0, 0, 21], "uv": [94, 112]}
					]
				},
				{
					"name": "magazine2",
					"parent": "main",
					"pivot": [-1.5, -20.25, -23.25],
					"cubes": [
						{"origin": [-3.75, 0.75, -38.25], "size": [3.5, 14, 15.5], "uv": [29, 31]},
						{"origin": [-3.7, -1.25, -38.5], "size": [3.5, 2, 15.5], "pivot": [-1.5, -1.25, -23.25], "rotation": [-7.5, 0, 0], "uv": [97, 22]},
						{"origin": [-3.69, -1.25, -24.75], "size": [3.5, 2.5, 2], "uv": [39, 24]}
					]
				},
				{
					"name": "bullet2",
					"parent": "magazine2",
					"pivot": [-2.15, 13.4, -28.7],
					"cubes": [
						{"origin": [-2.65, 13.9, -37.7], "size": [1, 1, 15], "inflate": 0.2, "pivot": [-2.15, 14.4, -28.7], "rotation": [0, 0, 21], "uv": [34, 112]}
					]
				},
				{
					"name": "rightarm",
					"parent": "main",
					"pivot": [-6.3, 0.8, 8.8],
					"rotation": [-101.81106, -12.40003, -2.46982],
					"cubes": [
						{"origin": [-10.3, -23.2, 4.8], "size": [8, 24, 8], "uv": [57, 52]}
					]
				},
				{
					"name": "leftarm",
					"parent": "main",
					"pivot": [8.7, 3.3, -21.6],
					"rotation": [-119.61483, 1.67666, -38.31282],
					"cubes": [
						{"origin": [4.7, -29.7, -21.6], "size": [8, 24, 8], "uv": [50, 0]}
					]
				},
				{
					"name": "muzzleflash",
					"parent": "main",
					"pivot": [-2, 16.35, -156.25],
					"cubes": [
						{"origin": [-2.9, 16, -156.55], "size": [1, 1, 1], "inflate": -0.4, "uv": [12, 15]}
					]
				},
				{
					"name": "scope",
					"parent": "main",
					"pivot": [-2, 24.55, -5.25],
					"cubes": [
						{"origin": [-2.5, 24.5, 13.6], "size": [1, 1, 1], "inflate": -0.4, "uv": [8, 15]}
					]
				},
				{
					"name": "scopepip",
					"parent": "main",
					"pivot": [-1, 3, -14],
					"cubes": [
						{"origin": [-4.2, 22.7, -0.2], "size": [4.5, 4.5, 0.5], "uv": [3, 2]}
					]
				}
			]
		}
	]
}