{
	"format_version": "1.12.0",
	"minecraft:geometry": [
		{
			"description": {
				"identifier": "geometry.unknown",
				"texture_width": 128,
				"texture_height": 128,
				"visible_bounds_width": 8,
				"visible_bounds_height": 4,
				"visible_bounds_offset": [0, 1, 0]
			},
			"bones": [
				{
					"name": "main",
					"pivot": [0, 20, 0]
				},
				{
					"name": "magazine",
					"parent": "main",
					"pivot": [0.5, 2.75, -12.25],
					"cubes": [
						{"origin": [-1, 9.75, -19.25], "size": [2, 11, 5], "pivot": [0.75, 5.75, -12.25], "rotation": [-10, 0, 0], "uv": [0, 76]},
						{"origin": [-1, 5.75, -19.25], "size": [2, 5, 5], "pivot": [0.5, 8.75, -17.25], "rotation": [-20, 0, 0], "uv": [46, 94]},
						{"origin": [-1, 8.75, -16.8], "size": [2, 2, 3], "pivot": [0.5, 8.75, -15.25], "rotation": [-10, 0, 0], "uv": [46, 32]},
						{"origin": [-1.5, 3.75, -21.25], "size": [3, 2, 5.5], "pivot": [0.5, 3.75, -18.25], "rotation": [-20, 0, 0], "uv": [60, 94]}
					]
				},
				{
					"name": "bullet",
					"parent": "magazine",
					"pivot": [-0.15, 21.4, -17.7],
					"rotation": [-10, 0, 0],
					"cubes": [
						{"origin": [-0.5, 20.9, -16], "size": [1, 1, 4], "inflate": 0.2, "pivot": [-0.15, 21.4, -17.7], "rotation": [0, 0, 21], "uv": [59, 0]}
					]
				},
				{
					"name": "magazine2",
					"parent": "main",
					"pivot": [0.5, 13.75, -10.25],
					"cubes": [
						{"origin": [-1, 9.75, -19.25], "size": [2, 11, 5], "pivot": [0.75, 5.75, -12.25], "rotation": [-10, 0, 0], "uv": [72, 72]},
						{"origin": [-1, 5.75, -19.25], "size": [2, 5, 5], "pivot": [0.5, 8.75, -17.25], "rotation": [-20, 0, 0], "uv": [20, 94]},
						{"origin": [-1, 8.75, -16.8], "size": [2, 2, 3], "pivot": [0.5, 8.75, -15.25], "rotation": [-10, 0, 0], "uv": [23, 33]},
						{"origin": [-1.5, 3.75, -21.25], "size": [3, 2, 5.5], "pivot": [0.5, 3.75, -18.25], "rotation": [-20, 0, 0], "uv": [42, 86]}
					]
				},
				{
					"name": "bullet2",
					"parent": "magazine2",
					"pivot": [-0.15, 21.4, -17.7],
					"rotation": [-10, 0, 0],
					"cubes": [
						{"origin": [-0.5, 20.9, -16], "size": [1, 1, 4], "inflate": 0.2, "pivot": [-0.15, 21.4, -17.7], "rotation": [0, 0, 21], "uv": [28, 28]}
					]
				},
				{
					"name": "rightarm",
					"parent": "main",
					"pivot": [-4.3, 9.8, 18.8],
					"rotation": [-101.81106, -12.40003, -2.46982],
					"cubes": [
						{"origin": [-8.3, -14.2, 14.8], "size": [8, 24, 8], "uv": [0, 42]}
					]
				},
				{
					"name": "leftarm",
					"parent": "main",
					"pivot": [8.7, 8.3, -12.6],
					"rotation": [-119.61483, 1.67666, -38.31282],
					"cubes": [
						{"origin": [4.7, -15.7, -16.6], "size": [8, 24, 8], "uv": [0, 0]}
					]
				},
				{
					"name": "muzzleflash",
					"parent": "main",
					"pivot": [0, 22.35, -49.25],
					"cubes": [
						{"origin": [-0.5, 22.7, -49.55], "size": [1, 1, 1], "inflate": -0.4, "uv": [27, 69]}
					]
				},
				{
					"name": "scope",
					"parent": "main",
					"pivot": [0, 30.55, 15.75],
					"cubes": [
						{"origin": [-0.5, 30.5, 15.45], "size": [1, 1, 1], "inflate": -0.4, "uv": [27, 69]}
					]
				},
				{
					"name": "gun",
					"parent": "main",
					"pivot": [0, 20, 0],
					"cubes": [
						{"origin": [-2, 9, -1], "size": [4, 11, 5], "pivot": [0, 16, 0], "rotation": [25, 0, 0], "uv": [46, 0]},
						{"origin": [-2, 7, 3], "size": [4, 2, 6], "pivot": [0, 6, 2], "rotation": [25, 0, 0], "uv": [0, 94]},
						{"origin": [-1, 15, -4.3], "size": [2, 0.5, 4], "inflate": -0.1, "pivot": [0, 15, -3], "rotation": [52.5, 0, 0], "uv": [0, 4]},
						{"origin": [-1, 15.5, -11], "size": [2, 0.5, 4], "inflate": -0.1, "pivot": [0, 16, -9], "rotation": [-77.5, 0, 0], "uv": [0, 0]},
						{"origin": [-1, 14, -9], "size": [2, 0.5, 5], "inflate": -0.1, "uv": [19, 0]},
						{"origin": [-2, 18, -10], "size": [4, 2, 9], "uv": [66, 25]},
						{"origin": [1, 17, -19], "size": [1, 1, 9], "pivot": [1, 17, -10], "rotation": [-10, 0, 0], "uv": [31, 86]},
						{"origin": [-2, 17, -19], "size": [1, 1, 9], "pivot": [-2, 17, -10], "rotation": [-10, 0, 0], "uv": [44, 76]},
						{"origin": [-1, 16, -12], "size": [2, 2, 3], "uv": [50, 56]},
						{"origin": [-0.5, 12, -11], "size": [1, 4, 1], "pivot": [0, 16, -11], "rotation": [20, 0, 0], "uv": [0, 0]},
						{"origin": [-1, 18.5, -19], "size": [2, 1, 1], "uv": [32, 25]},
						{"origin": [-2, 19, 0], "size": [4, 5, 2], "pivot": [0, 19, 1], "rotation": [-62.5, 0, 0], "uv": [46, 25]},
						{"origin": [-2.5, 20.5, -19], "size": [5, 5, 25], "uv": [36, 42]},
						{"origin": [-2, 19, -19], "size": [4, 4, 21], "uv": [71, 25]},
						{"origin": [-2, 18, -16], "size": [4, 2, 6], "uv": [93, 50]},
						{"origin": [-2, 20.5, 6], "size": [4, 2, 16], "uv": [77, 0]},
						{"origin": [-2, 26, 6], "size": [4, 2, 16], "pivot": [0, 26, 7], "rotation": [-7.5, 0, 0], "uv": [0, 76]},
						{"origin": [-2, 22, 6], "size": [4, 4, 16], "uv": [72, 72]},
						{"origin": [-2, 11, 22], "size": [4, 11, 2], "pivot": [0, 20, 23], "rotation": [22.5, 0, 0], "uv": [77, 0]},
						{"origin": [-2, 20, 22], "size": [4, 6, 8], "uv": [36, 42]},
						{"origin": [-2, 15, 24], "size": [4, 5, 6], "uv": [36, 56]},
						{"origin": [-2, 12, 26], "size": [4, 3, 4], "uv": [76, 94]},
						{"origin": [-2, 11, 25], "size": [4, 2, 5], "uv": [46, 16]},
						{"origin": [-2, 25, -31], "size": [4, 4, 38], "uv": [0, 0]},
						{"origin": [-2, 20, -42], "size": [4, 2, 23], "uv": [46, 0]},
						{"origin": [-2, 27.5, -42], "size": [4, 1, 12], "pivot": [0, 28, -32], "rotation": [15, 0, 0], "uv": [46, 25]},
						{"origin": [-2, 22, -33], "size": [4, 6, 14], "uv": [79, 92]},
						{"origin": [-2, 22, -34], "size": [4, 6, 1], "uv": [71, 50]},
						{"origin": [-1, 20, -42], "size": [2, 2, 2], "uv": [71, 42]},
						{"origin": [-2, 22, -40], "size": [4, 4, 6], "uv": [24, 76]},
						{"origin": [-2, 26, -37], "size": [4, 1, 3], "uv": [12, 32]},
						{"origin": [-2, 22, -42], "size": [4, 4, 2], "uv": [0, 32]},
						{"origin": [-1, 22, -47], "size": [2, 2, 5], "uv": [24, 0]},
						{"origin": [-1, 27.5, -28], "size": [2, 2, 32], "uv": [0, 42]},
						{"origin": [-1, 19.5, -41], "size": [2, 1, 21], "uv": [47, 72]},
						{"origin": [-2.5, 22, -40], "size": [5, 2, 12], "uv": [71, 50]}
					]
				},
				{
					"name": "_cb_canted",
					"parent": "gun",
					"pivot": [3, 22, -30],
					"cubes": [
						{"origin": [-1, 29, -13], "size": [2, 2, 2], "uv": [100, 26]}
					]
				},
				{
					"name": "_cb_suppressor",
					"parent": "gun",
					"pivot": [3, 22, -29],
					"cubes": [
						{"origin": [-1, 22, -49], "size": [2, 2, 2], "uv": [0, 0]}
					]
				},
				{
					"name": "sight",
					"parent": "gun",
					"pivot": [-1, 29, 2],
					"cubes": [
						{"origin": [-2, 29, 2], "size": [1, 2, 3], "pivot": [-1, 29, 3], "rotation": [-45, 0, 0], "uv": [71, 57]},
						{"origin": [-2, 29, 1], "size": [1, 2, 3], "uv": [66, 25]},
						{"origin": [1, 29, 1], "size": [1, 2, 3], "uv": [55, 76]},
						{"origin": [1, 29, 2], "size": [1, 2, 3], "pivot": [2, 29, 3], "rotation": [-45, 0, 0], "uv": [38, 76]},
						{"origin": [-2, 29, -28], "size": [1, 2, 3], "uv": [52, 42]},
						{"origin": [-2, 28, -29], "size": [1, 3, 2], "pivot": [-1, 29, -28], "rotation": [-45, 0, 0], "uv": [32, 7]},
						{"origin": [1, 29, -28], "size": [1, 2, 3], "uv": [59, 16]},
						{"origin": [1, 28, -29], "size": [1, 3, 2], "pivot": [2, 29, -28], "rotation": [-45, 0, 0], "uv": [32, 12]},
						{"origin": [-1, 28.5, -27], "size": [2, 2.5, 2], "inflate": -0.9, "uv": [66, 30]},
						{"origin": [-1, 28.5, -27], "size": [2, 3, 2], "inflate": -0.9, "pivot": [0, 29, -26], "rotation": [0, 0, 22.5], "uv": [36, 42]},
						{"origin": [-1, 28.5, -27], "size": [2, 3, 2], "inflate": -0.9, "pivot": [0, 29, -26], "rotation": [0, 0, -22.5], "uv": [24, 42]},
						{"origin": [0, 30, 1], "size": [1, 2, 2], "pivot": [0, 30, 2], "rotation": [0, 0, 37.5], "uv": [32, 21]},
						{"origin": [-1, 30, 1], "size": [1, 2, 2], "pivot": [0, 30, 2], "rotation": [0, 0, -32.5], "uv": [32, 17]},
						{"origin": [-1, 27.5, 1], "size": [2, 3, 2], "uv": [0, 42]}
					]
				},
				{
					"name": "action",
					"parent": "gun",
					"pivot": [0, 20, 0],
					"cubes": [
						{"origin": [2, 26, -26], "size": [3, 1, 1], "uv": [1, 1]}
					]
				},
				{
					"name": "_cb_scope",
					"parent": "gun",
					"pivot": [0, 20, 1],
					"cubes": [
						{"origin": [-0.5, 29, -13], "size": [1, 1, 1], "uv": [102, 22]}
					]
				},
				{
					"name": "_cb_grip",
					"parent": "gun",
					"pivot": [0, 20, -33],
					"cubes": [
						{"origin": [-0.5, 19, -33], "size": [1, 1, 1], "uv": [2, 1]}
					]
				}
			]
		}
	]
}