{
	"format_version": "1.12.0",
	"minecraft:geometry": [
		{
			"description": {
				"identifier": "geometry.unknown",
				"texture_width": 64,
				"texture_height": 64,
				"visible_bounds_width": 4,
				"visible_bounds_height": 2.5,
				"visible_bounds_offset": [0, 0.75, 0]
			},
			"bones": [
				{
					"name": "main",
					"pivot": [0, 0, 0]
				},
				{
					"name": "eothybrid",
					"parent": "main",
					"pivot": [0, 0, 0],
					"cubes": [
						{"origin": [-1, 6, -5], "size": [3, 2.5, 9], "uv": [0, 13]},
						{"origin": [2, 6, -2], "size": [1, 3, 6], "uv": [20, 9]},
						{"origin": [2, 8, 0.7], "size": [1, 2, 2], "pivot": [2, 8, 2], "rotation": [-45, 0, 0], "uv": [0, 29]},
						{"origin": [2, 8, -2.3], "size": [1, 2, 2], "pivot": [2, 8, -1], "rotation": [-45, 0, 0], "uv": [12, 24]},
						{"origin": [2, 9, -1], "size": [1, 2.8, 3.5], "uv": [0, 13]},
						{"origin": [-2, 6, -2], "size": [1, 3, 6], "uv": [17, 0]},
						{"origin": [-2, 8, -2.3], "size": [1, 2, 2], "pivot": [-2, 8, -1], "rotation": [-45, 0, 0], "uv": [15, 16]},
						{"origin": [-2, 8, 0.7], "size": [1, 2, 2], "pivot": [-2, 8, 2], "rotation": [-45, 0, 0], "uv": [17, 0]},
						{"origin": [-2, 9, -1], "size": [1, 2.8, 3.5], "uv": [0, 0]},
						{"origin": [-2, 11.5, -1], "size": [5, 1, 3.5], "uv": [25, 0]},
						{"origin": [-2, 6, 5], "size": [4, 1, 4], "uv": [0, 24]},
						{"origin": [-2.28434, 7.42342, 5], "size": [1, 1, 4], "pivot": [-2, 8, 6], "rotation": [0, 0, -45], "uv": [26, 28]},
						{"origin": [-2.28434, 6.42342, 5], "size": [1, 1, 4], "uv": [28, 10]},
						{"origin": [-1, 7.3, 5], "size": [3, 1, 4], "uv": [28, 5]},
						{"origin": [-1.5, 8, 4], "size": [4, 4, 9], "inflate": -0.4, "uv": [0, 0]},
						{"origin": [-1.5, 8, 5], "size": [4, 4, 6], "inflate": -0.2, "uv": [18, 18]},
						{"origin": [-0.5, 11, 7], "size": [2, 2, 2], "inflate": -0.5, "uv": [0, 18]},
						{"origin": [-2.5, 9, 7], "size": [2, 2, 2], "inflate": -0.5, "uv": [0, 5]}
					]
				},
				{
					"name": "_ca_scope",
					"parent": "main",
					"pivot": [-1, 1, 0],
					"cubes": [
						{"origin": [0, 5.5, 4], "size": [1, 1, 1], "uv": [5, 13]}
					]
				},
				{
					"name": "scope",
					"parent": "main",
					"pivot": [0, 0, 0],
					"cubes": [
						{"origin": [0, 9.5, 21.5], "size": [1, 1, 1], "inflate": -0.4, "uv": [5, 0]}
					]
				},
				{
					"name": "scopepip",
					"parent": "main",
					"pivot": [0, 0, 0],
					"cubes": [
						{"origin": [-1.5, 8, 11.5], "size": [4, 4, 2], "inflate": -0.7, "uv": [14, 28]}
					]
				}
			]
		}
	]
}