{
	"format_version": "1.12.0",
	"minecraft:geometry": [
		{
			"description": {
				"identifier": "geometry.unknown",
				"texture_width": 256,
				"texture_height": 256,
				"visible_bounds_width": 8,
				"visible_bounds_height": 4,
				"visible_bounds_offset": [0, 1, 0]
			},
			"bones": [
				{
					"name": "main",
					"pivot": [0, 20, 0]
				},
				{
					"name": "gun",
					"parent": "main",
					"pivot": [1, 11, -1],
					"cubes": [
						{"origin": [-1.75, 14, -1], "size": [3.5, 4, 5], "uv": [64, 0]},
						{"origin": [-1.25, 13.5, -1], "size": [3, 1, 5], "inflate": 0.001, "uv": [27, 38]},
						{"origin": [-1.75, 13.5, -1], "size": [1, 1, 5], "inflate": -0.002, "uv": [0, 31]},
						{"origin": [-2, 3.5, -1], "size": [4, 10, 5], "pivot": [1, 13.5, -1], "rotation": [35, 0, 0], "uv": [86, 0]},
						{"origin": [-1.35, 13.9, -2.1], "size": [3, 5, 2], "inflate": -0.1, "uv": [19, 25]},
						{"origin": [-0.85, 15.05, -5.55], "size": [2, 4, 1], "inflate": -0.1, "pivot": [1.15, 15.05, -4.55], "rotation": [-21, 0, 0], "uv": [24, 2]},
						{"origin": [-1.35, 13.9, -9.1], "size": [3, 5, 1], "inflate": -0.1, "uv": [36, 0]},
						{"origin": [-1.35, 13.9, -8.6], "size": [3, 1, 7], "inflate": -0.11, "uv": [48, 36]},
						{"origin": [-1.35, 18, -9], "size": [3, 5, 13], "uv": [0, 25]},
						{"origin": [-1.35, 18, 4], "size": [3, 2, 2], "inflate": -0.001, "pivot": [0.65, 18, 4], "rotation": [53, 0, 0], "uv": [10, 17]},
						{"origin": [-1.65, 18, 4], "size": [1, 2, 2], "inflate": -0.002, "pivot": [-0.65, 18, 4], "rotation": [53, 0, 0], "uv": [35, 17]},
						{"origin": [-1.35, 20, 4], "size": [3, 3, 3], "uv": [0, 25]},
						{"origin": [-1.35, 17, 6], "size": [3, 3, 1], "inflate": -0.002, "pivot": [1.65, 20, 7], "rotation": [-74, 0, 0], "uv": [31, 31]},
						{"origin": [-1.65, 17, 6], "size": [1, 3, 1], "inflate": -0.003, "pivot": [-1.65, 20, 7], "rotation": [-74, 0, 0], "uv": [0, 31]},
						{"origin": [-1.65, 20, 4], "size": [1, 3, 3], "inflate": 0.001, "uv": [13, 0]},
						{"origin": [0.95, 23.95, -19], "size": [1, 2, 26], "pivot": [1.95, 23.95, -18], "rotation": [0, 0, -11], "uv": [0, 147]},
						{"origin": [-0.05, 23.95, -19], "size": [2, 1, 26], "pivot": [1.95, 23.95, -18], "rotation": [0, 0, -61.5], "uv": [144, 38]},
						{"origin": [-1.95, 23.95, -7], "size": [1, 2, 14], "pivot": [-1.95, 23.95, -18], "rotation": [0, 0, 11], "uv": [0, 46]},
						{"origin": [-1.95, 23.95, -7], "size": [1, 1, 14], "pivot": [-1.95, 23.95, -18], "rotation": [0, 0, 61.5], "uv": [48, 15]},
						{"origin": [-1.95, 23.95, -19], "size": [1, 2, 3], "pivot": [-1.95, 23.95, -29], "rotation": [0, 0, 11], "uv": [16, 55]},
						{"origin": [-1.95, 23.95, -19], "size": [2, 1, 3], "pivot": [-1.95, 23.95, -29], "rotation": [0, 0, 61.5], "uv": [0, 17]},
						{"origin": [-1.65, 18, -9], "size": [1, 5, 13], "inflate": 0.001, "uv": [38, 46]},
						{"origin": [0.85, 16, -16.75], "size": [1, 7, 8], "uv": [74, 84]},
						{"origin": [0.85, 14.15, -9.75], "size": [1, 2, 1], "inflate": -0.001, "uv": [31, 25]},
						{"origin": [0.85, 15.65, -13.75], "size": [1, 2, 4], "inflate": -0.002, "pivot": [0.9, 15.65, -13.75], "rotation": [-17.5, 0, 0], "uv": [38, 46]},
						{"origin": [-1.85, 15.65, -13.75], "size": [1, 2, 4], "inflate": -0.002, "pivot": [-0.9, 15.65, -13.75], "rotation": [-17.5, 0, 0], "uv": [31, 25]},
						{"origin": [-1.85, 14.15, -9.75], "size": [1, 2, 1], "inflate": -0.001, "uv": [9, 25]},
						{"origin": [-1.85, 16, -16.75], "size": [1, 7, 8], "uv": [54, 84]},
						{"origin": [-1, 16, -16.75], "size": [2, 8, 0], "inflate": 0.002, "uv": [10, 46]},
						{"origin": [1.1, 16, -17], "size": [1, 1, 8], "pivot": [2.15, 16, -18], "rotation": [-13, 0, 0], "uv": [16, 46]},
						{"origin": [-2.1, 16, -17], "size": [1, 1, 8], "pivot": [-2.15, 16, -18], "rotation": [-13, 0, 0], "uv": [53, 46]},
						{"origin": [-1.5, 16, -17], "size": [3, 1, 1], "inflate": 0.001, "pivot": [0.35, 16, -18], "rotation": [-13, 0, 0], "uv": [48, 30]},
						{"origin": [-2.1, 16, -9.4], "size": [3, 1, 1], "inflate": 0.001, "pivot": [0.35, 16, -18], "rotation": [-13, 0, 0], "uv": [19, 32]},
						{"origin": [0.1, 16, -9.4], "size": [2, 1, 1], "inflate": 0.002, "pivot": [-0.35, 16, -18], "rotation": [-13, 0, 0], "uv": [37, 25]},
						{"origin": [-0.7, 27.05, -19.15], "size": [2, 1, 26], "inflate": -0.2, "uv": [118, 144]},
						{"origin": [-1.3, 27.05, -19.15], "size": [2, 1, 26], "inflate": -0.201, "uv": [144, 68]},
						{"origin": [-1, 23.3, -62.05], "size": [2, 2, 44], "inflate": -0.3, "pivot": [0, 24.3, -67.05], "rotation": [0, 0, -20], "uv": [0, 0]},
						{"origin": [1.35, 23.05, -52.15], "size": [2, 2.5, 34], "uv": [38, 48]},
						{"origin": [3.35, 23.05, -48.15], "size": [1, 2.5, 28], "uv": [0, 117]},
						{"origin": [1.35, 25.55, -52.15], "size": [1, 2.2, 34], "inflate": 0.001, "pivot": [2.35, 25.55, -41.15], "rotation": [0, 0, -37], "uv": [74, 106]},
						{"origin": [3.35, 21.05, -48.15], "size": [1, 2, 28], "inflate": -0.002, "pivot": [4.35, 23.05, -43.15], "rotation": [0, 0, 46], "uv": [30, 120]},
						{"origin": [3.35, 25.55, -48.15], "size": [1, 2.2, 28], "inflate": 0.001, "pivot": [4.35, 25.55, -41.15], "rotation": [0, 0, -37], "uv": [60, 142]},
						{"origin": [-2.35, 25.55, -52.15], "size": [1, 2.2, 34], "pivot": [-2.35, 25.55, -41.15], "rotation": [0, 0, 37], "uv": [38, 84]},
						{"origin": [-4.35, 23.05, -48.15], "size": [1, 2.5, 28], "uv": [86, 0]},
						{"origin": [-4.35, 21.05, -48.15], "size": [1, 2, 28], "inflate": -0.002, "pivot": [-4.35, 23.05, -43.15], "rotation": [0, 0, -46], "uv": [114, 38]},
						{"origin": [-4.35, 25.55, -48.15], "size": [1, 2.2, 28], "pivot": [-4.35, 25.55, -41.15], "rotation": [0, 0, 37], "uv": [114, 71]},
						{"origin": [-2.35, 21.05, -52.15], "size": [1, 2, 34], "inflate": -0.002, "pivot": [-2.35, 23.05, -43.15], "rotation": [0, 0, -46], "uv": [114, 2]},
						{"origin": [1.35, 21.05, -52.15], "size": [1, 2, 34], "inflate": -0.002, "pivot": [2.35, 23.05, -43.15], "rotation": [0, 0, 46], "uv": [110, 108]},
						{"origin": [-3.35, 23.05, -52.15], "size": [2, 2.5, 34], "uv": [48, 0]},
						{"origin": [-3.35, 20.05, -52.15], "size": [2, 2.5, 34], "pivot": [-1.35, 22.55, -43.15], "rotation": [0, 0, -90], "uv": [0, 46]},
						{"origin": [0, 22.5, 12.15], "size": [2, 2, 21], "pivot": [0, 24.5, 12.15], "rotation": [0, 0, 22], "uv": [97, 171]},
						{"origin": [1.85, 21.75, 12.15], "size": [2, 2, 21], "inflate": 0.001, "pivot": [1.85, 23.75, 12.15], "rotation": [0, 0, 85], "uv": [33, 154]},
						{"origin": [2.02, 19.75, 12.15], "size": [1, 2, 21], "pivot": [2.02, 21.75, 12.15], "rotation": [0, 0, 94], "uv": [58, 173]},
						{"origin": [-3.02, 19.75, 12.15], "size": [1, 2, 21], "pivot": [-2.02, 21.75, 12.15], "rotation": [0, 0, -94], "uv": [122, 173]},
						{"origin": [-0.5, 22.25, 31.9], "size": [1, 1, 1], "uv": [37, 27]},
						{"origin": [-3.85, 21.75, 12.15], "size": [2, 2, 21], "inflate": 0.001, "pivot": [-1.85, 23.75, 12.15], "rotation": [0, 0, -85], "uv": [150, 0]},
						{"origin": [-2, 22.5, 12.15], "size": [2, 2, 21], "inflate": -0.001, "pivot": [0, 24.5, 12.15], "rotation": [0, 0, -22], "uv": [153, 169]},
						{"origin": [-0.7, 22.65, 6], "size": [2, 2, 6], "inflate": 0.2, "pivot": [-0.7, 24.65, 8], "rotation": [0, 0, 16], "uv": [64, 15]},
						{"origin": [-1, 26.25, -52.15], "size": [2, 1, 34], "inflate": 0.002, "uv": [76, 71]},
						{"origin": [-1, 24.55, 2], "size": [2, 2, 5], "inflate": -0.001, "uv": [48, 15]},
						{"origin": [-1, 25.9, -19], "size": [2, 1.4, 26], "inflate": -0.002, "uv": [146, 95]},
						{"origin": [-3, 20, -17], "size": [1, 3, 10], "pivot": [-2, 21, -10], "rotation": [0, 0, 20], "uv": [19, 25]},
						{"origin": [1, 22, 12], "size": [1, 4, 21], "pivot": [2, 24, 26], "rotation": [0, 0, -25], "uv": [148, 144]},
						{"origin": [-2.57738, 21.90631, 12], "size": [1, 4, 21], "pivot": [-2, 23, 26], "rotation": [0, 0, 25], "uv": [0, 0]},
						{"origin": [-1, 25, 12], "size": [2, 1, 21], "uv": [171, 123]},
						{"origin": [-2, 12, 33], "size": [4, 13, 1], "uv": [0, 46]},
						{"origin": [-1, 12, 33], "size": [2, 17, 1], "pivot": [-1, 12, 33], "rotation": [67.5, 0, 0], "uv": [66, 55]},
						{"origin": [-1, 18, 14], "size": [2, 3, 19], "uv": [174, 23]},
						{"origin": [-1, 17, 21], "size": [2, 1, 12], "uv": [0, 62]},
						{"origin": [-1, 16, 23.5], "size": [2, 2, 9.4], "uv": [38, 64]},
						{"origin": [-1, 15, 26], "size": [2, 1, 7], "uv": [16, 62]},
						{"origin": [-1, 16, 28], "size": [2, 1, 5], "uv": [48, 22]},
						{"origin": [-1, 13, 31], "size": [2, 3, 2], "uv": [53, 46]},
						{"origin": [-1, 14, 28], "size": [2, 2, 3], "uv": [38, 52]},
						{"origin": [0.8, 27.5, 3], "size": [0.2, 1.2, 3], "inflate": -0.2, "uv": [29, 17]},
						{"origin": [-1.1, 27.5, 3], "size": [0.2, 1.2, 3], "inflate": -0.2, "uv": [29, 16]}
					]
				},
				{
					"name": "bone2",
					"parent": "gun",
					"pivot": [0, 26.2, -19],
					"cubes": [
						{"origin": [0.75, 25.67, -18], "size": [1, 1, 25], "inflate": -0.001, "pivot": [0.2, 26.64, -18], "rotation": [0, 0, 29], "uv": [90, 144]},
						{"origin": [-1.75, 25.67, -7], "size": [1, 1, 14], "inflate": -0.001, "pivot": [-0.2, 26.64, -18], "rotation": [0, 0, -29], "uv": [48, 0]},
						{"origin": [-1.75, 25.67, -18], "size": [1, 1, 2], "inflate": -0.001, "pivot": [-0.2, 26.64, -29], "rotation": [0, 0, -29], "uv": [7, 33]}
					]
				},
				{
					"name": "bone4",
					"parent": "gun",
					"pivot": [-1.1, 27.85, -41.75],
					"cubes": [
						{"origin": [-0.7, 27.05, -52.15], "size": [2, 1, 34], "inflate": -0.2, "uv": [0, 82]},
						{"origin": [-1.3, 27.05, -52.15], "size": [2, 1, 34], "inflate": -0.201, "uv": [76, 36]}
					]
				},
				{
					"name": "action",
					"parent": "gun",
					"pivot": [1, 11, -1],
					"cubes": [
						{"origin": [-2.36472, 23.1363, -16], "size": [1, 2.5, 9], "pivot": [-1.4, 22, -14], "rotation": [0, 0, 27.5], "uv": [51, 66]},
						{"origin": [-2, 26, 7], "size": [4, 1, 1], "uv": [23, 17]},
						{"origin": [-0.5, 26, -1], "size": [1, 1, 9], "uv": [76, 71]}
					]
				},
				{
					"name": "normsight",
					"parent": "gun",
					"pivot": [1, 11, -2],
					"cubes": [
						{"origin": [0.5, 28, 2], "size": [1, 0.5, 3], "pivot": [1, 28, 5], "rotation": [-90, -90, 0], "uv": [20, 0]},
						{"origin": [-1.5, 27.6, 2], "size": [1, 0.5, 3], "pivot": [-1, 28, 5], "rotation": [-90, -90, 0], "uv": [4, 17]},
						{"origin": [-1, 28, 4.7], "size": [1.5, 2, 0.5], "uv": [0, 17]},
						{"origin": [-1, 28.5, 4.7], "size": [1.5, 0.5, 0.5], "uv": [0, 0]},
						{"origin": [-1.1, 27.5, -51], "size": [0.2, 1.2, 3], "inflate": -0.2, "uv": [7, 28]},
						{"origin": [1.5, 29, -52], "size": [1, 0.5, 3], "pivot": [2, 28, -49], "rotation": [-90, -90, 0], "uv": [10, 0]},
						{"origin": [-1.5, 27.6, -52], "size": [1, 0.5, 3], "pivot": [-1, 28, -49], "rotation": [-90, -90, 0], "uv": [15, 0]},
						{"origin": [0.8, 27.5, -51], "size": [0.2, 1.2, 3], "inflate": -0.2, "uv": [7, 29]},
						{"origin": [-1, 28, -49.3], "size": [1.5, 2, 0.5], "uv": [0, 4]},
						{"origin": [0.4, 29.5, 4.7], "size": [0, 1.5, 0.5], "inflate": -0.2, "uv": [0, 0]},
						{"origin": [-0.5, 29.5, 4.7], "size": [0, 1.5, 0.5], "inflate": -0.2, "uv": [0, 0]},
						{"origin": [-1, 28.5, -50], "size": [2, 3, 2], "inflate": -0.9, "uv": [26, 46]}
					]
				},
				{
					"name": "_cb_canted",
					"parent": "gun",
					"pivot": [0, 14, 30],
					"cubes": [
						{"origin": [-1, 28, -7], "size": [2, 2, 2], "uv": [0, 0]}
					]
				},
				{
					"name": "_cb_launcher",
					"parent": "gun",
					"pivot": [0, 19, -28],
					"cubes": [
						{"origin": [-1, 19, -29], "size": [2, 2, 2], "uv": [0, 0]}
					]
				},
				{
					"name": "_cb_suppressor",
					"parent": "gun",
					"pivot": [0, 14, 30],
					"cubes": [
						{"origin": [-1, 23.5, -64], "size": [2, 2, 2], "uv": [0, 0]}
					]
				},
				{
					"name": "_cb_grip",
					"parent": "gun",
					"pivot": [-1, 15, 28],
					"cubes": [
						{"origin": [-0.5, 20, -34], "size": [1, 1, 1], "uv": [2, 1]}
					]
				},
				{
					"name": "_cb_scope",
					"parent": "gun",
					"pivot": [1, 11, -1],
					"cubes": [
						{"origin": [-0.5, 27, -7], "size": [1, 1, 1], "uv": [2, 1]}
					]
				},
				{
					"name": "magazine",
					"parent": "main",
					"pivot": [0.5, 7.75, -10.25],
					"cubes": [
						{"origin": [-1.25, 12.75, -16.25], "size": [3, 10, 7], "uv": [23, 0]},
						{"origin": [-1.75, 12.75, -16.25], "size": [1, 10, 7], "inflate": 0.001, "uv": [38, 84]},
						{"origin": [-1.25, 1.75, -19], "size": [3, 11, 6.9], "pivot": [0.75, 1.75, -10.25], "rotation": [-15, 0, 0], "uv": [0, 82]},
						{"origin": [-1.75, 1.75, -19], "size": [1, 11, 6.9], "inflate": 0.001, "pivot": [-0.75, 1.75, -10.25], "rotation": [-15, 0, 0], "uv": [94, 36]}
					]
				},
				{
					"name": "bullet",
					"parent": "magazine",
					"pivot": [-0.15, 22.4, -15.7],
					"cubes": [
						{"origin": [-0.65, 21.9, -15.7], "size": [1, 1, 6], "inflate": 0.2, "pivot": [-0.15, 22.4, -15.7], "rotation": [0, 0, 21], "uv": [48, 7]}
					]
				},
				{
					"name": "magazine2",
					"parent": "main",
					"pivot": [0.5, 7.75, -10.25],
					"cubes": [
						{"origin": [-1.25, 12.75, -16.25], "size": [3, 10, 7], "uv": [0, 0]},
						{"origin": [-1.75, 12.75, -16.25], "size": [1, 10, 7], "inflate": 0.001, "uv": [18, 82]},
						{"origin": [-1.25, 1.75, -19], "size": [3, 11, 6.9], "pivot": [0.75, 1.75, -10.25], "rotation": [-15, 0, 0], "uv": [76, 46]},
						{"origin": [-1.75, 1.75, -19], "size": [1, 11, 6.9], "inflate": 0.001, "pivot": [-0.75, 1.75, -10.25], "rotation": [-15, 0, 0], "uv": [92, 84]}
					]
				},
				{
					"name": "bullet2",
					"parent": "magazine2",
					"pivot": [-0.15, 22.4, -15.7],
					"cubes": [
						{"origin": [-0.65, 21.9, -15.7], "size": [1, 1, 6], "inflate": 0.2, "pivot": [-0.15, 22.4, -15.7], "rotation": [0, 0, 21], "uv": [48, 0]}
					]
				},
				{
					"name": "rightarm",
					"parent": "main",
					"pivot": [-4.3, 8.8, 17.8],
					"rotation": [-101.81106, -12.40003, -2.46982],
					"cubes": [
						{"origin": [-8.3, -15.2, 13.8], "size": [8, 24, 8], "uv": [38, 46]}
					]
				},
				{
					"name": "leftarm",
					"parent": "main",
					"pivot": [8.7, 16.3, -11.6],
					"rotation": [-119.61483, 1.67666, -38.31282],
					"cubes": [
						{"origin": [4.7, -7.7, -15.6], "size": [8, 24, 8], "uv": [0, 46]}
					]
				},
				{
					"name": "muzzleflash",
					"parent": "main",
					"pivot": [0, 24.35, -58.25],
					"cubes": [
						{"origin": [-0.5, 23.85, -58.55], "size": [1, 1, 1], "inflate": -0.4, "uv": [33, 17]}
					]
				},
				{
					"name": "scope",
					"parent": "main",
					"pivot": [0, 30.55, 16.75],
					"cubes": [
						{"origin": [-0.5, 29.9, 16.45], "size": [1, 1, 1], "inflate": -0.4, "uv": [25, 0]}
					]
				}
			]
		}
	]
}