{
	"format_version": "1.12.0",
	"minecraft:geometry": [
		{
			"description": {
				"identifier": "geometry.unknown",
				"texture_width": 256,
				"texture_height": 256,
				"visible_bounds_width": 11,
				"visible_bounds_height": 4,
				"visible_bounds_offset": [0, 1, 0]
			},
			"bones": [
				{
					"name": "main",
					"pivot": [-3, 19, 0]
				},
				{
					"name": "gun",
					"parent": "main",
					"pivot": [-2, 10, -1],
					"cubes": [
						{"origin": [-5.5, 6, -3], "size": [3, 10, 5], "pivot": [-2, 14, -2], "rotation": [20, 0, 0], "uv": [56, 50]},
						{"origin": [-6, 16, -3], "size": [4, 2, 14.5], "uv": [0, 57]},
						{"origin": [-5.5, 14.5, -3.6], "size": [3, 3.5, 2], "uv": [40, 20]},
						{"origin": [-5.5, 17, -6.4], "size": [3, 1, 5], "uv": [72, 95]},
						{"origin": [-6, 7, -1], "size": [4, 9, 4], "pivot": [-2, 10, 0], "rotation": [20, 0, 0], "uv": [0, 75]},
						{"origin": [-6, 15, -3], "size": [4, 3, 3], "uv": [104, 67]},
						{"origin": [-5.5, 14.3, -4.3], "size": [3, 0.5, 0.3], "pivot": [-2, 13, -4], "rotation": [-20, 0, 0], "uv": [0, 0]},
						{"origin": [-5.5, 14, -5], "size": [3, 1.8, 0.3], "pivot": [-2, 13, -5.5], "rotation": [52.5, 0, 0], "uv": [0, 27]},
						{"origin": [-5.5, 12, -5.6], "size": [3, 2.5, 0.3], "pivot": [-2, 13.5, -4.6], "rotation": [-90, 0, 0], "uv": [46, 10]},
						{"origin": [-5.5, 15, -7.5], "size": [3, 3, 0.3], "uv": [22, 21]},
						{"origin": [-4.5, 16, -4.5], "size": [1, 2, 0.2], "pivot": [-2, 16, -5], "rotation": [-27.5, 0, 0], "uv": [41, 10]},
						{"origin": [-4.5, 18, -18], "size": [3.5, 3, 41], "uv": [126, 110]},
						{"origin": [-7, 18, -18], "size": [3.5, 3, 41], "uv": [0, 130]},
						{"origin": [-5.5, 18, -18], "size": [3, 2, 41], "uv": [47, 133]},
						{"origin": [-5.5, 18, 21], "size": [3, 3, 2], "uv": [40, 15]},
						{"origin": [-7, 18, 23], "size": [6, 5, 4], "uv": [77, 105]},
						{"origin": [-7, 23, 27], "size": [6, 10, 1], "pivot": [-2, 23, 27], "rotation": [-72.5, 0, 0], "uv": [0, 57]},
						{"origin": [-7, 24, 36], "size": [6, 2, 2], "uv": [101, 0]},
						{"origin": [-7, 20, 36], "size": [6, 5.95, 2], "pivot": [-2, 22, 37], "rotation": [-20, 0, 0], "uv": [57, 15]},
						{"origin": [-7, 16, 37], "size": [6, 4.95, 1.5], "pivot": [-2, 17, 37], "rotation": [20, 0, 0], "uv": [57, 107]},
						{"origin": [-7, 16, 30], "size": [6, 1, 8], "pivot": [-2, 16, 36], "rotation": [-15, 0, 0], "uv": [82, 75]},
						{"origin": [-7, 18, 30], "size": [6, 3, 1], "uv": [93, 105]},
						{"origin": [-7, 18, 26], "size": [6, 3, 1], "pivot": [-2, 18, 27], "rotation": [-90, 0, 0], "uv": [101, 4]},
						{"origin": [-7, 16, 30], "size": [6, 3, 1], "pivot": [-2, 16, 31], "rotation": [-30, 0, 0], "uv": [58, 46]},
						{"origin": [-7, 18, 30], "size": [6, 6, 7], "uv": [25, 75]},
						{"origin": [-7, 17, 32], "size": [6, 1.8, 6], "uv": [24, 95]},
						{"origin": [-7, 19, 27], "size": [6, 2, 3], "uv": [25, 88]},
						{"origin": [-7, 23, 34], "size": [6, 2, 2], "uv": [56, 65]},
						{"origin": [-7, 16, 36], "size": [6, 2, 2], "uv": [57, 22]},
						{"origin": [-7, 20, -7], "size": [7, 2, 1], "uv": [77, 70]},
						{"origin": [-7, 20, -18], "size": [7, 2, 1], "uv": [22, 66]},
						{"origin": [-7, 20, -18], "size": [6, 2.5, 1], "uv": [109, 8]},
						{"origin": [-7, 20, -7], "size": [6, 2.5, 1], "uv": [0, 68]},
						{"origin": [-7, 21, 27], "size": [6, 2, 3], "uv": [0, 88]},
						{"origin": [-7.2, 19, -2], "size": [0.2, 2, 22], "uv": [0, 33]},
						{"origin": [-8, 18, -20], "size": [7, 6, 2], "uv": [57, 85]},
						{"origin": [-5, 20, -93], "size": [2, 2, 73], "uv": [0, 0]},
						{"origin": [-7, 18, -28], "size": [6, 6, 8], "uv": [0, 0]},
						{"origin": [-7, 18, -81], "size": [6, 6, 1], "uv": [58, 39]},
						{"origin": [-6, 19, -87], "size": [4, 4, 6], "uv": [32, 102]},
						{"origin": [-7, 22, -81], "size": [2, 2, 53], "uv": [114, 55]},
						{"origin": [-7, 18, -81], "size": [2, 2, 53], "uv": [57, 77]},
						{"origin": [-3, 22, -81], "size": [2, 2, 53], "uv": [77, 0]},
						{"origin": [-3, 18, -81], "size": [2, 2, 53], "uv": [0, 75]},
						{"origin": [-9, 20, -25], "size": [2, 3, 7], "pivot": [-8, 20, -24], "rotation": [0, -12.5, 0], "uv": [57, 75]},
						{"origin": [-6, 24, -27], "size": [4, 2, 8], "uv": [81, 95]},
						{"origin": [-5, 27, -27], "size": [2, 1, 8], "pivot": [-4, 27, -21], "rotation": [12.5, 0, 0], "uv": [99, 41]},
						{"origin": [-5, 27, -20], "size": [2, 3, 1], "uv": [67, 50]},
						{"origin": [-4.5, 29, -20], "size": [1, 2, 1], "pivot": [-4, 29, -19], "rotation": [0, 0, 35], "uv": [5, 30]},
						{"origin": [-4.5, 29, -20], "size": [1, 2, 1], "pivot": [-4, 29, -19], "rotation": [0, 0, -32.5], "uv": [24, 14]},
						{"origin": [-3, 20, -75], "size": [2, 2, 2], "uv": [82, 79]},
						{"origin": [-5, 22, -80], "size": [2, 2, 7], "uv": [77, 41]},
						{"origin": [-5, 18, -80], "size": [2, 2, 7], "uv": [77, 32]},
						{"origin": [-3, 20, -65], "size": [2, 2, 2], "uv": [82, 75]},
						{"origin": [-5, 22, -65], "size": [2, 2, 2], "uv": [77, 55]},
						{"origin": [-5, 18, -65], "size": [2, 2, 2], "uv": [68, 75]},
						{"origin": [-3, 20, -55], "size": [2, 2, 2], "uv": [77, 63]},
						{"origin": [-5, 18, -55], "size": [2, 2, 2], "uv": [44, 75]},
						{"origin": [-5, 22, -55], "size": [2, 2, 2], "uv": [77, 4]},
						{"origin": [-3, 20, -44], "size": [2, 2, 2], "uv": [77, 59]},
						{"origin": [-5, 18, -44], "size": [2, 2, 2], "uv": [65, 31]},
						{"origin": [-5, 22, -44], "size": [2, 2, 2], "uv": [77, 0]},
						{"origin": [-6, 24, -83], "size": [4, 1, 8], "uv": [49, 30]},
						{"origin": [-5, 25, -82], "size": [2, 4, 3], "uv": [17, 14]},
						{"origin": [-4.3, 28, -82], "size": [0.5, 2, 2], "uv": [6, 12]},
						{"origin": [-6, 13, -79], "size": [4, 5, 3], "uv": [58, 0]},
						{"origin": [-4, 13, -78], "size": [2, 2, 39], "pivot": [-3, 13, -77], "rotation": [0, 12.5, 0], "uv": [96, 154]},
						{"origin": [-6, 13, -78], "size": [2, 2, 39], "pivot": [-5, 13, -77], "rotation": [0, -12.5, 0], "uv": [134, 0]},
						{"origin": [3, 12, -40], "size": [4, 4, 1], "uv": [40, 5]},
						{"origin": [-15, 12, -40], "size": [4, 4, 1], "uv": [40, 0]}
					]
				},
				{
					"name": "cover",
					"parent": "gun",
					"pivot": [-4, 22, -18],
					"cubes": [
						{"origin": [-7, 21, -5], "size": [6, 2, 28], "pivot": [-2, 21, 22], "rotation": [-7.5, 0, 0], "uv": [0, 0]},
						{"origin": [-7, 24.5, -18], "size": [6, 2, 14], "uv": [30, 55]},
						{"origin": [-7, 22, -18], "size": [6, 3, 1], "uv": [58, 8]},
						{"origin": [-4, 23, -17], "size": [3, 2, 11], "uv": [40, 15]},
						{"origin": [-7, 22, -7], "size": [3, 3, 9], "uv": [95, 55]},
						{"origin": [-7, 23, -17], "size": [3, 2, 11], "uv": [0, 14]},
						{"origin": [-7, 21, 2], "size": [3, 3, 12], "uv": [77, 55]},
						{"origin": [-4, 21, 2], "size": [3, 3, 12], "uv": [40, 0]},
						{"origin": [-7, 21, 4], "size": [3, 1, 19], "uv": [57, 75]},
						{"origin": [-4, 21, 4], "size": [3, 1, 19], "uv": [0, 75]},
						{"origin": [-4, 22, -7], "size": [3, 3, 9], "uv": [57, 95]},
						{"origin": [-4, 21, -6], "size": [3, 1, 8], "uv": [99, 32]},
						{"origin": [-7, 21, -6], "size": [3, 1, 8], "uv": [22, 57]},
						{"origin": [-5, 26, -17], "size": [2, 1, 18], "uv": [77, 32]}
					]
				},
				{
					"name": "action",
					"parent": "gun",
					"pivot": [-2, 10, -1],
					"cubes": [
						{"origin": [-9, 15, -3], "size": [2, 9, 2], "uv": [0, 14]}
					]
				},
				{
					"name": "magazine",
					"parent": "main",
					"pivot": [14.5, 4.75, -10.25],
					"cubes": [
						{"origin": [-0.75, 4.75, -16.25], "size": [20, 16, 9], "inflate": 0.001, "uv": [139, 154]}
					]
				},
				{
					"name": "bullet",
					"parent": "magazine",
					"pivot": [11.85, 22.4, -15.7],
					"cubes": [
						{"origin": [-3.5, 21.4, -12.7], "size": [1, 1, 3], "uv": [65, 27]},
						{"origin": [-1.5, 21.4, -12.7], "size": [1, 1, 3], "uv": [36, 61]},
						{"origin": [0.5, 21.4, -12.7], "size": [1, 1, 3], "uv": [22, 61]},
						{"origin": [6.5, 17.4, -12.7], "size": [1, 1, 3], "uv": [49, 30]},
						{"origin": [2.5, 21.4, -12.7], "size": [1, 1, 3], "pivot": [1.85, 21.4, -11.7], "rotation": [0, 0, 22.5], "uv": [36, 57]},
						{"origin": [5.5, 19.4, -12.7], "size": [1, 1, 3], "pivot": [4.85, 19.4, -11.7], "rotation": [0, 0, 22.5], "uv": [49, 34]},
						{"origin": [4.5, 20.4, -12.7], "size": [1, 1, 3], "pivot": [3.85, 20.4, -11.7], "rotation": [0, 0, 35], "uv": [22, 57]}
					]
				},
				{
					"name": "762x2",
					"parent": "bullet",
					"pivot": [5.1824, -1.322, -4.17953],
					"rotation": [90, 0, 0],
					"cubes": [
						{"origin": [1.45, 3.5518, 18.45], "size": [1.1, 0.1828, 1.1], "uv": [16, 16]},
						{"origin": [1.57186, 3.67366, 18.57188], "size": [0.85626, 0.24376, 0.85626], "uv": [0, 0]},
						{"origin": [1.45, 3.91742, 18.45], "size": [1.1, 3.41564, 1.1], "uv": [15, 87]},
						{"origin": [1.60212, 7.4508, 18.60212], "size": [0.79576, 1.09886, 0.79576], "inflate": 0.001, "uv": [0, 0]},
						{"origin": [1.60312, 15.33417, 13.41531], "size": [0.79376, 0.4875, 0.24374], "pivot": [5.1824, -1.322, -4.17953], "rotation": [-22.5, 0, 0], "uv": [0, 0]},
						{"origin": [1.66408, 8.54866, 18.66406], "size": [0.67186, 0.73126, 0.67186], "uv": [0, 0]},
						{"origin": [1.60312, -2.40668, 20.81208], "size": [0.79376, 0.4875, 0.24374], "pivot": [5.1824, -1.322, -4.17953], "rotation": [22.5, 0, 0], "uv": [0, 0]},
						{"origin": [1.72502, 9.27992, 18.725], "size": [0.54998, 0.60938, 0.54998], "uv": [0, 0]},
						{"origin": [1.78594, 9.8893, 18.78592], "size": [0.42814, 0.2742, 0.42814], "uv": [0, 0]},
						{"origin": [1.87734, 10.13306, 18.87734], "size": [0.24532, 0.1828, 0.24532], "uv": [0, 0]},
						{"origin": [-1.57801, 5.2459, 18.60312], "size": [0.24374, 0.4875, 0.79376], "pivot": [5.1824, -1.322, -4.17953], "rotation": [0, 0, 22.5], "uv": [0, 0]},
						{"origin": [5.81876, 7.6816, 18.60312], "size": [0.24374, 0.4875, 0.79376], "pivot": [5.1824, -1.322, -4.17953], "rotation": [0, 0, -22.5], "uv": [0, 0]}
					]
				},
				{
					"name": "762x3",
					"parent": "bullet",
					"pivot": [3.1824, -1.322, -4.17953],
					"rotation": [90, 0, 0],
					"cubes": [
						{"origin": [-0.55, 3.5518, 18.45], "size": [1.1, 0.1828, 1.1], "uv": [16, 15]},
						{"origin": [-0.42814, 3.67366, 18.57188], "size": [0.85626, 0.24376, 0.85626], "uv": [0, 0]},
						{"origin": [-0.55, 3.91742, 18.45], "size": [1.1, 3.41564, 1.1], "uv": [86, 84]},
						{"origin": [-0.39788, 7.4508, 18.60212], "size": [0.79576, 1.09886, 0.79576], "inflate": 0.001, "uv": [0, 0]},
						{"origin": [-0.39688, 15.33417, 13.41531], "size": [0.79376, 0.4875, 0.24374], "pivot": [3.1824, -1.322, -4.17953], "rotation": [-22.5, 0, 0], "uv": [0, 0]},
						{"origin": [-0.33592, 8.54866, 18.66406], "size": [0.67186, 0.73126, 0.67186], "uv": [0, 0]},
						{"origin": [-0.39688, -2.40668, 20.81208], "size": [0.79376, 0.4875, 0.24374], "pivot": [3.1824, -1.322, -4.17953], "rotation": [22.5, 0, 0], "uv": [0, 0]},
						{"origin": [-0.27498, 9.27992, 18.725], "size": [0.54998, 0.60938, 0.54998], "uv": [0, 0]},
						{"origin": [-0.21406, 9.8893, 18.78592], "size": [0.42814, 0.2742, 0.42814], "uv": [0, 0]},
						{"origin": [-0.12266, 10.13306, 18.87734], "size": [0.24532, 0.1828, 0.24532], "uv": [0, 0]},
						{"origin": [-3.57801, 5.2459, 18.60312], "size": [0.24374, 0.4875, 0.79376], "pivot": [3.1824, -1.322, -4.17953], "rotation": [0, 0, 22.5], "uv": [0, 0]},
						{"origin": [3.81876, 7.6816, 18.60312], "size": [0.24374, 0.4875, 0.79376], "pivot": [3.1824, -1.322, -4.17953], "rotation": [0, 0, -22.5], "uv": [0, 0]}
					]
				},
				{
					"name": "762x4",
					"parent": "bullet",
					"pivot": [1.1824, -1.322, -4.17953],
					"rotation": [90, 0, 0],
					"cubes": [
						{"origin": [-2.55, 3.5518, 18.45], "size": [1.1, 0.1828, 1.1], "uv": [16, 14]},
						{"origin": [-2.42814, 3.67366, 18.57188], "size": [0.85626, 0.24376, 0.85626], "uv": [0, 0]},
						{"origin": [-2.55, 3.91742, 18.45], "size": [1.1, 3.41564, 1.1], "uv": [85, 63]},
						{"origin": [-2.39788, 7.4508, 18.60212], "size": [0.79576, 1.09886, 0.79576], "inflate": 0.001, "uv": [0, 0]},
						{"origin": [-2.39688, 15.33417, 13.41531], "size": [0.79376, 0.4875, 0.24374], "pivot": [1.1824, -1.322, -4.17953], "rotation": [-22.5, 0, 0], "uv": [0, 0]},
						{"origin": [-2.33592, 8.54866, 18.66406], "size": [0.67186, 0.73126, 0.67186], "uv": [0, 0]},
						{"origin": [-2.39688, -2.40668, 20.81208], "size": [0.79376, 0.4875, 0.24374], "pivot": [1.1824, -1.322, -4.17953], "rotation": [22.5, 0, 0], "uv": [0, 0]},
						{"origin": [-2.27498, 9.27992, 18.725], "size": [0.54998, 0.60938, 0.54998], "uv": [0, 0]},
						{"origin": [-2.21406, 9.8893, 18.78592], "size": [0.42814, 0.2742, 0.42814], "uv": [0, 0]},
						{"origin": [-2.12266, 10.13306, 18.87734], "size": [0.24532, 0.1828, 0.24532], "uv": [0, 0]},
						{"origin": [-5.57801, 5.2459, 18.60312], "size": [0.24374, 0.4875, 0.79376], "pivot": [1.1824, -1.322, -4.17953], "rotation": [0, 0, 22.5], "uv": [0, 0]},
						{"origin": [1.81876, 7.6816, 18.60312], "size": [0.24374, 0.4875, 0.79376], "pivot": [1.1824, -1.322, -4.17953], "rotation": [0, 0, -22.5], "uv": [0, 0]}
					]
				},
				{
					"name": "762x5",
					"parent": "bullet",
					"pivot": [-0.8176, -1.322, -4.17953],
					"rotation": [90, 0, 0],
					"cubes": [
						{"origin": [-4.55, 3.5518, 18.45], "size": [1.1, 0.1828, 1.1], "uv": [7, 16]},
						{"origin": [-4.42814, 3.67366, 18.57188], "size": [0.85626, 0.24376, 0.85626], "uv": [0, 0]},
						{"origin": [-4.55, 3.91742, 18.45], "size": [1.1, 3.41564, 1.1], "uv": [85, 59]},
						{"origin": [-4.39788, 7.4508, 18.60212], "size": [0.79576, 1.09886, 0.79576], "inflate": 0.001, "uv": [0, 0]},
						{"origin": [-4.39688, 15.33417, 13.41531], "size": [0.79376, 0.4875, 0.24374], "pivot": [-0.8176, -1.322, -4.17953], "rotation": [-22.5, 0, 0], "uv": [0, 0]},
						{"origin": [-4.33592, 8.54866, 18.66406], "size": [0.67186, 0.73126, 0.67186], "uv": [0, 0]},
						{"origin": [-4.39688, -2.40668, 20.81208], "size": [0.79376, 0.4875, 0.24374], "pivot": [-0.8176, -1.322, -4.17953], "rotation": [22.5, 0, 0], "uv": [0, 0]},
						{"origin": [-4.27498, 9.27992, 18.725], "size": [0.54998, 0.60938, 0.54998], "uv": [0, 0]},
						{"origin": [-4.21406, 9.8893, 18.78592], "size": [0.42814, 0.2742, 0.42814], "uv": [0, 0]},
						{"origin": [-4.12266, 10.13306, 18.87734], "size": [0.24532, 0.1828, 0.24532], "uv": [0, 0]},
						{"origin": [-7.57801, 5.2459, 18.60312], "size": [0.24374, 0.4875, 0.79376], "pivot": [-0.8176, -1.322, -4.17953], "rotation": [0, 0, 22.5], "uv": [0, 0]},
						{"origin": [-0.18124, 7.6816, 18.60312], "size": [0.24374, 0.4875, 0.79376], "pivot": [-0.8176, -1.322, -4.17953], "rotation": [0, 0, -22.5], "uv": [0, 0]}
					]
				},
				{
					"name": "762x6",
					"parent": "bullet",
					"pivot": [4.1824, 20.678, -12.17953],
					"rotation": [90, 0, 27.5],
					"cubes": [
						{"origin": [3.45, 17.5518, -12.55], "size": [1.1, 0.1828, 1.1], "uv": [4, 6]},
						{"origin": [3.57186, 17.67366, -12.42812], "size": [0.85626, 0.24376, 0.85626], "uv": [0, 0]},
						{"origin": [3.45, 17.91742, -12.55], "size": [1.1, 3.41564, 1.1], "uv": [85, 55]},
						{"origin": [3.60212, 21.4508, -12.39788], "size": [0.79576, 1.09886, 0.79576], "inflate": 0.001, "uv": [0, 0]},
						{"origin": [3.60312, 29.33417, -17.58469], "size": [0.79376, 0.4875, 0.24374], "pivot": [7.1824, 12.678, -35.17953], "rotation": [-22.5, 0, 0], "uv": [0, 0]},
						{"origin": [3.66408, 22.54866, -12.33594], "size": [0.67186, 0.73126, 0.67186], "uv": [0, 0]},
						{"origin": [3.60312, 11.59332, -10.18792], "size": [0.79376, 0.4875, 0.24374], "pivot": [7.1824, 12.678, -35.17953], "rotation": [22.5, 0, 0], "uv": [0, 0]},
						{"origin": [3.72502, 23.27992, -12.275], "size": [0.54998, 0.60938, 0.54998], "uv": [0, 0]},
						{"origin": [3.78594, 23.8893, -12.21408], "size": [0.42814, 0.2742, 0.42814], "uv": [0, 0]},
						{"origin": [3.87734, 24.13306, -12.12266], "size": [0.24532, 0.1828, 0.24532], "uv": [0, 0]},
						{"origin": [0.42199, 19.2459, -12.39688], "size": [0.24374, 0.4875, 0.79376], "pivot": [7.1824, 12.678, -35.17953], "rotation": [0, 0, 22.5], "uv": [0, 0]},
						{"origin": [7.81876, 21.6816, -12.39688], "size": [0.24374, 0.4875, 0.79376], "pivot": [7.1824, 12.678, -35.17953], "rotation": [0, 0, -22.5], "uv": [0, 0]}
					]
				},
				{
					"name": "762x7",
					"parent": "bullet",
					"pivot": [9.1824, -3.322, -4.17953],
					"rotation": [90, 0, 0],
					"cubes": [
						{"origin": [5.45, 1.5518, 18.45], "size": [1.1, 0.1828, 1.1], "uv": [0, 6]},
						{"origin": [5.57186, 1.67366, 18.57188], "size": [0.85626, 0.24376, 0.85626], "uv": [0, 0]},
						{"origin": [5.45, 1.91742, 18.45], "size": [1.1, 3.41564, 1.1], "uv": [82, 84]},
						{"origin": [5.60212, 5.4508, 18.60212], "size": [0.79576, 1.09886, 0.79576], "inflate": 0.001, "uv": [0, 0]},
						{"origin": [5.60312, 13.33417, 13.41531], "size": [0.79376, 0.4875, 0.24374], "pivot": [9.1824, -3.322, -4.17953], "rotation": [-22.5, 0, 0], "uv": [0, 0]},
						{"origin": [5.66408, 6.54866, 18.66406], "size": [0.67186, 0.73126, 0.67186], "uv": [0, 0]},
						{"origin": [5.60312, -4.40668, 20.81208], "size": [0.79376, 0.4875, 0.24374], "pivot": [9.1824, -3.322, -4.17953], "rotation": [22.5, 0, 0], "uv": [0, 0]},
						{"origin": [5.72502, 7.27992, 18.725], "size": [0.54998, 0.60938, 0.54998], "uv": [0, 0]},
						{"origin": [5.78594, 7.8893, 18.78592], "size": [0.42814, 0.2742, 0.42814], "uv": [0, 0]},
						{"origin": [5.87734, 8.13306, 18.87734], "size": [0.24532, 0.1828, 0.24532], "uv": [0, 0]},
						{"origin": [2.42199, 3.2459, 18.60312], "size": [0.24374, 0.4875, 0.79376], "pivot": [9.1824, -3.322, -4.17953], "rotation": [0, 0, 22.5], "uv": [0, 0]},
						{"origin": [9.81876, 5.6816, 18.60312], "size": [0.24374, 0.4875, 0.79376], "pivot": [9.1824, -3.322, -4.17953], "rotation": [0, 0, -22.5], "uv": [0, 0]}
					]
				},
				{
					"name": "762x8",
					"parent": "bullet",
					"pivot": [10.1824, -4.322, -4.17953],
					"rotation": [90, 0, 0],
					"cubes": [
						{"origin": [6.45, 0.5518, 18.45], "size": [1.1, 0.1828, 1.1], "uv": [4, 5]},
						{"origin": [6.57186, 0.67366, 18.57188], "size": [0.85626, 0.24376, 0.85626], "uv": [0, 0]},
						{"origin": [6.45, 0.91742, 18.45], "size": [1.1, 3.41564, 1.1], "uv": [80, 44]},
						{"origin": [6.60212, 4.4508, 18.60212], "size": [0.79576, 1.09886, 0.79576], "inflate": 0.001, "uv": [0, 0]},
						{"origin": [6.60312, 12.33417, 13.41531], "size": [0.79376, 0.4875, 0.24374], "pivot": [10.1824, -4.322, -4.17953], "rotation": [-22.5, 0, 0], "uv": [0, 0]},
						{"origin": [6.66408, 5.54866, 18.66406], "size": [0.67186, 0.73126, 0.67186], "uv": [0, 0]},
						{"origin": [6.60312, -5.40668, 20.81208], "size": [0.79376, 0.4875, 0.24374], "pivot": [10.1824, -4.322, -4.17953], "rotation": [22.5, 0, 0], "uv": [0, 0]},
						{"origin": [6.72502, 6.27992, 18.725], "size": [0.54998, 0.60938, 0.54998], "uv": [0, 0]},
						{"origin": [6.78594, 6.8893, 18.78592], "size": [0.42814, 0.2742, 0.42814], "uv": [0, 0]},
						{"origin": [6.87734, 7.13306, 18.87734], "size": [0.24532, 0.1828, 0.24532], "uv": [0, 0]},
						{"origin": [3.42199, 2.2459, 18.60312], "size": [0.24374, 0.4875, 0.79376], "pivot": [10.1824, -4.322, -4.17953], "rotation": [0, 0, 22.5], "uv": [0, 0]},
						{"origin": [10.81876, 4.6816, 18.60312], "size": [0.24374, 0.4875, 0.79376], "pivot": [10.1824, -4.322, -4.17953], "rotation": [0, 0, -22.5], "uv": [0, 0]}
					]
				},
				{
					"name": "762x9",
					"parent": "bullet",
					"pivot": [10.1824, -6.322, -4.17953],
					"rotation": [90, 0, 0],
					"cubes": [
						{"origin": [6.45, -1.4482, 18.45], "size": [1.1, 0.1828, 1.1], "uv": [0, 5]},
						{"origin": [6.57186, -1.32634, 18.57188], "size": [0.85626, 0.24376, 0.85626], "uv": [0, 0]},
						{"origin": [6.45, -1.08258, 18.45], "size": [1.1, 3.41564, 1.1], "uv": [80, 35]},
						{"origin": [6.60212, 2.4508, 18.60212], "size": [0.79576, 1.09886, 0.79576], "inflate": 0.001, "uv": [0, 0]},
						{"origin": [6.60312, 10.33417, 13.41531], "size": [0.79376, 0.4875, 0.24374], "pivot": [10.1824, -6.322, -4.17953], "rotation": [-22.5, 0, 0], "uv": [0, 0]},
						{"origin": [6.66408, 3.54866, 18.66406], "size": [0.67186, 0.73126, 0.67186], "uv": [0, 0]},
						{"origin": [6.60312, -7.40668, 20.81208], "size": [0.79376, 0.4875, 0.24374], "pivot": [10.1824, -6.322, -4.17953], "rotation": [22.5, 0, 0], "uv": [0, 0]},
						{"origin": [6.72502, 4.27992, 18.725], "size": [0.54998, 0.60938, 0.54998], "uv": [0, 0]},
						{"origin": [6.78594, 4.8893, 18.78592], "size": [0.42814, 0.2742, 0.42814], "uv": [0, 0]},
						{"origin": [6.87734, 5.13306, 18.87734], "size": [0.24532, 0.1828, 0.24532], "uv": [0, 0]},
						{"origin": [3.42199, 0.2459, 18.60312], "size": [0.24374, 0.4875, 0.79376], "pivot": [10.1824, -6.322, -4.17953], "rotation": [0, 0, 22.5], "uv": [0, 0]},
						{"origin": [10.81876, 2.6816, 18.60312], "size": [0.24374, 0.4875, 0.79376], "pivot": [10.1824, -6.322, -4.17953], "rotation": [0, 0, -22.5], "uv": [0, 0]}
					]
				},
				{
					"name": "bone",
					"parent": "magazine",
					"pivot": [5.5, 19.75, -11.25],
					"cubes": [
						{"origin": [2.5, 20.75, -16.25], "size": [4, 1, 9], "pivot": [4.5, 20.75, -10.25], "rotation": [0, 0, 47.5], "uv": [95, 55]}
					]
				},
				{
					"name": "magazine2",
					"parent": "main",
					"pivot": [25.5, 5.75, -10.25],
					"cubes": [
						{"origin": [-0.75, 4.75, -16.25], "size": [20, 16, 9], "inflate": 0.001, "uv": [0, 30]}
					]
				},
				{
					"name": "bone2",
					"parent": "magazine2",
					"pivot": [4.5, 18.75, -11.25],
					"cubes": [
						{"origin": [2.5, 20.75, -16.25], "size": [4, 1, 9], "pivot": [4.5, 20.75, -10.25], "rotation": [0, 0, 47.5], "uv": [82, 84]}
					]
				},
				{
					"name": "bullet2",
					"parent": "magazine2",
					"pivot": [11.85, 22.4, -15.7],
					"cubes": [
						{"origin": [-3.5, 21.4, -12.7], "size": [1, 1, 3], "uv": [0, 34]},
						{"origin": [-1.5, 21.4, -12.7], "size": [1, 1, 3], "uv": [0, 30]},
						{"origin": [0.5, 21.4, -12.7], "size": [1, 1, 3], "uv": [17, 21]},
						{"origin": [6.5, 17.4, -12.7], "size": [1, 1, 3], "uv": [20, 4]},
						{"origin": [2.5, 21.4, -12.7], "size": [1, 1, 3], "pivot": [1.85, 21.4, -11.7], "rotation": [0, 0, 22.5], "uv": [20, 0]},
						{"origin": [5.5, 19.4, -12.7], "size": [1, 1, 3], "pivot": [4.85, 19.4, -11.7], "rotation": [0, 0, 22.5], "uv": [0, 4]},
						{"origin": [4.5, 20.4, -12.7], "size": [1, 1, 3], "pivot": [3.85, 20.4, -11.7], "rotation": [0, 0, 35], "uv": [0, 0]}
					]
				},
				{
					"name": "762x10",
					"parent": "bullet2",
					"pivot": [5.1824, -1.322, -4.17953],
					"rotation": [90, 0, 0],
					"cubes": [
						{"origin": [1.45, 3.5518, 18.45], "size": [1.1, 0.1828, 1.1], "uv": [4, 4]},
						{"origin": [1.57186, 3.67366, 18.57188], "size": [0.85626, 0.24376, 0.85626], "uv": [0, 0]},
						{"origin": [1.45, 3.91742, 18.45], "size": [1.1, 3.41564, 1.1], "uv": [60, 78]},
						{"origin": [1.60212, 7.4508, 18.60212], "size": [0.79576, 1.09886, 0.79576], "inflate": 0.001, "uv": [0, 0]},
						{"origin": [1.60312, 15.33417, 13.41531], "size": [0.79376, 0.4875, 0.24374], "pivot": [5.1824, -1.322, -4.17953], "rotation": [-22.5, 0, 0], "uv": [0, 0]},
						{"origin": [1.66408, 8.54866, 18.66406], "size": [0.67186, 0.73126, 0.67186], "uv": [0, 0]},
						{"origin": [1.60312, -2.40668, 20.81208], "size": [0.79376, 0.4875, 0.24374], "pivot": [5.1824, -1.322, -4.17953], "rotation": [22.5, 0, 0], "uv": [0, 0]},
						{"origin": [1.72502, 9.27992, 18.725], "size": [0.54998, 0.60938, 0.54998], "uv": [0, 0]},
						{"origin": [1.78594, 9.8893, 18.78592], "size": [0.42814, 0.2742, 0.42814], "uv": [0, 0]},
						{"origin": [1.87734, 10.13306, 18.87734], "size": [0.24532, 0.1828, 0.24532], "uv": [0, 0]},
						{"origin": [-1.57801, 5.2459, 18.60312], "size": [0.24374, 0.4875, 0.79376], "pivot": [5.1824, -1.322, -4.17953], "rotation": [0, 0, 22.5], "uv": [0, 0]},
						{"origin": [5.81876, 7.6816, 18.60312], "size": [0.24374, 0.4875, 0.79376], "pivot": [5.1824, -1.322, -4.17953], "rotation": [0, 0, -22.5], "uv": [0, 0]}
					]
				},
				{
					"name": "762x11",
					"parent": "bullet2",
					"pivot": [3.1824, -1.322, -4.17953],
					"rotation": [90, 0, 0],
					"cubes": [
						{"origin": [-0.55, 3.5518, 18.45], "size": [1.1, 0.1828, 1.1], "uv": [4, 2]},
						{"origin": [-0.42814, 3.67366, 18.57188], "size": [0.85626, 0.24376, 0.85626], "uv": [0, 0]},
						{"origin": [-0.55, 3.91742, 18.45], "size": [1.1, 3.41564, 1.1], "uv": [28, 78]},
						{"origin": [-0.39788, 7.4508, 18.60212], "size": [0.79576, 1.09886, 0.79576], "inflate": 0.001, "uv": [0, 0]},
						{"origin": [-0.39688, 15.33417, 13.41531], "size": [0.79376, 0.4875, 0.24374], "pivot": [3.1824, -1.322, -4.17953], "rotation": [-22.5, 0, 0], "uv": [0, 0]},
						{"origin": [-0.33592, 8.54866, 18.66406], "size": [0.67186, 0.73126, 0.67186], "uv": [0, 0]},
						{"origin": [-0.39688, -2.40668, 20.81208], "size": [0.79376, 0.4875, 0.24374], "pivot": [3.1824, -1.322, -4.17953], "rotation": [22.5, 0, 0], "uv": [0, 0]},
						{"origin": [-0.27498, 9.27992, 18.725], "size": [0.54998, 0.60938, 0.54998], "uv": [0, 0]},
						{"origin": [-0.21406, 9.8893, 18.78592], "size": [0.42814, 0.2742, 0.42814], "uv": [0, 0]},
						{"origin": [-0.12266, 10.13306, 18.87734], "size": [0.24532, 0.1828, 0.24532], "uv": [0, 0]},
						{"origin": [-3.57801, 5.2459, 18.60312], "size": [0.24374, 0.4875, 0.79376], "pivot": [3.1824, -1.322, -4.17953], "rotation": [0, 0, 22.5], "uv": [0, 0]},
						{"origin": [3.81876, 7.6816, 18.60312], "size": [0.24374, 0.4875, 0.79376], "pivot": [3.1824, -1.322, -4.17953], "rotation": [0, 0, -22.5], "uv": [0, 0]}
					]
				},
				{
					"name": "762x12",
					"parent": "bullet2",
					"pivot": [1.1824, -1.322, -4.17953],
					"rotation": [90, 0, 0],
					"cubes": [
						{"origin": [-2.55, 3.5518, 18.45], "size": [1.1, 0.1828, 1.1], "uv": [4, 1]},
						{"origin": [-2.42814, 3.67366, 18.57188], "size": [0.85626, 0.24376, 0.85626], "uv": [0, 0]},
						{"origin": [-2.55, 3.91742, 18.45], "size": [1.1, 3.41564, 1.1], "uv": [77, 41]},
						{"origin": [-2.39788, 7.4508, 18.60212], "size": [0.79576, 1.09886, 0.79576], "inflate": 0.001, "uv": [0, 0]},
						{"origin": [-2.39688, 15.33417, 13.41531], "size": [0.79376, 0.4875, 0.24374], "pivot": [1.1824, -1.322, -4.17953], "rotation": [-22.5, 0, 0], "uv": [0, 0]},
						{"origin": [-2.33592, 8.54866, 18.66406], "size": [0.67186, 0.73126, 0.67186], "uv": [0, 0]},
						{"origin": [-2.39688, -2.40668, 20.81208], "size": [0.79376, 0.4875, 0.24374], "pivot": [1.1824, -1.322, -4.17953], "rotation": [22.5, 0, 0], "uv": [0, 0]},
						{"origin": [-2.27498, 9.27992, 18.725], "size": [0.54998, 0.60938, 0.54998], "uv": [0, 0]},
						{"origin": [-2.21406, 9.8893, 18.78592], "size": [0.42814, 0.2742, 0.42814], "uv": [0, 0]},
						{"origin": [-2.12266, 10.13306, 18.87734], "size": [0.24532, 0.1828, 0.24532], "uv": [0, 0]},
						{"origin": [-5.57801, 5.2459, 18.60312], "size": [0.24374, 0.4875, 0.79376], "pivot": [1.1824, -1.322, -4.17953], "rotation": [0, 0, 22.5], "uv": [0, 0]},
						{"origin": [1.81876, 7.6816, 18.60312], "size": [0.24374, 0.4875, 0.79376], "pivot": [1.1824, -1.322, -4.17953], "rotation": [0, 0, -22.5], "uv": [0, 0]}
					]
				},
				{
					"name": "762x13",
					"parent": "bullet2",
					"pivot": [-0.8176, -1.322, -4.17953],
					"rotation": [90, 0, 0],
					"cubes": [
						{"origin": [-4.55, 3.5518, 18.45], "size": [1.1, 0.1828, 1.1], "uv": [4, 0]},
						{"origin": [-4.42814, 3.67366, 18.57188], "size": [0.85626, 0.24376, 0.85626], "uv": [0, 0]},
						{"origin": [-4.55, 3.91742, 18.45], "size": [1.1, 3.41564, 1.1], "uv": [77, 32]},
						{"origin": [-4.39788, 7.4508, 18.60212], "size": [0.79576, 1.09886, 0.79576], "inflate": 0.001, "uv": [0, 0]},
						{"origin": [-4.39688, 15.33417, 13.41531], "size": [0.79376, 0.4875, 0.24374], "pivot": [-0.8176, -1.322, -4.17953], "rotation": [-22.5, 0, 0], "uv": [0, 0]},
						{"origin": [-4.33592, 8.54866, 18.66406], "size": [0.67186, 0.73126, 0.67186], "uv": [0, 0]},
						{"origin": [-4.39688, -2.40668, 20.81208], "size": [0.79376, 0.4875, 0.24374], "pivot": [-0.8176, -1.322, -4.17953], "rotation": [22.5, 0, 0], "uv": [0, 0]},
						{"origin": [-4.27498, 9.27992, 18.725], "size": [0.54998, 0.60938, 0.54998], "uv": [0, 0]},
						{"origin": [-4.21406, 9.8893, 18.78592], "size": [0.42814, 0.2742, 0.42814], "uv": [0, 0]},
						{"origin": [-4.12266, 10.13306, 18.87734], "size": [0.24532, 0.1828, 0.24532], "uv": [0, 0]},
						{"origin": [-7.57801, 5.2459, 18.60312], "size": [0.24374, 0.4875, 0.79376], "pivot": [-0.8176, -1.322, -4.17953], "rotation": [0, 0, 22.5], "uv": [0, 0]},
						{"origin": [-0.18124, 7.6816, 18.60312], "size": [0.24374, 0.4875, 0.79376], "pivot": [-0.8176, -1.322, -4.17953], "rotation": [0, 0, -22.5], "uv": [0, 0]}
					]
				},
				{
					"name": "762x14",
					"parent": "bullet2",
					"pivot": [4.1824, 20.678, -12.17953],
					"rotation": [90, 0, 27.5],
					"cubes": [
						{"origin": [3.45, 17.5518, -12.55], "size": [1.1, 0.1828, 1.1], "uv": [0, 4]},
						{"origin": [3.57186, 17.67366, -12.42812], "size": [0.85626, 0.24376, 0.85626], "uv": [0, 0]},
						{"origin": [3.45, 17.91742, -12.55], "size": [1.1, 3.41564, 1.1], "uv": [57, 75]},
						{"origin": [3.60212, 21.4508, -12.39788], "size": [0.79576, 1.09886, 0.79576], "inflate": 0.001, "uv": [0, 0]},
						{"origin": [3.60312, 29.33417, -17.58469], "size": [0.79376, 0.4875, 0.24374], "pivot": [7.1824, 12.678, -35.17953], "rotation": [-22.5, 0, 0], "uv": [0, 0]},
						{"origin": [3.66408, 22.54866, -12.33594], "size": [0.67186, 0.73126, 0.67186], "uv": [0, 0]},
						{"origin": [3.60312, 11.59332, -10.18792], "size": [0.79376, 0.4875, 0.24374], "pivot": [7.1824, 12.678, -35.17953], "rotation": [22.5, 0, 0], "uv": [0, 0]},
						{"origin": [3.72502, 23.27992, -12.275], "size": [0.54998, 0.60938, 0.54998], "uv": [0, 0]},
						{"origin": [3.78594, 23.8893, -12.21408], "size": [0.42814, 0.2742, 0.42814], "uv": [0, 0]},
						{"origin": [3.87734, 24.13306, -12.12266], "size": [0.24532, 0.1828, 0.24532], "uv": [0, 0]},
						{"origin": [0.42199, 19.2459, -12.39688], "size": [0.24374, 0.4875, 0.79376], "pivot": [7.1824, 12.678, -35.17953], "rotation": [0, 0, 22.5], "uv": [0, 0]},
						{"origin": [7.81876, 21.6816, -12.39688], "size": [0.24374, 0.4875, 0.79376], "pivot": [7.1824, 12.678, -35.17953], "rotation": [0, 0, -22.5], "uv": [0, 0]}
					]
				},
				{
					"name": "762x15",
					"parent": "bullet2",
					"pivot": [9.1824, -3.322, -4.17953],
					"rotation": [90, 0, 0],
					"cubes": [
						{"origin": [5.45, 1.5518, 18.45], "size": [1.1, 0.1828, 1.1], "uv": [0, 2]},
						{"origin": [5.57186, 1.67366, 18.57188], "size": [0.85626, 0.24376, 0.85626], "uv": [0, 0]},
						{"origin": [5.45, 1.91742, 18.45], "size": [1.1, 3.41564, 1.1], "uv": [25, 75]},
						{"origin": [5.60212, 5.4508, 18.60212], "size": [0.79576, 1.09886, 0.79576], "inflate": 0.001, "uv": [0, 0]},
						{"origin": [5.60312, 13.33417, 13.41531], "size": [0.79376, 0.4875, 0.24374], "pivot": [9.1824, -3.322, -4.17953], "rotation": [-22.5, 0, 0], "uv": [0, 0]},
						{"origin": [5.66408, 6.54866, 18.66406], "size": [0.67186, 0.73126, 0.67186], "uv": [0, 0]},
						{"origin": [5.60312, -4.40668, 20.81208], "size": [0.79376, 0.4875, 0.24374], "pivot": [9.1824, -3.322, -4.17953], "rotation": [22.5, 0, 0], "uv": [0, 0]},
						{"origin": [5.72502, 7.27992, 18.725], "size": [0.54998, 0.60938, 0.54998], "uv": [0, 0]},
						{"origin": [5.78594, 7.8893, 18.78592], "size": [0.42814, 0.2742, 0.42814], "uv": [0, 0]},
						{"origin": [5.87734, 8.13306, 18.87734], "size": [0.24532, 0.1828, 0.24532], "uv": [0, 0]},
						{"origin": [2.42199, 3.2459, 18.60312], "size": [0.24374, 0.4875, 0.79376], "pivot": [9.1824, -3.322, -4.17953], "rotation": [0, 0, 22.5], "uv": [0, 0]},
						{"origin": [9.81876, 5.6816, 18.60312], "size": [0.24374, 0.4875, 0.79376], "pivot": [9.1824, -3.322, -4.17953], "rotation": [0, 0, -22.5], "uv": [0, 0]}
					]
				},
				{
					"name": "762x16",
					"parent": "bullet2",
					"pivot": [10.1824, -4.322, -4.17953],
					"rotation": [90, 0, 0],
					"cubes": [
						{"origin": [6.45, 0.5518, 18.45], "size": [1.1, 0.1828, 1.1], "uv": [0, 1]},
						{"origin": [6.57186, 0.67366, 18.57188], "size": [0.85626, 0.24376, 0.85626], "uv": [0, 0]},
						{"origin": [6.45, 0.91742, 18.45], "size": [1.1, 3.41564, 1.1], "uv": [12, 75]},
						{"origin": [6.60212, 4.4508, 18.60212], "size": [0.79576, 1.09886, 0.79576], "inflate": 0.001, "uv": [0, 0]},
						{"origin": [6.60312, 12.33417, 13.41531], "size": [0.79376, 0.4875, 0.24374], "pivot": [10.1824, -4.322, -4.17953], "rotation": [-22.5, 0, 0], "uv": [0, 0]},
						{"origin": [6.66408, 5.54866, 18.66406], "size": [0.67186, 0.73126, 0.67186], "uv": [0, 0]},
						{"origin": [6.60312, -5.40668, 20.81208], "size": [0.79376, 0.4875, 0.24374], "pivot": [10.1824, -4.322, -4.17953], "rotation": [22.5, 0, 0], "uv": [0, 0]},
						{"origin": [6.72502, 6.27992, 18.725], "size": [0.54998, 0.60938, 0.54998], "uv": [0, 0]},
						{"origin": [6.78594, 6.8893, 18.78592], "size": [0.42814, 0.2742, 0.42814], "uv": [0, 0]},
						{"origin": [6.87734, 7.13306, 18.87734], "size": [0.24532, 0.1828, 0.24532], "uv": [0, 0]},
						{"origin": [3.42199, 2.2459, 18.60312], "size": [0.24374, 0.4875, 0.79376], "pivot": [10.1824, -4.322, -4.17953], "rotation": [0, 0, 22.5], "uv": [0, 0]},
						{"origin": [10.81876, 4.6816, 18.60312], "size": [0.24374, 0.4875, 0.79376], "pivot": [10.1824, -4.322, -4.17953], "rotation": [0, 0, -22.5], "uv": [0, 0]}
					]
				},
				{
					"name": "762x17",
					"parent": "bullet2",
					"pivot": [10.1824, -6.322, -4.17953],
					"rotation": [90, 0, 0],
					"cubes": [
						{"origin": [6.45, -1.4482, 18.45], "size": [1.1, 0.1828, 1.1], "uv": [0, 0]},
						{"origin": [6.57186, -1.32634, 18.57188], "size": [0.85626, 0.24376, 0.85626], "uv": [0, 0]},
						{"origin": [6.45, -1.08258, 18.45], "size": [1.1, 3.41564, 1.1], "uv": [0, 75]},
						{"origin": [6.60212, 2.4508, 18.60212], "size": [0.79576, 1.09886, 0.79576], "inflate": 0.001, "uv": [0, 0]},
						{"origin": [6.60312, 10.33417, 13.41531], "size": [0.79376, 0.4875, 0.24374], "pivot": [10.1824, -6.322, -4.17953], "rotation": [-22.5, 0, 0], "uv": [0, 0]},
						{"origin": [6.66408, 3.54866, 18.66406], "size": [0.67186, 0.73126, 0.67186], "uv": [0, 0]},
						{"origin": [6.60312, -7.40668, 20.81208], "size": [0.79376, 0.4875, 0.24374], "pivot": [10.1824, -6.322, -4.17953], "rotation": [22.5, 0, 0], "uv": [0, 0]},
						{"origin": [6.72502, 4.27992, 18.725], "size": [0.54998, 0.60938, 0.54998], "uv": [0, 0]},
						{"origin": [6.78594, 4.8893, 18.78592], "size": [0.42814, 0.2742, 0.42814], "uv": [0, 0]},
						{"origin": [6.87734, 5.13306, 18.87734], "size": [0.24532, 0.1828, 0.24532], "uv": [0, 0]},
						{"origin": [3.42199, 0.2459, 18.60312], "size": [0.24374, 0.4875, 0.79376], "pivot": [10.1824, -6.322, -4.17953], "rotation": [0, 0, 22.5], "uv": [0, 0]},
						{"origin": [10.81876, 2.6816, 18.60312], "size": [0.24374, 0.4875, 0.79376], "pivot": [10.1824, -6.322, -4.17953], "rotation": [0, 0, -22.5], "uv": [0, 0]}
					]
				},
				{
					"name": "rightarm",
					"parent": "main",
					"pivot": [4.7, 7.8, 21.8],
					"rotation": [-101.81106, -12.40003, -2.46982],
					"cubes": [
						{"origin": [-12.26733, -18.48481, 16.28569], "size": [8, 24, 8], "uv": [0, 95]}
					]
				},
				{
					"name": "leftarm",
					"parent": "main",
					"pivot": [7.7, 10.3, -8.6],
					"rotation": [-119.61483, 1.67666, -38.31282],
					"cubes": [
						{"origin": [2.20691, -24.43878, 0.86929], "size": [8, 24, 8], "uv": [77, 0]}
					]
				},
				{
					"name": "muzzleflash",
					"parent": "main",
					"pivot": [-3, 20.35, -93.25],
					"cubes": [
						{"origin": [-4.5, 20.5, -93.55], "size": [1, 1, 1], "inflate": -0.4, "uv": [65, 35]}
					]
				},
				{
					"name": "scope",
					"parent": "main",
					"pivot": [-3, 31.55, 6.75],
					"cubes": [
						{"origin": [-4.5, 30.9, 6.45], "size": [1, 1, 1], "inflate": -0.4, "uv": [5, 34]}
					]
				}
			]
		}
	]
}