{
	"format_version": "1.12.0",
	"minecraft:geometry": [
		{
			"description": {
				"identifier": "geometry.unknown",
				"texture_width": 128,
				"texture_height": 128,
				"visible_bounds_width": 8,
				"visible_bounds_height": 5,
				"visible_bounds_offset": [0, 1.5, 0]
			},
			"bones": [
				{
					"name": "main",
					"pivot": [-6, 25, -5]
				},
				{
					"name": "gun",
					"parent": "main",
					"pivot": [2.93453, 27.31786, -13.15714],
					"cubes": [
						{"origin": [0.93453, 16.63081, -7.81485], "size": [3, 15, 8], "pivot": [3.93453, 25.63081, -1.81485], "rotation": [15, 0, 0], "uv": [30, 28]},
						{"origin": [0.43453, 16.63081, -6.81485], "size": [4, 15, 6], "pivot": [3.93453, 25.63081, -1.81485], "rotation": [15, 0, 0], "uv": [0, 58]},
						{"origin": [0.43453, 14.63081, -5.31485], "size": [4, 2, 9], "pivot": [2.93453, 13.63081, -0.81485], "rotation": [15, 0, 0], "uv": [81, 83]},
						{"origin": [1.43453, 24.63081, -15.81485], "size": [2, 1, 9], "uv": [92, 23]},
						{"origin": [1.43453, 29.63081, -16.81485], "size": [2, 1, 10], "uv": [0, 89]},
						{"origin": [1.43453, 29.63081, -27.81485], "size": [2, 1, 11], "uv": [32, 73]},
						{"origin": [1.43453, 24.63081, -12.81485], "size": [2, 1, 5], "pivot": [1.93453, 24.63081, -7.81485], "rotation": [-90, 0, 0], "uv": [13, 0]},
						{"origin": [1.43453, 24.63081, -16.81485], "size": [2, 3, 1], "pivot": [1.93453, 24.63081, -16.81485], "rotation": [-10, 0, 0], "uv": [35, 0]},
						{"origin": [2.43453, 26.63081, -14.31485], "size": [2, 3.5, 1], "pivot": [2.93453, 26.63081, -14.81485], "rotation": [-170, 0, 180], "uv": [20, 34]},
						{"origin": [2.43453, 24.63081, -14.81485], "size": [2, 3, 1], "pivot": [2.93453, 24.63081, -14.81485], "rotation": [170, 0, -180], "uv": [30, 32]},
						{"origin": [1.43453, 26.63081, -16.31485], "size": [2, 3.5, 1], "pivot": [1.93453, 26.63081, -16.81485], "rotation": [10, 0, 0], "uv": [21, 28]},
						{"origin": [1.93453, 25.63081, -10.81485], "size": [1, 2, 2], "pivot": [1.93453, 24.63081, -10.81485], "rotation": [-10, 0, 0], "uv": [20, 17]},
						{"origin": [1.93453, 26.63081, -10.31485], "size": [1, 3.5, 2], "pivot": [1.93453, 26.63081, -10.81485], "rotation": [10, 0, 0], "uv": [20, 12]},
						{"origin": [0.43453, 24.63081, -8.81485], "size": [4, 3, 2], "pivot": [1.93453, 24.63081, -8.81485], "rotation": [-10, 0, 0], "uv": [42, 20]},
						{"origin": [0.43453, 26.63081, -8.31485], "size": [4, 3.5, 2], "pivot": [1.93453, 26.63081, -8.81485], "rotation": [10, 0, 0], "uv": [35, 13]},
						{"origin": [1.43453, 31.63081, 0.18515], "size": [2, 4, 1], "pivot": [2.93453, 31.63081, 0.18515], "rotation": [-90, 0, 0], "uv": [0, 28]},
						{"origin": [1.93453, 31.63081, 3.68515], "size": [1, 2, 1], "pivot": [2.93453, 31.63081, 3.18515], "rotation": [-50, 0, 0], "uv": [13, 0]},
						{"origin": [0.43453, 30.63081, -27.81485], "size": [1, 2, 28], "uv": [30, 30]},
						{"origin": [3.43453, 30.63081, -27.81485], "size": [1, 2, 28], "uv": [0, 28]},
						{"origin": [1.43453, 28.63081, -0.81485], "size": [2, 5, 3], "pivot": [2.93453, 31.63081, -1.81485], "rotation": [-37.5, 0, 0], "uv": [44, 28]},
						{"origin": [1.43453, 33.63081, -28.81485], "size": [2, 2, 19], "uv": [73, 33]},
						{"origin": [1.43453, 30.63081, -27.81485], "size": [2, 2, 18], "uv": [35, 0]},
						{"origin": [0.93453, 28.63081, -27.81485], "size": [3, 1, 10], "uv": [82, 54]}
					]
				},
				{
					"name": "slide",
					"parent": "gun",
					"pivot": [2.93453, 30.63081, -5.81485],
					"cubes": [
						{"origin": [0.93453, 35.63081, -27.81485], "size": [3, 1, 11], "uv": [76, 1]},
						{"origin": [0.93453, 35.63081, -9.81485], "size": [3, 1, 9], "uv": [90, 65]},
						{"origin": [2.93453, 35.63081, -21.81485], "size": [1, 1, 12], "uv": [32, 60]},
						{"origin": [0.93453, 30.63081, -27.81485], "size": [3, 3, 26], "uv": [0, 60]},
						{"origin": [-2.06547, 35.13081, -27.81485], "size": [4, 1, 11], "pivot": [-0.06547, 34.63081, -29.81485], "rotation": [0, 0, 90], "uv": [57, 0]},
						{"origin": [-2.06547, 35.13081, -9.81485], "size": [4, 1, 9], "pivot": [-0.06547, 34.63081, -10.81485], "rotation": [0, 0, 90], "uv": [84, 13]},
						{"origin": [1.93453, 36.13081, -27.81485], "size": [4, 1, 27], "pivot": [2.93453, 35.63081, -29.81485], "rotation": [0, 0, 90], "uv": [0, 0]},
						{"origin": [0.43453, 32.63081, -0.81485], "size": [1, 4, 2], "pivot": [2.93453, 31.63081, 1.18515], "rotation": [17.5, 0, 0], "uv": [20, 6]},
						{"origin": [3.43453, 32.63081, -0.81485], "size": [1, 4, 2], "pivot": [5.93453, 31.63081, 1.18515], "rotation": [17.5, 0, 0], "uv": [0, 0]},
						{"origin": [1.43453, 32.63081, -3.81485], "size": [2, 3, 3], "uv": [54, 20]},
						{"origin": [1.43453, 35.13081, -5.81485], "size": [2, 2, 4], "uv": [13, 28]},
						{"origin": [1.93453, 36.13081, -1.81485], "size": [1, 1, 1], "uv": [22, 0]}
					]
				},
				{
					"name": "glowy",
					"parent": "slide",
					"pivot": [2.93453, 19.63081, -5.81485],
					"cubes": [
						{"origin": [1.93453, 36.63081, -26.81485], "size": [1, 1, 1], "uv": [22, 23]},
						{"origin": [2.93453, 36.63081, -1.81485], "size": [1, 1, 1], "uv": [22, 21]},
						{"origin": [0.93453, 36.63081, -1.81485], "size": [1, 1, 1], "uv": [22, 2]}
					]
				},
				{
					"name": "_cb_scope",
					"parent": "slide",
					"pivot": [1.93453, 30.63081, -4.81485],
					"cubes": [
						{"origin": [1.93453, 36.63081, -2.81485], "size": [1, 1, 1], "uv": [13, 3]}
					]
				},
				{
					"name": "slidelock",
					"parent": "gun",
					"pivot": [2.93453, 19.63081, -5.81485],
					"cubes": [
						{"origin": [2.93453, 30.63081, -11.81485], "size": [2, 1, 6], "uv": [35, 0]},
						{"origin": [2.93453, 30.63081, -6.81485], "size": [2, 2, 2], "uv": [30, 28]}
					]
				},
				{
					"name": "hammer",
					"parent": "gun",
					"pivot": [2.93453, 32.63081, -2.81485],
					"cubes": [
						{"origin": [1.43453, 31.63081, -1.81485], "size": [2, 2, 4], "pivot": [2.93453, 31.63081, 1.18515], "rotation": [-27.5, 0, 0], "uv": [35, 7]}
					]
				},
				{
					"name": "magazine",
					"parent": "gun",
					"pivot": [1.43453, 33.06786, -6.40714],
					"cubes": [
						{"origin": [0.93453, 14.06786, -9.40714], "size": [3, 19, 7], "pivot": [2.43453, 31.06786, -5.40714], "rotation": [15, 0, 0], "uv": [0, 28]},
						{"origin": [0.43453, 13.06786, -5.40714], "size": [4, 2, 8], "pivot": [2.43453, 13.06786, -3.40714], "rotation": [15, 0, 0], "uv": [38, 89]}
					]
				},
				{
					"name": "bullet",
					"parent": "magazine",
					"pivot": [1.78453, 33.71786, -8.85714],
					"rotation": [0, -5, 0],
					"cubes": [
						{"origin": [1.93453, 32.21786, -8.85714], "size": [1, 1, 5], "inflate": 0.2, "pivot": [1.78453, 32.71786, -9.85714], "rotation": [15, 0, 21], "uv": [35, 20]}
					]
				},
				{
					"name": "magazine2",
					"parent": "gun",
					"pivot": [2.43453, 15.06786, -15.40714],
					"cubes": [
						{"origin": [0.93453, 14.06786, -9.40714], "size": [3, 19, 7], "pivot": [2.43453, 31.06786, -5.40714], "rotation": [15, 0, 0], "uv": [0, 0]},
						{"origin": [0.43453, 13.06786, -5.40714], "size": [4, 2, 8], "pivot": [2.43453, 13.06786, -3.40714], "rotation": [15, 0, 0], "uv": [14, 89]}
					]
				},
				{
					"name": "bullet2",
					"parent": "magazine2",
					"pivot": [1.78453, 33.71786, -8.85714],
					"rotation": [0, -5, 0],
					"cubes": [
						{"origin": [1.93453, 32.21786, -8.85714], "size": [1, 1, 5], "inflate": 0.2, "pivot": [1.78453, 32.71786, -9.85714], "rotation": [15, 0, 21], "uv": [15, 21]}
					]
				},
				{
					"name": "rightarm",
					"parent": "main",
					"pivot": [-2.36547, 16.11786, 16.64286],
					"rotation": [-101.81106, -12.40003, -2.46982],
					"cubes": [
						{"origin": [-6.36547, -15.88214, 8.64286], "size": [8, 24, 8], "pivot": [0.63453, -3.88214, 9.64286], "rotation": [15, 0, 0], "uv": [58, 60]}
					]
				},
				{
					"name": "leftarm",
					"parent": "main",
					"pivot": [9.63453, 16.61786, 8.24286],
					"rotation": [-119.61483, 1.67666, -38.31282],
					"cubes": [
						{"origin": [5.63453, -7.38214, 4.24286], "size": [8, 24, 8], "uv": [60, 20]}
					]
				},
				{
					"name": "muzzleflash",
					"parent": "main",
					"pivot": [1.93453, 34.66786, -29.40714],
					"cubes": [
						{"origin": [1.83453, 34.16786, -29.70714], "size": [1, 1, 1], "inflate": -0.4, "uv": [13, 30]}
					]
				},
				{
					"name": "scope",
					"parent": "main",
					"pivot": [1.93453, 36.86786, 25.59286],
					"cubes": [
						{"origin": [2.25, 37, 25.29286], "size": [1, 1, 1], "inflate": -0.4, "uv": [13, 28]}
					]
				}
			]
		}
	]
}