{
  "name" : "random_m4",
  "type": "Gun",
  "compatibleAttachmentGroups": [
	"ar_sightsandscopes",
	"underbarrel",
	"ar_muzzle"
  ],
  "compatibleAttachments": [
	"cantedrail",
	"m203launcher"
  ],
  "features": [
    {
      "type": "Aiming",
      "zoom": 0.55,
      "condition": {
        "doesNotHaveAttachmentGroup": "ar_sightsandscopes"
      }
    },
    {
      "type": "MuzzleFlash",
      "effects": [
        {
          "phase": "firing",
          "name": "muzzle_flash_small"
        }
      ],
      "condition": {
        "allOf": [
          {
            "isUsingDefaultMuzzle": true
          },
          {
            "doesNotHaveAttachmentGroup": "ar_suppressors"
          }
        ]
      }
    },
    {
      "type": "PartVisibility",
      "parts": [
        {
          "name": "normsight",
          "visible": false,
          "condition": {
            "hasAttachmentGroup": "ar_sightsandscopes"
          }
        },
		{
		  "name": "launcher",
		  "visible": true,
		  "condition": {
			"allOf": [
			  {
				"hasAttachment": "m203launcher"
			  },
			  {
				"isGunInHands": true
			  }
			]
		  }
		}
      ]
    },
    {
      "type": "Sound",
      "fireSound": "m4s",
      "fireSoundVolume": 1,
      "condition": {
        "allOf": [
          {
            "hasAttachmentGroup": "ar_suppressors"
          },
          {
            "unselectedFireMode": "grenade_launcher"
          }
        ]
      }
    }
  ],
  "maxAmmoCapacity" : 30,
  "compatibleAmmo" : ["ammocreative", "ammo556"],
  "damage" : 7.0,
  "rpm" : 800,
  "fireModes" : ["SINGLE", "AUTOMATIC"],
  "fireSound" : "random_m4",
  "drawCooldownDuration" : 1200,
  "aimingZoom" : 0.4,
  "gunRecoilInitialAmplitude" : 0.8,
  "shakeRecoilAmplitude" : 0.35,
  "shakeRecoilSpeed" : 2,
  "viewRecoilAmplitude" : 2,
  "inspectCooldownDuration": 3700,
  "phasedReloads": [
    {
      "phase": "RELOADING",
      "condition": "reloadIterationIndex == 0",
      "duration": 2700,
      "animation": "animation.model.reloadempty",
      "shakeEffects": [
        {
          "start": 0,
          "duration": 1500,
          "initialAmplitude": 0.2,
          "rateOfAmplitudeDecay": 0.8
        },
        {
          "start": 250,
          "duration": 1000,
          "initialAmplitude": 0.2,
          "rateOfAmplitudeDecay": 0.5
        },
        {
          "start": 800,
          "duration": 1000,
          "initialAmplitude": 0.15,
          "rateOfAmplitudeDecay": 0.5
        },
        {
          "start": 1100,
          "duration": 600,
          "initialAmplitude": 0.2,
          "rateOfAmplitudeDecay": 0.3
        },
        {
          "start": 1600,
          "duration": 400,
          "initialAmplitude": 0.35,
          "rateOfAmplitudeDecay": 0.3
        }
      ]
    },
    {
      "phase": "RELOADING",
      "condition": "reloadIterationIndex > 0",
      "duration": 2130,
      "animation": "animation.model.reload",						
      "shakeEffects": [
        {
          "start": 0,
          "duration": 1500,
          "initialAmplitude": 0.2,
          "rateOfAmplitudeDecay": 0.8
        },
        {
          "start": 600,
          "duration": 1000,
          "initialAmplitude": 0.15,
          "rateOfAmplitudeDecay": 0.5
        },
        {
          "start": 900,
          "duration": 800,
          "initialAmplitude": 0.17,
          "rateOfAmplitudeDecay": 0.5
        },
        {
          "start": 1000,
          "duration": 400,
          "initialAmplitude": 0.22,
          "rateOfAmplitudeDecay": 0.6
        }
      ]
    }
 ],
  "effects": [
        {
                "phase": "hit_scan_acquired",
                "name": "tracer"
        },
        {
                "phase": "firing",
                "name": "muzzle_flash"
        }
  ]
}