{
  "name" : "random_minigun",
  "type": "Gun",
  "maxAmmoCapacity" : infinite,
  "compatibleAmmo" : ["ammocreative", "ammo762"],
  "damage" : 9,
  "rpm" : 2000,
  "fireModes" : ["AUTOMATIC"],
  "fireSound" : "random_minigun",
  "drawCooldownDuration" : 1500,
  "aimingZoom" : 0.25,
  "gunRecoilInitialAmplitude" : 1,
  "shakeRecoilAmplitude" : 0.5,
  "shakeRecoilSpeed" : 2,
  "viewRecoilAmplitude" : 1.5,
  "inspectCooldownDuration": 0,
  "prepareFireCooldownDuration": 350,
  "completeFireCooldownDuration": 500,
  "aimingEnabled": false,
  "rotations": [
    {
      "phase": "fire",
      "modelPart": "barrels",
      "rpm": 300,
      "acceleration": 3.0,
      "deceleration": 1
    }
  ],
  "effects": [
  	{ 
		"phase": "hit_scan_acquired",
		"name": "tracerminigun"
  	},
  { 
		"phase": "firing",
		"name": "muzzle_flash"
  	}
  ]
}