{
  "name" : "random_cx9",
  "type": "Gun",
  "compatibleAttachments": [
    "cantedrail"
  ],
  "compatibleAttachmentGroups": [
    "ar_sightsandscopes",
	"underbarrel",
	"ar_muzzle"
  ],
  "features": [
    {
      "type": "Aiming",
      "zoom": 0.25,
      "condition": {
        "doesNotHaveAttachmentGroup": "ar_sightsandscopes"
      }
    },
    {
      "type": "MuzzleFlash",
      "effects": [
        {
          "phase": "firing",
          "name": "muzzle_flash_small"
        }
      ],
      "condition": {
        "allOf": [
          {
            "isUsingDefaultMuzzle": true
          },
          {
            "doesNotHaveAttachmentGroup": "ar_suppressors"
          }
        ]
      }
    },
    {
      "type": "PartVisibility",
      "parts": [
        {
          "name": "sight",
          "visible": false,
          "condition": {
            "hasAttachmentGroup": "ar_sightsandscopes"
          }
        }
      ]
    },
    {
      "type": "Sound",
      "fireSound": "mp5_silenced",
      "fireSoundVolume": 1,
      "condition": {
        "allOf": [
          {
            "hasAttachmentGroup": "ar_suppressors"
          },
          {
            "unselectedFireMode": "grenade_launcher"
          }
        ]
      }
    }
  ],
  "maxAmmoCapacity" : 32,
  "compatibleAmmo" : ["ammocreative", "ammo9mm"],
  "damage" : 6.0,
  "rpm" : 900,
  "fireModes" : ["SINGLE", "AUTOMATIC"],
  "fireSound" : "random_cx9",
  "max_shooting_distance" : 120.0, 
  "drawCooldownDuration" : 1200,
  "aimingZoom" : 0.22,
  "gunRecoilInitialAmplitude" : 0.2,
  "shakeRecoilAmplitude" : 0.3,
  "shakeRecoilSpeed" : 1.1,
  "viewRecoilAmplitude" : 0.5,
  "inspectCooldownDuration": 4270,
  "phasedReloads": [
    {
      "phase": "RELOADING",
      "condition": "reloadIterationIndex == 0",
      "duration": 2800,
      "animation": "animation.model.reloadempty",
      "shakeEffects": [
        {
          "start": 670,
          "duration": 600,
          "initialAmplitude": 0.5,
          "rateOfAmplitudeDecay": 0.5
        },
        {
          "start": 1580,
          "duration": 500,
          "initialAmplitude": 0.5,
          "rateOfAmplitudeDecay": 0.5
        },
        {
          "start": 1540,
          "duration": 500,
          "initialAmplitude": 0.5,
          "rateOfAmplitudeDecay": 0.6
        },
        {
          "start": 2250,
          "duration": 300,
          "initialAmplitude": 0.3,
          "rateOfAmplitudeDecay": 0.2
        },
        {
          "start": 2420,
          "duration": 500,
          "initialAmplitude": 0.5,
          "rateOfAmplitudeDecay": 0.4
        },
        {
          "start": 2920,
          "duration": 400,
          "initialAmplitude": 0.3,
          "rateOfAmplitudeDecay": 0.2
        }
      ]
    },
    {
      "phase": "RELOADING",
      "condition": "reloadIterationIndex > 0",
      "duration": 2130,
      "animation": "animation.model.reload",						
      "shakeEffects": [
        {
          "start": 670,
          "duration": 400,
          "initialAmplitude": 0.5,
          "rateOfAmplitudeDecay": 0.4
        },
        {
          "start": 1580,
          "duration": 400,
          "initialAmplitude": 0.5,
          "rateOfAmplitudeDecay": 0.3
        },     
	{
          "start": 2170,
          "duration": 500,
          "initialAmplitude": 0.3,
          "rateOfAmplitudeDecay": 0.4
        }
      ]
    }
  ],
  "effects": [
    {
      "phase": "hit_scan_acquired",
      "name": "tracer"
    },
    {
      "phase": "firing",
      "name": "muzzle_flash"
    }
  ]
}