{
	"format_version": "1.12.0",
	"minecraft:geometry": [
		{
			"description": {
				"identifier": "geometry.unknown",
				"texture_width": 256,
				"texture_height": 256,
				"visible_bounds_width": 8,
				"visible_bounds_height": 4,
				"visible_bounds_offset": [0, 1, 0]
			},
			"bones": [
				{
					"name": "main",
					"pivot": [0, 20, 0]
				},
				{
					"name": "gun",
					"parent": "main",
					"pivot": [1, 11, -1],
					"cubes": [
						{"origin": [-1.75, 5.75, -2.4], "size": [3.5, 12, 5], "inflate": 0.001, "pivot": [1.75, 17.75, -2.4], "rotation": [24.25, 0, 0], "uv": [82, 75]},
						{"origin": [-2, 17.75, -3.4], "size": [4, 4, 5], "uv": [54, 111]},
						{"origin": [-2.2, 17.75, -18.15], "size": [4.4, 5, 15], "inflate": -0.001, "uv": [87, 129]},
						{"origin": [-2.3, 16.25, -17.85], "size": [4.6, 3, 10.25], "inflate": 0.002, "uv": [0, 93]},
						{"origin": [-2.725, 17.575, -10.55], "size": [5.45, 1.75, 3], "inflate": -0.2, "uv": [59, 27]},
						{"origin": [0.725, 17.575, -10.55], "size": [2, 1.75, 1], "inflate": -0.2, "pivot": [2.525, 19.125, -10.35], "rotation": [0, -77, 0], "uv": [56, 61]},
						{"origin": [-2.725, 17.575, -10.55], "size": [2, 1.75, 1], "inflate": -0.2, "pivot": [-2.525, 19.125, -10.35], "rotation": [0, 77, 0], "uv": [59, 23]},
						{"origin": [-2.3, 18.25, -7.6], "size": [4.6, 1, 1.25], "pivot": [2.3, 19.25, -7.6], "rotation": [-60.75, 0, 0], "uv": [89, 61]},
						{"origin": [-2.3, 6.125, -17.85], "size": [4.6, 10.125, 1.625], "pivot": [2.3, 16.25, -17.85], "rotation": [81.25, 0, 0], "uv": [0, 78]},
						{"origin": [-1, 13, -9.1], "size": [2, 2, 1], "pivot": [1, 15.025, -9.1], "rotation": [13, 0, 0], "uv": [70, 3]},
						{"origin": [-2.3, 18.25, -18.85], "size": [4.6, 2, 9.75], "inflate": 0.001, "uv": [109, 89]},
						{"origin": [-2.3, 15.8, -19.35], "size": [4.6, 2.55, 2], "pivot": [2.3, 18.35, -19.35], "rotation": [36, 0, 0], "uv": [79, 16]},
						{"origin": [-2.3, 17.8, -24.35], "size": [4.6, 3.55, 2], "pivot": [2.3, 21.35, -24.35], "rotation": [57.5, 0, 0], "uv": [79, 0]},
						{"origin": [-2, 14.8, -24.3], "size": [4, 3.55, 3], "pivot": [2, 21.35, -24.35], "rotation": [57.5, 0, 0], "uv": [40, 26]},
						{"origin": [-2.3, 19.25, -18.85], "size": [4.6, 1, 1], "pivot": [2.3, 20.25, -18.85], "rotation": [-32.5, 0, 0], "uv": [0, 89]},
						{"origin": [-2.2, 19.15, 4.85], "size": [4.4, 3, 2], "uv": [24, 71]},
						{"origin": [-2.2, 19.15, 4.85], "size": [4.4, 4, 2], "inflate": -0.001, "pivot": [2.2, 19.15, 4.85], "rotation": [42.5, 0, 0], "uv": [0, 71]},
						{"origin": [0.8, 21.75, -22.15], "size": [1.4, 2, 29], "inflate": 0.001, "uv": [0, 78]},
						{"origin": [-2.2, 21.75, -22.15], "size": [1, 2, 6], "inflate": 0.001, "uv": [24, 0]},
						{"origin": [-2.2, 21.75, -7.65], "size": [1, 2, 14.5], "inflate": 0.001, "uv": [79, 0]},
						{"origin": [-3.625, 22.65, -6.725], "size": [2, 2, 1], "pivot": [-3.625, 24.65, -6.725], "rotation": [0, 26.25, 0], "uv": [70, 0]},
						{"origin": [-3.625, 22.65, -6.725], "size": [2, 2, 1], "pivot": [-3.625, 24.65, -5.725], "rotation": [0, -17.25, 0], "uv": [68, 42]},
						{"origin": [-3.625, 22.65, -6.725], "size": [2, 2, 1], "inflate": 0.001, "uv": [68, 39]},
						{"origin": [-2.2, 23.75, 5.85], "size": [1.4, 3, 1], "uv": [40, 9]},
						{"origin": [0.65, 19.5, 6.85], "size": [2, 4.25, 1], "inflate": 0.001, "uv": [24, 39]},
						{"origin": [1.25, 22.875, 5.3], "size": [2, 1, 2], "inflate": -0.2, "pivot": [3.05, 23.125, 5.5], "rotation": [0, -19.25, 0], "uv": [95, 0]},
						{"origin": [0.65, 19.5, 7.6], "size": [2, 1.25, 1], "uv": [48, 43]},
						{"origin": [0.65, 22.75, 7.85], "size": [2, 1, 3.125], "inflate": -0.001, "pivot": [2.65, 23.75, 7.85], "rotation": [-76, 0, 0], "uv": [15, 87]},
						{"origin": [-2.2, 23.75, 5.85], "size": [1.4, 3, 1], "pivot": [-2.2, 26.75, 5.85], "rotation": [0, 40.75, 0], "uv": [33, 31]},
						{"origin": [1.8, 21.75, -44.05], "size": [1, 4.25, 20.4], "inflate": 0.001, "pivot": [2.8, 21.75, -44.15], "rotation": [0, 0, -10], "uv": [119, 89]},
						{"origin": [0.8, 25.75, -43.65], "size": [2, 1.25, 8], "inflate": 0.002, "pivot": [2.8, 21.75, -44.15], "rotation": [0, 0, -10], "uv": [99, 65]},
						{"origin": [-1, 26.6, -42.9], "size": [2, 1, 7.25], "inflate": 0.001, "uv": [82, 102]},
						{"origin": [-2.75, 22.9, -43.9], "size": [6, 1, 1], "pivot": [3.25, 23.9, -43.9], "rotation": [-30, 0, 0], "uv": [40, 52]},
						{"origin": [-2.75, 22.9, -33.9], "size": [6, 1, 1], "pivot": [3.25, 23.9, -33.9], "rotation": [-30, 0, 0], "uv": [40, 34]},
						{"origin": [0, 26.5, -42.9], "size": [1, 1.1, 7.25], "pivot": [1, 27.6, -42.9], "rotation": [0, 0, -50.75], "uv": [54, 120]},
						{"origin": [-1, 26.5, -42.9], "size": [1, 1.1, 7.25], "pivot": [-1, 27.6, -42.9], "rotation": [0, 0, 50.75], "uv": [119, 113]},
						{"origin": [-0.2, 22, -45.85], "size": [3, 5.25, 1], "pivot": [2.8, 21.75, -45.65], "rotation": [-22.25, 0, -10], "uv": [59, 17]},
						{"origin": [-2.8, 22, -45.85], "size": [3, 5.25, 1], "pivot": [-2.8, 21.75, -45.65], "rotation": [-22.25, 0, 10], "uv": [56, 55]},
						{"origin": [-2.8, 25.75, -43.65], "size": [2, 1.25, 8], "inflate": 0.002, "pivot": [-2.8, 21.75, -44.15], "rotation": [0, 0, 10], "uv": [79, 65]},
						{"origin": [1.8, 21.75, -23.65], "size": [1, 3.25, 1], "pivot": [2.8, 21.75, -23.65], "rotation": [0, 0, -10], "uv": [25, 32]},
						{"origin": [1.8, 21.75, -44.85], "size": [1, 1.85, 23.3], "inflate": -0.001, "pivot": [2.8, 21.75, -22.65], "rotation": [0, 0, -10], "uv": [29, 111]},
						{"origin": [-2.8, 21.75, -44.85], "size": [1, 1.85, 23.3], "inflate": -0.001, "pivot": [-2.8, 21.75, -22.65], "rotation": [0, 0, 10], "uv": [110, 33]},
						{"origin": [1.8, 22.25, -21.45], "size": [1, 3.5, 1], "inflate": 0.001, "pivot": [2.8, 21.75, -20.65], "rotation": [30, 0, -10], "uv": [17, 32]},
						{"origin": [1.8, 25.275, -19.75], "size": [1, 1.3, 1], "inflate": -0.001, "pivot": [2.8, 21.75, -20.65], "rotation": [56, 0, -10], "uv": [59, 78]},
						{"origin": [-2.8, 21.75, -23.65], "size": [1, 3.25, 1], "pivot": [-2.8, 21.75, -23.65], "rotation": [0, 0, 10], "uv": [11, 32]},
						{"origin": [-2.8, 25.275, -19.75], "size": [1, 1.3, 1], "inflate": -0.001, "pivot": [-2.8, 21.75, -20.65], "rotation": [56, 0, 10], "uv": [44, 78]},
						{"origin": [-2.8, 22.25, -21.45], "size": [1, 3.5, 1], "inflate": 0.001, "pivot": [-2.8, 21.75, -20.65], "rotation": [30, 0, 10], "uv": [0, 32]},
						{"origin": [1.8, 19.5, -45.65], "size": [1, 2.25, 25], "pivot": [2.8, 21.75, -45.65], "rotation": [0, 0, 37.5], "uv": [92, 102]},
						{"origin": [-1.25, 18.725, -45.15], "size": [2.5, 1.6, 1.25], "inflate": 0.001, "uv": [48, 21]},
						{"origin": [-0.75, 17.725, -45.15], "size": [1.5, 1.1, 1.25], "uv": [31, 78]},
						{"origin": [-2.55, 20.25, -45.15], "size": [5.1, 1.5, 1.25], "inflate": 0.002, "uv": [63, 72]},
						{"origin": [1.55, 18.25, -45.15], "size": [1, 2, 1.25], "pivot": [2.55, 20.25, -45.15], "rotation": [0, 0, 40.25], "uv": [50, 64]},
						{"origin": [-2.55, 18.25, -45.15], "size": [1, 2, 1.25], "pivot": [-2.55, 20.25, -45.15], "rotation": [0, 0, -40.25], "uv": [61, 9]},
						{"origin": [-2.8, 19.5, -45.65], "size": [1, 2.25, 25], "pivot": [-2.8, 21.75, -45.65], "rotation": [0, 0, -37.5], "uv": [82, 75]},
						{"origin": [-2.8, 21.75, -44.05], "size": [1, 4.25, 20.4], "inflate": 0.001, "pivot": [-2.8, 21.75, -44.15], "rotation": [0, 0, 10], "uv": [31, 78]},
						{"origin": [-2.2, 20.65, -19.9], "size": [4.4, 2, 2], "inflate": -0.002, "uv": [79, 9]},
						{"origin": [-2.2, 18.65, -19.9], "size": [4.4, 2, 2], "pivot": [2.2, 20.65, -19.9], "rotation": [135, 0, 0], "uv": [79, 5]},
						{"origin": [-1.2, 27.85, -12.35], "size": [2.4, 2, 17], "inflate": 0.001, "uv": [127, 113]},
						{"origin": [-1, 27.45, 4.35], "size": [2, 1, 2.7], "inflate": -0.3, "uv": [66, 94]},
						{"origin": [0.3, 29.15, -33.65], "size": [1.2, 1, 38.6], "inflate": -0.3, "pivot": [1.2, 29.85, -33.35], "rotation": [0, 0, 27.5], "uv": [0, 39]},
						{"origin": [-1.5, 29.15, -33.65], "size": [1.2, 1, 38.6], "inflate": -0.3, "pivot": [-1.2, 29.85, -33.35], "rotation": [0, 0, -27.5], "uv": [0, 0]},
						{"origin": [-1.2, 27.85, -12.35], "size": [2.4, 2, 1], "pivot": [1.2, 27.85, -12.35], "rotation": [58.5, 0, 0], "uv": [32, 66]},
						{"origin": [-1.4, 27.65, -32.4], "size": [2.8, 2.625, 1], "inflate": -0.2, "pivot": [1.2, 27.85, -31.6], "rotation": [-43.75, 0, 0], "uv": [32, 63]},
						{"origin": [-1.4, 27.65, -35.85], "size": [2.8, 3.25, 2], "inflate": -0.2, "pivot": [1.2, 27.85, -35.65], "rotation": [-45.5, 0, 0], "uv": [69, 17]},
						{"origin": [-1.4, 28.975, -14.475], "size": [2.8, 1.1, 2.4], "inflate": -0.201, "pivot": [1.4, 29.075, -14.475], "rotation": [-10.25, 0, 0], "uv": [94, 34]},
						{"origin": [-1.5, 29.55, -12.65], "size": [3, 1.7, 1], "inflate": -0.3, "pivot": [1.2, 27.85, -12.35], "rotation": [58.5, 0, 0], "uv": [0, 6]},
						{"origin": [-1.3, 25.85, -8.175], "size": [2.6, 2, 15], "uv": [40, 17]},
						{"origin": [-1.5, 24.85, -8.175], "size": [3, 2, 15], "inflate": 0.001, "uv": [40, 0]},
						{"origin": [-1.2, 26.25, 6.725], "size": [2.4, 1.5, 1], "uv": [48, 4]},
						{"origin": [-1.2, 26.75, 7.725], "size": [2.4, 1, 3], "inflate": -0.001, "pivot": [1.2, 27.75, 7.725], "rotation": [-39.5, 0, 0], "uv": [79, 33]},
						{"origin": [-1.4, 19.25, 6.325], "size": [2.8, 7.5, 2], "uv": [67, 78]},
						{"origin": [-2.825, 19.25, 7.2], "size": [2, 7.5, 2], "inflate": 0.001, "pivot": [-2.825, 26.75, 7.2], "rotation": [0, 15.5, 0], "uv": [53, 78]},
						{"origin": [-1.4, 25.25, 8.325], "size": [2.8, 1.5, 4], "inflate": -0.001, "pivot": [1.4, 26.75, 8.325], "rotation": [-14.5, 0, 0], "uv": [12, 71]},
						{"origin": [-1.4, 24.8, 11.975], "size": [2.8, 1, 4.35], "inflate": -0.002, "pivot": [1.4, 25.8, 11.975], "rotation": [-7.25, 0, 0], "uv": [25, 32]},
						{"origin": [-1.4, 19.25, 8.325], "size": [2.8, 6, 3], "uv": [15, 78]},
						{"origin": [-1.4, 24.25, 11.325], "size": [2.8, 1, 24], "uv": [0, 109]},
						{"origin": [-1.4, 9.25, 31.325], "size": [2.8, 15, 4], "inflate": 0.002, "uv": [0, 109]},
						{"origin": [-0.5, 15.25, 29.325], "size": [1, 7, 2], "uv": [32, 17]},
						{"origin": [-0.5, 15.775, 27.575], "size": [1, 2.75, 2], "inflate": -0.001, "pivot": [0.5, 18.525, 27.575], "rotation": [8.5, 0, 0], "uv": [49, 9]},
						{"origin": [-1.4, 9.25, 31.325], "size": [2.8, 8, 1], "pivot": [1.4, 9.25, 31.325], "rotation": [30.5, 0, 0], "uv": [32, 8]},
						{"origin": [-1.4, 10.75, 31.325], "size": [2.8, 5.75, 1], "inflate": -0.001, "pivot": [1.4, 10.75, 31.325], "rotation": [30.5, 0, 0], "uv": [24, 0]},
						{"origin": [-1.4, 12.025, 30.025], "size": [2.8, 3.5, 2], "inflate": -0.002, "pivot": [1.4, 12.025, 30.025], "rotation": [8.75, 0, 0], "uv": [68, 9]},
						{"origin": [-1.4, 19.75, 17.325], "size": [2.8, 4.5, 1], "inflate": -0.001, "uv": [32, 26]},
						{"origin": [-1.4, 19.25, 11.325], "size": [2.8, 1, 6], "uv": [6, 122]},
						{"origin": [-1.4, 19.25, 17.325], "size": [2.8, 1, 15], "inflate": 0.001, "pivot": [1.4, 20.25, 17.325], "rotation": [-17.5, 0, 0], "uv": [40, 39]},
						{"origin": [-2.1, 24.85, -35.65], "size": [4.2, 3, 4], "uv": [121, 22]},
						{"origin": [-2.6, 26.35, -32.65], "size": [5.2, 1.5, 1], "inflate": -0.001, "uv": [52, 71]},
						{"origin": [0.4, 26.35, -32.65], "size": [2.2, 1.5, 1], "inflate": -0.002, "pivot": [2.6, 27.85, -32.65], "rotation": [0, -46.5, 0], "uv": [0, 45]},
						{"origin": [-2.6, 26.35, -32.65], "size": [2.2, 1.5, 1], "inflate": -0.002, "pivot": [-2.6, 27.85, -32.65], "rotation": [0, 46.5, 0], "uv": [40, 43]},
						{"origin": [-1.5, 24.05, -33.175], "size": [3, 2, 25], "uv": [79, 38]},
						{"origin": [-1.5, 29.15, -32.35], "size": [3, 1, 21], "inflate": -0.298, "uv": [112, 0]},
						{"origin": [-1.2, 28.6, -22.85], "size": [2.4, 1.25, 1.5], "inflate": 0.001, "uv": [32, 43]},
						{"origin": [-1.3, 28.9, -23.5], "size": [2.6, 1, 2.75], "inflate": -0.101, "uv": [93, 75]},
						{"origin": [-1.5, 28.3, -21.65], "size": [3, 1, 2.1], "inflate": -0.3, "pivot": [1.2, 28.6, -21.35], "rotation": [36, 0, 0], "uv": [86, 33]},
						{"origin": [-1.5, 28.3, -24.65], "size": [3, 1, 2.1], "inflate": -0.3, "pivot": [1.2, 28.6, -22.85], "rotation": [-36, 0, 0], "uv": [66, 34]},
						{"origin": [-1.2, 27.85, -33.6], "size": [2.4, 2, 2], "inflate": 0.001, "uv": [0, 93]},
						{"origin": [-0.85, 29.85, -33.15], "size": [1.7, 1, 37.7], "uv": [40, 0]},
						{"origin": [-1.35, 29.875, -0.8], "size": [2.7, 1, 5.5], "inflate": 0.002, "uv": [40, 9]},
						{"origin": [-1.25, 30.475, -0.8], "size": [2.5, 1, 3.5], "uv": [79, 24]},
						{"origin": [0.25, 30.725, 0.95], "size": [1, 1, 1.5], "uv": [22, 78]},
						{"origin": [-1.25, 30.725, 0.95], "size": [1, 1, 1.5], "uv": [74, 75]},
						{"origin": [-1.25, 30.475, 2.7], "size": [2.5, 1, 2.075], "pivot": [1.25, 31.475, 2.7], "rotation": [-17, 0, 0], "uv": [18, 93]},
						{"origin": [0.65, 30.425, -1.1], "size": [1, 2.25, 3.5], "inflate": -0.299, "uv": [66, 55]},
						{"origin": [0, 30.575, -0.8], "size": [1, 2.25, 1], "inflate": -0.3, "uv": [51, 26]},
						{"origin": [-1, 30.575, -0.8], "size": [1, 2.25, 1], "inflate": -0.3, "uv": [40, 46]},
						{"origin": [-1, 32.025, -0.8], "size": [2, 1, 1], "inflate": -0.299, "uv": [40, 21]},
						{"origin": [-0.675, 32.025, -0.8], "size": [1, 1, 1], "inflate": -0.301, "pivot": [-0.375, 32.675, -0.4], "rotation": [0, 0, 45], "uv": [70, 75]},
						{"origin": [-0.325, 32.025, -0.8], "size": [1, 1, 1], "inflate": -0.301, "pivot": [0.375, 32.675, -0.4], "rotation": [0, 0, -45], "uv": [70, 75], "mirror": true},
						{"origin": [-0.325, 31.225, -0.8], "size": [1, 1, 1], "inflate": -0.301, "pivot": [0.375, 31.875, -0.4], "rotation": [0, 0, -45], "uv": [70, 75], "mirror": true},
						{"origin": [-0.675, 31.225, -0.8], "size": [1, 1, 1], "inflate": -0.301, "pivot": [-0.375, 31.875, -0.4], "rotation": [0, 0, 45], "uv": [70, 75]},
						{"origin": [-1, 30.95, -0.6], "size": [2, 1, 2], "inflate": -0.3, "uv": [92, 42]},
						{"origin": [-1, 30.925, -0.8], "size": [2, 1.1, 1], "inflate": -0.299, "uv": [40, 4]},
						{"origin": [0.65, 30.925, 1.8], "size": [1, 1.75, 3.6], "inflate": -0.3, "pivot": [1.35, 32.375, 2.1], "rotation": [-30.25, 0, 0], "uv": [92, 38]},
						{"origin": [0.65, 30.425, 1.8], "size": [1, 1.25, 1.85], "inflate": -0.301, "pivot": [1.35, 31.875, 2.1], "rotation": [-30.25, 0, 0], "uv": [20, 73]},
						{"origin": [-1.65, 30.425, 1.8], "size": [1, 1.25, 1.85], "inflate": -0.301, "pivot": [-1.35, 31.875, 2.1], "rotation": [-30.25, 0, 0], "uv": [12, 73]},
						{"origin": [-1.65, 30.425, -1.1], "size": [1, 2.25, 3.5], "inflate": -0.299, "uv": [47, 46]},
						{"origin": [-1.65, 30.925, 1.8], "size": [1, 1.75, 3.6], "inflate": -0.3, "pivot": [-1.35, 32.375, 2.1], "rotation": [-30.25, 0, 0], "uv": [91, 56]},
						{"origin": [-0.85, 19.35, -44.15], "size": [1.7, 1, 2.7], "uv": [48, 61]},
						{"origin": [-0.85, 19.35, -35.15], "size": [1.7, 1, 2.7], "uv": [61, 3]},
						{"origin": [-1.45, 19.975, -44.15], "size": [2.9, 1, 22.7], "uv": [54, 111]},
						{"origin": [-1.2, 28.675, -32.875], "size": [2.4, 1, 2], "uv": [69, 22]},
						{"origin": [1.2, 23.75, -24.15], "size": [1, 2.25, 31], "pivot": [2.2, 23.75, -24.15], "rotation": [0, 0, -21], "uv": [79, 0]},
						{"origin": [-2.2, 23.75, -24.15], "size": [1, 2.25, 8], "pivot": [-2.2, 23.75, -24.15], "rotation": [0, 0, 21], "uv": [59, 17]},
						{"origin": [-2.2, 24.75, -16.15], "size": [1, 1.25, 8.5], "pivot": [-2.2, 23.75, -16.15], "rotation": [0, 0, 21], "uv": [110, 47]},
						{"origin": [-2.2, 23.75, -7.65], "size": [1, 2.25, 14.5], "pivot": [-2.2, 23.75, -7.65], "rotation": [0, 0, 21], "uv": [40, 55]},
						{"origin": [-2, 17.75, 1.6], "size": [4, 4, 5], "inflate": -0.001, "pivot": [2, 17.75, 1.6], "rotation": [22.75, 0, 0], "uv": [110, 38]},
						{"origin": [-1.75, 5.825, 2.5], "size": [3.5, 1, 6], "pivot": [1.75, 6.825, 2.5], "rotation": [32.25, 0, 0], "uv": [112, 9]},
						{"origin": [-1.75, 9.025, 0.575], "size": [3.5, 1, 7], "pivot": [1.75, 10.025, 7.575], "rotation": [-57.5, 0, 0], "uv": [53, 102]},
						{"origin": [-1.75, 16.8, 2.025], "size": [3.5, 2, 2], "pivot": [1.75, 18.8, 4.025], "rotation": [-21.25, 0, 0], "uv": [79, 20]},
						{"origin": [-1, 14.8, -5.55], "size": [2, 4, 1], "inflate": -0.1, "pivot": [1, 14.8, -4.55], "rotation": [-21, 0, 0], "uv": [32, 0]},
						{"origin": [-1.5, 13.4, -7.4], "size": [3, 1, 5], "inflate": -0.199, "pivot": [1.5, 13.6, -2.6], "rotation": [-3.25, 0, 0], "uv": [0, 32]},
						{"origin": [-1.5, 13.4, -3.4], "size": [3, 3, 1], "inflate": -0.2, "pivot": [1.5, 13.6, -2.6], "rotation": [-56, 0, 0], "uv": [91, 52]},
						{"origin": [-1.5, 13.675, -7.375], "size": [3, 2, 1], "inflate": -0.2, "pivot": [1.5, 13.875, -7.175], "rotation": [44, 0, 0], "uv": [66, 60]},
						{"origin": [-1.3, 30.15, -33.4], "size": [2, 1, 35], "inflate": -0.201, "uv": [43, 75]},
						{"origin": [-0.7, 30.15, -33.4], "size": [2, 1, 35], "inflate": -0.2, "uv": [40, 39]},
						{"origin": [-1.3, 18.65, -44.15], "size": [2, 1, 13], "inflate": -0.201, "uv": [110, 129]},
						{"origin": [-0.7, 18.65, -44.15], "size": [2, 1, 13], "inflate": -0.2, "uv": [80, 111]},
						{"origin": [-0.6, 24.95, -45.25], "size": [1, 1, 4], "inflate": -0.1, "pivot": [-0.6, 25.95, -45.25], "rotation": [0, 0, -20], "uv": [11, 32]},
						{"origin": [-0.9, 22.05, -50.45], "size": [2, 2, 10], "inflate": -0.1, "pivot": [0.1, 23.05, -50.45], "rotation": [0, 0, -20], "uv": [53, 78]},
						{"origin": [2.6, 21.95, -45.15], "size": [1, 2, 13], "inflate": -0.2, "uv": [135, 22]},
						{"origin": [2.6, 22.55, -45.15], "size": [1, 2, 13], "inflate": -0.201, "uv": [0, 134]},
						{"origin": [-3.6, 21.95, -45.15], "size": [1, 2, 13], "inflate": -0.2, "uv": [127, 132]},
						{"origin": [-3.6, 22.55, -45.15], "size": [1, 2, 13], "inflate": -0.201, "uv": [0, 78]},
						{"origin": [-2.55, 19.225, -0.325], "size": [5.1, 2, 2], "inflate": -0.2, "pivot": [1.55, 19.225, -0.325], "rotation": [72, 0, 0], "uv": [56, 65]},
						{"origin": [-2.65, 20.025, 5.5], "size": [5.3, 2, 2], "inflate": -0.3, "pivot": [2.95, 20.025, 5.5], "rotation": [72, 0, 0], "uv": [59, 50]},
						{"origin": [-2.45, 18.15, -18.725], "size": [4.9, 1, 1], "inflate": -0.1, "pivot": [1.65, 18.15, -18.725], "rotation": [72, 0, 0], "uv": [79, 61]},
						{"origin": [-2.8, 17.825, -8.05], "size": [5.6, 1, 1], "inflate": -0.1, "pivot": [1.3, 17.825, -8.05], "rotation": [72, 0, 0], "uv": [40, 71]},
						{"origin": [-2.45, 19.7, -20.725], "size": [4.9, 1, 1], "inflate": -0.1, "pivot": [1.65, 19.7, -20.725], "rotation": [72, 0, 0], "uv": [60, 75]},
						{"origin": [-2.55, 18.225, -0.2], "size": [5.1, 2.5, 1], "inflate": -0.1, "pivot": [1.55, 18.225, -0.2], "rotation": [48, 0, 0], "uv": [54, 34]},
						{"origin": [-0.025, 30.575, -33.15], "size": [1, 1.7, 3], "inflate": -0.301, "pivot": [0.675, 31.075, -32.85], "rotation": [0, 0, 28], "uv": [66, 90]},
						{"origin": [0.395, 31.565, -33.15], "size": [1, 1.5, 3], "inflate": -0.302, "pivot": [1.075, 31.875, -32.85], "rotation": [0, 0, -15], "uv": [79, 69]},
						{"origin": [-0.975, 30.575, -33.15], "size": [1, 1.7, 3], "inflate": -0.301, "pivot": [-0.675, 31.075, -32.85], "rotation": [0, 0, -28], "uv": [79, 65]},
						{"origin": [-0.5, 30.4, -32.9], "size": [1, 2, 2.25], "inflate": -0.35, "uv": [48, 39]},
						{"origin": [-1.205, 32.365, -33.15], "size": [1.525, 1, 3], "inflate": -0.302, "pivot": [0, 33.075, -32.85], "rotation": [0, 0, -19.25], "uv": [79, 56]},
						{"origin": [-0.77, 30.24, -32.85], "size": [1.525, 1, 2.4], "uv": [61, 0]},
						{"origin": [-0.32, 32.365, -33.15], "size": [1.525, 1, 3], "inflate": -0.302, "pivot": [0, 33.075, -32.85], "rotation": [0, 0, 19.25], "uv": [79, 52]},
						{"origin": [-1.395, 31.565, -33.15], "size": [1, 1.5, 3], "inflate": -0.302, "pivot": [-1.075, 31.875, -32.85], "rotation": [0, 0, 15], "uv": [67, 68]},
						{"origin": [-0.75, 21.75, -66.3], "size": [4, 4, 20], "inflate": -0.35, "pivot": [2.25, 19.75, -66.3], "rotation": [0, 0, -20], "uv": [109, 65]},
						{"origin": [-2.325, 33.75, -16.1], "size": [3.4, 1, 7.9], "inflate": -0.3, "pivot": [-2.125, 33.95, -15.9], "rotation": [0, 0, 32], "uv": [82, 92]},
						{"origin": [-2.325, 36.15, -16.1], "size": [3.4, 1, 7.9], "inflate": -0.3, "pivot": [-2.125, 33.95, -15.9], "rotation": [0, 0, 32], "uv": [53, 90]},
						{"origin": [-2.325, 34.15, -16.1], "size": [1, 2.6, 7.9], "inflate": -0.3, "pivot": [-2.125, 33.95, -15.9], "rotation": [0, 0, 32], "uv": [112, 0]},
						{"origin": [0.075, 34.15, -16.1], "size": [1, 2.6, 7.9], "inflate": -0.3, "pivot": [-2.125, 33.95, -15.9], "rotation": [0, 0, 32], "uv": [97, 111]},
						{"origin": [-2.575, 33.55, -15.6], "size": [1, 3.8, 6.4], "inflate": -0.3, "pivot": [-2.125, 33.95, -15.9], "rotation": [0, 0, 32], "uv": [40, 17]},
						{"origin": [0.325, 33.55, -15.6], "size": [1, 3.8, 6.4], "inflate": -0.3, "pivot": [-2.125, 33.95, -15.9], "rotation": [0, 0, 32], "uv": [40, 0]},
						{"origin": [-2.175, 36.35, -15.6], "size": [3.1, 1, 6.4], "inflate": -0.3, "pivot": [-2.125, 33.95, -15.9], "rotation": [0, 0, 32], "uv": [111, 65]},
						{"origin": [-2.175, 33.55, -15.6], "size": [3.1, 1, 6.4], "inflate": -0.3, "pivot": [-2.125, 33.95, -15.9], "rotation": [0, 0, 32], "uv": [93, 102]},
						{"origin": [-2.85, 34.05, -15.05], "size": [1.6, 3, 3], "inflate": -0.199, "pivot": [-1.9, 34.45, -15.35], "rotation": [-29.25, 0, 0], "uv": [0, 39]},
						{"origin": [-2.1, 36.15, -15.15], "size": [1.3, 1, 3.1], "inflate": -0.3, "pivot": [-1.9, 34.45, -15.35], "rotation": [-29.25, 0, 0], "uv": [45, 65]},
						{"origin": [-1.8, 36.05, -15.15], "size": [1.3, 1.1, 1.5], "inflate": -0.301, "pivot": [-1.9, 34.45, -15.35], "rotation": [-29.25, 0, 0], "uv": [72, 27]},
						{"origin": [-2.1, 35.25, -15.15], "size": [1.3, 1.5, 1.1], "inflate": -0.3, "pivot": [-1.9, 34.45, -15.35], "rotation": [-29.25, 0, 0], "uv": [71, 66]},
						{"origin": [-2.125, 33.95, -14.15], "size": [1.3, 1, 2.2], "inflate": -0.3, "pivot": [-1.925, 34.45, -15.35], "rotation": [-29.25, 0, 0], "uv": [32, 60]},
						{"origin": [-2.125, 34.35, -12.95], "size": [1.3, 1, 1], "inflate": -0.3, "pivot": [-1.925, 34.45, -15.35], "rotation": [-29.25, 0, 0], "uv": [71, 55]},
						{"origin": [-1.3, 30.125, -15.35], "size": [2.6, 1.25, 6], "inflate": 0.001, "uv": [119, 102]},
						{"origin": [0.3, 31.225, -15.05], "size": [1, 2.15, 2], "inflate": -0.1, "uv": [48, 17]},
						{"origin": [0.2, 31.225, -13.3], "size": [1, 1.95, 2], "inflate": -0.1, "uv": [59, 42]},
						{"origin": [0.3, 31.225, -11.55], "size": [1, 2.15, 2], "inflate": -0.1, "uv": [48, 0]},
						{"origin": [-1.4, 32.325, -15.05], "size": [1, 1.25, 2], "inflate": -0.1, "uv": [59, 39]},
						{"origin": [-1.4, 31.225, -11.55], "size": [1, 2.35, 2], "inflate": -0.1, "uv": [40, 39]},
						{"origin": [-2.75, 34, -11.8], "size": [1.6, 2, 2], "inflate": -0.3, "pivot": [-1.8, 34.4, -12.1], "rotation": [-29.25, 0, 0], "uv": [40, 17]},
						{"origin": [-0.575, 35.95, -10.6], "size": [1.1, 1, 1], "uv": [71, 50]},
						{"origin": [-0.575, 35.95, -12.35], "size": [1.1, 1, 1], "inflate": 0.001, "uv": [34, 71]},
						{"origin": [-0.775, 36.15, -13.85], "size": [1.5, 1, 1.7], "inflate": -0.2, "pivot": [0.525, 36.95, -12.35], "rotation": [26, 0, 0], "uv": [20, 71]},
						{"origin": [-0.325, 35.8, -11.1], "size": [1, 1.35, 1], "inflate": -0.1, "pivot": [0.675, 36.15, -11.1], "rotation": [0, -34, 0], "uv": [10, 71]},
						{"origin": [-0.775, 35.75, -13.25], "size": [1.5, 1, 1.1], "inflate": -0.201, "uv": [32, 69]},
						{"origin": [-0.9, 31.225, -15.15], "size": [1, 1.85, 5.7], "inflate": -0.1, "uv": [61, 9]},
						{"origin": [-0.1, 31.225, -15.15], "size": [1, 1.6, 5.7], "inflate": -0.1, "uv": [40, 46]},
						{"origin": [-2.325, 32.775, -16.55], "size": [1, 3, 3], "inflate": -0.3, "pivot": [-2.125, 33.95, -15.9], "rotation": [-23.75, -53.5, 32], "uv": [0, 0]},
						{"origin": [-1.1, 7, -35.85], "size": [2.2, 11.75, 2.7], "inflate": 0.001, "uv": [40, 55]},
						{"origin": [-1.1, 8, -36.325], "size": [2.2, 3.75, 1], "pivot": [1.1, 11.75, -36.325], "rotation": [5.5, 0, 0], "uv": [40, 0]},
						{"origin": [-1.1, 11.75, -36.325], "size": [2.2, 6, 1], "inflate": -0.001, "pivot": [1.1, 11.75, -36.325], "rotation": [-5.5, 0, 0], "uv": [32, 53]},
						{"origin": [-1.1, 8, -33.675], "size": [2.2, 3.75, 1], "pivot": [1.1, 11.75, -32.675], "rotation": [-5.5, 0, 0], "uv": [32, 39]},
						{"origin": [-1.1, 11.75, -33.675], "size": [2.2, 6, 1], "inflate": -0.001, "pivot": [1.1, 11.75, -32.675], "rotation": [5.5, 0, 0], "uv": [32, 46]},
						{"origin": [-1.1, 16.575, -37.35], "size": [2.2, 2, 1], "pivot": [1.1, 18.575, -37.35], "rotation": [53.5, 0, 0], "uv": [48, 58]},
						{"origin": [-1.35, 18.6, -37.45], "size": [2.7, 1, 5.7], "uv": [16, 32]},
						{"origin": [-1.1, 16.575, -32.85], "size": [2.2, 2, 1], "pivot": [1.1, 18.575, -31.85], "rotation": [-53.5, 0, 0], "uv": [48, 55]}
					]
				},
				{
					"name": "action",
					"parent": "gun",
					"pivot": [-1.75, 22.7, -16.15],
					"cubes": [
						{"origin": [-1.75, 22.7, -16.15], "size": [1, 2, 8.5], "uv": [56, 55]}
					]
				},
				{
					"name": "bolt",
					"parent": "gun",
					"pivot": [1, 25.4, -19.75],
					"cubes": [
						{"origin": [-1, 25, -20.75], "size": [2, 2, 13], "uv": [79, 16]},
						{"origin": [-1, 26.35, -15.75], "size": [2, 1, 8], "inflate": -0.001, "uv": [79, 52]},
						{"origin": [-0.75, 25.35, -22.75], "size": [1.5, 2, 7], "uv": [61, 0]}
					]
				},
				{
					"name": "bolt2",
					"parent": "bolt",
					"pivot": [0, 26.5, -21.75],
					"cubes": [
						{"origin": [-0.85, 26.45, -27.75], "size": [1.7, 1, 6.5], "uv": [40, 39]}
					]
				},
				{
					"name": "rightarm",
					"parent": "main",
					"pivot": [-4.3, 8.8, 21.8],
					"rotation": [-101.81106, -12.40003, -2.46982],
					"cubes": [
						{"origin": [-8.3, -15.2, 17.8], "size": [8, 24, 8], "uv": [0, 39]}
					]
				},
				{
					"name": "leftarm",
					"parent": "main",
					"pivot": [10.075, 9.8, -10.075],
					"rotation": [-119.61483, 1.67666, -38.31282],
					"cubes": [
						{"origin": [6.075, -14.2, -14.075], "size": [8, 24, 8], "uv": [0, 0]}
					]
				},
				{
					"name": "magazine",
					"parent": "main",
					"pivot": [0.5, 4.75, -9.95],
					"cubes": [
						{"origin": [-1.75, 13.75, -16.45], "size": [3.5, 7, 7.5], "uv": [79, 38]},
						{"origin": [-1.75, 1.75, -16.45], "size": [3.5, 12, 7.5], "inflate": 0.001, "pivot": [0.75, 13.75, -8.95], "rotation": [-12, 0, 0], "uv": [31, 78]},
						{"origin": [-2.25, 12.25, -11.95], "size": [4.5, 1, 1], "inflate": 0.001, "pivot": [0.25, 13.25, -11.45], "rotation": [-12, 0, 0], "uv": [50, 75]},
						{"origin": [-2.25, 4.75, -11.95], "size": [4.5, 1, 1], "inflate": 0.001, "pivot": [0.25, 13.25, -11.45], "rotation": [-12, 0, 0], "uv": [40, 75]}
					]
				},
				{
					"name": "bullet",
					"parent": "magazine",
					"pivot": [-0.9, 20.425, -9.675],
					"cubes": [
						{"origin": [-0.9, 20.425, -15.675], "size": [1, 1, 6], "pivot": [-0.9, 20.425, -9.675], "rotation": [0, 0, 26.25], "uv": [24, 39]}
					]
				},
				{
					"name": "magazine2",
					"parent": "main",
					"pivot": [0.5, 4.75, -9.95],
					"cubes": [
						{"origin": [-1.75, 13.75, -16.45], "size": [3.5, 7, 7.5], "uv": [79, 38]},
						{"origin": [-1.75, 1.75, -16.45], "size": [3.5, 12, 7.5], "inflate": 0.001, "pivot": [0.75, 13.75, -8.95], "rotation": [-12, 0, 0], "uv": [31, 78]},
						{"origin": [-2.25, 12.25, -11.95], "size": [4.5, 1, 1], "inflate": 0.001, "pivot": [0.25, 13.25, -11.45], "rotation": [-12, 0, 0], "uv": [50, 75]},
						{"origin": [-2.25, 4.75, -11.95], "size": [4.5, 1, 1], "inflate": 0.001, "pivot": [0.25, 13.25, -11.45], "rotation": [-12, 0, 0], "uv": [40, 75]}
					]
				},
				{
					"name": "bullet2",
					"parent": "magazine2",
					"pivot": [-0.9, 20.425, -9.675],
					"cubes": [
						{"origin": [-0.9, 20.425, -15.675], "size": [1, 1, 6], "pivot": [-0.9, 20.425, -9.675], "rotation": [0, 0, 26.25], "uv": [24, 39]}
					]
				},
				{
					"name": "scope",
					"parent": "main",
					"pivot": [-0.025, 34.425, -0.75],
					"cubes": [
						{"origin": [-0.525, 33.925, -1.25], "size": [1, 1, 1], "inflate": -0.4, "uv": [68, 65]}
					]
				},
				{
					"name": "muzzleflash",
					"parent": "main",
					"pivot": [0.075, 23.1, -66.5],
					"cubes": [
						{"origin": [-0.425, 22.6, -66.8], "size": [1, 1, 1], "inflate": -0.4, "uv": [61, 12]}
					]
				},
				{
					"name": "PEQ",
					"parent": "main",
					"pivot": [4.35, 23.625, -35.2],
					"cubes": [
						{"origin": [3.6, 21.875, -42.95], "size": [1.75, 1.75, 7.75], "uv": [28, 118]},
						{"origin": [3.725, 24.4, -43.45], "size": [1, 1, 8], "inflate": -0.001, "pivot": [4.725, 24.4, -43.45], "rotation": [0, 0, -35.5], "uv": [28, 109]},
						{"origin": [4.35, 24.625, -42.95], "size": [1, 1, 7], "inflate": -0.001, "pivot": [5.35, 24.625, -42.95], "rotation": [0, 0, -44.75], "uv": [91, 65]},
						{"origin": [4.35, 20.875, -43.2], "size": [1, 1, 8], "inflate": -0.001, "pivot": [5.35, 21.875, -42.95], "rotation": [0, 0, 44.75], "uv": [109, 74]},
						{"origin": [3.1, 21.15, -42.95], "size": [1.525, 4.2, 7], "inflate": 0.001, "uv": [59, 39]},
						{"origin": [3.6, 23.625, -42.95], "size": [1.75, 1, 7], "uv": [112, 22]},
						{"origin": [3.6, 23.625, -36.2], "size": [1.75, 1, 1], "inflate": -0.001, "pivot": [4.35, 23.625, -35.2], "rotation": [52.75, 0, 0], "uv": [40, 49]}
					]
				}
			]
		}
	]
}