{
	"format_version": "1.12.0",
	"minecraft:geometry": [
		{
			"description": {
				"identifier": "geometry.unknown",
				"texture_width": 256,
				"texture_height": 256,
				"visible_bounds_width": 11,
				"visible_bounds_height": 8,
				"visible_bounds_offset": [0, 2, 0]
			},
			"bones": [
				{
					"name": "main",
					"pivot": [0, 20, 0],
					"cubes": [
						{"origin": [-0.65, 23.15, -67.675], "size": [4, 4, 20], "inflate": -0.35, "pivot": [2.25, 21.15, -67.675], "rotation": [0, 0, -20], "uv": [0, 92]}
					]
				},
				{
					"name": "gun",
					"parent": "main",
					"pivot": [1, 11, -1],
					"cubes": [
						{"origin": [-1.5, 13.9, -2.1], "size": [3, 5, 2], "inflate": -0.1, "uv": [66, 0]},
						{"origin": [-0.65, 15.05, -5.55], "size": [1, 4, 1], "inflate": -0.1, "pivot": [-0.15, 15.05, -4.55], "rotation": [-21, 0, 0], "uv": [16, 18]},
						{"origin": [-1.5, 13.9, -9.1], "size": [3, 5, 1], "inflate": -0.1, "uv": [28, 92]},
						{"origin": [-1.5, 13.9, -2.6], "size": [3, 1, 1], "inflate": -0.11, "uv": [41, 58]},
						{"origin": [-1.5, 13.9, -8.1], "size": [3, 1, 6], "inflate": -0.2, "uv": [71, 77]},
						{"origin": [-1.5, 13.9, -8.6], "size": [3, 1, 1], "inflate": -0.11, "uv": [33, 58]},
						{"origin": [-1.35, 18, -9], "size": [3, 5, 13], "uv": [36, 138]},
						{"origin": [-1.35, 18, 4], "size": [3, 2, 2], "inflate": -0.001, "pivot": [0.65, 18, 4], "rotation": [53, 0, 0], "uv": [66, 18]},
						{"origin": [-1.65, 18, 4], "size": [1, 2, 2], "inflate": -0.002, "pivot": [-0.65, 18, 4], "rotation": [53, 0, 0], "uv": [31, 78]},
						{"origin": [-1.35, 20, 4], "size": [3, 3, 3], "uv": [75, 68]},
						{"origin": [-1.35, 17, 6], "size": [3, 3, 1], "inflate": -0.002, "pivot": [1.65, 20, 7], "rotation": [-74, 0, 0], "uv": [68, 87]},
						{"origin": [-1.65, 17, 6], "size": [1, 3, 1], "inflate": -0.003, "pivot": [-1.65, 20, 7], "rotation": [-74, 0, 0], "uv": [0, 31]},
						{"origin": [-1.65, 20, 4], "size": [1, 3, 3], "inflate": 0.001, "uv": [91, 81]},
						{"origin": [1.05, 19.1, -0.4], "size": [1, 2, 2], "inflate": -0.2, "pivot": [1.05, 19.1, -0.4], "rotation": [24, 0, 0], "uv": [71, 77]},
						{"origin": [1.05, 18.3, -0.3], "size": [1, 2, 1], "inflate": -0.1, "uv": [47, 39]},
						{"origin": [-1.55, 23, -6], "size": [1, 1, 10], "uv": [107, 139]},
						{"origin": [0.55, 23, -7], "size": [1, 1, 12], "uv": [0, 61]},
						{"origin": [-2.4, 24.2, -16.5], "size": [1, 3, 1], "pivot": [-2.4, 24.2, -16.5], "rotation": [0, 0, 25], "uv": [6, 18]},
						{"origin": [-2.3, 22.6, -17.75], "size": [1, 1, 12], "pivot": [-2.3, 23.6, -16.75], "rotation": [0, 0, -19], "uv": [33, 45]},
						{"origin": [-2.5, 22.2, -16.5], "size": [1, 2, 1], "inflate": 0.001, "pivot": [-2.6, 23.6, -16.5], "rotation": [0, 0, -19], "uv": [47, 32]},
						{"origin": [-2.5, 22.2, -7.5], "size": [1, 2, 1], "inflate": 0.001, "pivot": [-2.6, 23.6, -7.45], "rotation": [0, 0, -19], "uv": [40, 45]},
						{"origin": [-2.4, 26.2, -15.6], "size": [1, 1, 9], "inflate": -0.001, "pivot": [-2.4, 24.2, -16.5], "rotation": [0, 0, 25], "uv": [91, 81]},
						{"origin": [-2.3, 25.9, -15.6], "size": [1, 1, 9], "inflate": -0.001, "pivot": [-2.4, 24.2, -16.5], "rotation": [0, 0, 25], "uv": [33, 19]},
						{"origin": [-2.4, 24.2, -7.5], "size": [1, 3, 1], "pivot": [-2.4, 24.2, -7.5], "rotation": [0, 0, 25], "uv": [0, 18]},
						{"origin": [-2.4, 24.2, -7.4], "size": [2, 2, 3], "pivot": [-2.4, 24.2, -6.4], "rotation": [0, -33, 25], "uv": [60, 93]},
						{"origin": [-2.4, 23.3, -2.95], "size": [3, 2, 8], "inflate": -0.2, "pivot": [-2.4, 23.3, -1.95], "rotation": [1.38249, -12.46915, 7.06579], "uv": [66, 45]},
						{"origin": [-2.4, 23.3, 3.85], "size": [2, 2, 3], "inflate": -0.4, "pivot": [-2.4, 23.3, -1.95], "rotation": [1.38249, -12.46915, 7.06579], "uv": [38, 92]},
						{"origin": [-2.4, 23.3, 5.85], "size": [2, 2, 1], "inflate": -0.3, "pivot": [-2.4, 23.3, -1.95], "rotation": [1.38249, -12.46915, 7.06579], "uv": [38, 97]},
						{"origin": [0.95, 23.95, -18], "size": [1, 2, 23], "pivot": [1.95, 23.95, -18], "rotation": [0, 0, -11], "uv": [91, 56]},
						{"origin": [-0.05, 23.95, -18], "size": [2, 1, 23], "pivot": [1.95, 23.95, -18], "rotation": [0, 0, -61.5], "uv": [66, 32]},
						{"origin": [1.1, 24.1, 5], "size": [1, 2, 2], "pivot": [2.1, 24.1, 5], "rotation": [0, 0, -11], "uv": [23, 74]},
						{"origin": [-0.9, 24.1, 5], "size": [3, 1, 2], "inflate": -0.001, "pivot": [2.1, 24.1, 5], "rotation": [0, 0, -77.5], "uv": [41, 87]},
						{"origin": [-2.1, 24.1, 5], "size": [1, 2, 2], "pivot": [-2.1, 24.1, 5], "rotation": [0, 0, 11], "uv": [64, 71]},
						{"origin": [-2.1, 24.1, 5], "size": [3, 1, 2], "inflate": -0.001, "pivot": [-2.1, 24.1, 5], "rotation": [0, 0, 77.5], "uv": [31, 87]},
						{"origin": [-0.9, 24.1, 5], "size": [3, 1, 2], "inflate": -0.002, "pivot": [2.1, 24.1, 5], "rotation": [0, -55, -77.5], "uv": [10, 87]},
						{"origin": [-2.1, 24.1, 5], "size": [3, 1, 2], "inflate": -0.002, "pivot": [-2.1, 24.1, 5], "rotation": [0, 55, 77.5], "uv": [0, 87]},
						{"origin": [-1.95, 23.95, -7], "size": [1, 2, 12], "pivot": [-1.95, 23.95, -18], "rotation": [0, 0, 11], "uv": [0, 31]},
						{"origin": [-1.95, 23.95, -7], "size": [1, 1, 12], "pivot": [-1.95, 23.95, -18], "rotation": [0, 0, 61.5], "uv": [0, 45]},
						{"origin": [-1.95, 23.95, -18], "size": [1, 2, 2], "pivot": [-1.95, 23.95, -29], "rotation": [0, 0, 11], "uv": [56, 45]},
						{"origin": [-2.05, 24.9, 6], "size": [1, 1, 2], "inflate": -0.002, "pivot": [-2.05, 24.3, 6], "rotation": [0, 0, 19], "uv": [97, 24]},
						{"origin": [1.05, 24.9, 6], "size": [1, 1, 2], "inflate": -0.002, "pivot": [2.05, 24.3, 6], "rotation": [0, 0, -19], "uv": [97, 21]},
						{"origin": [1.05, 24.3, 6], "size": [1, 1, 2], "pivot": [2.05, 24.3, 6], "rotation": [0, 0, -19], "uv": [97, 14]},
						{"origin": [1.05, 23.3, 6], "size": [1, 1, 2], "inflate": 0.001, "pivot": [2.05, 24.3, 6], "rotation": [0, 0, 19], "uv": [97, 11]},
						{"origin": [1.05, 22.8, 6], "size": [1, 1, 2], "pivot": [2.05, 24.3, 4], "rotation": [0, 0, 19], "uv": [97, 3]},
						{"origin": [-1.65, 18, -9], "size": [1, 5, 13], "inflate": 0.001, "uv": [0, 0]},
						{"origin": [0.85, 16, -16.75], "size": [1, 7, 8], "uv": [50, 92]},
						{"origin": [0.85, 21.5, -18], "size": [1, 1, 2], "inflate": -0.001, "uv": [97, 0]},
						{"origin": [-2, 21.7, -17.8], "size": [4, 1, 1], "pivot": [-1.95, 21.7, -17.8], "rotation": [-26, 0, 0], "uv": [56, 0]},
						{"origin": [0.85, 21.5, -18], "size": [1, 1, 2], "inflate": -0.002, "pivot": [0.9, 21.5, -18], "rotation": [-22, 0, 0], "uv": [85, 96]},
						{"origin": [0.85, 21.5, -18], "size": [1, 1, 2], "inflate": -0.002, "pivot": [0.9, 22.5, -18], "rotation": [14, 0, 0], "uv": [74, 96]},
						{"origin": [-1.85, 21.5, -18], "size": [3, 1, 2], "inflate": -0.003, "pivot": [-0.9, 22.5, -18], "rotation": [14, 0, 0], "uv": [0, 80]},
						{"origin": [-1.85, 21.5, -18], "size": [3, 1, 2], "inflate": -0.003, "pivot": [-0.9, 21.5, -18], "rotation": [-22, 0, 0], "uv": [66, 38]},
						{"origin": [-1.85, 21.5, -18], "size": [3, 1, 2], "inflate": -0.002, "uv": [14, 40]},
						{"origin": [1, 21, -11.75], "size": [1, 2, 2], "inflate": 0.001, "uv": [56, 32]},
						{"origin": [1, 20, -11.75], "size": [1, 1, 1], "inflate": 0.001, "uv": [33, 51]},
						{"origin": [1, 15, -11.75], "size": [1, 5, 2], "inflate": 0.001, "uv": [58, 77]},
						{"origin": [0.95, 20, -11.25], "size": [1, 1, 4], "inflate": 0.001, "uv": [85, 24]},
						{"origin": [1.1, 22, -8.5], "size": [1, 2, 1], "pivot": [2.1, 22, -8.5], "rotation": [0, 0, 6], "uv": [33, 45]},
						{"origin": [0.85, 22.9, -11.75], "size": [1, 1, 2], "uv": [95, 76]},
						{"origin": [0.85, 14.15, -9.75], "size": [1, 2, 1], "inflate": -0.001, "uv": [7, 45]},
						{"origin": [0.85, 15.65, -13.75], "size": [1, 2, 4], "inflate": -0.002, "pivot": [0.9, 15.65, -13.75], "rotation": [-17.5, 0, 0], "uv": [0, 74]},
						{"origin": [-1.85, 15.65, -13.75], "size": [1, 2, 4], "inflate": -0.002, "pivot": [-0.9, 15.65, -13.75], "rotation": [-17.5, 0, 0], "uv": [66, 32]},
						{"origin": [-1.85, 14.15, -9.75], "size": [1, 2, 1], "inflate": -0.001, "uv": [0, 45]},
						{"origin": [0.75, 23, -16.75], "size": [1, 1, 10], "inflate": 0.001, "uv": [20, 138]},
						{"origin": [-2.75, 20.6, -15.63], "size": [1, 3, 9], "inflate": -0.2, "pivot": [-2.75, 22.6, -15.6], "rotation": [0, 0, 17], "uv": [93, 31]},
						{"origin": [-2.75, 20.9, -11.7], "size": [1, 2, 1], "inflate": -0.1, "pivot": [-2.75, 22.9, -11.7], "rotation": [0, 0, 17], "uv": [41, 41]},
						{"origin": [0.85, 19, -8.75], "size": [1, 4, 2], "uv": [14, 31]},
						{"origin": [0.85, 19, -9.75], "size": [1, 1, 3], "inflate": -0.001, "pivot": [1.9, 19, -6.75], "rotation": [25, 0, 0], "uv": [60, 87]},
						{"origin": [-1.85, 19, -8.75], "size": [1, 4, 2], "uv": [23, 0]},
						{"origin": [-2.1, 17.2, -10.25], "size": [1, 5, 1], "uv": [41, 32]},
						{"origin": [-2.1, 18.2, -9.9], "size": [1, 1, 3], "inflate": -0.001, "uv": [87, 5]},
						{"origin": [-2.4, 19.25, -8.5], "size": [1, 2, 1], "inflate": -0.001, "pivot": [-2.45, 21.25, -7.5], "rotation": [0, 0, -9], "uv": [41, 38]},
						{"origin": [-1.85, 16, -16.75], "size": [1, 7, 8], "uv": [28, 92]},
						{"origin": [-1, 16, -16.75], "size": [2, 8, 1], "inflate": 0.002, "uv": [64, 62]},
						{"origin": [1.1, 16, -17], "size": [1, 1, 8], "pivot": [2.15, 16, -18], "rotation": [-13, 0, 0], "uv": [117, 31]},
						{"origin": [-2.1, 16, -17], "size": [1, 1, 8], "pivot": [-2.15, 16, -18], "rotation": [-13, 0, 0], "uv": [23, 117]},
						{"origin": [-1.5, 16, -17], "size": [3, 1, 1], "inflate": 0.001, "pivot": [0.35, 16, -18], "rotation": [-13, 0, 0], "uv": [16, 58]},
						{"origin": [-2.1, 16, -9.4], "size": [3, 1, 1], "inflate": 0.001, "pivot": [0.35, 16, -18], "rotation": [-13, 0, 0], "uv": [8, 58]},
						{"origin": [0.1, 16, -9.4], "size": [2, 1, 1], "inflate": 0.002, "pivot": [-0.35, 16, -18], "rotation": [-13, 0, 0], "uv": [49, 58]},
						{"origin": [-0.7, 27.8, -18.15], "size": [2, 1, 20], "inflate": -0.2, "uv": [74, 94]},
						{"origin": [-0.7, 27.9, -2.65], "size": [2, 1, 4], "uv": [81, 0]},
						{"origin": [-1.3, 27.9, -2.65], "size": [1, 1, 4], "inflate": 0.001, "uv": [77, 84]},
						{"origin": [-0.8, 27.05, 1.45], "size": [2, 1, 4], "inflate": -0.2, "uv": [77, 23]},
						{"origin": [-1.2, 27.05, 1.45], "size": [1, 1, 4], "inflate": -0.201, "uv": [18, 83]},
						{"origin": [-1.3, 27.8, -18.15], "size": [2, 1, 20], "inflate": -0.201, "uv": [50, 93]},
						{"origin": [-0.7, 23.65, 8], "size": [2, 2, 5], "inflate": 0.2, "pivot": [-0.7, 25.65, 8], "rotation": [0, 0, 16], "uv": [47, 45]},
						{"origin": [-1, 26.25, -18], "size": [2, 1.75, 20], "inflate": -0.001, "uv": [93, 31]},
						{"origin": [-1, 27.575, 1.65], "size": [2, 1, 1.125], "inflate": -0.002, "pivot": [1, 28.575, 1.65], "rotation": [-44, 0, 0], "uv": [22, 49]},
						{"origin": [0.1, 25.9, -18], "size": [1, 1, 20], "inflate": -0.002, "uv": [22, 117]},
						{"origin": [0.1, 25.9, 2], "size": [1, 1, 1], "inflate": -0.005, "pivot": [1.1, 26.9, 2], "rotation": [-24, 0, 0], "uv": [40, 48]},
						{"origin": [-1.1, 25.9, 2], "size": [2, 1, 1], "inflate": -0.004, "pivot": [-1.1, 26.9, 2], "rotation": [-24, 0, 0], "uv": [14, 49]},
						{"origin": [0.1, 25.55, 1.5], "size": [1, 1, 4], "inflate": -0.003, "uv": [82, 56]},
						{"origin": [-1.1, 25.55, 2], "size": [2, 1, 3], "inflate": -0.001, "uv": [66, 7]},
						{"origin": [0.7, 24.8, -14.5], "size": [1, 2, 2.5], "inflate": -0.002, "uv": [56, 2]},
						{"origin": [-1.1, 25.9, -18], "size": [1, 1, 20], "inflate": -0.002, "uv": [117, 21]},
						{"origin": [1.35, 23.3, -46.95], "size": [1, 2.5, 29], "uv": [60, 62]},
						{"origin": [-2.35, 21.575, -21.95], "size": [4.7, 2, 2.5], "inflate": -0.001, "uv": [15, 9]},
						{"origin": [0.65, 25.375, -25.55], "size": [1.7, 2, 2.5], "inflate": -0.001, "pivot": [1.5, 26.375, -24.3], "rotation": [0, 0, -42], "uv": [46, 0]},
						{"origin": [-2.35, 25.375, -25.55], "size": [1.7, 2, 2.5], "inflate": -0.001, "pivot": [-1.5, 26.375, -24.3], "rotation": [0, 0, 42], "uv": [46, 0], "mirror": true},
						{"origin": [-0.7, 27.8, -47.14], "size": [2, 1, 29.4], "inflate": -0.2, "uv": [33, 32]},
						{"origin": [1.35, 25.8, -46.95], "size": [1, 2, 29], "inflate": -0.001, "pivot": [2.35, 25.8, -56.95], "rotation": [0, 0, -42], "uv": [0, 61]},
						{"origin": [-1, 26.25, -46.95], "size": [2, 2, 29], "uv": [0, 0]},
						{"origin": [-1, 45.25, -46.95], "size": [2, 1.725, 29], "pivot": [0, 34.275, -32.45], "rotation": [0, 0, -180], "uv": [0, 31]},
						{"origin": [-1.3, 27.8, -47.14], "size": [2, 1, 29.4], "inflate": -0.201, "uv": [33, 2]},
						{"origin": [-1.3, 20.775, -37.15], "size": [2, 1, 7], "inflate": -0.201, "uv": [110, 21]},
						{"origin": [-0.7, 20.775, -37.15], "size": [2, 1, 7], "inflate": -0.2, "uv": [97, 11]},
						{"origin": [-0.7, 20.775, -31.475], "size": [2, 1, 7], "inflate": -0.2, "uv": [97, 11]},
						{"origin": [-1.3, 20.775, -31.475], "size": [2, 1, 7], "inflate": -0.201, "uv": [110, 21]},
						{"origin": [1.35, 21.3, -46.95], "size": [1, 2, 29], "inflate": -0.002, "pivot": [2.35, 23.3, -58.95], "rotation": [0, 0, 45], "uv": [66, 0]},
						{"origin": [-2.35, 25.8, -46.95], "size": [1, 2, 29], "inflate": -0.001, "pivot": [-2.35, 25.8, -56.95], "rotation": [0, 0, 42], "uv": [0, 61], "mirror": true},
						{"origin": [-2.35, 23.3, -46.95], "size": [1, 2.5, 29], "uv": [60, 62], "mirror": true},
						{"origin": [-2.35, 21.3, -46.95], "size": [1, 2, 29], "inflate": -0.002, "pivot": [-2.35, 23.3, -58.95], "rotation": [0, 0, -45], "uv": [66, 0], "mirror": true},
						{"origin": [-1, 23.6, -56.05], "size": [2, 2, 23], "inflate": -0.1, "pivot": [0, 24.6, -56.05], "rotation": [0, 0, -20], "uv": [31, 62]},
						{"origin": [-1.3, 27.9, -44.75], "size": [1, 1, 2], "inflate": -0.001, "pivot": [-1.3, 27.9, -44.75], "rotation": [17, 0, 0], "uv": [50, 95]},
						{"origin": [-1.3, 27.9, -45.65], "size": [2, 1, 4], "inflate": 0.001, "uv": [47, 52]},
						{"origin": [0.3, 27.9, -45.65], "size": [1, 1, 4], "uv": [82, 17]},
						{"origin": [0.3, 27.9, -44.75], "size": [1, 1, 2], "inflate": -0.001, "pivot": [1.3, 27.9, -44.75], "rotation": [17, 0, 0], "uv": [85, 93]},
						{"origin": [0.5, 28.2, -2.75], "size": [1, 1, 2], "inflate": 0.002, "pivot": [1.5, 28.2, -1.75], "rotation": [17, 0, 0], "uv": [74, 93]},
						{"origin": [-1.5, 28.2, -2.75], "size": [1, 1, 2], "inflate": 0.002, "pivot": [-1.5, 28.2, -1.75], "rotation": [17, 0, 0], "uv": [93, 52]},
						{"origin": [-1, 28.6, -2.85], "size": [2, 1, 1], "inflate": 0.002, "pivot": [1, 28.6, -1.95], "rotation": [-3, 0, 0], "uv": [46, 4]},
						{"origin": [-2.2, 28, -2.05], "size": [1, 1, 1], "inflate": -0.102, "pivot": [-2.25, 28, -2.05], "rotation": [12, 0, 0], "uv": [33, 48]}
					]
				},
				{
					"name": "bone",
					"parent": "gun",
					"pivot": [-1.95, 24.2, -19],
					"cubes": [
						{"origin": [-2.05, 24.3, 6], "size": [1, 1, 2], "pivot": [-2.05, 24.3, 6], "rotation": [0, 0, 19], "uv": [92, 57]},
						{"origin": [-2.05, 23.3, 6], "size": [1, 1, 2], "inflate": 0.001, "pivot": [-2.05, 24.3, 6], "rotation": [0, 0, -19], "uv": [50, 92]},
						{"origin": [-2.05, 22.8, 6], "size": [1, 1, 2], "pivot": [-2.05, 24.3, 6], "rotation": [0, 0, -19], "uv": [13, 92]}
					]
				},
				{
					"name": "bone2",
					"parent": "gun",
					"pivot": [0, 26.2, -19],
					"cubes": [
						{"origin": [0.75, 25.67, -18], "size": [1, 1, 23], "inflate": -0.001, "pivot": [0.2, 26.64, -18], "rotation": [0, 0, 29], "uv": [25, 93]},
						{"origin": [0.9, 25.82, 5], "size": [1, 1, 2], "inflate": -0.001, "pivot": [0.35, 26.79, 5], "rotation": [0, 0, 29], "uv": [91, 87]},
						{"origin": [-0.85, 25.54, 5], "size": [1, 1, 2], "inflate": 0.001, "uv": [91, 75]},
						{"origin": [-0.15, 25.54, 5], "size": [1, 1, 2], "uv": [89, 12]},
						{"origin": [-1.9, 25.82, 5], "size": [1, 1, 2], "inflate": -0.001, "pivot": [-0.35, 26.79, 5], "rotation": [0, 0, -29], "uv": [89, 0]},
						{"origin": [-1.75, 25.67, -7], "size": [1, 1, 12], "inflate": -0.001, "pivot": [-0.2, 26.64, -18], "rotation": [0, 0, -29], "uv": [33, 32]},
						{"origin": [-1.75, 25.67, -18], "size": [1, 1, 2], "inflate": -0.001, "pivot": [-0.2, 26.64, -29], "rotation": [0, 0, -29], "uv": [88, 56]},
						{"origin": [-1, 25.38, 7], "size": [1, 1, 1], "inflate": 0.001, "pivot": [0, 26.35, 7], "rotation": [0, 0, -19], "uv": [7, 48]},
						{"origin": [0, 25.38, 7], "size": [1, 1, 1], "pivot": [0, 26.35, 7], "rotation": [0, 0, 19], "uv": [0, 48]},
						{"origin": [-1.6, 25.38, 6], "size": [1, 1, 2], "inflate": -0.001, "pivot": [0, 26.35, 6], "rotation": [0, 0, -19], "uv": [88, 17]},
						{"origin": [0.6, 25.38, 6], "size": [1, 1, 2], "inflate": -0.001, "pivot": [0, 26.35, 6], "rotation": [0, 0, 19], "uv": [57, 87]},
						{"origin": [0, 22.32, 7], "size": [1, 1, 1], "pivot": [0, 22.35, 7], "rotation": [0, 0, -19], "uv": [47, 47]},
						{"origin": [0.6, 22.32, 4], "size": [1, 1, 4], "inflate": -0.001, "pivot": [0, 22.35, 4], "rotation": [0, 0, -19], "uv": [81, 5]},
						{"origin": [-1, 22.32, 7], "size": [1, 1, 1], "inflate": 0.001, "pivot": [0, 22.35, 7], "rotation": [0, 0, 19], "uv": [47, 45]},
						{"origin": [-1.6, 22.32, 4], "size": [1, 1, 4], "inflate": -0.001, "pivot": [0, 22.35, 4], "rotation": [0, 0, 19], "uv": [78, 37]}
					]
				},
				{
					"name": "bone3",
					"parent": "gun",
					"pivot": [0, 22.3, -18]
				},
				{
					"name": "bone4",
					"parent": "gun",
					"pivot": [-1.25, 30.35, -34.9]
				},
				{
					"name": "rearsight",
					"parent": "gun",
					"pivot": [0, 28.55, -2],
					"rotation": [-90, 0, 0],
					"cubes": [
						{"origin": [-1, 28.3, -3.25], "size": [2, 3, 1], "inflate": -0.1, "uv": [22, 52]}
					]
				},
				{
					"name": "frontsight",
					"parent": "gun",
					"pivot": [0, 28.35, -56.5],
					"cubes": [
						{"origin": [-1, 28.45, -46.25], "size": [2, 5, 1], "inflate": -0.1, "pivot": [0, 28.75, -45.25], "rotation": [-90, 0, 0], "uv": [15, 0]}
					]
				},
				{
					"name": "silencer",
					"parent": "gun",
					"pivot": [0, 24.5, -90.55]
				},
				{
					"name": "bolt",
					"parent": "gun",
					"pivot": [-1.5, 25.5, -15],
					"rotation": [0, 0, 13],
					"cubes": [
						{"origin": [-1.47759, 23.67688, -15.5], "size": [1, 2, 9], "pivot": [-0.5, 23.5, -14], "rotation": [0, 0, 15], "uv": [74, 93]}
					]
				},
				{
					"name": "action",
					"parent": "gun",
					"pivot": [0, 26, 3],
					"cubes": [
						{"origin": [-1, 26.4, -6.1], "size": [2, 1, 11], "inflate": -0.1, "uv": [66, 0]},
						{"origin": [-2, 26.55, 4.8], "size": [4, 1, 1], "uv": [16, 26]},
						{"origin": [0, 26.55, 4.8], "size": [2, 1, 1], "inflate": -0.001, "pivot": [2, 26.55, 4.8], "rotation": [0, -25, 0], "uv": [22, 40]},
						{"origin": [-2, 26.55, 4.8], "size": [2, 1, 1], "inflate": -0.001, "pivot": [-2, 26.55, 4.8], "rotation": [0, 24, 0], "uv": [22, 35]}
					]
				},
				{
					"name": "rightarm",
					"parent": "main",
					"pivot": [-4.3, 8.8, 21.8],
					"rotation": [-101.81106, -12.40003, -2.46982],
					"cubes": [
						{"origin": [-8.3, -15.2, 17.8], "size": [8, 24, 8], "uv": [65, 115]}
					]
				},
				{
					"name": "leftarm",
					"parent": "main",
					"pivot": [10.7, 11.3, -12.625],
					"rotation": [-126.8944, -1.20665, -39.23453],
					"cubes": [
						{"origin": [6.7, -12.7, -16.625], "size": [8, 24, 8], "uv": [110, 107]}
					]
				},
				{
					"name": "muzzleflash",
					"parent": "main",
					"pivot": [0, 24.35, -69.75],
					"cubes": [
						{"origin": [-0.5, 24.15, -68.05], "size": [1, 1, 1], "inflate": -0.4, "uv": [47, 35]}
					]
				},
				{
					"name": "pistol_grip",
					"parent": "main",
					"pivot": [1, 16.5, 4],
					"cubes": [
						{"origin": [-1.75, 14, -1], "size": [3.5, 4, 5], "uv": [12, 74]},
						{"origin": [-1.75, 13.5, -1], "size": [3.5, 1, 5], "inflate": 0.001, "uv": [50, 107]},
						{"origin": [-2, 3.5, -1], "size": [4, 10, 5], "pivot": [1, 13.5, -1], "rotation": [35, 0, 0], "uv": [0, 92]},
						{"origin": [-2, 13.5, -1], "size": [4, 4, 4], "inflate": -0.002, "pivot": [2, 13.5, -1], "rotation": [-14, 0, 0], "uv": [124, 81]},
						{"origin": [-2, 4.9, 3.4], "size": [4, 1, 6], "inflate": 0.001, "pivot": [1, 5.9, 3.3], "rotation": [9, 0, 0], "uv": [98, 93]},
						{"origin": [-2, 5.9, 5.4], "size": [4, 1, 4], "inflate": -0.002, "pivot": [1, 5.9, 3.3], "rotation": [9, 0, 0], "uv": [66, 56]},
						{"origin": [-2, 14.5, 4], "size": [4, 2, 11], "inflate": -0.001, "pivot": [1, 16.5, 4], "rotation": [-53, 0, 0], "uv": [139, 57]},
						{"origin": [-2, 14.5, 14.8], "size": [4, 2, 1], "inflate": -0.002, "pivot": [1, 16.5, 4], "rotation": [-53, 0, 0], "uv": [0, 25]}
					]
				},
				{
					"name": "CTR_stock",
					"parent": "main",
					"pivot": [-2.77, 23.5, 16.15],
					"cubes": [
						{"origin": [0, 24.25, 13.15], "size": [2, 2, 19], "pivot": [0, 26.25, 13.15], "rotation": [0, 0, 22], "uv": [116, 52]},
						{"origin": [-2, 24.25, 13.15], "size": [2, 2, 19], "inflate": -0.001, "pivot": [0, 26.25, 13.15], "rotation": [0, 0, -22], "uv": [0, 116]},
						{"origin": [1.85, 23.5, 13.15], "size": [2, 2, 19], "inflate": 0.001, "pivot": [1.85, 25.5, 13.15], "rotation": [0, 0, 85], "uv": [101, 81]},
						{"origin": [-3.85, 23.5, 13.15], "size": [2, 2, 19], "inflate": 0.001, "pivot": [-1.85, 25.5, 13.15], "rotation": [0, 0, -85], "uv": [97, 0]},
						{"origin": [-1, 23.2, 31.65], "size": [2, 3, 1], "pivot": [1, 23.5, 32.65], "rotation": [-7, 0, 0], "uv": [55, 52]},
						{"origin": [-0.5, 21.5, 15.4], "size": [1, 2, 15], "inflate": -0.001, "pivot": [0.5, 21.5, 15.4], "rotation": [-37, 0, 0], "uv": [139, 17]},
						{"origin": [-1, 21, 13.2], "size": [2, 2, 3], "uv": [82, 12]},
						{"origin": [-3.02, 21.5, 13.15], "size": [1, 2, 19], "pivot": [-2.02, 23.5, 13.15], "rotation": [0, 0, -94], "uv": [124, 73]},
						{"origin": [2.02, 21.5, 13.15], "size": [1, 2, 19], "pivot": [2.02, 23.5, 13.15], "rotation": [0, 0, 94], "uv": [123, 120]},
						{"origin": [-1, 21, 16.2], "size": [2, 2, 5], "inflate": 0.001, "pivot": [1, 23, 16.2], "rotation": [-37, 0, 0], "uv": [47, 32]},
						{"origin": [-0.5, 12.5, 27.4], "size": [1, 2, 3], "uv": [21, 67]},
						{"origin": [-0.5, 12.5, 28.4], "size": [1, 11, 2], "inflate": -0.001, "pivot": [0.5, 12.5, 30.4], "rotation": [-10, 0, 0], "uv": [58, 62]},
						{"origin": [-0.5, 21.75, 16.4], "size": [1, 1, 14], "uv": [139, 42]},
						{"origin": [-0.5, 21.75, 24.4], "size": [1, 2, 7], "inflate": 0.001, "pivot": [0.5, 21.75, 24.4], "rotation": [-20, 0, 0], "uv": [117, 42]},
						{"origin": [-0.5, 21, 15.4], "size": [1, 3, 5], "inflate": -0.002, "pivot": [0.5, 19, 15.4], "rotation": [-12, 0, 0], "uv": [0, 45]},
						{"origin": [0.77, 22.5, 16.15], "size": [2, 1, 16], "inflate": -0.001, "uv": [0, 137]},
						{"origin": [0.77, 22.5, 16.15], "size": [2, 1, 16], "inflate": -0.002, "pivot": [2.77, 23.5, 16.15], "rotation": [0, 0, 53], "uv": [134, 94]},
						{"origin": [-2.5, 22, 31.65], "size": [5, 2, 1], "inflate": 0.001, "pivot": [2.5, 23.5, 32.65], "rotation": [-7, 0, 0], "uv": [0, 39]},
						{"origin": [0.8, 23.9, 31.65], "size": [2, 2, 1], "inflate": 0.001, "pivot": [2.5, 23.5, 32.65], "rotation": [-5.8212, -3.32094, -33.58263], "uv": [93, 46]},
						{"origin": [0.75, 14, 31.65], "size": [2, 8, 1], "inflate": -0.001, "pivot": [2.45, 23.5, 32.65], "rotation": [-6.91466, 1.09239, 8.934], "uv": [55, 7]},
						{"origin": [-1.5, 12.2, 31.65], "size": [3, 11, 1], "pivot": [1, 23.5, 32.65], "rotation": [-7, 0, 0], "uv": [33, 32]},
						{"origin": [-1, 20.5, 28.15], "size": [2, 2, 2], "inflate": 0.001, "pivot": [1, 20.5, 28.15], "rotation": [-36, 0, 0], "uv": [78, 56]},
						{"origin": [0.8, 24.55, 31.65], "size": [2, 2, 1], "pivot": [2.5, 23.5, 32.65], "rotation": [-5.8212, -3.32094, -33.58263], "uv": [93, 43]},
						{"origin": [-2.8, 24.55, 31.65], "size": [2, 2, 1], "pivot": [-2.5, 23.5, 32.65], "rotation": [-5.8212, 3.32094, 33.58263], "uv": [93, 35]},
						{"origin": [-2.8, 23.9, 31.65], "size": [2, 2, 1], "inflate": 0.001, "pivot": [-2.5, 23.5, 32.65], "rotation": [-5.8212, 3.32094, 33.58263], "uv": [93, 32]},
						{"origin": [-2.75, 14, 31.65], "size": [2, 8, 1], "inflate": -0.001, "pivot": [-2.45, 23.5, 32.65], "rotation": [-6.91466, -1.09239, -8.934], "uv": [33, 19]},
						{"origin": [-2.77, 22.5, 16.15], "size": [2, 1, 16], "inflate": -0.001, "uv": [81, 131]},
						{"origin": [-2.77, 22.5, 16.15], "size": [2, 1, 16], "inflate": -0.002, "pivot": [-2.77, 23.5, 16.15], "rotation": [0, 0, -53], "uv": [120, 0]}
					]
				},
				{
					"name": "attach_slot",
					"parent": "main",
					"pivot": [2.29409, 42.48636, -52.375],
					"cubes": [
						{"origin": [1.76, 23.825, -41.675], "size": [1, 1.3, 1.3], "inflate": -0.4, "uv": [25, 9]},
						{"origin": [1.76, 23.825, -36.575], "size": [1, 1.3, 1.3], "inflate": -0.4, "uv": [25, 9]},
						{"origin": [1.76, 23.825, -31.475], "size": [1, 1.3, 1.3], "inflate": -0.4, "uv": [25, 9]},
						{"origin": [1.76, 23.825, -26.375], "size": [1, 1.3, 1.3], "inflate": -0.4, "uv": [25, 9]},
						{"origin": [1.76, 23.825, -21.275], "size": [1, 1.3, 1.3], "inflate": -0.4, "uv": [25, 9]},
						{"origin": [1.76, 23.825, -46.775], "size": [1, 1.3, 1.3], "inflate": -0.4, "uv": [25, 9]},
						{"origin": [1.81, 23.425, -45.775], "size": [1.05, 2.15, 4.4], "inflate": -0.5, "uv": [66, 12]},
						{"origin": [1.81, 23.425, -40.675], "size": [1.05, 2.15, 4.4], "inflate": -0.5, "uv": [66, 12]},
						{"origin": [1.81, 23.425, -35.575], "size": [1.05, 2.15, 4.4], "inflate": -0.5, "uv": [66, 12]},
						{"origin": [1.81, 23.425, -30.475], "size": [1.05, 2.15, 4.4], "inflate": -0.5, "uv": [66, 12]},
						{"origin": [1.81, 23.425, -25.375], "size": [1.05, 2.15, 4.4], "inflate": -0.5, "uv": [66, 12]}
					]
				},
				{
					"name": "attach_slot7",
					"parent": "main",
					"pivot": [-0.00591, 39.63636, -52.375],
					"rotation": [0, 0, 90],
					"cubes": [
						{"origin": [17.46, 38.975, -41.675], "size": [1, 1.3, 1.3], "inflate": -0.4, "uv": [25, 9]},
						{"origin": [17.46, 38.975, -36.575], "size": [1, 1.3, 1.3], "inflate": -0.4, "uv": [25, 9]},
						{"origin": [17.46, 38.975, -31.475], "size": [1, 1.3, 1.3], "inflate": -0.4, "uv": [25, 9]},
						{"origin": [17.46, 38.975, -26.375], "size": [1, 1.3, 1.3], "inflate": -0.4, "uv": [25, 9]},
						{"origin": [17.46, 38.975, -21.275], "size": [1, 1.3, 1.3], "inflate": -0.4, "uv": [25, 9]},
						{"origin": [17.46, 38.975, -46.775], "size": [1, 1.3, 1.3], "inflate": -0.4, "uv": [25, 9]},
						{"origin": [17.51, 38.575, -45.775], "size": [1.05, 2.15, 4.4], "inflate": -0.5, "uv": [66, 12]},
						{"origin": [17.51, 38.575, -40.675], "size": [1.05, 2.15, 4.4], "inflate": -0.5, "uv": [66, 12]},
						{"origin": [17.51, 38.575, -35.575], "size": [1.05, 2.15, 4.4], "inflate": -0.5, "uv": [66, 12]},
						{"origin": [17.51, 38.575, -30.475], "size": [1.05, 2.15, 4.4], "inflate": -0.5, "uv": [66, 12]},
						{"origin": [17.51, 38.575, -25.375], "size": [1.05, 2.15, 4.4], "inflate": -0.5, "uv": [66, 12]}
					]
				},
				{
					"name": "attach_slot5",
					"parent": "main",
					"pivot": [-2.29409, 42.48636, -52.375],
					"cubes": [
						{"origin": [-2.76, 23.825, -41.675], "size": [1, 1.3, 1.3], "inflate": -0.4, "uv": [25, 9], "mirror": true},
						{"origin": [-2.76, 23.825, -36.575], "size": [1, 1.3, 1.3], "inflate": -0.4, "uv": [25, 9], "mirror": true},
						{"origin": [-2.76, 23.825, -31.475], "size": [1, 1.3, 1.3], "inflate": -0.4, "uv": [25, 9], "mirror": true},
						{"origin": [-2.76, 23.825, -26.375], "size": [1, 1.3, 1.3], "inflate": -0.4, "uv": [25, 9], "mirror": true},
						{"origin": [-2.76, 23.825, -21.275], "size": [1, 1.3, 1.3], "inflate": -0.4, "uv": [25, 9], "mirror": true},
						{"origin": [-2.76, 23.825, -46.775], "size": [1, 1.3, 1.3], "inflate": -0.4, "uv": [25, 9], "mirror": true},
						{"origin": [-2.86, 23.425, -45.775], "size": [1.05, 2.15, 4.4], "inflate": -0.5, "uv": [66, 12], "mirror": true},
						{"origin": [-2.86, 23.425, -40.675], "size": [1.05, 2.15, 4.4], "inflate": -0.5, "uv": [66, 12], "mirror": true},
						{"origin": [-2.86, 23.425, -35.575], "size": [1.05, 2.15, 4.4], "inflate": -0.5, "uv": [66, 12], "mirror": true},
						{"origin": [-2.86, 23.425, -30.475], "size": [1.05, 2.15, 4.4], "inflate": -0.5, "uv": [66, 12], "mirror": true},
						{"origin": [-2.86, 23.425, -25.375], "size": [1.05, 2.15, 4.4], "inflate": -0.5, "uv": [66, 12], "mirror": true}
					]
				},
				{
					"name": "attach_slot2",
					"parent": "main",
					"pivot": [1.64409, 37.68636, -52.375],
					"rotation": [0, 0, 45],
					"cubes": [
						{"origin": [11.7666, 26.0184, -46.85], "size": [1.05, 2.15, 4.4], "inflate": -0.5, "uv": [66, 12]},
						{"origin": [11.7666, 26.0184, -42.75], "size": [1.05, 2.15, 4.4], "inflate": -0.5, "uv": [66, 12]},
						{"origin": [11.7666, 26.0184, -38.65], "size": [1.05, 2.15, 4.4], "inflate": -0.5, "uv": [66, 12]},
						{"origin": [11.7666, 26.0184, -34.55], "size": [1.05, 2.15, 4.4], "inflate": -0.5, "uv": [66, 12]},
						{"origin": [11.7666, 26.0184, -30.45], "size": [1.05, 2.15, 4.4], "inflate": -0.5, "uv": [66, 12]},
						{"origin": [11.7666, 26.0184, -26.35], "size": [1.05, 2.15, 4.4], "inflate": -0.5, "uv": [66, 12]}
					]
				},
				{
					"name": "attach_slot6",
					"parent": "main",
					"pivot": [-1.64409, 37.68636, -52.375],
					"rotation": [0, 0, -45],
					"cubes": [
						{"origin": [-12.8166, 26.0184, -46.85], "size": [1.05, 2.15, 4.4], "inflate": -0.5, "uv": [66, 12], "mirror": true},
						{"origin": [-12.8166, 26.0184, -42.75], "size": [1.05, 2.15, 4.4], "inflate": -0.5, "uv": [66, 12], "mirror": true},
						{"origin": [-12.8166, 26.0184, -38.65], "size": [1.05, 2.15, 4.4], "inflate": -0.5, "uv": [66, 12], "mirror": true},
						{"origin": [-12.8166, 26.0184, -34.55], "size": [1.05, 2.15, 4.4], "inflate": -0.5, "uv": [66, 12], "mirror": true},
						{"origin": [-12.8166, 26.0184, -30.45], "size": [1.05, 2.15, 4.4], "inflate": -0.5, "uv": [66, 12], "mirror": true},
						{"origin": [-12.8166, 26.0184, -26.35], "size": [1.05, 2.15, 4.4], "inflate": -0.5, "uv": [66, 12], "mirror": true}
					]
				},
				{
					"name": "attach_slot3",
					"parent": "main",
					"pivot": [1.68266, 44.51708, -55.45],
					"rotation": [0, 0, -42],
					"cubes": [
						{"origin": [-10.88669, 30.06547, -46.85], "size": [1.05, 2.15, 4.4], "inflate": -0.5, "uv": [66, 12]},
						{"origin": [-10.88669, 30.06547, -42.65], "size": [1.05, 2.15, 4.4], "inflate": -0.5, "uv": [66, 12]},
						{"origin": [-10.88669, 30.06547, -38.45], "size": [1.05, 2.15, 4.4], "inflate": -0.5, "uv": [66, 12]},
						{"origin": [-10.88669, 30.06547, -34.25], "size": [1.05, 2.15, 4.4], "inflate": -0.5, "uv": [66, 12]},
						{"origin": [-10.88669, 30.06547, -30.05], "size": [1.05, 2.15, 4.4], "inflate": -0.5, "uv": [66, 12]}
					]
				},
				{
					"name": "attach_slot4",
					"parent": "main",
					"pivot": [-1.68266, 44.51708, -55.45],
					"rotation": [0, 0, 42],
					"cubes": [
						{"origin": [9.83669, 30.06547, -46.85], "size": [1.05, 2.15, 4.4], "inflate": -0.5, "uv": [66, 12], "mirror": true},
						{"origin": [9.83669, 30.06547, -42.65], "size": [1.05, 2.15, 4.4], "inflate": -0.5, "uv": [66, 12], "mirror": true},
						{"origin": [9.83669, 30.06547, -38.45], "size": [1.05, 2.15, 4.4], "inflate": -0.5, "uv": [66, 12], "mirror": true},
						{"origin": [9.83669, 30.06547, -34.25], "size": [1.05, 2.15, 4.4], "inflate": -0.5, "uv": [66, 12], "mirror": true},
						{"origin": [9.83669, 30.06547, -30.05], "size": [1.05, 2.15, 4.4], "inflate": -0.5, "uv": [66, 12], "mirror": true}
					]
				},
				{
					"name": "magazine",
					"parent": "main",
					"pivot": [-12.5, 3.75, -10.25],
					"cubes": [
						{"origin": [-1.25, 12.75, -16.25], "size": [3, 9, 7], "uv": [31, 62]},
						{"origin": [-1.25, 0.75, -16.25], "size": [3, 12, 7], "inflate": 0.001, "pivot": [0.75, 12.75, -9.25], "rotation": [-12, 0, 0], "uv": [33, 0]},
						{"origin": [-1.75, 0.75, -16.25], "size": [1, 12, 7], "inflate": 0.002, "pivot": [-0.75, 12.75, -9.25], "rotation": [-12, 0, 0], "uv": [91, 56]},
						{"origin": [-1.75, 12.75, -16.25], "size": [1, 9, 7], "inflate": 0.001, "uv": [46, 12]}
					]
				},
				{
					"name": "bullet",
					"parent": "magazine",
					"pivot": [-12.5, 3.75, -10.25],
					"cubes": [
						{"origin": [-0.675, 20.875, -15.75], "size": [1, 1, 6], "inflate": 0.2, "pivot": [-0.175, 21.375, -15.75], "rotation": [0, 0, 21], "uv": [14, 45]}
					]
				},
				{
					"name": "magazine2",
					"parent": "main",
					"pivot": [0.5, 3.75, -10.25],
					"cubes": [
						{"origin": [-1.25, 12.75, -16.25], "size": [3, 9, 7], "uv": [31, 62]},
						{"origin": [-1.25, 0.75, -16.25], "size": [3, 12, 7], "inflate": 0.001, "pivot": [0.75, 12.75, -9.25], "rotation": [-12, 0, 0], "uv": [33, 0]},
						{"origin": [-1.75, 0.75, -16.25], "size": [1, 12, 7], "inflate": 0.002, "pivot": [-0.75, 12.75, -9.25], "rotation": [-12, 0, 0], "uv": [91, 56]},
						{"origin": [-1.75, 12.75, -16.25], "size": [1, 9, 7], "inflate": 0.001, "uv": [46, 12]}
					]
				},
				{
					"name": "bullet2",
					"parent": "magazine2",
					"pivot": [0.5, 3.75, -10.25],
					"cubes": [
						{"origin": [-0.675, 20.875, -15.75], "size": [1, 1, 6], "inflate": 0.2, "pivot": [-0.175, 21.375, -15.75], "rotation": [0, 0, 21], "uv": [14, 45]}
					]
				},
				{
					"name": "silencer2",
					"parent": "main",
					"pivot": [0, 24.5, -90.55]
				},
				{
					"name": "foregrip",
					"parent": "main",
					"pivot": [0, -22, 6],
					"cubes": [
						{"origin": [-1.1, 10.8, -32.1], "size": [2.2, 9.75, 3.45], "inflate": 0.001, "uv": [0, 0]},
						{"origin": [-1.1, 10.8, -32.575], "size": [2.2, 2.75, 1], "pivot": [1.1, 13.55, -32.575], "rotation": [5.5, 0, 0], "uv": [51, 87]},
						{"origin": [-1.1, 13.55, -32.575], "size": [2.2, 6, 1], "inflate": -0.001, "pivot": [1.1, 13.55, -32.575], "rotation": [-5.5, 0, 0], "uv": [31, 62]},
						{"origin": [-1.1, 10.8, -29.175], "size": [2.2, 2.75, 1], "pivot": [1.1, 13.55, -28.175], "rotation": [-5.5, 0, 0], "uv": [83, 84]},
						{"origin": [-1.1, 13.55, -29.175], "size": [2.2, 6, 1], "inflate": -0.001, "pivot": [1.1, 13.55, -28.175], "rotation": [5.5, 0, 0], "uv": [33, 0]},
						{"origin": [-1.1, 18.375, -28.35], "size": [2.2, 2, 1], "pivot": [1.1, 20.375, -27.35], "rotation": [-53.5, 0, 0], "uv": [83, 80]},
						{"origin": [-1.1, 18.375, -33.35], "size": [2.2, 2, 1], "pivot": [1.1, 20.375, -33.35], "rotation": [53.5, 0, 0], "uv": [83, 77]},
						{"origin": [-1.35, 20.4, -33.45], "size": [2.7, 1, 6.2], "uv": [46, 0]}
					]
				},
				{
					"name": "exps",
					"parent": "main",
					"pivot": [0, 14.75, -4],
					"cubes": [
						{"origin": [1.7, 31.5, -15.9], "size": [1, 3, 5], "inflate": -0.2, "uv": [0, 31]},
						{"origin": [1.7, 31.5, -17.9], "size": [1, 3, 3], "inflate": -0.201, "pivot": [2.5, 31.7, -17.7], "rotation": [-37, 0, 0], "uv": [80, 45]},
						{"origin": [-1.85, 34.35, -15.9], "size": [3.7, 1, 5], "inflate": -0.2, "uv": [66, 23]},
						{"origin": [1.7, 34.1, -15.9], "size": [1, 1.6, 5], "inflate": -0.201, "pivot": [2.5, 34.3, -13.9], "rotation": [0, 0, -45], "uv": [14, 67]},
						{"origin": [1.7, 32, -11.9], "size": [1, 2, 2], "inflate": -0.202, "pivot": [2.5, 32.2, -10.1], "rotation": [43, 0, 0], "uv": [22, 45]},
						{"origin": [-1.5, 29.7, -18], "size": [3, 1, 7], "inflate": 0.201, "uv": [93, 43]},
						{"origin": [-2.2, 28.6, -21.6], "size": [4.85, 3, 3], "pivot": [2.4, 31.6, -18.6], "rotation": [16.25, 0, 0], "uv": [14, 61]},
						{"origin": [1.05, 28.6, -18.6], "size": [1.6, 2.725, 1], "pivot": [2.65, 31.6, -18.6], "rotation": [19.53178, -33.17687, -10.98586], "uv": [7, 31]},
						{"origin": [-3.15, 28.6, -21.6], "size": [1.3, 3, 3], "inflate": -0.3, "pivot": [-1.85, 31.6, -18.6], "rotation": [16.25, 0, 0], "uv": [45, 78]},
						{"origin": [-1.7, 28.65, -18.4], "size": [3.9, 2.75, 7.4], "inflate": 0.202, "uv": [74, 104]},
						{"origin": [-1.3, 29.025, -8.35], "size": [1, 1, 4.4], "inflate": 0.199, "uv": [78, 32]},
						{"origin": [2.05, 28.9, -17.9], "size": [1, 3, 8], "inflate": -0.199, "uv": [98, 102]},
						{"origin": [1.7, 34.1, -17.9], "size": [1, 1, 2], "inflate": -0.201, "pivot": [2.5, 31.7, -17.7], "rotation": [-37, 0, 0], "uv": [82, 62]},
						{"origin": [-2.7, 27.9, -13.9], "size": [1, 3, 4], "inflate": -0.2, "uv": [44, 62]},
						{"origin": [2.05, 27.9, -13.9], "size": [1, 3, 4], "inflate": -0.2, "uv": [0, 18]},
						{"origin": [2.05, 27.9, -13.9], "size": [1, 2, 2], "inflate": -0.201, "pivot": [2.85, 28.1, -13.7], "rotation": [35, 0, 0], "uv": [14, 45]},
						{"origin": [-2.7, 27.9, -13.9], "size": [1, 2, 2], "inflate": -0.201, "pivot": [-2.5, 28.1, -13.7], "rotation": [35, 0, 0], "uv": [22, 31]},
						{"origin": [-2.7, 28.9, -17.9], "size": [1, 3, 8], "inflate": -0.199, "uv": [97, 0]},
						{"origin": [-2.7, 32, -11.9], "size": [1, 2, 2], "inflate": -0.202, "pivot": [-2.5, 32.2, -10.1], "rotation": [43, 0, 0], "uv": [23, 18]},
						{"origin": [-2.7, 31.5, -15.9], "size": [1, 3, 5], "inflate": -0.2, "uv": [16, 18]},
						{"origin": [-2.7, 34.1, -17.9], "size": [1, 1, 2], "inflate": -0.201, "pivot": [-2.5, 31.7, -17.7], "rotation": [-37, 0, 0], "uv": [55, 16]},
						{"origin": [-2.7, 31.5, -17.9], "size": [1, 3, 3], "inflate": -0.201, "pivot": [-2.5, 31.7, -17.7], "rotation": [-37, 0, 0], "uv": [66, 45]},
						{"origin": [-2.7, 34.1, -15.9], "size": [1, 1.6, 5], "inflate": -0.201, "pivot": [-2.5, 34.3, -13.9], "rotation": [0, 0, 45], "uv": [0, 67]},
						{"origin": [1.25, 28.1, -17.625], "size": [2, 1, 3.25], "inflate": -0.101, "pivot": [3.25, 28.1, -14.375], "rotation": [0, 11, 0], "uv": [0, 53]},
						{"origin": [1.55, 27.875, -7.8], "size": [1, 1.5, 5.25], "inflate": -0.101, "pivot": [2.55, 27.875, -3.55], "rotation": [0, 8.25, 0], "uv": [0, 61]},
						{"origin": [-1.5, 28.2, -18], "size": [3, 1, 7], "uv": [58, 77]},
						{"origin": [-1.5, 27.7, -8.65], "size": [3, 1.5, 4.925], "uv": [47, 39]},
						{"origin": [2.05, 31.5, -17.5], "size": [1, 1.1, 7.6], "inflate": -0.201, "pivot": [2.85, 31.7, -16.5], "rotation": [0, 0, -35.75], "uv": [116, 63]},
						{"origin": [-2.7, 31.4, -11.9], "size": [1, 1, 2], "inflate": -0.201, "uv": [7, 0]}
					]
				},
				{
					"name": "optic",
					"parent": "exps",
					"pivot": [30.3, 47.45, -4],
					"rotation": [0, 0, -90],
					"cubes": [
						{"origin": [14.55623, 75.1713, -8.85], "size": [3.1, 1, 10.4], "inflate": -0.3, "pivot": [28.175, 81.25, -9.15], "rotation": [0, 0, 32], "uv": [66, 12]},
						{"origin": [17.05623, 72.3713, -8.85], "size": [1, 3.8, 10.4], "inflate": -0.299, "pivot": [28.175, 81.25, -9.15], "rotation": [0, 0, 32], "uv": [0, 74]},
						{"origin": [14.15623, 72.3713, -8.85], "size": [1, 3.8, 10.4], "inflate": -0.299, "pivot": [28.175, 81.25, -9.15], "rotation": [0, 0, 32], "uv": [66, 32]},
						{"origin": [14.55623, 72.3713, -8.85], "size": [3.1, 1, 10.4], "inflate": -0.299, "pivot": [28.175, 81.25, -9.15], "rotation": [0, 0, 32], "uv": [0, 18]},
						{"origin": [13.80623, 72.0213, -5.85], "size": [4.6, 1, 6.4], "inflate": -0.301, "pivot": [28.175, 81.25, -7.15], "rotation": [0, 0, 32], "uv": [97, 21]},
						{"origin": [13.80623, 72.3713, -5.85], "size": [1, 3.8, 6.4], "inflate": -0.3, "pivot": [28.175, 81.25, -7.15], "rotation": [0, 0, 32], "uv": [14, 31]},
						{"origin": [17.40623, 72.3713, -5.85], "size": [1, 3.8, 6.4], "inflate": -0.3, "pivot": [28.175, 81.25, -7.15], "rotation": [0, 0, 32], "uv": [15, 0]},
						{"origin": [13.80623, 75.5213, -5.85], "size": [4.6, 1, 6.4], "inflate": -0.3, "pivot": [28.175, 81.25, -7.15], "rotation": [0, 0, 32], "uv": [31, 78]},
						{"origin": [13.2, 78.85, -8.35], "size": [2.2, 1, 4.4], "inflate": 0.202, "uv": [14, 52]},
						{"origin": [14.8, 79.1, -8.75], "size": [1, 1.7, 5.2], "inflate": -0.2, "uv": [33, 51]},
						{"origin": [12.8, 79.1, -8.75], "size": [1, 1.7, 5.2], "inflate": -0.2, "uv": [33, 45]}
					]
				},
				{
					"name": "PEQ",
					"parent": "main",
					"pivot": [1.175, 29.925, -40.45],
					"rotation": [0, 0, 90],
					"cubes": [
						{"origin": [0.55, 27.4, -39.95], "size": [1.75, 1.75, 7.75], "uv": [120, 8]},
						{"origin": [0.55, 29.15, -33.2], "size": [1.75, 1, 1], "inflate": -0.001, "pivot": [1.55, 29.15, -32.2], "rotation": [52.75, 0, 0], "uv": [9, 11]},
						{"origin": [0.55, 29.15, -39.95], "size": [1.75, 1, 7], "uv": [120, 0]},
						{"origin": [1.275, 26.675, -39.95], "size": [1.525, 4.2, 7], "inflate": 0.001, "uv": [116, 52]},
						{"origin": [0.55, 26.4, -40.2], "size": [1, 1, 8], "inflate": -0.001, "pivot": [0.55, 27.4, -39.95], "rotation": [0, 0, -44.75], "uv": [0, 116]},
						{"origin": [0.55, 30.15, -39.95], "size": [1, 1, 7], "inflate": -0.001, "pivot": [0.55, 30.15, -39.95], "rotation": [0, 0, 44.75], "uv": [44, 117]},
						{"origin": [1.175, 29.925, -40.45], "size": [1, 1, 8], "inflate": -0.001, "pivot": [1.175, 29.925, -40.45], "rotation": [0, 0, 35.5], "uv": [102, 81]}
					]
				},
				{
					"name": "gunlight",
					"parent": "main",
					"pivot": [2.025, 21.075, -37.45],
					"rotation": [0, 0, -90],
					"cubes": [
						{"origin": [1.70388, 18.99739, -52.35], "size": [2, 2, 13], "inflate": -0.1, "pivot": [1.875, 20.675, -51.35], "rotation": [0, 0, -45], "uv": [58, 62]},
						{"origin": [4.425, 18.875, -44.45], "size": [2, 1, 7], "inflate": -0.1, "pivot": [5.425, 19.875, -39.85], "rotation": [0, 0, -180], "uv": [89, 115]},
						{"origin": [2.57246, 19.19215, -37.38125], "size": [3, 1, 1], "inflate": -0.1, "pivot": [4.37741, 19.98925, -37.20659], "rotation": [-3.10691, -26.33033, 177.9769], "uv": [0, 58]},
						{"origin": [2.34354, 20.52513, -41.68456], "size": [1, 1, 5], "inflate": -0.1, "pivot": [2.96888, 20.74083, -38.93472], "rotation": [11.6261, -10.58961, 163.78594], "uv": [75, 62]}
					]
				},
				{
					"name": "scope",
					"parent": "main",
					"pivot": [0, 33.3, -0.05],
					"cubes": [
						{"origin": [-0.5, 32.8, -0.55], "size": [1, 1, 1], "inflate": -0.4, "uv": [7, 34]}
					]
				}
			]
		}
	]
}