{
	"format_version": "1.12.0",
	"minecraft:geometry": [
		{
			"description": {
				"identifier": "geometry.unknown",
				"texture_width": 256,
				"texture_height": 256,
				"visible_bounds_width": 11,
				"visible_bounds_height": 7,
				"visible_bounds_offset": [0, 1.5, 0]
			},
			"bones": [
				{
					"name": "main",
					"pivot": [0, 20, 0]
				},
				{
					"name": "silencer",
					"parent": "main",
					"pivot": [1.25, 23.95, -75.55],
					"cubes": [
						{"origin": [-1.75, 22.95, -68.55], "size": [4, 4, 21], "inflate": -0.4, "pivot": [1.25, 23.95, -75.55], "rotation": [0, 0, -20], "uv": [124, 111]}
					]
				},
				{
					"name": "gun",
					"parent": "main",
					"pivot": [1, 11, -1],
					"cubes": [
						{"origin": [-1.35, 13.9, -2.1], "size": [3, 5, 2], "inflate": -0.1, "uv": [36, 21]},
						{"origin": [-0.5, 15.05, -5.55], "size": [1, 4, 1], "inflate": -0.1, "pivot": [0, 15.05, -4.55], "rotation": [-21, 0, 0], "uv": [0, 21]},
						{"origin": [-1.35, 13.9, -9.1], "size": [3, 5, 1], "inflate": -0.1, "uv": [0, 83]},
						{"origin": [-1.35, 13.9, -2.6], "size": [3, 1, 1], "inflate": -0.11, "uv": [33, 75]},
						{"origin": [-1.35, 13.9, -8.1], "size": [3, 1, 6], "inflate": -0.2, "uv": [114, 14]},
						{"origin": [-1.35, 13.9, -8.6], "size": [3, 1, 1], "inflate": -0.11, "uv": [33, 72]},
						{"origin": [-1.35, 18, -9], "size": [3, 5, 13], "uv": [161, 160]},
						{"origin": [-1.35, 18, 4], "size": [3, 2, 2], "inflate": -0.001, "pivot": [0.65, 18, 4], "rotation": [53, 0, 0], "uv": [0, 42]},
						{"origin": [-1.65, 18, 4], "size": [1, 2, 2], "inflate": -0.002, "pivot": [-0.65, 18, 4], "rotation": [53, 0, 0], "uv": [73, 13]},
						{"origin": [-1.35, 20, 4], "size": [3, 3, 3], "uv": [50, 19]},
						{"origin": [-1.35, 17, 6], "size": [3, 3, 1], "inflate": -0.002, "pivot": [1.65, 20, 7], "rotation": [-74, 0, 0], "uv": [83, 15]},
						{"origin": [-1.65, 17, 6], "size": [1, 3, 1], "inflate": -0.003, "pivot": [-1.65, 20, 7], "rotation": [-74, 0, 0], "uv": [34, 0]},
						{"origin": [-1.65, 20, 4], "size": [1, 3, 3], "inflate": 0.001, "uv": [82, 38]},
						{"origin": [1.05, 19.1, -0.4], "size": [1, 2, 2], "inflate": -0.2, "pivot": [1.05, 19.1, -0.4], "rotation": [24, 0, 0], "uv": [72, 54]},
						{"origin": [1.05, 18.3, -0.3], "size": [1, 2, 1], "inflate": -0.1, "uv": [50, 13]},
						{"origin": [-1.55, 23, -6], "size": [1, 1, 10], "uv": [83, 0]},
						{"origin": [0.55, 23, -7], "size": [1, 1, 12], "uv": [66, 48]},
						{"origin": [-2.35, 22.95, -17.6], "size": [2, 4.3, 2.075], "pivot": [-2.35, 24.25, -16.525], "rotation": [0, 0, 25], "uv": [82, 32]},
						{"origin": [-2.3505, 22.95, -18], "size": [2, 4.3, 2.075], "pivot": [-2.35, 24.25, -16.925], "rotation": [0, 0, 25], "uv": [62, 81]},
						{"origin": [-2.3, 22.6, -17.75], "size": [1, 1, 12], "pivot": [-2.3, 23.6, -16.75], "rotation": [0, 0, -19], "uv": [33, 62]},
						{"origin": [-2.5, 22.2, -16.5], "size": [1, 1, 1], "inflate": 0.001, "pivot": [-2.6, 23.6, -16.5], "rotation": [0, 0, -19], "uv": [47, 62]},
						{"origin": [-2.5, 22.2, -7.5], "size": [1, 2, 1], "inflate": 0.001, "pivot": [-2.6, 23.6, -7.45], "rotation": [0, 0, -19], "uv": [50, 6]},
						{"origin": [-2.4, 26.2, -15.6], "size": [1, 1, 9], "inflate": -0.001, "pivot": [-2.4, 24.2, -16.5], "rotation": [0, 0, 25], "uv": [40, 95]},
						{"origin": [-2.3, 25.9, -15.6], "size": [1, 1, 9], "inflate": -0.001, "pivot": [-2.4, 24.2, -16.5], "rotation": [0, 0, 25], "uv": [93, 93]},
						{"origin": [-2.4, 24.2, -7.5], "size": [1, 3, 1], "pivot": [-2.4, 24.2, -7.5], "rotation": [0, 0, 25], "uv": [24, 15]},
						{"origin": [-2.4, 24.2, -7.4], "size": [2, 2, 3], "pivot": [-2.4, 24.2, -6.4], "rotation": [0, -33, 25], "uv": [0, 78]},
						{"origin": [-2.4, 23.3, -2.95], "size": [3, 2, 8], "inflate": -0.2, "pivot": [-2.4, 23.3, -1.95], "rotation": [1.38249, -12.46915, 7.06579], "uv": [0, 91]},
						{"origin": [-2.4, 23.3, 3.85], "size": [2, 2, 3], "inflate": -0.4, "pivot": [-2.4, 23.3, -1.95], "rotation": [1.38249, -12.46915, 7.06579], "uv": [76, 73]},
						{"origin": [-2.4, 23.3, 5.85], "size": [2, 2, 1], "inflate": -0.3, "pivot": [-2.4, 23.3, -1.95], "rotation": [1.38249, -12.46915, 7.06579], "uv": [90, 35]},
						{"origin": [0.95, 23.95, -18], "size": [1, 2, 23], "pivot": [1.95, 23.95, -18], "rotation": [0, 0, -11], "uv": [128, 25]},
						{"origin": [-0.05, 23.95, -18], "size": [2, 1, 23], "pivot": [1.95, 23.95, -18], "rotation": [0, 0, -61.5], "uv": [123, 85]},
						{"origin": [1.1, 24.1, 5], "size": [1, 2, 2], "pivot": [2.1, 24.1, 5], "rotation": [0, 0, -11], "uv": [72, 48]},
						{"origin": [-0.9, 24.1, 5], "size": [3, 1, 2], "inflate": -0.001, "pivot": [2.1, 24.1, 5], "rotation": [0, 0, -77.5], "uv": [47, 57]},
						{"origin": [-2.1, 24.1, 5], "size": [1, 2, 2], "pivot": [-2.1, 24.1, 5], "rotation": [0, 0, 11], "uv": [72, 7]},
						{"origin": [-2.1, 24.1, 5], "size": [3, 1, 2], "inflate": -0.001, "pivot": [-2.1, 24.1, 5], "rotation": [0, 0, 77.5], "uv": [15, 57]},
						{"origin": [-0.9, 24.1, 5], "size": [3, 1, 2], "inflate": -0.002, "pivot": [2.1, 24.1, 5], "rotation": [0, -55, -77.5], "uv": [50, 26]},
						{"origin": [-2.1, 24.1, 5], "size": [3, 1, 2], "inflate": -0.002, "pivot": [-2.1, 24.1, 5], "rotation": [0, 55, 77.5], "uv": [30, 42]},
						{"origin": [-1.95, 23.95, -7], "size": [1, 2, 12], "pivot": [-1.95, 23.95, -18], "rotation": [0, 0, 11], "uv": [33, 48]},
						{"origin": [-1.95, 23.95, -7], "size": [1, 1, 12], "pivot": [-1.95, 23.95, -18], "rotation": [0, 0, 61.5], "uv": [50, 13]},
						{"origin": [-1.95, 23.95, -18], "size": [1, 2, 2], "pivot": [-1.95, 23.95, -29], "rotation": [0, 0, 11], "uv": [72, 0]},
						{"origin": [-2.05, 24.9, 6], "size": [1, 1, 2], "inflate": -0.002, "pivot": [-2.05, 24.3, 6], "rotation": [0, 0, 19], "uv": [90, 32]},
						{"origin": [1.05, 24.9, 6], "size": [1, 1, 2], "inflate": -0.002, "pivot": [2.05, 24.3, 6], "rotation": [0, 0, -19], "uv": [89, 64]},
						{"origin": [1.05, 24.3, 6], "size": [1, 1, 2], "pivot": [2.05, 24.3, 6], "rotation": [0, 0, -19], "uv": [89, 56]},
						{"origin": [1.05, 23.3, 6], "size": [1, 1, 2], "inflate": 0.001, "pivot": [2.05, 24.3, 6], "rotation": [0, 0, 19], "uv": [22, 89]},
						{"origin": [1.05, 22.8, 6], "size": [1, 1, 2], "pivot": [2.05, 24.3, 4], "rotation": [0, 0, 19], "uv": [88, 52]},
						{"origin": [-1.65, 18, -9], "size": [1, 5, 13], "inflate": 0.001, "uv": [0, 48]},
						{"origin": [0.85, 16, -16.75], "size": [1, 7, 8], "uv": [62, 81]},
						{"origin": [0.85, 21.5, -18], "size": [1, 1, 2], "inflate": -0.001, "uv": [88, 42]},
						{"origin": [-2, 21.7, -17.8], "size": [4, 1, 1], "pivot": [-1.95, 21.7, -17.8], "rotation": [-26, 0, 0], "uv": [67, 27]},
						{"origin": [0.85, 21.5, -18], "size": [1, 1, 2], "inflate": -0.002, "pivot": [0.9, 21.5, -18], "rotation": [-22, 0, 0], "uv": [82, 87]},
						{"origin": [0.85, 21.5, -18], "size": [1, 1, 2], "inflate": -0.002, "pivot": [0.9, 22.5, -18], "rotation": [14, 0, 0], "uv": [87, 74]},
						{"origin": [-1.85, 21.5, -18], "size": [3, 1, 2], "inflate": -0.003, "pivot": [-0.9, 22.5, -18], "rotation": [14, 0, 0], "uv": [20, 42]},
						{"origin": [-1.85, 21.5, -18], "size": [3, 1, 2], "inflate": -0.003, "pivot": [-0.9, 21.5, -18], "rotation": [-22, 0, 0], "uv": [10, 42]},
						{"origin": [-1.85, 21.5, -18], "size": [3, 1, 2], "inflate": -0.002, "uv": [33, 37]},
						{"origin": [1, 21, -11.75], "size": [1, 2, 2], "inflate": 0.001, "uv": [39, 67]},
						{"origin": [1, 20, -11.75], "size": [1, 1, 1], "inflate": 0.001, "uv": [41, 62]},
						{"origin": [1, 15, -11.75], "size": [1, 5, 2], "inflate": 0.001, "uv": [23, 21]},
						{"origin": [0.95, 20, -11.25], "size": [1, 1, 4], "inflate": 0.001, "uv": [66, 73]},
						{"origin": [1.1, 22, -8.5], "size": [1, 2, 1], "pivot": [2.1, 22, -8.5], "rotation": [0, 0, 6], "uv": [50, 0]},
						{"origin": [0.85, 22.9, -11.75], "size": [1, 1, 2], "uv": [87, 38]},
						{"origin": [0.85, 14.15, -9.75], "size": [1, 2, 1], "inflate": -0.001, "uv": [42, 42]},
						{"origin": [0.85, 15.65, -13.75], "size": [1, 2, 4], "inflate": -0.002, "pivot": [0.9, 15.65, -13.75], "rotation": [-17.5, 0, 0], "uv": [66, 48]},
						{"origin": [-1.85, 15.65, -13.75], "size": [1, 2, 4], "inflate": -0.002, "pivot": [-0.9, 15.65, -13.75], "rotation": [-17.5, 0, 0], "uv": [0, 66]},
						{"origin": [-1.85, 14.15, -9.75], "size": [1, 2, 1], "inflate": -0.001, "uv": [42, 39]},
						{"origin": [0.75, 23, -16.75], "size": [1, 1, 10], "inflate": 0.001, "uv": [0, 66]},
						{"origin": [-2.75, 20.6, -15.63], "size": [1, 3, 9], "inflate": -0.2, "pivot": [-2.75, 22.6, -15.6], "rotation": [0, 0, 17], "uv": [83, 11]},
						{"origin": [-2.75, 20.9, -11.7], "size": [1, 2, 1], "inflate": -0.1, "pivot": [-2.75, 22.9, -11.7], "rotation": [0, 0, 17], "uv": [42, 36]},
						{"origin": [0.85, 19, -8.75], "size": [1, 4, 2], "uv": [47, 48]},
						{"origin": [0.85, 19, -9.75], "size": [1, 1, 3], "inflate": -0.001, "pivot": [1.9, 19, -6.75], "rotation": [25, 0, 0], "uv": [83, 11]},
						{"origin": [-1.85, 19, -8.75], "size": [1, 4, 2], "uv": [23, 48]},
						{"origin": [-2.1, 17.2, -10.25], "size": [1, 5, 1], "uv": [42, 8]},
						{"origin": [-2.1, 18.2, -9.9], "size": [1, 1, 3], "inflate": -0.001, "uv": [83, 5]},
						{"origin": [-2.4, 19.25, -8.5], "size": [1, 2, 1], "inflate": -0.001, "pivot": [-2.45, 21.25, -7.5], "rotation": [0, 0, -9], "uv": [41, 0]},
						{"origin": [-1.85, 16, -16.75], "size": [1, 7, 8], "uv": [24, 0]},
						{"origin": [-1, 16, -16.75], "size": [2, 8, 0], "inflate": 0.002, "uv": [41, 48]},
						{"origin": [1.1, 16, -17], "size": [1, 1, 8], "pivot": [2.15, 16, -18], "rotation": [-13, 0, 0], "uv": [31, 111]},
						{"origin": [-2.1, 16, -17], "size": [1, 1, 8], "pivot": [-2.15, 16, -18], "rotation": [-13, 0, 0], "uv": [0, 109]},
						{"origin": [-1.5, 16, -17], "size": [3, 1, 1], "inflate": 0.001, "pivot": [0.35, 16, -18], "rotation": [-13, 0, 0], "uv": [71, 20]},
						{"origin": [-2.1, 16, -9.4], "size": [3, 1, 1], "inflate": 0.001, "pivot": [0.35, 16, -18], "rotation": [-13, 0, 0], "uv": [67, 40]},
						{"origin": [0.1, 16, -9.4], "size": [2, 1, 1], "inflate": 0.002, "pivot": [-0.35, 16, -18], "rotation": [-13, 0, 0], "uv": [22, 75]},
						{"origin": [-0.7, 23.65, 8], "size": [2, 2, 5], "inflate": 0.2, "pivot": [-0.7, 25.65, 8], "rotation": [0, 0, 16], "uv": [64, 13]},
						{"origin": [-1, 26.25, -18], "size": [2, 1, 20], "inflate": -0.001, "uv": [0, 0]},
						{"origin": [0.1, 25.9, -18], "size": [1, 1, 20], "inflate": -0.002, "uv": [151, 50]},
						{"origin": [0.1, 25.9, 2], "size": [1, 1, 1], "inflate": -0.005, "pivot": [1.1, 26.9, 2], "rotation": [-24, 0, 0], "uv": [33, 62]},
						{"origin": [-1.1, 25.9, 2], "size": [2, 1, 1], "inflate": -0.004, "pivot": [-1.1, 26.9, 2], "rotation": [-24, 0, 0], "uv": [72, 4]},
						{"origin": [0.1, 25.55, 1.5], "size": [1, 1, 4], "inflate": -0.003, "uv": [47, 69]},
						{"origin": [-1.1, 25.55, 2], "size": [2, 1, 3], "inflate": -0.001, "uv": [36, 15]},
						{"origin": [0.7, 24.55, -14.75], "size": [1, 2, 3], "inflate": -0.002, "uv": [83, 0]},
						{"origin": [-1.1, 25.9, -18], "size": [1, 1, 20], "inflate": -0.002, "uv": [150, 85]},
						{"origin": [-1, 23.5, -54.05], "size": [2, 2, 46], "inflate": -0.1, "pivot": [0, 24.5, -54.05], "rotation": [0, 0, -20], "uv": [0, 0]},
						{"origin": [-0.7, 27.05, -18.55], "size": [2, 1, 24], "inflate": -0.2, "uv": [123, 60]},
						{"origin": [-0.7, 27.2, -1.85], "size": [2, 1, 4], "uv": [64, 7]},
						{"origin": [-1.3, 27.2, -1.85], "size": [1, 1, 4], "inflate": 0.001, "uv": [67, 30]},
						{"origin": [-1.3, 27.05, -18.55], "size": [2, 1, 24], "inflate": -0.201, "uv": [114, 0]},
						{"origin": [1.351, 23.15, -46.95], "size": [1, 2, 29], "uv": [31, 80]},
						{"origin": [1.35, 24.65, -46.95], "size": [1, 1, 29], "uv": [62, 82]},
						{"origin": [-2.351, 23.15, -46.95], "size": [1, 2, 29], "uv": [31, 80], "mirror": true},
						{"origin": [-2.35, 24.65, -46.95], "size": [1, 1, 29], "uv": [62, 82], "mirror": true},
						{"origin": [-0.9, 19.9, -21.65], "size": [2, 2, 1], "inflate": -0.001, "uv": [83, 23]},
						{"origin": [-0.9, 20.05, -21.225], "size": [2, 2, 1], "inflate": -0.001, "pivot": [0.025, 21.05, -20.825], "rotation": [-22.5, 0, 0], "uv": [83, 23]},
						{"origin": [-1.45, 23.1, -19.95], "size": [2.95, 2, 2.5], "inflate": -0.001, "uv": [0, 72]},
						{"origin": [-1.45, 22.3, -18], "size": [2.95, 2, 2.5], "inflate": -0.001, "uv": [0, 72]},
						{"origin": [-1.45, 22.3, -21.85], "size": [2.95, 2, 2.5], "inflate": -0.001, "uv": [0, 72]},
						{"origin": [-0.7, 27.05, -47.15], "size": [2, 1, 29], "inflate": -0.2, "uv": [50, 0]},
						{"origin": [1.35, 25.65, -46.95], "size": [1, 2, 29], "inflate": -0.001, "pivot": [2.35, 25.65, -56.95], "rotation": [0, 0, -42], "uv": [0, 78]},
						{"origin": [-1, 26.1, -46.95], "size": [2, 1.2, 29], "uv": [33, 49]},
						{"origin": [-1.3, 27.05, -47.15], "size": [2, 1, 29], "inflate": -0.201, "uv": [0, 48]},
						{"origin": [2.1, 23.15, -46.95], "size": [1, 2, 11], "inflate": -0.2, "uv": [31, 79]},
						{"origin": [2.1, 23.75, -46.95], "size": [1, 2, 11], "inflate": -0.201, "uv": [0, 78]},
						{"origin": [-3.1, 23.15, -46.95], "size": [1, 2, 11], "inflate": -0.2, "uv": [31, 79], "mirror": true},
						{"origin": [-3.1, 23.75, -46.95], "size": [1, 2, 11], "inflate": -0.201, "uv": [0, 78], "mirror": true},
						{"origin": [2.1, 23.15, -20.775], "size": [1, 2, 3], "inflate": -0.2, "uv": [81, 67]},
						{"origin": [2.1, 23.75, -20.775], "size": [1, 2, 3], "inflate": -0.201, "uv": [80, 55]},
						{"origin": [-3.1, 23.15, -20.775], "size": [1, 2, 3], "inflate": -0.2, "uv": [81, 67], "mirror": true},
						{"origin": [-3.1, 23.75, -20.775], "size": [1, 2, 3], "inflate": -0.201, "uv": [80, 55], "mirror": true},
						{"origin": [-1.3, 21.1, -47.1], "size": [2, 1, 27.9], "inflate": -0.201, "uv": [31, 111]},
						{"origin": [-0.7, 21.1, -47.1], "size": [2, 1, 27.9], "inflate": -0.2, "uv": [0, 109]},
						{"origin": [1.35, 21.15, -46.95], "size": [1, 2, 27.6], "inflate": -0.002, "pivot": [2.35, 23.15, -58.95], "rotation": [0, 0, 45], "uv": [62, 113]},
						{"origin": [-1, 21.75, -46.95], "size": [2, 1, 27.6], "uv": [97, 32]},
						{"origin": [-2.35, 21.15, -46.95], "size": [1, 2, 27.6], "inflate": -0.002, "pivot": [-2.35, 23.15, -58.95], "rotation": [0, 0, -45], "uv": [95, 111]},
						{"origin": [-2.35, 25.65, -46.95], "size": [1, 2, 29], "inflate": -0.001, "pivot": [-2.35, 25.65, -56.95], "rotation": [0, 0, 42], "uv": [66, 50]},
						{"origin": [-1.3, 27.2, -44.75], "size": [1, 1, 2], "inflate": -0.001, "pivot": [-1.3, 27.2, -44.75], "rotation": [17, 0, 0], "uv": [53, 82]},
						{"origin": [-1.3, 27.2, -45.65], "size": [2, 1, 4], "inflate": 0.001, "uv": [33, 62]},
						{"origin": [0.3, 27.2, -45.65], "size": [1, 1, 4], "uv": [66, 54]},
						{"origin": [0.3, 27.2, -44.75], "size": [1, 1, 2], "inflate": -0.001, "pivot": [1.3, 27.2, -44.75], "rotation": [17, 0, 0], "uv": [44, 82]},
						{"origin": [0.5, 27.5, -1.95], "size": [1, 1, 2], "inflate": 0.002, "pivot": [1.5, 27.5, -0.95], "rotation": [17, 0, 0], "uv": [22, 81]},
						{"origin": [-1.5, 27.5, -1.95], "size": [1, 1, 2], "inflate": 0.002, "pivot": [-1.5, 27.5, -0.95], "rotation": [17, 0, 0], "uv": [73, 40]},
						{"origin": [-1, 27.9, -2.05], "size": [2, 1, 1], "inflate": 0.002, "pivot": [1, 27.9, -1.15], "rotation": [-3, 0, 0], "uv": [64, 4]},
						{"origin": [-2.2, 27.3, -1.25], "size": [1, 1, 1], "inflate": -0.102, "pivot": [-2.25, 27.3, -1.25], "rotation": [12, 0, 0], "uv": [57, 8]},
						{"origin": [2.01, 26, -46.95], "size": [1, 2.45, 28], "inflate": -0.4, "pivot": [2.7, 25.4, -45.95], "rotation": [0, 0, -42], "uv": [93, 81]},
						{"origin": [-3.01, 26, -46.95], "size": [1, 2.45, 28], "inflate": -0.4, "pivot": [-2.7, 25.4, -45.95], "rotation": [0, 0, 42], "uv": [93, 81], "mirror": true},
						{"origin": [2.01, 21.325, -46.95], "size": [1, 2.45, 28], "inflate": -0.4, "pivot": [2.7, 23.375, -45.95], "rotation": [0, 0, 45], "uv": [84, 2]},
						{"origin": [-3.01, 21.325, -46.95], "size": [1, 2.45, 28], "inflate": -0.4, "pivot": [-2.7, 23.375, -45.95], "rotation": [0, 0, -45], "uv": [84, 2], "mirror": true}
					]
				},
				{
					"name": "bone",
					"parent": "gun",
					"pivot": [-1.95, 24.2, -19],
					"cubes": [
						{"origin": [-2.05, 24.3, 6], "size": [1, 1, 2], "pivot": [-2.05, 24.3, 6], "rotation": [0, 0, 19], "uv": [87, 24]},
						{"origin": [-2.05, 23.3, 6], "size": [1, 1, 2], "inflate": 0.001, "pivot": [-2.05, 24.3, 6], "rotation": [0, 0, -19], "uv": [86, 67]},
						{"origin": [-2.05, 22.8, 6], "size": [1, 1, 2], "pivot": [-2.05, 24.3, 6], "rotation": [0, 0, -19], "uv": [86, 61]}
					]
				},
				{
					"name": "bone2",
					"parent": "gun",
					"pivot": [0, 26.2, -19],
					"cubes": [
						{"origin": [0.75, 25.67, -18], "size": [1, 1, 23], "inflate": -0.001, "pivot": [0.2, 26.64, -18], "rotation": [0, 0, 29], "uv": [128, 136]},
						{"origin": [0.9, 25.82, 5], "size": [1, 1, 2], "inflate": -0.001, "pivot": [0.35, 26.79, 5], "rotation": [0, 0, 29], "uv": [35, 86]},
						{"origin": [-0.85, 25.54, 5], "size": [1, 1, 2], "inflate": 0.001, "uv": [85, 55]},
						{"origin": [-0.15, 25.54, 5], "size": [1, 1, 2], "uv": [85, 49]},
						{"origin": [-1.9, 25.82, 5], "size": [1, 1, 2], "inflate": -0.001, "pivot": [-0.35, 26.79, 5], "rotation": [0, 0, -29], "uv": [31, 85]},
						{"origin": [-1.75, 25.67, -7], "size": [1, 1, 12], "inflate": -0.001, "pivot": [-0.2, 26.64, -18], "rotation": [0, 0, -29], "uv": [50, 0]},
						{"origin": [-1.75, 25.67, -18], "size": [1, 1, 2], "inflate": -0.001, "pivot": [-0.2, 26.64, -29], "rotation": [0, 0, -29], "uv": [83, 81]},
						{"origin": [-1, 25.38, 7], "size": [1, 1, 1], "inflate": 0.001, "pivot": [0, 26.35, 7], "rotation": [0, 0, -19], "uv": [9, 59]},
						{"origin": [0, 25.38, 7], "size": [1, 1, 1], "pivot": [0, 26.35, 7], "rotation": [0, 0, 19], "uv": [41, 58]},
						{"origin": [-1.6, 25.38, 6], "size": [1, 1, 2], "inflate": -0.001, "pivot": [0, 26.35, 6], "rotation": [0, 0, -19], "uv": [83, 73]},
						{"origin": [0.6, 25.38, 6], "size": [1, 1, 2], "inflate": -0.001, "pivot": [0, 26.35, 6], "rotation": [0, 0, 19], "uv": [83, 26]},
						{"origin": [0, 22.32, 7], "size": [1, 1, 1], "pivot": [0, 22.35, 7], "rotation": [0, 0, -19], "uv": [57, 15]},
						{"origin": [0.6, 22.32, 4], "size": [1, 1, 4], "inflate": -0.001, "pivot": [0, 22.35, 4], "rotation": [0, 0, -19], "uv": [67, 35]},
						{"origin": [-1, 22.32, 7], "size": [1, 1, 1], "inflate": 0.001, "pivot": [0, 22.35, 7], "rotation": [0, 0, 19], "uv": [57, 13]},
						{"origin": [-1.6, 22.32, 4], "size": [1, 1, 4], "inflate": -0.001, "pivot": [0, 22.35, 4], "rotation": [0, 0, 19], "uv": [33, 67]}
					]
				},
				{
					"name": "magazine",
					"parent": "main",
					"pivot": [14.6, 3.75, -10.25],
					"cubes": [
						{"origin": [-1.75, 12.75, -16.25], "size": [3.5, 9, 7], "uv": [23, 21]},
						{"origin": [-1.75, 0.75, -16.25], "size": [3.5, 12, 7], "inflate": 0.001, "pivot": [0.75, 12.75, -9.25], "rotation": [-12, 0, 0], "uv": [0, 0]},
						{"origin": [-0.5, 21, -15.725], "size": [1, 1, 6], "inflate": 0.2, "pivot": [0, 21.5, -15.725], "rotation": [0, 0, 21], "uv": [64, 0]}
					]
				},
				{
					"name": "fastmag",
					"parent": "magazine",
					"pivot": [0, 1.925, -15.15],
					"cubes": [
						{"origin": [-0.25, 2.125, -18.65], "size": [2, 5, 7], "inflate": 0.2, "pivot": [0, 1.925, -15.15], "rotation": [-12, 0, 0], "uv": [93, 81]},
						{"origin": [-1.75, 2.125, -18.65], "size": [2, 5, 7], "inflate": 0.201, "pivot": [0, 1.925, -15.15], "rotation": [-12, 0, 0], "uv": [31, 92]},
						{"origin": [0.74258, -1.10505, -16.65], "size": [1, 3, 3], "inflate": 0.2, "pivot": [0, 1.925, -15.15], "rotation": [-12, 0.97426, 4.9044], "uv": [81, 61]},
						{"origin": [-1.74258, -1.10505, -16.65], "size": [1, 3, 3], "inflate": 0.2, "pivot": [0, 1.925, -15.15], "rotation": [-12, -0.97426, -4.9044], "uv": [80, 49]},
						{"origin": [-1, -1.275, -16.65], "size": [2, 1, 3], "inflate": 0.199, "pivot": [0, 1.925, -15.15], "rotation": [-12, 0, 0], "uv": [9, 36]}
					]
				},
				{
					"name": "bolt",
					"parent": "main",
					"pivot": [-1.5, 25.5, -15],
					"rotation": [0, 0, 13],
					"cubes": [
						{"origin": [-1.47759, 23.67688, -15.5], "size": [1, 2, 9], "pivot": [-0.5, 23.5, -14], "rotation": [0, 0, 15], "uv": [71, 87]}
					]
				},
				{
					"name": "action",
					"parent": "main",
					"pivot": [0, 26, 3],
					"cubes": [
						{"origin": [-1, 26.4, -6.1], "size": [2, 1, 11], "inflate": -0.1, "uv": [66, 61]},
						{"origin": [-2, 26.55, 4.8], "size": [4, 1, 1], "uv": [58, 26]},
						{"origin": [0, 26.55, 4.8], "size": [2, 1, 1], "inflate": -0.001, "pivot": [2, 26.55, 4.8], "rotation": [0, -25, 0], "uv": [55, 57]},
						{"origin": [-2, 26.55, 4.8], "size": [2, 1, 1], "inflate": -0.001, "pivot": [-2, 26.55, 4.8], "rotation": [0, 24, 0], "uv": [55, 52]}
					]
				},
				{
					"name": "rightarm",
					"parent": "main",
					"pivot": [-4.3, 8.8, 21.8],
					"rotation": [-101.81106, -12.40003, -2.46982],
					"cubes": [
						{"origin": [-8.3, -15.2, 17.8], "size": [8, 24, 8], "uv": [32, 139]}
					]
				},
				{
					"name": "leftarm",
					"parent": "main",
					"pivot": [10.7, 11.3, -8.6],
					"rotation": [-119.61483, 1.67666, -38.31282],
					"cubes": [
						{"origin": [6.7, -12.7, -12.6], "size": [8, 24, 8], "uv": [0, 137]}
					]
				},
				{
					"name": "scope",
					"parent": "main",
					"pivot": [-0.025, 31.375, -2.45],
					"cubes": [
						{"origin": [-0.525, 30.875, -2.95], "size": [1, 1, 1], "inflate": -0.4, "uv": [57, 6]}
					]
				},
				{
					"name": "muzzleflash",
					"parent": "main",
					"pivot": [0, 24.35, -76.25],
					"cubes": [
						{"origin": [-0.5, 23.85, -69.05], "size": [1, 1, 1], "inflate": -0.4, "uv": [57, 2]}
					]
				},
				{
					"name": "stock",
					"parent": "main",
					"pivot": [-2.77, 23.5, 16.15],
					"cubes": [
						{"origin": [0, 24.25, 13.15], "size": [2, 2, 19], "pivot": [0, 26.25, 13.15], "rotation": [0, 0, 22], "uv": [64, 143]},
						{"origin": [-2, 24.25, 13.15], "size": [2, 2, 19], "inflate": -0.001, "pivot": [0, 26.25, 13.15], "rotation": [0, 0, -22], "uv": [142, 0]},
						{"origin": [1.85, 23.5, 13.15], "size": [2, 2, 19], "inflate": 0.001, "pivot": [1.85, 25.5, 13.15], "rotation": [0, 0, 85], "uv": [99, 141]},
						{"origin": [-3.85, 23.5, 13.15], "size": [2, 2, 19], "inflate": 0.001, "pivot": [-1.85, 25.5, 13.15], "rotation": [0, 0, -85], "uv": [0, 21]},
						{"origin": [-1, 23.2, 31.65], "size": [2, 3, 1], "pivot": [1, 23.5, 32.65], "rotation": [-7, 0, 0], "uv": [23, 66]},
						{"origin": [-0.5, 21.5, 15.4], "size": [1, 2, 15], "inflate": -0.001, "pivot": [0.5, 21.5, 15.4], "rotation": [-37, 0, 0], "uv": [91, 162]},
						{"origin": [-1, 21, 13.2], "size": [2, 2, 3], "uv": [64, 20]},
						{"origin": [-3.02, 21.5, 13.15], "size": [1, 2, 19], "pivot": [-2.02, 23.5, 13.15], "rotation": [0, 0, -94], "uv": [153, 109]},
						{"origin": [2.02, 21.5, 13.15], "size": [1, 2, 19], "pivot": [2.02, 23.5, 13.15], "rotation": [0, 0, 94], "uv": [153, 21]},
						{"origin": [-1, 21, 16.2], "size": [2, 2, 5], "inflate": 0.001, "pivot": [1, 23, 16.2], "rotation": [-37, 0, 0], "uv": [47, 62]},
						{"origin": [-0.5, 12.5, 27.4], "size": [1, 2, 3], "uv": [69, 67]},
						{"origin": [-0.5, 12.5, 28.4], "size": [1, 11, 2], "inflate": -0.001, "pivot": [0.5, 12.5, 30.4], "rotation": [-10, 0, 0], "uv": [50, 30]},
						{"origin": [-0.5, 21.75, 16.4], "size": [1, 1, 14], "uv": [66, 31]},
						{"origin": [-0.5, 21.75, 24.4], "size": [1, 2, 7], "inflate": 0.001, "pivot": [0.5, 21.75, 24.4], "rotation": [-20, 0, 0], "uv": [96, 20]},
						{"origin": [-0.5, 21, 15.4], "size": [1, 3, 5], "inflate": -0.002, "pivot": [0.5, 19, 15.4], "rotation": [-12, 0, 0], "uv": [34, 0]},
						{"origin": [0.77, 22.5, 16.15], "size": [2, 1, 16], "inflate": -0.001, "uv": [125, 160]},
						{"origin": [0.77, 22.5, 16.15], "size": [2, 1, 16], "inflate": -0.002, "pivot": [2.77, 23.5, 16.15], "rotation": [0, 0, 53], "uv": [153, 136]},
						{"origin": [-2.5, 22, 31.65], "size": [5, 2, 1], "inflate": 0.001, "pivot": [2.5, 23.5, 32.65], "rotation": [-7, 0, 0], "uv": [0, 36]},
						{"origin": [0.8, 23.9, 31.65], "size": [2, 2, 1], "inflate": 0.001, "pivot": [2.5, 23.5, 32.65], "rotation": [-5.8212, -3.32094, -33.58263], "uv": [13, 81]},
						{"origin": [0.75, 14, 31.65], "size": [2, 8, 1], "inflate": -0.001, "pivot": [2.45, 23.5, 32.65], "rotation": [-6.91466, 1.09239, 8.934], "uv": [66, 61]},
						{"origin": [-1.5, 12.2, 31.65], "size": [3, 11, 1], "pivot": [1, 23.5, 32.65], "rotation": [-7, 0, 0], "uv": [33, 48]},
						{"origin": [-1, 20.5, 28.15], "size": [2, 2, 2], "inflate": 0.001, "pivot": [1, 20.5, 28.15], "rotation": [-36, 0, 0], "uv": [53, 69]},
						{"origin": [0.8, 24.55, 31.65], "size": [2, 2, 1], "pivot": [2.5, 23.5, 32.65], "rotation": [-5.8212, -3.32094, -33.58263], "uv": [53, 79]},
						{"origin": [-2.8, 24.55, 31.65], "size": [2, 2, 1], "pivot": [-2.5, 23.5, 32.65], "rotation": [-5.8212, 3.32094, 33.58263], "uv": [44, 79]},
						{"origin": [-2.8, 23.9, 31.65], "size": [2, 2, 1], "inflate": 0.001, "pivot": [-2.5, 23.5, 32.65], "rotation": [-5.8212, 3.32094, 33.58263], "uv": [36, 79]},
						{"origin": [-2.75, 14, 31.65], "size": [2, 8, 1], "inflate": -0.001, "pivot": [-2.45, 23.5, 32.65], "rotation": [-6.91466, -1.09239, -8.934], "uv": [56, 30]},
						{"origin": [-2.77, 22.5, 16.15], "size": [2, 1, 16], "inflate": -0.001, "uv": [97, 60]},
						{"origin": [-2.77, 22.5, 16.15], "size": [2, 1, 16], "inflate": -0.002, "pivot": [-2.77, 23.5, 16.15], "rotation": [0, 0, -53], "uv": [80, 32]}
					]
				},
				{
					"name": "foregrip",
					"parent": "main",
					"pivot": [0, -11, 3],
					"cubes": [
						{"origin": [-1.1, 11.5, -30.5], "size": [2.2, 9.75, 3.45], "inflate": 0.001, "uv": [0, 48]},
						{"origin": [-1.1, 11.5, -30.975], "size": [2.2, 2.75, 1], "pivot": [1.1, 14.25, -30.975], "rotation": [5.5, 0, 0], "uv": [22, 78]},
						{"origin": [-1.1, 14.25, -30.975], "size": [2.2, 6, 1], "inflate": -0.001, "pivot": [1.1, 14.25, -30.975], "rotation": [-5.5, 0, 0], "uv": [13, 0]},
						{"origin": [-1.1, 11.5, -27.575], "size": [2.2, 2.75, 1], "pivot": [1.1, 14.25, -26.575], "rotation": [-5.5, 0, 0], "uv": [13, 78]},
						{"origin": [-1.1, 14.25, -27.575], "size": [2.2, 6, 1], "inflate": -0.001, "pivot": [1.1, 14.25, -26.575], "rotation": [5.5, 0, 0], "uv": [0, 0]},
						{"origin": [-1.1, 19.075, -26.75], "size": [2.2, 2, 1], "pivot": [1.1, 21.075, -25.75], "rotation": [-53.5, 0, 0], "uv": [72, 73]},
						{"origin": [-1.1, 19.075, -31.75], "size": [2.2, 2, 1], "pivot": [1.1, 21.075, -31.75], "rotation": [53.5, 0, 0], "uv": [73, 35]},
						{"origin": [-1.35, 21.1, -31.85], "size": [2.7, 1, 6.2], "uv": [10, 109]}
					]
				},
				{
					"name": "PEQ",
					"parent": "main",
					"pivot": [1.175, 29.125, -26.45],
					"rotation": [0, 0, 90],
					"cubes": [
						{"origin": [0.55, 26.6, -25.95], "size": [1.75, 1.75, 7.75], "uv": [104, 86]},
						{"origin": [0.55, 28.35, -19.2], "size": [1.75, 1, 1], "inflate": -0.001, "pivot": [1.55, 28.35, -18.2], "rotation": [52.75, 0, 0], "uv": [57, 0]},
						{"origin": [0.55, 28.35, -25.95], "size": [1.75, 1, 7], "uv": [75, 99]},
						{"origin": [1.275, 25.875, -25.95], "size": [1.525, 4.2, 7], "inflate": 0.001, "uv": [13, 78]},
						{"origin": [0.55, 25.6, -26.2], "size": [1, 1, 8], "inflate": -0.001, "pivot": [0.55, 26.6, -25.95], "rotation": [0, 0, -44.75], "uv": [100, 39]},
						{"origin": [0.55, 29.35, -25.95], "size": [1, 1, 7], "inflate": -0.001, "pivot": [0.55, 29.35, -25.95], "rotation": [0, 0, 44.75], "uv": [97, 68]},
						{"origin": [1.175, 29.125, -26.45], "size": [1, 1, 8], "inflate": -0.001, "pivot": [1.175, 29.125, -26.45], "rotation": [0, 0, 35.5], "uv": [94, 11]}
					]
				},
				{
					"name": "rearsight",
					"parent": "main",
					"pivot": [0, 28.55, -2],
					"rotation": [-90, 0, 0],
					"cubes": [
						{"origin": [-1, 29.1, -2.55], "size": [2, 3, 1], "inflate": -0.1, "uv": [64, 0]}
					]
				},
				{
					"name": "frontsight2",
					"parent": "main",
					"pivot": [0, 28.35, -56.5],
					"cubes": [
						{"origin": [-1, 27.75, -46.25], "size": [2, 5, 1], "inflate": -0.1, "pivot": [0, 28.05, -45.25], "rotation": [-90, 0, 0], "uv": [15, 48]}
					]
				},
				{
					"name": "reddot",
					"parent": "main",
					"pivot": [-2.125, 30.95, -17.6],
					"cubes": [
						{"origin": [-2.325, 30.75, -17.8], "size": [3.4, 1, 7.9], "inflate": -0.3, "pivot": [-2.125, 30.95, -17.6], "rotation": [0, 0, 32], "uv": [62, 98]},
						{"origin": [-2.325, 33.15, -17.8], "size": [3.4, 1, 7.9], "inflate": -0.3, "pivot": [-2.125, 30.95, -17.6], "rotation": [0, 0, 32], "uv": [97, 49]},
						{"origin": [-2.325, 31.15, -17.8], "size": [1, 2.6, 7.9], "inflate": -0.3, "pivot": [-2.125, 30.95, -17.6], "rotation": [0, 0, 32], "uv": [95, 0]},
						{"origin": [0.075, 31.15, -17.8], "size": [1, 2.6, 7.9], "inflate": -0.3, "pivot": [-2.125, 30.95, -17.6], "rotation": [0, 0, 32], "uv": [44, 79]},
						{"origin": [-2.575, 30.55, -17.3], "size": [1, 3.8, 6.4], "inflate": -0.3, "pivot": [-2.125, 30.95, -17.6], "rotation": [0, 0, 32], "uv": [47, 48]},
						{"origin": [0.325, 30.55, -17.3], "size": [1, 3.8, 6.4], "inflate": -0.3, "pivot": [-2.125, 30.95, -17.6], "rotation": [0, 0, 32], "uv": [15, 48]},
						{"origin": [-2.175, 33.35, -17.3], "size": [3.1, 1, 6.4], "inflate": -0.3, "pivot": [-2.125, 30.95, -17.6], "rotation": [0, 0, 32], "uv": [114, 7]},
						{"origin": [-2.175, 30.55, -17.3], "size": [3.1, 1, 6.4], "inflate": -0.3, "pivot": [-2.125, 30.95, -17.6], "rotation": [0, 0, 32], "uv": [114, 0]},
						{"origin": [-2.85, 31.05, -16.75], "size": [1.6, 3, 3], "inflate": -0.199, "pivot": [-1.9, 31.45, -17.05], "rotation": [-29.25, 0, 0], "uv": [31, 79]},
						{"origin": [-2.1, 33.15, -16.85], "size": [1.3, 1, 3.1], "inflate": -0.3, "pivot": [-1.9, 31.45, -17.05], "rotation": [-29.25, 0, 0], "uv": [37, 42]},
						{"origin": [-1.8, 33.05, -16.85], "size": [1.3, 1.1, 1.5], "inflate": -0.301, "pivot": [-1.9, 31.45, -17.05], "rotation": [-29.25, 0, 0], "uv": [41, 56]},
						{"origin": [-2.1, 32.25, -16.85], "size": [1.3, 1.5, 1.1], "inflate": -0.3, "pivot": [-1.9, 31.45, -17.05], "rotation": [-29.25, 0, 0], "uv": [50, 16]},
						{"origin": [-2.125, 30.95, -15.85], "size": [1.3, 1, 2.2], "inflate": -0.3, "pivot": [-1.925, 31.45, -17.05], "rotation": [-29.25, 0, 0], "uv": [73, 30]},
						{"origin": [-2.125, 31.35, -14.65], "size": [1.3, 1, 1], "inflate": -0.3, "pivot": [-1.925, 31.45, -17.05], "rotation": [-29.25, 0, 0], "uv": [50, 9]},
						{"origin": [-1.3, 27.125, -17.05], "size": [2.6, 1.25, 6], "inflate": 0.001, "uv": [104, 94]},
						{"origin": [0.3, 28.225, -16.75], "size": [1, 2.15, 2], "inflate": -0.1, "uv": [56, 62]},
						{"origin": [0.2, 28.225, -15], "size": [1, 1.95, 2], "inflate": -0.1, "uv": [23, 58]},
						{"origin": [0.3, 28.225, -13.25], "size": [1, 2.15, 2], "inflate": -0.1, "uv": [56, 39]},
						{"origin": [-1.4, 29.325, -16.75], "size": [1, 1.25, 2], "inflate": -0.1, "uv": [7, 48]},
						{"origin": [-1.4, 28.225, -13.25], "size": [1, 2.35, 2], "inflate": -0.1, "uv": [55, 48]},
						{"origin": [-2.75, 31, -13.5], "size": [1.6, 2, 2], "inflate": -0.3, "pivot": [-1.8, 31.4, -13.8], "rotation": [-29.25, 0, 0], "uv": [13, 21]},
						{"origin": [-0.575, 32.95, -12.3], "size": [1.1, 1, 1], "uv": [50, 3]},
						{"origin": [-0.575, 32.95, -14.05], "size": [1.1, 1, 1], "inflate": 0.001, "uv": [28, 42]},
						{"origin": [-0.775, 33.15, -15.55], "size": [1.5, 1, 1.7], "inflate": -0.2, "pivot": [0.525, 33.95, -14.05], "rotation": [26, 0, 0], "uv": [18, 42]},
						{"origin": [-0.325, 32.8, -12.8], "size": [1, 1.35, 1], "inflate": -0.1, "pivot": [0.675, 33.15, -12.8], "rotation": [0, -34, 0], "uv": [8, 42]},
						{"origin": [-0.775, 32.75, -14.95], "size": [1.5, 1, 1.1], "inflate": -0.201, "uv": [41, 3]},
						{"origin": [-0.9, 28.225, -16.85], "size": [1, 1.85, 5.7], "inflate": -0.1, "uv": [50, 13]},
						{"origin": [-0.1, 28.225, -16.85], "size": [1, 1.6, 5.7], "inflate": -0.1, "uv": [50, 6]},
						{"origin": [-2.325, 29.775, -18.25], "size": [1, 3, 3], "inflate": -0.3, "pivot": [-2.125, 30.95, -17.6], "rotation": [-23.75, -53.5, 32], "uv": [24, 0]}
					]
				},
				{
					"name": "gunlight",
					"parent": "main",
					"pivot": [2.1, 21, -37.45],
					"rotation": [0, 0, -90],
					"cubes": [
						{"origin": [1.77888, 18.92239, -52.35], "size": [2, 2, 13], "inflate": -0.1, "pivot": [1.95, 20.6, -51.35], "rotation": [0, 0, -45], "uv": [50, 30]},
						{"origin": [4.5, 19.3, -43.35], "size": [2, 1, 7], "inflate": -0.1, "pivot": [5.5, 19.8, -39.85], "rotation": [0, 0, -180], "uv": [62, 112]},
						{"origin": [2.11574, 19.45992, -36.95591], "size": [3, 1, 1], "inflate": -0.1, "pivot": [3.61574, 19.95992, -36.45591], "rotation": [0, 16, -164], "uv": [24, 6]},
						{"origin": [2.54388, 20.16583, -41.43472], "size": [1, 1, 5], "inflate": -0.1, "pivot": [3.04388, 20.66583, -38.93472], "rotation": [11.52642, 7.54039, -167.51578], "uv": [50, 0]}
					]
				},
				{
					"name": "pistolgrip",
					"parent": "main",
					"pivot": [1, 16.5, 4],
					"cubes": [
						{"origin": [-1.75, 14, -1], "size": [3.5, 4, 5], "uv": [12, 66]},
						{"origin": [-1.75, 13.5, -1], "size": [3.5, 1, 5], "inflate": 0.001, "uv": [72, 81]},
						{"origin": [-2, 3.5, -1], "size": [4, 10, 5], "pivot": [1, 13.5, -1], "rotation": [35, 0, 0], "uv": [0, 21]},
						{"origin": [-2, 13.5, -1], "size": [4, 4, 4], "inflate": -0.002, "pivot": [2, 13.5, -1], "rotation": [-14, 0, 0], "uv": [97, 60]},
						{"origin": [-2, 4.9, 3.4], "size": [4, 1, 6], "inflate": 0.001, "pivot": [1, 5.9, 3.3], "rotation": [9, 0, 0], "uv": [100, 32]},
						{"origin": [-2, 5.9, 5.4], "size": [4, 1, 4], "inflate": -0.002, "pivot": [1, 5.9, 3.3], "rotation": [9, 0, 0], "uv": [24, 15]},
						{"origin": [-2, 14.5, 4], "size": [4, 2, 11], "inflate": -0.001, "pivot": [1, 16.5, 4], "rotation": [-53, 0, 0], "uv": [91, 112]},
						{"origin": [-2, 14.5, 14.8], "size": [4, 2, 1], "inflate": -0.002, "pivot": [1, 16.5, 4], "rotation": [-53, 0, 0], "uv": [23, 37]}
					]
				}
			]
		}
	]
}