{
	"format_version": "1.12.0",
	"minecraft:geometry": [
		{
			"description": {
				"identifier": "geometry.unknown",
				"texture_width": 256,
				"texture_height": 256,
				"visible_bounds_width": 11,
				"visible_bounds_height": 5.5,
				"visible_bounds_offset": [0, 2.25, 0]
			},
			"bones": [
				{
					"name": "main",
					"pivot": [0, 20, 0],
					"cubes": [
						{"origin": [-1.75, 22.95, -68.55], "size": [4, 4, 21], "inflate": -0.4, "pivot": [1.25, 23.95, -75.55], "rotation": [0, 0, -20], "uv": [130, 63]}
					]
				},
				{
					"name": "gun",
					"parent": "main",
					"pivot": [1, 11, -1],
					"cubes": [
						{"origin": [-1.25, 14, -1], "size": [3, 4, 5], "uv": [110, 63]},
						{"origin": [-1.75, 14, -1], "size": [1, 4, 5], "inflate": -0.001, "uv": [33, 48]},
						{"origin": [-1.25, 13.5, -1], "size": [3, 1, 5], "inflate": 0.001, "uv": [44, 110]},
						{"origin": [-1.75, 13.5, -1], "size": [1, 1, 5], "inflate": -0.002, "uv": [114, 0]},
						{"origin": [-2, 3.5, -1], "size": [4, 10, 5], "pivot": [1, 13.5, -1], "rotation": [35, 0, 0], "uv": [99, 45]},
						{"origin": [-2, 13.5, -1], "size": [4, 4, 4], "inflate": -0.002, "pivot": [2, 13.5, -1], "rotation": [-14, 0, 0], "uv": [112, 42]},
						{"origin": [-2, 4.9, 3.4], "size": [4, 1, 6], "pivot": [1, 5.9, 3.3], "rotation": [9, 0, 0], "uv": [42, 79]},
						{"origin": [-2, 5.9, 5.4], "size": [4, 1, 4], "inflate": -0.002, "pivot": [1, 5.9, 3.3], "rotation": [9, 0, 0], "uv": [74, 110]},
						{"origin": [-2, 14.5, 4], "size": [4, 2, 11], "inflate": -0.001, "pivot": [1, 16.5, 4], "rotation": [-53, 0, 0], "uv": [80, 32]},
						{"origin": [-2, 14.5, 14.8], "size": [4, 2, 1], "inflate": -0.002, "pivot": [1, 16.5, 4], "rotation": [-53, 0, 0], "uv": [50, 21]},
						{"origin": [-1.35, 13.9, -2.1], "size": [3, 5, 2], "inflate": -0.1, "uv": [36, 0]},
						{"origin": [-0.5, 15.05, -5.55], "size": [1, 4, 1], "inflate": -0.1, "pivot": [0, 15.05, -4.55], "rotation": [-21, 0, 0], "uv": [33, 48]},
						{"origin": [-1.35, 13.9, -9.1], "size": [3, 5, 1], "inflate": -0.1, "uv": [64, 94]},
						{"origin": [-1.35, 13.9, -2.6], "size": [3, 1, 1], "inflate": -0.11, "uv": [66, 41]},
						{"origin": [-1.35, 13.9, -8.1], "size": [3, 1, 6], "inflate": -0.2, "uv": [62, 110]},
						{"origin": [-1.35, 13.9, -8.6], "size": [3, 1, 1], "inflate": -0.11, "uv": [66, 26]},
						{"origin": [-1.35, 18, -9], "size": [3, 5, 13], "uv": [168, 0]},
						{"origin": [-1.35, 18, 4], "size": [3, 2, 2], "inflate": -0.001, "pivot": [0.65, 18, 4], "rotation": [53, 0, 0], "uv": [0, 42]},
						{"origin": [-1.65, 18, 4], "size": [1, 2, 2], "inflate": -0.002, "pivot": [-0.65, 18, 4], "rotation": [53, 0, 0], "uv": [42, 79]},
						{"origin": [-1.35, 20, 4], "size": [3, 3, 3], "uv": [113, 32]},
						{"origin": [-1.35, 17, 6], "size": [3, 3, 1], "inflate": -0.002, "pivot": [1.65, 20, 7], "rotation": [-74, 0, 0], "uv": [82, 73]},
						{"origin": [-1.65, 17, 6], "size": [1, 3, 1], "inflate": -0.003, "pivot": [-1.65, 20, 7], "rotation": [-74, 0, 0], "uv": [30, 0]},
						{"origin": [-1.65, 20, 4], "size": [1, 3, 3], "inflate": 0.001, "uv": [0, 89]},
						{"origin": [1.05, 19.1, -0.4], "size": [1, 2, 2], "inflate": -0.2, "pivot": [1.05, 19.1, -0.4], "rotation": [24, 0, 0], "uv": [33, 79]},
						{"origin": [1.05, 18.3, -0.3], "size": [1, 2, 1], "inflate": -0.1, "uv": [47, 62]},
						{"origin": [-1.55, 23, -6], "size": [1, 1, 10], "uv": [83, 15]},
						{"origin": [0.55, 23, -7], "size": [1, 1, 12], "uv": [66, 48]},
						{"origin": [-2.4, 24.2, -16.5], "size": [1, 3, 1], "pivot": [-2.4, 24.2, -16.5], "rotation": [0, 0, 25], "uv": [24, 21]},
						{"origin": [-2.3, 22.6, -17.75], "size": [1, 1, 12], "pivot": [-2.3, 23.6, -16.75], "rotation": [0, 0, -19], "uv": [33, 62]},
						{"origin": [-2.5, 22.2, -16.5], "size": [1, 2, 1], "inflate": 0.001, "pivot": [-2.6, 23.6, -16.5], "rotation": [0, 0, -19], "uv": [59, 30]},
						{"origin": [-2.5, 22.2, -7.5], "size": [1, 2, 1], "inflate": 0.001, "pivot": [-2.6, 23.6, -7.45], "rotation": [0, 0, -19], "uv": [57, 13]},
						{"origin": [-2.4, 26.2, -15.6], "size": [1, 1, 9], "inflate": -0.001, "pivot": [-2.4, 24.2, -16.5], "rotation": [0, 0, 25], "uv": [99, 63]},
						{"origin": [-2.3, 25.9, -15.6], "size": [1, 1, 9], "inflate": -0.001, "pivot": [-2.4, 24.2, -16.5], "rotation": [0, 0, 25], "uv": [75, 97]},
						{"origin": [-2.4, 24.2, -7.5], "size": [1, 3, 1], "pivot": [-2.4, 24.2, -7.5], "rotation": [0, 0, 25], "uv": [24, 0]},
						{"origin": [-2.4, 24.2, -7.4], "size": [2, 2, 3], "pivot": [-2.4, 24.2, -6.4], "rotation": [0, -33, 25], "uv": [114, 21]},
						{"origin": [-2.4, 23.3, -2.95], "size": [3, 2, 8], "inflate": -0.2, "pivot": [-2.4, 23.3, -1.95], "rotation": [1.38249, -12.46915, 7.06579], "uv": [99, 32]},
						{"origin": [-2.4, 23.3, 3.85], "size": [2, 2, 3], "inflate": -0.4, "pivot": [-2.4, 23.3, -1.95], "rotation": [1.38249, -12.46915, 7.06579], "uv": [114, 16]},
						{"origin": [-2.4, 23.3, 5.85], "size": [2, 2, 1], "inflate": -0.3, "pivot": [-2.4, 23.3, -1.95], "rotation": [1.38249, -12.46915, 7.06579], "uv": [95, 26]},
						{"origin": [0.95, 23.95, -18], "size": [1, 2, 23], "pivot": [1.95, 23.95, -18], "rotation": [0, 0, -11], "uv": [0, 139]},
						{"origin": [-0.05, 23.95, -18], "size": [2, 1, 23], "pivot": [1.95, 23.95, -18], "rotation": [0, 0, -61.5], "uv": [130, 94]},
						{"origin": [1.1, 24.1, 5], "size": [1, 2, 2], "pivot": [2.1, 24.1, 5], "rotation": [0, 0, -11], "uv": [23, 78]},
						{"origin": [-0.9, 24.1, 5], "size": [3, 1, 2], "inflate": -0.001, "pivot": [2.1, 24.1, 5], "rotation": [0, 0, -77.5], "uv": [50, 8]},
						{"origin": [-2.1, 24.1, 5], "size": [1, 2, 2], "pivot": [-2.1, 24.1, 5], "rotation": [0, 0, 11], "uv": [72, 0]},
						{"origin": [-2.1, 24.1, 5], "size": [3, 1, 2], "inflate": -0.001, "pivot": [-2.1, 24.1, 5], "rotation": [0, 0, 77.5], "uv": [30, 42]},
						{"origin": [-0.9, 24.1, 5], "size": [3, 1, 2], "inflate": -0.002, "pivot": [2.1, 24.1, 5], "rotation": [0, -55, -77.5], "uv": [20, 42]},
						{"origin": [-2.1, 24.1, 5], "size": [3, 1, 2], "inflate": -0.002, "pivot": [-2.1, 24.1, 5], "rotation": [0, 55, 77.5], "uv": [10, 42]},
						{"origin": [-1.95, 23.95, -7], "size": [1, 2, 12], "pivot": [-1.95, 23.95, -18], "rotation": [0, 0, 11], "uv": [33, 48]},
						{"origin": [-1.95, 23.95, -7], "size": [1, 1, 12], "pivot": [-1.95, 23.95, -18], "rotation": [0, 0, 61.5], "uv": [50, 13]},
						{"origin": [-1.95, 23.95, -18], "size": [1, 2, 2], "pivot": [-1.95, 23.95, -29], "rotation": [0, 0, 11], "uv": [55, 69]},
						{"origin": [-2.05, 24.9, 6], "size": [1, 1, 2], "inflate": -0.002, "pivot": [-2.05, 24.3, 6], "rotation": [0, 0, 19], "uv": [95, 20]},
						{"origin": [1.05, 24.9, 6], "size": [1, 1, 2], "inflate": -0.002, "pivot": [2.05, 24.3, 6], "rotation": [0, 0, -19], "uv": [20, 95]},
						{"origin": [1.05, 24.3, 6], "size": [1, 1, 2], "pivot": [2.05, 24.3, 6], "rotation": [0, 0, -19], "uv": [95, 17]},
						{"origin": [1.05, 23.3, 6], "size": [1, 1, 2], "inflate": 0.001, "pivot": [2.05, 24.3, 6], "rotation": [0, 0, 19], "uv": [87, 94]},
						{"origin": [1.05, 22.8, 6], "size": [1, 1, 2], "pivot": [2.05, 24.3, 4], "rotation": [0, 0, 19], "uv": [81, 94]},
						{"origin": [-1.65, 18, -9], "size": [1, 5, 13], "inflate": 0.001, "uv": [0, 48]},
						{"origin": [0.85, 16, -16.75], "size": [1, 7, 8], "uv": [0, 89]},
						{"origin": [0.85, 21.5, -18], "size": [1, 1, 2], "inflate": -0.001, "uv": [75, 94]},
						{"origin": [-2, 21.7, -17.8], "size": [4, 1, 1], "pivot": [-1.95, 21.7, -17.8], "rotation": [-26, 0, 0], "uv": [33, 57]},
						{"origin": [0.85, 21.5, -18], "size": [1, 1, 2], "inflate": -0.002, "pivot": [0.9, 21.5, -18], "rotation": [-22, 0, 0], "uv": [93, 3]},
						{"origin": [0.85, 21.5, -18], "size": [1, 1, 2], "inflate": -0.002, "pivot": [0.9, 22.5, -18], "rotation": [14, 0, 0], "uv": [93, 0]},
						{"origin": [-1.85, 21.5, -18], "size": [3, 1, 2], "inflate": -0.003, "pivot": [-0.9, 22.5, -18], "rotation": [14, 0, 0], "uv": [36, 7]},
						{"origin": [-1.85, 21.5, -18], "size": [3, 1, 2], "inflate": -0.003, "pivot": [-0.9, 21.5, -18], "rotation": [-22, 0, 0], "uv": [24, 28]},
						{"origin": [-1.85, 21.5, -18], "size": [3, 1, 2], "inflate": -0.002, "uv": [24, 7]},
						{"origin": [1, 21, -11.75], "size": [1, 2, 2], "inflate": 0.001, "uv": [23, 66]},
						{"origin": [1, 20, -11.75], "size": [1, 1, 1], "inflate": 0.001, "uv": [57, 16]},
						{"origin": [1, 15, -11.75], "size": [1, 5, 2], "inflate": 0.001, "uv": [0, 21]},
						{"origin": [0.95, 20, -11.25], "size": [1, 1, 4], "inflate": 0.001, "uv": [114, 11]},
						{"origin": [1.1, 22, -8.5], "size": [1, 2, 1], "pivot": [2.1, 22, -8.5], "rotation": [0, 0, 6], "uv": [57, 0]},
						{"origin": [0.85, 22.9, -11.75], "size": [1, 1, 2], "uv": [89, 67]},
						{"origin": [0.85, 14.15, -9.75], "size": [1, 2, 1], "inflate": -0.001, "uv": [50, 30]},
						{"origin": [0.85, 15.65, -13.75], "size": [1, 2, 4], "inflate": -0.002, "pivot": [0.9, 15.65, -13.75], "rotation": [-17.5, 0, 0], "uv": [0, 66]},
						{"origin": [-1.85, 15.65, -13.75], "size": [1, 2, 4], "inflate": -0.002, "pivot": [-0.9, 15.65, -13.75], "rotation": [-17.5, 0, 0], "uv": [36, 21]},
						{"origin": [-1.85, 14.15, -9.75], "size": [1, 2, 1], "inflate": -0.001, "uv": [50, 13]},
						{"origin": [0.75, 23, -16.75], "size": [1, 1, 10], "inflate": 0.001, "uv": [66, 30]},
						{"origin": [-2.75, 20.6, -15.63], "size": [1, 3, 9], "inflate": -0.2, "pivot": [-2.75, 22.6, -15.6], "rotation": [0, 0, 17], "uv": [64, 94]},
						{"origin": [-2.75, 20.9, -11.7], "size": [1, 2, 1], "inflate": -0.1, "pivot": [-2.75, 22.9, -11.7], "rotation": [0, 0, 17], "uv": [50, 0]},
						{"origin": [0.85, 19, -8.75], "size": [1, 4, 2], "uv": [24, 34]},
						{"origin": [0.85, 19, -9.75], "size": [1, 1, 3], "inflate": -0.001, "pivot": [1.9, 19, -6.75], "rotation": [25, 0, 0], "uv": [74, 73]},
						{"origin": [-1.85, 19, -8.75], "size": [1, 4, 2], "uv": [24, 13]},
						{"origin": [-2.1, 17.2, -10.25], "size": [1, 5, 1], "uv": [64, 0]},
						{"origin": [-2.1, 18.2, -9.9], "size": [1, 1, 3], "inflate": -0.001, "uv": [66, 73]},
						{"origin": [-2.4, 19.25, -8.5], "size": [1, 2, 1], "inflate": -0.001, "pivot": [-2.45, 21.25, -7.5], "rotation": [0, 0, -9], "uv": [40, 48]},
						{"origin": [-1.85, 16, -16.75], "size": [1, 7, 8], "uv": [83, 0]},
						{"origin": [-1, 16, -16.75], "size": [2, 8, 0], "inflate": 0.002, "uv": [41, 62]},
						{"origin": [1.1, 16, -17], "size": [1, 1, 8], "pivot": [2.15, 16, -18], "rotation": [-13, 0, 0], "uv": [109, 97]},
						{"origin": [-2.1, 16, -17], "size": [1, 1, 8], "pivot": [-2.15, 16, -18], "rotation": [-13, 0, 0], "uv": [109, 81]},
						{"origin": [-1.5, 16, -17], "size": [3, 1, 1], "inflate": 0.001, "pivot": [0.35, 16, -18], "rotation": [-13, 0, 0], "uv": [59, 27]},
						{"origin": [-2.1, 16, -9.4], "size": [3, 1, 1], "inflate": 0.001, "pivot": [0.35, 16, -18], "rotation": [-13, 0, 0], "uv": [53, 57]},
						{"origin": [0.1, 16, -9.4], "size": [2, 1, 1], "inflate": 0.002, "pivot": [-0.35, 16, -18], "rotation": [-13, 0, 0], "uv": [47, 52]},
						{"origin": [-0.7, 27.05, -18.15], "size": [2, 1, 20], "inflate": -0.2, "uv": [25, 141]},
						{"origin": [-0.7, 27.15, -6.65], "size": [2, 1, 8], "uv": [95, 108]},
						{"origin": [0.3, 27.15, -0.45], "size": [1, 1, 2], "inflate": -0.001, "pivot": [1.3, 27.15, -0.45], "rotation": [13, 0, 0], "uv": [89, 26]},
						{"origin": [-1.3, 27.15, -0.45], "size": [2, 1, 2], "inflate": -0.002, "pivot": [-1.3, 27.15, -0.45], "rotation": [13, 0, 0], "uv": [47, 57]},
						{"origin": [-0.5, 28.15, -4.7], "size": [1, 1, 6], "inflate": -0.002, "uv": [64, 0]},
						{"origin": [-0.5, 28.45, -3.9], "size": [1, 2, 5], "inflate": -0.003, "pivot": [-1.45, 29.45, -3.9], "rotation": [-15, 0, 0], "uv": [66, 48]},
						{"origin": [-1.3, 27.15, -4.45], "size": [1, 1, 3], "inflate": -0.002, "pivot": [-1.3, 28.15, -1.45], "rotation": [-20, 0, 0], "uv": [0, 72]},
						{"origin": [0.3, 27.15, -4.45], "size": [1, 1, 3], "inflate": -0.002, "pivot": [1.3, 28.15, -1.45], "rotation": [-20, 0, 0], "uv": [37, 42]},
						{"origin": [0.3, 28.15, -6.65], "size": [1, 2, 2], "inflate": -0.002, "pivot": [1.3, 28.15, -6.65], "rotation": [-17.5, 0, 0], "uv": [56, 62]},
						{"origin": [0.5, 28.05, -3.85], "size": [1, 2, 1], "inflate": -0.1, "pivot": [1.4, 28.15, -3.75], "rotation": [-17.5, 0, 0], "uv": [42, 42]},
						{"origin": [0.5, 29.8, -3.85], "size": [1, 1, 5], "inflate": -0.1, "pivot": [1.4, 28.15, -3.75], "rotation": [-17.5, 0, 0], "uv": [81, 85]},
						{"origin": [-1.5, 29.8, -3.85], "size": [1, 1, 5], "inflate": -0.1, "pivot": [-1.4, 28.15, -3.75], "rotation": [-17.5, 0, 0], "uv": [81, 79]},
						{"origin": [-1.5, 28.05, -3.85], "size": [1, 2, 1], "inflate": -0.1, "pivot": [-1.4, 28.15, -3.75], "rotation": [-17.5, 0, 0], "uv": [42, 21]},
						{"origin": [0.4, 28.55, -5.9], "size": [1, 1, 1], "inflate": -0.002, "pivot": [1.4, 28.55, -5.9], "rotation": [-17.5, 0, 0], "uv": [57, 3]},
						{"origin": [-1.4, 28.55, -5.9], "size": [1, 1, 1], "inflate": -0.002, "pivot": [-1.4, 28.55, -5.9], "rotation": [-17.5, 0, 0], "uv": [55, 52]},
						{"origin": [0.3, 27.45, -5.15], "size": [1, 2, 1], "inflate": -0.001, "uv": [16, 37]},
						{"origin": [-1.3, 27.45, -5.15], "size": [1, 2, 1], "inflate": -0.001, "uv": [36, 21]},
						{"origin": [-1.3, 28.15, -6.65], "size": [1, 2, 2], "inflate": -0.002, "pivot": [-1.3, 28.15, -6.65], "rotation": [-17.5, 0, 0], "uv": [58, 37]},
						{"origin": [-1.3, 27.15, -6.65], "size": [1, 1, 8], "inflate": 0.001, "uv": [109, 52]},
						{"origin": [-0.8, 27.05, 1.45], "size": [2, 1, 4], "inflate": -0.2, "uv": [81, 67]},
						{"origin": [-1.2, 27.05, 1.45], "size": [1, 1, 4], "inflate": -0.201, "uv": [114, 6]},
						{"origin": [-1.3, 27.05, -18.15], "size": [2, 1, 20], "inflate": -0.201, "uv": [0, 21]},
						{"origin": [-0.7, 23.65, 8], "size": [2, 2, 5], "inflate": 0.2, "pivot": [-0.7, 25.65, 8], "rotation": [0, 0, 16], "uv": [47, 62]},
						{"origin": [-1, 26.25, -18], "size": [2, 1, 20], "inflate": -0.001, "uv": [0, 0]},
						{"origin": [0.1, 25.9, -18], "size": [1, 1, 20], "inflate": -0.002, "uv": [28, 162]},
						{"origin": [0.1, 25.9, 2], "size": [1, 1, 1], "inflate": -0.005, "pivot": [1.1, 26.9, 2], "rotation": [-24, 0, 0], "uv": [40, 51]},
						{"origin": [-1.1, 25.9, 2], "size": [2, 1, 1], "inflate": -0.004, "pivot": [-1.1, 26.9, 2], "rotation": [-24, 0, 0], "uv": [23, 52]},
						{"origin": [0.1, 25.55, 1.5], "size": [1, 1, 4], "inflate": -0.003, "uv": [51, 91]},
						{"origin": [-1.1, 25.55, 2], "size": [2, 1, 3], "inflate": -0.001, "uv": [9, 37]},
						{"origin": [0.7, 24.55, -14.75], "size": [1, 2, 3], "inflate": -0.002, "uv": [71, 19]},
						{"origin": [-1.1, 25.9, -18], "size": [1, 1, 20], "inflate": -0.002, "uv": [161, 21]},
						{"origin": [-1, 23.5, -54.05], "size": [2, 2, 46], "inflate": -0.1, "pivot": [0, 24.5, -54.05], "rotation": [0, 0, -20], "uv": [0, 0]},
						{"origin": [-3.55, 27.2, -46.25], "size": [2, 2, 13], "inflate": -0.1, "pivot": [-3.55, 27.2, -44.25], "rotation": [0, 0, 50], "uv": [64, 79]},
						{"origin": [-1, 27.5, -36.25], "size": [2, 1, 7], "inflate": -0.1, "uv": [93, 0]},
						{"origin": [-3, 27.1, -30.25], "size": [3, 1, 1], "inflate": -0.1, "pivot": [-3, 27.1, -30.25], "rotation": [0, -16, -16], "uv": [21, 57]},
						{"origin": [-3.4, 26.8, -34.35], "size": [1, 1, 5], "inflate": -0.1, "pivot": [-3.4, 26.8, -30.35], "rotation": [6.6987, -14.99065, -13.36423], "uv": [81, 61]},
						{"origin": [-1.3, 27.15, -45.75], "size": [1, 1, 2], "inflate": -0.001, "pivot": [-1.3, 27.15, -45.75], "rotation": [17, 0, 0], "uv": [21, 89]},
						{"origin": [-1.3, 27.15, -46.65], "size": [2, 1, 4], "inflate": 0.001, "uv": [47, 69]},
						{"origin": [0.3, 27.15, -46.65], "size": [1, 1, 4], "uv": [49, 86]},
						{"origin": [0.3, 27.15, -45.75], "size": [1, 1, 2], "inflate": -0.001, "pivot": [1.3, 27.15, -45.75], "rotation": [17, 0, 0], "uv": [88, 85]},
						{"origin": [1.35, 23.8, -46.95], "size": [1, 2, 29], "uv": [126, 127]},
						{"origin": [1.35, 23.3, -46.95], "size": [1, 1, 29], "inflate": -0.001, "uv": [130, 30]},
						{"origin": [-0.7, 27.05, -46.75], "size": [2, 1, 29], "inflate": -0.2, "uv": [66, 78]},
						{"origin": [1.35, 25.8, -46.95], "size": [1, 2, 29], "inflate": -0.001, "pivot": [2.35, 25.8, -52.95], "rotation": [0, 0, -42], "uv": [95, 125]},
						{"origin": [-1, 26.25, -46.95], "size": [2, 1, 29], "uv": [0, 78]},
						{"origin": [-1.3, 27.05, -46.75], "size": [2, 1, 29], "inflate": -0.201, "uv": [66, 48]},
						{"origin": [2.1, 23.2, -46.95], "size": [1, 2, 29], "inflate": -0.2, "uv": [31, 110]},
						{"origin": [2.1, 23.8, -46.95], "size": [1, 2, 29], "inflate": -0.201, "uv": [64, 108]},
						{"origin": [-3.1, 23.8, -46.95], "size": [1, 2, 29], "inflate": -0.201, "uv": [0, 108]},
						{"origin": [-3.1, 23.2, -46.95], "size": [1, 2, 29], "inflate": -0.2, "uv": [99, 94]},
						{"origin": [-1.3, 21.25, -46.95], "size": [2, 1, 29], "inflate": -0.201, "uv": [50, 0]},
						{"origin": [-0.7, 21.25, -46.95], "size": [2, 1, 29], "inflate": -0.2, "uv": [33, 49]},
						{"origin": [1.35, 21.3, -46.95], "size": [1, 2, 29], "inflate": -0.002, "pivot": [2.35, 23.3, -54.95], "rotation": [0, 0, 45], "uv": [99, 63]},
						{"origin": [-1, 21.9, -46.95], "size": [2, 1, 29], "uv": [0, 48]},
						{"origin": [-2.35, 21.3, -46.95], "size": [1, 2, 29], "inflate": -0.002, "pivot": [-2.35, 23.3, -54.95], "rotation": [0, 0, -45], "uv": [99, 32]},
						{"origin": [-2.35, 23.3, -46.95], "size": [1, 1, 29], "inflate": -0.001, "uv": [114, 0]},
						{"origin": [-2.35, 23.8, -46.95], "size": [1, 2, 29], "uv": [83, 1]},
						{"origin": [-2.35, 25.8, -46.95], "size": [1, 2, 29], "inflate": -0.001, "pivot": [-2.35, 25.8, -52.95], "rotation": [0, 0, 42], "uv": [33, 79]}
					]
				},
				{
					"name": "bone",
					"parent": "gun",
					"pivot": [-1.95, 24.2, -19],
					"cubes": [
						{"origin": [-2.05, 24.3, 6], "size": [1, 1, 2], "pivot": [-2.05, 24.3, 6], "rotation": [0, 0, 19], "uv": [88, 79]},
						{"origin": [-2.05, 23.3, 6], "size": [1, 1, 2], "inflate": 0.001, "pivot": [-2.05, 24.3, 6], "rotation": [0, 0, -19], "uv": [70, 88]},
						{"origin": [-2.05, 22.8, 6], "size": [1, 1, 2], "pivot": [-2.05, 24.3, 6], "rotation": [0, 0, -19], "uv": [88, 61]}
					]
				},
				{
					"name": "bone2",
					"parent": "gun",
					"pivot": [0, 26.2, -19],
					"cubes": [
						{"origin": [0.75, 25.67, -18], "size": [1, 1, 23], "inflate": -0.001, "pivot": [0.2, 26.64, -18], "rotation": [0, 0, 29], "uv": [68, 139]},
						{"origin": [0.9, 25.82, 5], "size": [1, 1, 2], "inflate": -0.001, "pivot": [0.35, 26.79, 5], "rotation": [0, 0, 29], "uv": [87, 54]},
						{"origin": [-0.85, 25.54, 5], "size": [1, 1, 2], "inflate": 0.001, "uv": [87, 48]},
						{"origin": [-0.15, 25.54, 5], "size": [1, 1, 2], "uv": [55, 86]},
						{"origin": [-1.9, 25.82, 5], "size": [1, 1, 2], "inflate": -0.001, "pivot": [-0.35, 26.79, 5], "rotation": [0, 0, -29], "uv": [70, 85]},
						{"origin": [-1.75, 25.67, -7], "size": [1, 1, 12], "inflate": -0.001, "pivot": [-0.2, 26.64, -18], "rotation": [0, 0, -29], "uv": [50, 0]},
						{"origin": [-1.75, 25.67, -18], "size": [1, 1, 2], "inflate": -0.001, "pivot": [-0.2, 26.64, -29], "rotation": [0, 0, -29], "uv": [85, 32]},
						{"origin": [-1, 25.38, 7], "size": [1, 1, 1], "inflate": 0.001, "pivot": [0, 26.35, 7], "rotation": [0, 0, -19], "uv": [50, 33]},
						{"origin": [0, 25.38, 7], "size": [1, 1, 1], "pivot": [0, 26.35, 7], "rotation": [0, 0, 19], "uv": [50, 16]},
						{"origin": [-1.6, 25.38, 6], "size": [1, 1, 2], "inflate": -0.001, "pivot": [0, 26.35, 6], "rotation": [0, 0, -19], "uv": [4, 85]},
						{"origin": [0.6, 25.38, 6], "size": [1, 1, 2], "inflate": -0.001, "pivot": [0, 26.35, 6], "rotation": [0, 0, 19], "uv": [22, 84]},
						{"origin": [0, 22.32, 7], "size": [1, 1, 1], "pivot": [0, 22.35, 7], "rotation": [0, 0, -19], "uv": [50, 3]},
						{"origin": [0.6, 22.32, 4], "size": [1, 1, 4], "inflate": -0.001, "pivot": [0, 22.35, 4], "rotation": [0, 0, -19], "uv": [83, 20]},
						{"origin": [-1, 22.32, 7], "size": [1, 1, 1], "inflate": 0.001, "pivot": [0, 22.35, 7], "rotation": [0, 0, 19], "uv": [28, 42]},
						{"origin": [-1.6, 22.32, 4], "size": [1, 1, 4], "inflate": -0.001, "pivot": [0, 22.35, 4], "rotation": [0, 0, 19], "uv": [83, 15]}
					]
				},
				{
					"name": "bone3",
					"parent": "gun",
					"pivot": [0, 22.3, -18]
				},
				{
					"name": "frontsight",
					"parent": "gun",
					"pivot": [0, 28.35, -56.5],
					"cubes": [
						{"origin": [-1, 27.7, -47.25], "size": [2, 5, 1], "inflate": -0.1, "pivot": [0, 28, -46.25], "rotation": [-90, 0, 0], "uv": [13, 21]}
					]
				},
				{
					"name": "magazine",
					"parent": "main",
					"pivot": [0.5, 3.75, -10.25],
					"cubes": [
						{"origin": [-1.25, 12.75, -16.25], "size": [3, 9, 7], "uv": [0, 21]},
						{"origin": [-1.25, 0.75, -16.25], "size": [3, 12, 7], "inflate": 0.001, "pivot": [0.75, 12.75, -9.25], "rotation": [-12, 0, 0], "uv": [0, 0]},
						{"origin": [-1.75, 0.75, -16.25], "size": [1, 12, 7], "inflate": 0.002, "pivot": [-0.75, 12.75, -9.25], "rotation": [-12, 0, 0], "uv": [33, 79]},
						{"origin": [-1.75, 12.75, -16.25], "size": [1, 9, 7], "inflate": 0.001, "uv": [42, 91]}
					]
				},
				{
					"name": "bullet",
					"parent": "magazine",
					"pivot": [0.5, 1.175, -11.225],
					"cubes": [
						{"origin": [-0.5, 20.925, -15.725], "size": [1, 1, 6], "inflate": 0.2, "pivot": [0, 21.425, -15.725], "rotation": [0, 0, 21], "uv": [50, 37]}
					]
				},
				{
					"name": "bolt",
					"parent": "main",
					"pivot": [-1.5, 25.5, -15],
					"rotation": [0, 0, 13],
					"cubes": [
						{"origin": [-1.47759, 23.67688, -15.5], "size": [1, 2, 9], "pivot": [-0.5, 23.5, -14], "rotation": [0, 0, 15], "uv": [9, 95]}
					]
				},
				{
					"name": "action",
					"parent": "main",
					"pivot": [0, 26, 3],
					"cubes": [
						{"origin": [-1, 26.4, -6.1], "size": [2, 1, 11], "inflate": -0.1, "uv": [66, 61]},
						{"origin": [-2, 26.55, 4.8], "size": [4, 1, 1], "uv": [50, 26]},
						{"origin": [0, 26.55, 4.8], "size": [2, 1, 1], "inflate": -0.001, "pivot": [2, 26.55, 4.8], "rotation": [0, -25, 0], "uv": [15, 52]},
						{"origin": [-2, 26.55, 4.8], "size": [2, 1, 1], "inflate": -0.001, "pivot": [-2, 26.55, 4.8], "rotation": [0, 24, 0], "uv": [50, 41]}
					]
				},
				{
					"name": "rightarm",
					"parent": "main",
					"pivot": [-4.3, 8.8, 21.8],
					"rotation": [-101.81106, -12.40003, -2.46982],
					"cubes": [
						{"origin": [-8.3, -15.2, 17.8], "size": [8, 24, 8], "uv": [108, 158]}
					]
				},
				{
					"name": "leftarm",
					"parent": "main",
					"pivot": [10.7, 11.3, -8.6],
					"rotation": [-119.61483, 1.67666, -38.31282],
					"cubes": [
						{"origin": [6.7, -12.7, -12.6], "size": [8, 24, 8], "uv": [157, 118]}
					]
				},
				{
					"name": "scope",
					"parent": "main",
					"pivot": [0, 32.55, 1.75],
					"cubes": [
						{"origin": [-0.5, 32.05, -4.55], "size": [1, 1, 1], "inflate": -0.4, "uv": [18, 42]}
					]
				},
				{
					"name": "muzzleflash",
					"parent": "main",
					"pivot": [0, 24.35, -76.25],
					"cubes": [
						{"origin": [-0.5, 23.85, -68.95], "size": [1, 1, 1], "inflate": -0.4, "uv": [8, 42]}
					]
				},
				{
					"name": "stock",
					"parent": "main",
					"pivot": [-2.77, 23.5, 16.15],
					"cubes": [
						{"origin": [0, 24.25, 13.15], "size": [2, 2, 19], "pivot": [0, 26.25, 13.15], "rotation": [0, 0, 22], "uv": [159, 60]},
						{"origin": [-2, 24.25, 13.15], "size": [2, 2, 19], "inflate": -0.001, "pivot": [0, 26.25, 13.15], "rotation": [0, 0, -22], "uv": [140, 158]},
						{"origin": [1.85, 23.5, 13.15], "size": [2, 2, 19], "inflate": 0.001, "pivot": [1.85, 25.5, 13.15], "rotation": [0, 0, 85], "uv": [157, 88]},
						{"origin": [-3.85, 23.5, 13.15], "size": [2, 2, 19], "inflate": 0.001, "pivot": [-1.85, 25.5, 13.15], "rotation": [0, 0, -85], "uv": [145, 0]},
						{"origin": [-1, 23.2, 31.65], "size": [2, 3, 1], "pivot": [1, 23.5, 32.65], "rotation": [-7, 0, 0], "uv": [55, 48]},
						{"origin": [-0.5, 21.5, 15.4], "size": [1, 2, 15], "inflate": -0.001, "pivot": [0.5, 21.5, 15.4], "rotation": [-37, 0, 0], "uv": [174, 135]},
						{"origin": [-1, 21, 13.2], "size": [2, 2, 3], "uv": [66, 35]},
						{"origin": [-3.02, 21.5, 13.15], "size": [1, 2, 19], "pivot": [-2.02, 23.5, 13.15], "rotation": [0, 0, -94], "uv": [0, 164]},
						{"origin": [2.02, 21.5, 13.15], "size": [1, 2, 19], "pivot": [2.02, 23.5, 13.15], "rotation": [0, 0, 94], "uv": [163, 160]},
						{"origin": [-1, 21, 16.2], "size": [2, 2, 5], "inflate": 0.001, "pivot": [1, 23, 16.2], "rotation": [-37, 0, 0], "uv": [50, 30]},
						{"origin": [-0.5, 12.5, 27.4], "size": [1, 2, 3], "uv": [69, 67]},
						{"origin": [-0.5, 12.5, 28.4], "size": [1, 11, 2], "inflate": -0.001, "pivot": [0.5, 12.5, 30.4], "rotation": [-10, 0, 0], "uv": [64, 79]},
						{"origin": [-0.5, 21.75, 16.4], "size": [1, 1, 14], "uv": [50, 30]},
						{"origin": [-0.5, 21.75, 24.4], "size": [1, 2, 7], "inflate": 0.001, "pivot": [0.5, 21.75, 24.4], "rotation": [-20, 0, 0], "uv": [95, 8]},
						{"origin": [-0.5, 21, 15.4], "size": [1, 3, 5], "inflate": -0.002, "pivot": [0.5, 19, 15.4], "rotation": [-12, 0, 0], "uv": [16, 66]},
						{"origin": [0.77, 22.5, 16.15], "size": [2, 1, 16], "inflate": -0.001, "uv": [70, 164]},
						{"origin": [0.77, 22.5, 16.15], "size": [2, 1, 16], "inflate": -0.002, "pivot": [2.77, 23.5, 16.15], "rotation": [0, 0, 53], "uv": [50, 163]},
						{"origin": [-2.5, 22, 31.65], "size": [5, 2, 1], "inflate": 0.001, "pivot": [2.5, 23.5, 32.65], "rotation": [-7, 0, 0], "uv": [0, 37]},
						{"origin": [0.8, 23.9, 31.65], "size": [2, 2, 1], "inflate": 0.001, "pivot": [2.5, 23.5, 32.65], "rotation": [-5.8212, -3.32094, -33.58263], "uv": [16, 84]},
						{"origin": [0.75, 14, 31.65], "size": [2, 8, 1], "inflate": -0.001, "pivot": [2.45, 23.5, 32.65], "rotation": [-6.91466, 1.09239, 8.934], "uv": [0, 78]},
						{"origin": [-1.5, 12.2, 31.65], "size": [3, 11, 1], "pivot": [1, 23.5, 32.65], "rotation": [-7, 0, 0], "uv": [33, 62]},
						{"origin": [-1, 20.5, 28.15], "size": [2, 2, 2], "inflate": 0.001, "pivot": [1, 20.5, 28.15], "rotation": [-36, 0, 0], "uv": [15, 57]},
						{"origin": [0.8, 24.55, 31.65], "size": [2, 2, 1], "pivot": [2.5, 23.5, 32.65], "rotation": [-5.8212, -3.32094, -33.58263], "uv": [33, 83]},
						{"origin": [-2.8, 24.55, 31.65], "size": [2, 2, 1], "pivot": [-2.5, 23.5, 32.65], "rotation": [-5.8212, 3.32094, 33.58263], "uv": [83, 26]},
						{"origin": [-2.8, 23.9, 31.65], "size": [2, 2, 1], "inflate": 0.001, "pivot": [-2.5, 23.5, 32.65], "rotation": [-5.8212, 3.32094, 33.58263], "uv": [70, 82]},
						{"origin": [-2.75, 14, 31.65], "size": [2, 8, 1], "inflate": -0.001, "pivot": [-2.45, 23.5, 32.65], "rotation": [-6.91466, -1.09239, -8.934], "uv": [66, 61]},
						{"origin": [-2.77, 22.5, 16.15], "size": [2, 1, 16], "inflate": -0.001, "uv": [161, 42]},
						{"origin": [-2.77, 22.5, 16.15], "size": [2, 1, 16], "inflate": -0.002, "pivot": [-2.77, 23.5, 16.15], "rotation": [0, 0, -53], "uv": [49, 141]}
					]
				},
				{
					"name": "grip",
					"parent": "main",
					"pivot": [0, 0, 0],
					"cubes": [
						{"origin": [-1.1, 11.5, -30.5], "size": [2.2, 9.75, 3.45], "inflate": 0.001, "uv": [0, 48]},
						{"origin": [-1.1, 11.5, -30.975], "size": [2.2, 2.75, 1], "pivot": [1.1, 14.25, -30.975], "rotation": [5.5, 0, 0], "uv": [56, 82]},
						{"origin": [-1.1, 14.25, -30.975], "size": [2.2, 6, 1], "inflate": -0.001, "pivot": [1.1, 14.25, -30.975], "rotation": [-5.5, 0, 0], "uv": [13, 0]},
						{"origin": [-1.1, 11.5, -27.575], "size": [2.2, 2.75, 1], "pivot": [1.1, 14.25, -26.575], "rotation": [-5.5, 0, 0], "uv": [70, 79]},
						{"origin": [-1.1, 14.25, -27.575], "size": [2.2, 6, 1], "inflate": -0.001, "pivot": [1.1, 14.25, -26.575], "rotation": [5.5, 0, 0], "uv": [0, 0]},
						{"origin": [-1.1, 19.075, -26.75], "size": [2.2, 2, 1], "pivot": [1.1, 21.075, -25.75], "rotation": [-53.5, 0, 0], "uv": [56, 79]},
						{"origin": [-1.1, 19.075, -31.75], "size": [2.2, 2, 1], "pivot": [1.1, 21.075, -31.75], "rotation": [53.5, 0, 0], "uv": [71, 73]},
						{"origin": [-1.35, 21.1, -31.85], "size": [2.7, 1, 6.2], "uv": [13, 108]}
					]
				},
				{
					"name": "exps",
					"parent": "main",
					"pivot": [0, -8, -8],
					"cubes": [
						{"origin": [1.7, 30.75, -19.9], "size": [1, 3, 5], "inflate": -0.2, "uv": [50, 13]},
						{"origin": [1.7, 30.75, -21.9], "size": [1, 3, 3], "inflate": -0.201, "pivot": [2.5, 30.95, -21.7], "rotation": [-37, 0, 0], "uv": [83, 0]},
						{"origin": [-1.85, 33.6, -19.9], "size": [3.7, 1, 5], "inflate": -0.2, "uv": [10, 89]},
						{"origin": [1.7, 33.35, -19.9], "size": [1, 1.6, 5], "inflate": -0.201, "pivot": [2.5, 33.55, -17.9], "rotation": [0, 0, -45], "uv": [80, 54]},
						{"origin": [1.7, 31.25, -15.9], "size": [1, 2, 2], "inflate": -0.202, "pivot": [2.5, 31.45, -14.1], "rotation": [43, 0, 0], "uv": [50, 37]},
						{"origin": [-1.5, 28.95, -22], "size": [3, 1, 7], "inflate": 0.201, "uv": [31, 110]},
						{"origin": [-2.2, 27.85, -25.6], "size": [4.85, 3, 3], "pivot": [2.4, 30.85, -22.6], "rotation": [16.25, 0, 0], "uv": [64, 13]},
						{"origin": [1.05, 27.85, -22.6], "size": [1.6, 2.725, 1], "pivot": [2.65, 30.85, -22.6], "rotation": [19.53178, -33.17687, -10.98586], "uv": [30, 21]},
						{"origin": [-3.15, 27.85, -25.6], "size": [1.3, 3, 3], "inflate": -0.3, "pivot": [-1.85, 30.85, -22.6], "rotation": [16.25, 0, 0], "uv": [38, 34]},
						{"origin": [-1.7, 27.9, -22.4], "size": [3.9, 2.75, 7.4], "inflate": 0.202, "uv": [0, 108]},
						{"origin": [-1.3, 28.275, -12.35], "size": [1, 1, 4.4], "inflate": 0.199, "uv": [66, 30]},
						{"origin": [2.05, 28.15, -21.9], "size": [1, 3, 8], "inflate": -0.199, "uv": [99, 94]},
						{"origin": [1.7, 33.35, -21.9], "size": [1, 1, 2], "inflate": -0.201, "pivot": [2.5, 30.95, -21.7], "rotation": [-37, 0, 0], "uv": [72, 41]},
						{"origin": [-2.7, 27.15, -17.9], "size": [1, 3, 4], "inflate": -0.2, "uv": [24, 21]},
						{"origin": [2.05, 27.15, -17.9], "size": [1, 3, 4], "inflate": -0.2, "uv": [24, 0]},
						{"origin": [2.05, 27.15, -17.9], "size": [1, 2, 2], "inflate": -0.201, "pivot": [2.85, 27.35, -17.7], "rotation": [35, 0, 0], "uv": [47, 48]},
						{"origin": [-2.7, 27.15, -17.9], "size": [1, 2, 2], "inflate": -0.201, "pivot": [-2.5, 27.35, -17.7], "rotation": [35, 0, 0], "uv": [23, 48]},
						{"origin": [-2.7, 28.15, -21.9], "size": [1, 3, 8], "inflate": -0.199, "uv": [99, 78]},
						{"origin": [-2.7, 31.25, -15.9], "size": [1, 2, 2], "inflate": -0.202, "pivot": [-2.5, 31.45, -14.1], "rotation": [43, 0, 0], "uv": [15, 48]},
						{"origin": [-2.7, 30.75, -19.9], "size": [1, 3, 5], "inflate": -0.2, "uv": [50, 0]},
						{"origin": [-2.7, 33.35, -21.9], "size": [1, 1, 2], "inflate": -0.201, "pivot": [-2.5, 30.95, -21.7], "rotation": [-37, 0, 0], "uv": [72, 26]},
						{"origin": [-2.7, 30.75, -21.9], "size": [1, 3, 3], "inflate": -0.201, "pivot": [-2.5, 30.95, -21.7], "rotation": [-37, 0, 0], "uv": [38, 13]},
						{"origin": [-2.7, 33.35, -19.9], "size": [1, 1.6, 5], "inflate": -0.201, "pivot": [-2.5, 33.55, -17.9], "rotation": [0, 0, 45], "uv": [80, 48]},
						{"origin": [1.25, 27.35, -21.625], "size": [2, 1, 3.25], "inflate": -0.101, "pivot": [3.25, 27.35, -18.375], "rotation": [0, 11, 0], "uv": [36, 27]},
						{"origin": [1.55, 27.125, -11.8], "size": [1, 1.5, 5.25], "inflate": -0.101, "pivot": [2.55, 27.125, -7.55], "rotation": [0, 8.25, 0], "uv": [78, 32]},
						{"origin": [-1.5, 27.45, -22], "size": [3, 1, 7], "uv": [107, 108]},
						{"origin": [-1.5, 26.95, -12.65], "size": [3, 1.5, 4.925], "uv": [64, 7]},
						{"origin": [2.05, 30.75, -21.5], "size": [1, 1.1, 7.6], "inflate": -0.201, "pivot": [2.85, 30.95, -20.5], "rotation": [0, 0, -35.75], "uv": [95, 17]},
						{"origin": [-2.7, 30.65, -15.9], "size": [1, 1, 2], "inflate": -0.201, "uv": [7, 48]}
					]
				},
				{
					"name": "optic",
					"parent": "exps",
					"pivot": [30.3, 24.7, -8],
					"rotation": [0, 0, -90],
					"cubes": [
						{"origin": [33.21329, 64.07952, -12.85], "size": [3.1, 1, 10.4], "inflate": -0.3, "pivot": [28.175, 58.5, -13.15], "rotation": [0, 0, 32], "uv": [0, 78]},
						{"origin": [35.71329, 61.27952, -12.85], "size": [1, 3.8, 10.4], "inflate": -0.299, "pivot": [28.175, 58.5, -13.15], "rotation": [0, 0, 32], "uv": [24, 21]},
						{"origin": [32.81329, 61.27952, -12.85], "size": [1, 3.8, 10.4], "inflate": -0.299, "pivot": [28.175, 58.5, -13.15], "rotation": [0, 0, 32], "uv": [24, 0]},
						{"origin": [33.21329, 61.27952, -12.85], "size": [3.1, 1, 10.4], "inflate": -0.299, "pivot": [28.175, 58.5, -13.15], "rotation": [0, 0, 32], "uv": [0, 66]},
						{"origin": [32.46329, 60.92952, -9.85], "size": [4.6, 1, 6.4], "inflate": -0.301, "pivot": [28.175, 58.5, -11.15], "rotation": [0, 0, 32], "uv": [24, 34]},
						{"origin": [32.46329, 61.27952, -9.85], "size": [1, 3.8, 6.4], "inflate": -0.3, "pivot": [28.175, 58.5, -11.15], "rotation": [0, 0, 32], "uv": [47, 48]},
						{"origin": [36.06329, 61.27952, -9.85], "size": [1, 3.8, 6.4], "inflate": -0.3, "pivot": [28.175, 58.5, -11.15], "rotation": [0, 0, 32], "uv": [15, 48]},
						{"origin": [32.46329, 64.42952, -9.85], "size": [4.6, 1, 6.4], "inflate": -0.3, "pivot": [28.175, 58.5, -11.15], "rotation": [0, 0, 32], "uv": [24, 13]},
						{"origin": [35.2, 56.1, -12.35], "size": [2.2, 1, 4.4], "inflate": 0.202, "uv": [66, 55]},
						{"origin": [36.8, 56.35, -12.75], "size": [1, 1.7, 5.2], "inflate": -0.2, "uv": [16, 78]},
						{"origin": [34.8, 56.35, -12.75], "size": [1, 1.7, 5.2], "inflate": -0.2, "uv": [64, 19]}
					]
				}
			]
		}
	]
}