{
	"format_version": "1.12.0",
	"minecraft:geometry": [
		{
			"description": {
				"identifier": "geometry.unknown",
				"texture_width": 256,
				"texture_height": 256,
				"visible_bounds_width": 23,
				"visible_bounds_height": 5,
				"visible_bounds_offset": [0, 1.5, 0]
			},
			"bones": [
				{
					"name": "main",
					"pivot": [0, 20, 0]
				},
				{
					"name": "gun",
					"parent": "main",
					"pivot": [1, 11, -1],
					"cubes": [
						{"origin": [-2, 14.5, -1], "size": [4, 3.5, 5], "inflate": -0.001, "uv": [121, 65]},
						{"origin": [-2.1, 18, -1], "size": [4.2, 1, 7], "uv": [50, 38]},
						{"origin": [-1.35, 18, 5.75], "size": [2.7, 1.5, 4.15], "inflate": -0.001, "pivot": [1.35, 18, 5.75], "rotation": [41.5, 0, 0], "uv": [78, 117]},
						{"origin": [1.1, 18.5, -0.05], "size": [1, 1.5, 6.05], "inflate": -0.001, "pivot": [2.1, 18.5, -0.75], "rotation": [0, 0, 17.75], "uv": [125, 123]},
						{"origin": [0.85, 21, 0.3], "size": [1.75, 2.25, 5.7], "inflate": -0.001, "pivot": [2.6, 20.75, 0], "rotation": [0, 0, -24], "uv": [115, 110]},
						{"origin": [-2.6, 21, 0.3], "size": [1.25, 2.25, 5.7], "inflate": -0.001, "pivot": [-2.6, 20.75, 0], "rotation": [0, 0, 24], "uv": [23, 115]},
						{"origin": [-1.6, 22.025, -1], "size": [3.2, 1, 7], "uv": [63, 48]},
						{"origin": [-1.85, 18.325, 0], "size": [3.7, 4, 4], "pivot": [-1.35, 23.325, 0], "rotation": [-11.25, 0, 0], "uv": [82, 74]},
						{"origin": [-1.85, 19.325, 2], "size": [3.7, 2, 4], "inflate": -0.002, "uv": [0, 120]},
						{"origin": [-2.1, 18.5, -0.05], "size": [1, 1.5, 6.05], "inflate": -0.001, "pivot": [-2.1, 18.5, -0.75], "rotation": [0, 0, -17.75], "uv": [103, 55]},
						{"origin": [-2.2, 18.15, -14], "size": [4.2, 5, 13], "inflate": -0.001, "uv": [82, 55]},
						{"origin": [-2.215, 19.9, -25], "size": [4.225, 1, 11], "inflate": -0.001, "uv": [39, 108]},
						{"origin": [-2.2, 14.65, -5.95], "size": [4.2, 1, 3.25], "inflate": -0.2, "pivot": [2.2, 14.85, -5.75], "rotation": [19, 0, 0], "uv": [121, 31]},
						{"origin": [-2.2, 14.65, -8.8], "size": [4.2, 1, 3.25], "inflate": -0.201, "pivot": [2.2, 14.85, -5.75], "rotation": [-19, 0, 0], "uv": [59, 120]},
						{"origin": [-2.2, 15.6, -11.5], "size": [4.2, 1, 3.25], "inflate": -0.2, "pivot": [2.2, 15.8, -8.45], "rotation": [-78.5, 0, 0], "uv": [107, 31]},
						{"origin": [-1.25, 16.075, -8.55], "size": [2.5, 1, 3.25], "inflate": -0.2, "pivot": [1.45, 16.275, -5.5], "rotation": [-104.75, 0, 0], "uv": [128, 5]},
						{"origin": [-0.75, 16.3, -12.875], "size": [1.5, 1.75, 3.25], "inflate": -0.2, "pivot": [0.95, 16.5, -9.825], "rotation": [-78.75, 0, 0], "uv": [109, 46]},
						{"origin": [-1.25, 16.85, -17.2], "size": [2.5, 1, 3.25], "inflate": -0.2, "pivot": [1.45, 17.05, -14.15], "rotation": [-93, 0, 0], "uv": [30, 127]},
						{"origin": [-2.2, 15.6, -3.25], "size": [4.2, 1, 3.25], "inflate": -0.201, "pivot": [2.2, 15.8, -3.05], "rotation": [78.5, 0, 0], "uv": [55, 103]},
						{"origin": [1.375, 21.6, -14], "size": [1, 1.5, 13], "inflate": -0.001, "uv": [0, 106]},
						{"origin": [1.375, 18.15, -13], "size": [1, 1.5, 12], "inflate": -0.001, "uv": [121, 52]},
						{"origin": [1.375, 21.6, -20], "size": [1, 1, 6], "inflate": -0.001, "uv": [39, 100]},
						{"origin": [1.375, 20.6, -20], "size": [1, 2, 1], "pivot": [2.375, 22.6, -20], "rotation": [-42.5, 0, 0], "uv": [24, 10]},
						{"origin": [1.375, 19.125, -21.35], "size": [1, 2, 1], "inflate": -0.001, "uv": [18, 19]},
						{"origin": [-2.2, 18.25, -1], "size": [4.2, 4.9, 1], "inflate": -0.002, "pivot": [2.2, 23.15, -1], "rotation": [-12.25, 0, 0], "uv": [128, 0]},
						{"origin": [0.975, 21.7, -1], "size": [1.4, 1.4, 1], "inflate": -0.002, "pivot": [2.375, 23.1, -1], "rotation": [-12.25, 0, 0], "uv": [81, 28]},
						{"origin": [-2.25, 18.15, -0.25], "size": [4.5, 4.9, 1], "inflate": -0.2, "pivot": [2.05, 22.85, -0.05], "rotation": [-12.25, 0, 0], "uv": [10, 127]},
						{"origin": [1.25, 22.15, -0.25], "size": [1, 1.9, 1], "inflate": -0.201, "pivot": [2.05, 22.85, -0.05], "rotation": [-10.51554, 6.31947, 30.66787], "uv": [81, 26]},
						{"origin": [-2.35, 23.3, -0.25], "size": [3.075, 1, 1], "inflate": -0.2, "pivot": [-2.05, 22.85, -0.05], "rotation": [-11.63467, -3.86036, -18.10655], "uv": [50, 29]},
						{"origin": [-0.725, 23.3, -0.25], "size": [3.075, 1, 1], "inflate": -0.199, "pivot": [2.05, 22.85, -0.05], "rotation": [-11.63467, 3.86036, 18.10655], "uv": [38, 39]},
						{"origin": [-0.225, 22.175, -0.25], "size": [2.075, 1, 1], "inflate": -0.2, "pivot": [2.05, 22.85, -0.05], "rotation": [-11.63467, 3.86036, 18.10655], "uv": [39, 104]},
						{"origin": [-1.85, 22.175, -0.25], "size": [2.075, 1, 1], "inflate": -0.2, "pivot": [-2.05, 22.85, -0.05], "rotation": [-11.63467, -3.86036, -18.10655], "uv": [100, 103]},
						{"origin": [-0.475, 22.6, -0.25], "size": [1, 2.3, 1], "inflate": -0.201, "pivot": [-0.275, 22.85, -0.05], "rotation": [-12.24989, -0.05304, -0.24431], "uv": [18, 11]},
						{"origin": [-2.25, 22.15, -0.25], "size": [1, 1.9, 1], "inflate": -0.201, "pivot": [-2.05, 22.85, -0.05], "rotation": [-10.51554, -6.31947, -30.66787], "uv": [81, 12]},
						{"origin": [-2.025, 22.6, -26.75], "size": [4.4, 1, 24], "uv": [30, 130]},
						{"origin": [-2.025, 21.6, -26.75], "size": [4.4, 1, 3], "inflate": -0.001, "uv": [99, 84]},
						{"origin": [-2.025, 21.6, -23.75], "size": [4.4, 1, 3], "inflate": -0.002, "pivot": [2.375, 21.6, -23.75], "rotation": [20.5, 0, 0], "uv": [93, 31]},
						{"origin": [0.95, 22.15, -26.95], "size": [1.2, 2.95, 25.9], "inflate": -0.198, "uv": [61, 146]},
						{"origin": [0.95, 24.7, -26.95], "size": [1.2, 2.95, 2.9], "inflate": -0.201, "pivot": [1.95, 24.9, -26.75], "rotation": [0, 0, -12], "uv": [47, 100]},
						{"origin": [-0.6, 26.1, -26.95], "size": [2.2, 1.5, 2.9], "inflate": -0.2, "uv": [39, 53]},
						{"origin": [-2.1, 26.1, -26.95], "size": [1.9, 1.5, 2.9], "inflate": -0.201, "pivot": [-0.4, 27.4, -26.75], "rotation": [0, 0, -43.25], "uv": [28, 109]},
						{"origin": [-1.7, 24.575, -26.95], "size": [1, 2, 2.9], "inflate": -0.2, "uv": [100, 46]},
						{"origin": [-2.15, 24.4, -5.4], "size": [4.3, 2.2, 4.4], "inflate": -0.2, "pivot": [1.95, 26.4, -5.2], "rotation": [-5.75, 0, 0], "uv": [76, 48]},
						{"origin": [-2.15, 22.85, -23.45], "size": [1.2, 3, 22.45], "inflate": -0.199, "uv": [0, 0]},
						{"origin": [-2.15, 22.85, -27.45], "size": [1.2, 3, 3.45], "inflate": -0.199, "uv": [9, 25]},
						{"origin": [-2.65, 23.725, -26.95], "size": [1, 1, 25.45], "inflate": -0.2, "uv": [113, 147]},
						{"origin": [-2.65, 23.125, -4.95], "size": [1, 1, 3.45], "inflate": -0.2, "uv": [109, 38]},
						{"origin": [-2.925, 21.925, -5.95], "size": [1, 2, 1], "inflate": -0.1, "pivot": [-2.525, 21.725, -5.75], "rotation": [-8.75, 0, 0], "uv": [18, 8]},
						{"origin": [0.95, 24.2, -24.95], "size": [1.2, 3.15, 4.4], "inflate": -0.2, "uv": [121, 39]},
						{"origin": [0.95, 26.2, -20.95], "size": [1.2, 1.15, 2.4], "inflate": -0.201, "pivot": [1.95, 27.15, -20.75], "rotation": [-18.5, 0, 0], "uv": [15, 109]},
						{"origin": [-1.3, 27.275, -11.975], "size": [2.2, 1.05, 3.4], "inflate": -0.201, "uv": [78, 101]},
						{"origin": [-0.9, 27.275, -11.975], "size": [2.2, 1.05, 3.4], "inflate": -0.201, "uv": [15, 115]},
						{"origin": [-1.3, 27.19, -9.975], "size": [2.2, 1.05, 1.4], "inflate": -0.201, "pivot": [-0.4, 27.725, -10.275], "rotation": [10, 0, 0], "uv": [79, 22]},
						{"origin": [-0.9, 27.19, -9.975], "size": [2.2, 1.05, 1.4], "inflate": -0.201, "pivot": [0.4, 27.725, -10.275], "rotation": [10, 0, 0], "uv": [88, 55]},
						{"origin": [-1.3, 27.265, -12.725], "size": [2.2, 1.05, 1.4], "inflate": -0.201, "pivot": [0, 27.79, -11.875], "rotation": [-40, 0, 0], "uv": [50, 43]},
						{"origin": [-0.9, 27.265, -12.725], "size": [2.2, 1.05, 1.4], "inflate": -0.201, "pivot": [0, 27.79, -11.875], "rotation": [-40, 0, 0], "uv": [71, 22]},
						{"origin": [0.95, 24, -20.95], "size": [1.2, 2.75, 16.2], "inflate": -0.199, "uv": [50, 0]},
						{"origin": [1.9, 22.6, -15.7], "size": [1.2, 2.5, 2.2], "inflate": -0.2, "pivot": [2.9, 22.8, -15.5], "rotation": [0, 0, -12.5], "uv": [39, 100]},
						{"origin": [-1.75, 26.175, -13.65], "size": [3.5, 1, 4.8], "pivot": [1.75, 27.175, -13.65], "rotation": [-3.75, 0, 0], "uv": [71, 26]},
						{"origin": [-1.75, 26.175, -13.65], "size": [3.5, 1, 5.6], "inflate": 0.001, "pivot": [1.75, 27.175, -13.65], "rotation": [10.25, 0, 0], "uv": [0, 36]},
						{"origin": [-1.75, 26.175, -10.4], "size": [3.5, 1, 1.6], "inflate": -0.001, "pivot": [1.75, 27.175, -10.4], "rotation": [10.25, 0, 0], "uv": [38, 30]},
						{"origin": [0.65, 28.1, -7.15], "size": [1.3, 1, 1.75], "inflate": -0.002, "pivot": [1.95, 29.1, -7.15], "rotation": [-16.25, 0, 0], "uv": [70, 79]},
						{"origin": [0.65, 25.85, -8.825], "size": [1.3, 2.75, 2.35], "inflate": -0.002, "pivot": [1.95, 28.6, -8.825], "rotation": [-7.25, 0, 0], "uv": [100, 38]},
						{"origin": [0.65, 25.85, -7.825], "size": [1.3, 2.75, 2.35], "pivot": [1.95, 28.6, -5.475], "rotation": [3.25, 0, 0], "uv": [99, 74]},
						{"origin": [-1.95, 24.85, -7.825], "size": [1.3, 3.75, 2.35], "pivot": [-1.95, 28.6, -5.475], "rotation": [3.25, 0, 0], "uv": [60, 9]},
						{"origin": [-2.05, 25.45, -7.2], "size": [1.3, 3.75, 2.35], "inflate": -0.5, "pivot": [-1.55, 28.7, -5.35], "rotation": [3.25, 0, 0], "uv": [60, 0]},
						{"origin": [-2.05, 25.45, -7.75], "size": [1.3, 3.75, 2.9], "inflate": -0.501, "pivot": [-1.55, 28.7, -5.35], "rotation": [-24.75, 0, 0], "uv": [50, 38]},
						{"origin": [-2.05, 27.45, -9.325], "size": [1.3, 1.75, 2.9], "inflate": -0.5, "pivot": [-1.55, 28.7, -8.825], "rotation": [24, 0, 0], "uv": [6, 109]},
						{"origin": [-2.05, 27.2, -9.325], "size": [1.3, 2, 1.65], "inflate": -0.5, "pivot": [-1.55, 28.7, -8.825], "rotation": [-24.5, 0, 0], "uv": [18, 5]},
						{"origin": [0.75, 27.2, -9.325], "size": [1.3, 2, 1.65], "inflate": -0.5, "pivot": [1.55, 28.7, -8.825], "rotation": [-24.5, 0, 0], "uv": [18, 0]},
						{"origin": [0.75, 27.45, -9.325], "size": [1.3, 1.75, 2.9], "inflate": -0.5, "pivot": [1.55, 28.7, -8.825], "rotation": [24, 0, 0], "uv": [28, 106]},
						{"origin": [0.75, 25.45, -7.75], "size": [1.3, 3.75, 2.9], "inflate": -0.501, "pivot": [1.55, 28.7, -5.35], "rotation": [-24.75, 0, 0], "uv": [50, 9]},
						{"origin": [0.75, 25.45, -7.2], "size": [1.3, 3.75, 2.35], "inflate": -0.5, "pivot": [1.55, 28.7, -5.35], "rotation": [3.25, 0, 0], "uv": [11, 36]},
						{"origin": [-0.65, 27.6, -7.825], "size": [1.05, 1, 2.35], "inflate": -0.001, "pivot": [-0.65, 28.6, -5.475], "rotation": [2.82239, -1.61205, 29.71028], "uv": [15, 106]},
						{"origin": [-0.4, 27.6, -7.825], "size": [1.05, 1, 2.35], "inflate": -0.001, "pivot": [0.65, 28.6, -5.475], "rotation": [2.82239, 1.61205, -29.71028], "uv": [6, 106]},
						{"origin": [-0.7, 25.85, -7.825], "size": [1.4, 2.5, 2.35], "inflate": 0.001, "pivot": [-0.7, 28.6, -5.475], "rotation": [3.25, 0, 0], "uv": [94, 93]},
						{"origin": [-1.95, 25.85, -8.825], "size": [1.3, 2.75, 2.35], "inflate": -0.002, "pivot": [-1.95, 28.6, -8.825], "rotation": [-7.25, 0, 0], "uv": [55, 93]},
						{"origin": [-0.7, 25.85, -8.825], "size": [1.4, 2.5, 2.35], "inflate": 0.001, "pivot": [-0.7, 28.6, -8.825], "rotation": [-7.25, 0, 0], "uv": [91, 82]},
						{"origin": [0.65, 28.1, -8.9], "size": [1.3, 1, 1.75], "inflate": -0.001, "pivot": [1.95, 29.1, -7.15], "rotation": [16.25, 0, 0], "uv": [31, 79]},
						{"origin": [-1.95, 28.1, -7.15], "size": [1.3, 1, 1.75], "inflate": -0.002, "pivot": [-1.95, 29.1, -7.15], "rotation": [-16.25, 0, 0], "uv": [76, 50]},
						{"origin": [-1.95, 28.1, -8.9], "size": [1.3, 1, 1.75], "inflate": -0.001, "pivot": [-1.95, 29.1, -7.15], "rotation": [16.25, 0, 0], "uv": [76, 48]},
						{"origin": [-2.025, 25.975, -4.9], "size": [2.025, 1, 3.75], "inflate": -0.001, "pivot": [0, 26.925, -4.9], "rotation": [-5.50757, -1.65458, -16.67041], "uv": [84, 123]},
						{"origin": [-0.025, 25.975, -4.9], "size": [2.025, 1, 3.75], "pivot": [-0.025, 26.925, -4.9], "rotation": [-5.50757, 1.65458, 16.67041], "uv": [121, 46]},
						{"origin": [-0.025, 25.6, -0.975], "size": [1.025, 1, 3.55], "pivot": [-0.025, 26.55, -1.175], "rotation": [-70.73952, 15.86093, 5.45508], "uv": [108, 93]},
						{"origin": [0.875, 25.6, -1.175], "size": [1.125, 1, 3.75], "inflate": 0.001, "pivot": [-0.025, 26.55, -1.175], "rotation": [-73.26798, 1.58285, 16.67718], "uv": [5, 100]},
						{"origin": [0.8, 25.6, -0.65], "size": [1.125, 1, 3.75], "pivot": [-0.1, 26.55, -1.175], "rotation": [-74.13109, 5.60167, 2.97573], "uv": [66, 93]},
						{"origin": [0.175, 25.6, -1.175], "size": [1.025, 1, 1.05], "pivot": [-0.025, 26.55, -1.175], "rotation": [-73.26798, 1.58285, 16.67718], "uv": [73, 40]},
						{"origin": [-1.925, 25.6, -0.65], "size": [1.125, 1, 3.75], "pivot": [0.1, 26.55, -1.175], "rotation": [-74.13109, -5.60167, -2.97573], "uv": [93, 4]},
						{"origin": [-2, 25.6, -1.175], "size": [1.125, 1, 3.75], "inflate": 0.001, "pivot": [0.025, 26.55, -1.175], "rotation": [-73.26798, -1.58285, -16.67718], "uv": [93, 0]},
						{"origin": [-1.2, 25.6, -1.175], "size": [1.025, 1, 1.05], "pivot": [0.025, 26.55, -1.175], "rotation": [-73.26798, -1.58285, -16.67718], "uv": [73, 38]},
						{"origin": [-1, 25.6, -0.975], "size": [1.025, 1, 3.55], "pivot": [0.025, 26.55, -1.175], "rotation": [-70.73952, -15.86093, -5.45508], "uv": [88, 48]},
						{"origin": [-2.15, 24.85, -5.8], "size": [4.3, 2.2, 1.4], "inflate": -0.201, "pivot": [1.95, 26.85, -5.6], "rotation": [-5.75, 0, 0], "uv": [59, 80]},
						{"origin": [-2.025, 26.425, -5.55], "size": [2.025, 1, 1], "pivot": [0, 27.375, -5.3], "rotation": [-5.50757, -1.65458, -16.67041], "uv": [94, 103]},
						{"origin": [-0.025, 26.425, -5.55], "size": [2.025, 1, 1], "inflate": -0.001, "pivot": [-0.025, 27.375, -5.3], "rotation": [-5.50757, 1.65458, 16.67041], "uv": [94, 97]},
						{"origin": [-3.6, 26.5, -9.25], "size": [2.45, 3, 3], "inflate": -0.3, "pivot": [-3.2, 26.45, -9.25], "rotation": [-25.5, 0, 0], "uv": [121, 75]},
						{"origin": [1.15, 26.5, -9.25], "size": [2.45, 3, 3], "inflate": -0.3, "pivot": [3.2, 26.45, -9.25], "rotation": [-25.5, 0, 0], "uv": [86, 38]},
						{"origin": [-2.2, 24.15, -61.75], "size": [4.4, 2.75, 35], "uv": [39, 56]},
						{"origin": [-2.45, 21.4, -61.75], "size": [4.9, 3, 35], "inflate": -0.001, "uv": [50, 0]},
						{"origin": [-2.7, 25.65, -43.85], "size": [5.4, 1, 16], "inflate": -0.001, "uv": [158, 21]},
						{"origin": [-2.7, 25.25, -43.85], "size": [5.4, 1.4, 1], "inflate": -0.002, "pivot": [-2.7, 26.65, -43.85], "rotation": [-45, 0, 0], "uv": [34, 43]},
						{"origin": [-2.7, 25.25, -28.85], "size": [5.4, 1.4, 1], "inflate": -0.002, "pivot": [-2.7, 26.65, -27.85], "rotation": [45, 0, 0], "uv": [24, 20]},
						{"origin": [-2.7, 20.9, -44.85], "size": [5.4, 4.75, 18], "uv": [0, 154]},
						{"origin": [-2.7, 20.65, -48.85], "size": [5.4, 3.25, 4], "inflate": -0.001, "uv": [0, 15]},
						{"origin": [-3.2, 18.9, -48.85], "size": [2, 1.75, 22], "inflate": -0.002, "pivot": [-3.2, 20.65, -48.85], "rotation": [0, 0, -44.25], "uv": [152, 109]},
						{"origin": [-3.2, 20.65, -31.85], "size": [6.4, 5, 5], "inflate": -0.001, "uv": [24, 10]},
						{"origin": [-3.2, 20.65, -48.85], "size": [6.4, 1, 17], "inflate": -0.001, "uv": [0, 25]},
						{"origin": [-2, 19.4, -48.85], "size": [4, 1, 22], "inflate": -0.001, "uv": [140, 147]},
						{"origin": [1.2, 18.9, -48.85], "size": [2, 1.75, 22], "inflate": -0.002, "pivot": [3.2, 20.65, -48.85], "rotation": [0, 0, 44.25], "uv": [88, 146]},
						{"origin": [-2.2, 25.9, -61.75], "size": [1.75, 1, 35], "inflate": -0.002, "pivot": [-2.2, 26.9, -61.75], "rotation": [0, 0, -38], "uv": [121, 39]},
						{"origin": [0.45, 25.9, -61.75], "size": [1.75, 1, 35], "inflate": -0.002, "pivot": [2.2, 26.9, -61.75], "rotation": [0, 0, 38], "uv": [121, 3]},
						{"origin": [0.95, 25.91, -60.75], "size": [1, 1, 33], "inflate": -0.002, "pivot": [2.2, 26.9, -61.75], "rotation": [0, 0, 38], "uv": [121, 75]},
						{"origin": [3.025, 25.91, -60.75], "size": [1, 1, 33], "inflate": -0.002, "pivot": [2.2, 26.9, -61.75], "rotation": [0, 0, 90], "uv": [121, 75]},
						{"origin": [6.425, 26.16, -60.75], "size": [1, 1, 33], "inflate": -0.002, "pivot": [2.2, 26.9, -61.75], "rotation": [0, 0, 90], "uv": [121, 75]},
						{"origin": [-7.425, 26.16, -60.75], "size": [1, 1, 33], "inflate": -0.002, "pivot": [-2.2, 26.9, -61.75], "rotation": [0, 0, -90], "uv": [121, 75], "mirror": true},
						{"origin": [-4.025, 25.91, -60.75], "size": [1, 1, 33], "inflate": -0.002, "pivot": [-2.2, 26.9, -61.75], "rotation": [0, 0, -90], "uv": [121, 75], "mirror": true},
						{"origin": [-1.95, 25.91, -60.75], "size": [1, 1, 33], "inflate": -0.002, "pivot": [-2.2, 26.9, -61.75], "rotation": [0, 0, -38], "uv": [121, 75], "mirror": true},
						{"origin": [0.7, 21.4, -61.75], "size": [1.75, 1, 35], "inflate": -0.002, "pivot": [2.45, 21.4, -61.75], "rotation": [0, 0, -38], "uv": [115, 111]},
						{"origin": [-2.45, 21.4, -61.75], "size": [1.75, 1, 35], "inflate": -0.002, "pivot": [-2.45, 21.4, -61.75], "rotation": [0, 0, 38], "uv": [78, 110]},
						{"origin": [-1, 19.9, -61.75], "size": [2, 8.25, 35], "inflate": 0.001, "uv": [0, 48]},
						{"origin": [-1, 27.45, -14.65], "size": [2, 1.05, 2.7], "inflate": 0.001, "uv": [0, 53]},
						{"origin": [-2.2, 21.15, -26.75], "size": [4.2, 2, 13], "inflate": -0.001, "uv": [0, 91]},
						{"origin": [-2.2, 18.15, -27.2], "size": [4.2, 3, 13.2], "pivot": [2.2, 18.15, -14], "rotation": [-7.75, 0, 0], "uv": [50, 18]},
						{"origin": [-2, 17, 3.75], "size": [4, 1, 2], "inflate": -0.001, "uv": [0, 80]},
						{"origin": [-2, 15, 4.75], "size": [4, 2, 1], "inflate": -0.001, "pivot": [2, 17, 5.75], "rotation": [-61, 0, 0], "uv": [49, 80]},
						{"origin": [-2, 14.5, -2], "size": [4, 3.5, 1], "inflate": -0.001, "pivot": [2, 14.5, -1], "rotation": [-13.25, 0, 0], "uv": [39, 115]},
						{"origin": [-2, 5.35, -0.625], "size": [4, 10, 5], "pivot": [1, 15.35, -0.625], "rotation": [23.5, 0, 0], "uv": [0, 0]},
						{"origin": [-2, 6.1, 1.375], "size": [4, 2.2, 6], "inflate": -0.001, "pivot": [1, 8.3, 1.375], "rotation": [-2.25, 0, 0], "uv": [72, 38]},
						{"origin": [-2, 5.9, 7.275], "size": [4, 2.15, 1], "inflate": -0.002, "pivot": [1, 5.9, 7.275], "rotation": [9, 0, 0], "uv": [39, 80]},
						{"origin": [-2, 7.1, 1.375], "size": [4, 1.2, 1.5], "inflate": -0.002, "pivot": [1, 8.3, 1.375], "rotation": [38.5, 0, 0], "uv": [36, 20]},
						{"origin": [-0.7, 27.75, -61.95], "size": [2, 1, 35.4], "inflate": -0.2, "uv": [39, 93]},
						{"origin": [-1.3, 27.75, -61.95], "size": [2, 1, 35.4], "inflate": -0.201, "uv": [0, 91]},
						{"origin": [2.05, 23.45, -61.35], "size": [2, 1, 11.4], "inflate": -0.2, "pivot": [2.75, 23.95, -55.65], "rotation": [180, 0, -90], "uv": [121, 87]},
						{"origin": [1.45, 23.45, -61.35], "size": [2, 1, 11.4], "inflate": -0.201, "pivot": [2.75, 23.95, -55.65], "rotation": [180, 0, -90], "uv": [121, 75]},
						{"origin": [-3.45, 23.45, -61.35], "size": [2, 1, 11.4], "inflate": -0.201, "pivot": [-2.75, 23.95, -55.65], "rotation": [180, 0, 90], "uv": [121, 75], "mirror": true},
						{"origin": [-4.05, 23.45, -61.35], "size": [2, 1, 11.4], "inflate": -0.2, "pivot": [-2.75, 23.95, -55.65], "rotation": [180, 0, 90], "uv": [121, 87], "mirror": true},
						{"origin": [-0.7, 27.75, -16.95], "size": [2, 1, 5.4], "inflate": -0.2, "uv": [21, 98]},
						{"origin": [-1.3, 27.75, -16.95], "size": [2, 1, 5.4], "inflate": -0.201, "uv": [103, 62]},
						{"origin": [-0.7, 19.5, -61.95], "size": [2, 1, 35.4], "inflate": -0.2, "uv": [82, 74]},
						{"origin": [-1.3, 19.5, -61.95], "size": [2, 1, 35.4], "inflate": -0.201, "uv": [82, 38]},
						{"origin": [-0.7, 20.25, 10], "size": [2, 2, 4], "inflate": 0.2, "pivot": [-0.7, 22.25, 10], "rotation": [0, 0, 16], "uv": [121, 58]},
						{"origin": [-1.2, 19.75, 6], "size": [3, 3, 4], "pivot": [-0.7, 22.25, 6], "rotation": [0, 0, 16], "uv": [39, 93]},
						{"origin": [-1, 25.55, -83.05], "size": [2, 2, 46], "inflate": -0.3, "pivot": [0, 26.55, -83.05], "rotation": [0, 0, -20], "uv": [0, 0]},
						{"origin": [-1, 25.55, -83.05], "size": [2, 2, 11], "pivot": [0, 26.55, -83.05], "rotation": [0, 0, -20], "uv": [121, 39]},
						{"origin": [-1, 25.55, -71.05], "size": [2, 2, 4], "pivot": [0, 26.55, -71.05], "rotation": [0, 0, -20], "uv": [121, 52]},
						{"origin": [-1, 23.55, -71.05], "size": [2, 3.75, 4], "inflate": -0.2, "uv": [78, 110]},
						{"origin": [-1, 26.05, -71.05], "size": [2, 2.5, 2.25], "inflate": -0.2, "uv": [77, 8]},
						{"origin": [0.025, 28.1, -71.15], "size": [1.3, 1, 2.45], "inflate": -0.301, "pivot": [1.025, 28.4, -70.85], "rotation": [0, 0, -34.75], "uv": [105, 24]},
						{"origin": [-1.325, 28.1, -71.15], "size": [1.3, 1, 2.45], "inflate": -0.301, "pivot": [-1.025, 28.4, -70.85], "rotation": [0, 0, 34.75], "uv": [104, 31]},
						{"origin": [-1.325, 28.1, -71.15], "size": [1, 1.5, 2.45], "inflate": -0.302, "pivot": [-1.025, 28.4, -70.85], "rotation": [0, 0, -10.25], "uv": [66, 103]},
						{"origin": [0.325, 28.1, -71.15], "size": [1, 1.5, 2.45], "inflate": -0.302, "pivot": [1.025, 28.4, -70.85], "rotation": [0, 0, 10.25], "uv": [103, 58]},
						{"origin": [-1, 22.8, -73.05], "size": [2, 2, 12], "inflate": -0.3, "pivot": [0, 23.8, -73.05], "rotation": [0, 0, -20], "uv": [78, 93]},
						{"origin": [-1, 22.8, -71.35], "size": [2, 2, 4.6], "inflate": -0.2, "pivot": [0, 23.8, -71.35], "rotation": [0, 0, -20], "uv": [51, 120]},
						{"origin": [-1.1, 7.1, -37.25], "size": [2.2, 11.75, 2.7], "inflate": 0.001, "uv": [82, 55]},
						{"origin": [-1.1, 8.1, -37.725], "size": [2.2, 3.75, 1], "pivot": [1.1, 11.85, -37.725], "rotation": [5.5, 0, 0], "uv": [79, 18]},
						{"origin": [-1.1, 11.85, -37.725], "size": [2.2, 6, 1], "inflate": -0.001, "pivot": [1.1, 11.85, -37.725], "rotation": [-5.5, 0, 0], "uv": [29, 25]},
						{"origin": [-1.1, 8.1, -35.075], "size": [2.2, 3.75, 1], "pivot": [1.1, 11.85, -34.075], "rotation": [-5.5, 0, 0], "uv": [71, 18]},
						{"origin": [-1.1, 11.85, -35.075], "size": [2.2, 6, 1], "inflate": -0.001, "pivot": [1.1, 11.85, -34.075], "rotation": [5.5, 0, 0], "uv": [0, 25]},
						{"origin": [-1.1, 16.675, -34.25], "size": [2.2, 2, 1], "pivot": [1.1, 18.675, -33.25], "rotation": [-53.5, 0, 0], "uv": [103, 55]},
						{"origin": [-1.1, 16.675, -38.75], "size": [2.2, 2, 1], "pivot": [1.1, 18.675, -38.75], "rotation": [53.5, 0, 0], "uv": [100, 50]},
						{"origin": [-1.35, 18.7, -38.85], "size": [2.7, 1, 5.7], "uv": [101, 103]}
					]
				},
				{
					"name": "bone4",
					"parent": "gun",
					"pivot": [0.675, 26.65, -8.85],
					"cubes": [
						{"origin": [0.075, 28.95, -7.65], "size": [1, 1.3, 1.55], "inflate": -0.4, "pivot": [0.675, 29.35, -7.35], "rotation": [0, 0, -28], "uv": [71, 28]},
						{"origin": [0.075, 28.45, -7.65], "size": [1, 1.3, 1.55], "inflate": -0.399, "pivot": [0.675, 29.35, -7.35], "rotation": [0, 0, 28], "uv": [71, 26]},
						{"origin": [-0.75, 27.875, -7.65], "size": [1.5, 1.4, 1.55], "inflate": -0.401, "uv": [65, 40]},
						{"origin": [-0.5, 28.025, -70.65], "size": [1, 1.65, 1.3], "inflate": -0.3, "uv": [65, 38]}
					]
				},
				{
					"name": "glowy",
					"parent": "bone4",
					"pivot": [-0.15, 29.325, -70],
					"cubes": [
						{"origin": [-1.075, 28.975, -7.075], "size": [1, 1, 1], "inflate": -0.42, "pivot": [-0.675, 29.375, -6.775], "rotation": [0, 0, 64.5], "uv": [59, 18]},
						{"origin": [0.075, 28.975, -7.075], "size": [1, 1, 1], "inflate": -0.42, "pivot": [0.675, 29.375, -6.775], "rotation": [0, 0, -64.5], "uv": [58, 29]},
						{"origin": [-0.5, 28.675, -70.29], "size": [1, 1, 1], "inflate": -0.35, "uv": [30, 50]}
					]
				},
				{
					"name": "bone3",
					"parent": "gun",
					"pivot": [-0.675, 26.65, -8.85],
					"cubes": [
						{"origin": [-1.075, 28.95, -7.65], "size": [1, 1.3, 1.55], "inflate": -0.4, "pivot": [-0.675, 29.35, -7.35], "rotation": [0, 0, 28], "uv": [24, 50]},
						{"origin": [-1.075, 28.45, -7.65], "size": [1, 1.3, 1.55], "inflate": -0.399, "pivot": [-0.675, 29.35, -7.35], "rotation": [0, 0, -28], "uv": [30, 48]}
					]
				},
				{
					"name": "bone2",
					"parent": "gun",
					"pivot": [0.25, 27.575, -8.85],
					"rotation": [0, 0, -90],
					"cubes": [
						{"origin": [1.81322, 26.27479, -7.65], "size": [1, 1.3, 1.55], "inflate": -0.402, "pivot": [0.25, 27.825, -8.85], "rotation": [0, 0, -28], "uv": [24, 48]},
						{"origin": [1.81322, 28.07521, -7.65], "size": [1, 1.3, 1.55], "inflate": -0.401, "pivot": [0.25, 27.825, -8.85], "rotation": [0, 0, 28], "uv": [22, 43]}
					]
				},
				{
					"name": "bone5",
					"parent": "gun",
					"pivot": [-0.25, 26.225, -8.85],
					"rotation": [0, 0, 90],
					"cubes": [
						{"origin": [-3.01322, 27.22521, -7.65], "size": [1, 1.3, 1.55], "inflate": -0.401, "pivot": [-0.25, 26.475, -8.85], "rotation": [0, 0, -28], "uv": [41, 12]},
						{"origin": [-3.01322, 24.42479, -7.65], "size": [1, 1.3, 1.55], "inflate": -0.4, "pivot": [-0.25, 26.475, -8.85], "rotation": [0, 0, 28], "uv": [41, 10]}
					]
				},
				{
					"name": "action",
					"parent": "gun",
					"pivot": [-0.5, 25, -24],
					"cubes": [
						{"origin": [-1.25, 25.25, -24.25], "size": [1.25, 1, 12], "pivot": [0, 26.25, -24.25], "rotation": [0, 0, -11.75], "uv": [115, 110]},
						{"origin": [-2.25, 24.9, -24.25], "size": [1.25, 1, 1], "inflate": -0.1, "uv": [0, 38]},
						{"origin": [0, 25.25, -24.25], "size": [1.25, 1, 12], "pivot": [0, 26.25, -24.25], "rotation": [0, 0, 11.75], "uv": [78, 110]}
					]
				},
				{
					"name": "action2",
					"parent": "gun",
					"pivot": [-2.525, 25.8, -20.4],
					"cubes": [
						{"origin": [-2.8, 25.6, -26.2], "size": [1.1, 1.5, 2.825], "inflate": -0.301, "uv": [100, 42]},
						{"origin": [-2.8, 24.25, -26.2], "size": [1.1, 2, 6], "inflate": -0.3, "uv": [71, 18]},
						{"origin": [-2.8, 25.85, -23.9], "size": [1.1, 1.25, 2.05], "inflate": -0.302, "pivot": [-2, 26.9, -23.65], "rotation": [-45.25, 0, 0], "uv": [99, 78]},
						{"origin": [-4.725, 24.25, -21.2], "size": [2.5, 2, 1], "inflate": -0.301, "pivot": [-2.525, 25.8, -20.4], "rotation": [0, -18.75, 0], "uv": [99, 24]}
					]
				},
				{
					"name": "magazine",
					"parent": "main",
					"pivot": [-0.75, 18, -15.1],
					"rotation": [-8, 0, 0],
					"cubes": [
						{"origin": [-1.5, 6, -24.1], "size": [3, 15, 9], "uv": [93, 0]}
					]
				},
				{
					"name": "bullet",
					"parent": "magazine",
					"pivot": [-0.75, 18, -15.1],
					"cubes": [
						{"origin": [0.23133, 19.67622, -22.48219], "size": [1.25, 1.25, 7], "pivot": [-0.75, 18, -15.1], "rotation": [0, 0, -14.75], "uv": [97, 119]}
					]
				},
				{
					"name": "rightarm",
					"parent": "main",
					"pivot": [-4.3, 8.8, 21.8],
					"rotation": [-101.81106, -12.40003, -2.46982],
					"cubes": [
						{"origin": [-8.3, -15.2, 17.8], "size": [8, 24, 8], "uv": [39, 48]}
					]
				},
				{
					"name": "leftarm",
					"parent": "main",
					"pivot": [10.7, 6.625, -17.875],
					"rotation": [-125.84568, -0.37947, -36.88381],
					"cubes": [
						{"origin": [6.7, -17.375, -21.875], "size": [8, 24, 8], "uv": [0, 48]}
					]
				},
				{
					"name": "scope",
					"parent": "main",
					"pivot": [0, 32.775, -4.425],
					"cubes": [
						{"origin": [-0.5, 32.275, -4.925], "size": [1, 1, 1], "inflate": -0.4, "uv": [0, 36]}
					]
				},
				{
					"name": "muzzleflash",
					"parent": "main",
					"pivot": [0, 26.575, -101.85],
					"cubes": [
						{"origin": [-0.5, 26.075, -102.15], "size": [1, 1, 1], "inflate": -0.4, "uv": [24, 13]}
					]
				},
				{
					"name": "silencer",
					"parent": "main",
					"pivot": [0, 24.5, -90.55],
					"cubes": [
						{"origin": [-2.00822, 24.55622, -101.65], "size": [4, 4, 27], "inflate": -0.2, "pivot": [-0.00822, 26.55622, -88.15], "rotation": [0, 0, -20], "uv": [93, 0]}
					]
				},
				{
					"name": "optic",
					"parent": "main",
					"pivot": [0, 5.9, -2.9],
					"cubes": [
						{"origin": [-1, 30.05, -30.55], "size": [2, 3, 2.75], "inflate": -0.2, "uv": [39, 48]},
						{"origin": [-2.1, 32.45, -33.8], "size": [3, 3, 24], "inflate": -0.3, "pivot": [-2.1, 32.45, -33.7], "rotation": [0, 0, 32], "uv": [0, 127]},
						{"origin": [-2.1, 32.45, -30.7], "size": [3, 3, 3], "inflate": -0.15, "pivot": [-2.1, 32.45, -30.6], "rotation": [0, 0, 32], "uv": [39, 120]},
						{"origin": [-2.1, 32.45, -16.7], "size": [3, 3, 3], "inflate": -0.15, "pivot": [-2.1, 32.45, -16.6], "rotation": [0, 0, 32], "uv": [14, 120]},
						{"origin": [-2, 32.2, -40.225], "size": [3, 2, 7.725], "inflate": -0.3, "pivot": [-1.8, 32.5, -33.6], "rotation": [11.25, 0, 32], "uv": [92, 110]},
						{"origin": [-2, 33.35, -40.7], "size": [3, 2, 7.875], "inflate": -0.3, "pivot": [-1.8, 32.5, -33.6], "rotation": [-11.25, 0, 32], "uv": [15, 106]},
						{"origin": [-0.95, 32.3, -40.7], "size": [2, 3, 7.875], "inflate": -0.3, "pivot": [-1.8, 32.5, -33.6], "rotation": [0, -10.75, 32], "uv": [99, 74]},
						{"origin": [-2.1, 32.3, -40.225], "size": [2, 3, 7.4], "inflate": -0.3, "pivot": [-1.8, 32.5, -33.6], "rotation": [0, 11, 32], "uv": [55, 93]},
						{"origin": [-2.05, 30.85, -13.175], "size": [4, 4, 4.5], "inflate": -0.3, "pivot": [-0.25, 32.85, -12.7], "rotation": [0, 0, 15.25], "uv": [58, 108]},
						{"origin": [-2.05, 30.85, -8.175], "size": [4, 4, 3], "inflate": -0.3, "pivot": [-0.25, 32.85, -7.7], "rotation": [0, 0, 15.25], "uv": [21, 91]},
						{"origin": [-1.95, 30.775, -9.275], "size": [4, 4, 1.7], "inflate": -0.3, "uv": [0, 127]},
						{"origin": [-2.9, 31.85, -25.375], "size": [4, 4, 6], "inflate": -0.3, "pivot": [-2.1, 31.85, -24.9], "rotation": [0, 0, 32], "uv": [94, 93]},
						{"origin": [-1.05, 33.7, -24.325], "size": [3, 4, 3], "inflate": -0.25, "pivot": [-1.25, 33.7, -23.85], "rotation": [0, -22.5, 0], "uv": [108, 0]},
						{"origin": [-3.75, 33.7, -24.325], "size": [3, 8, 3], "inflate": -0.25, "pivot": [-3.95, 33.7, -23.85], "rotation": [0, -22.5, 90], "uv": [50, 18]},
						{"origin": [-3.4, 31.35, -52.8], "size": [5, 5, 13], "pivot": [-2.1, 31.85, -49.8], "rotation": [0, 0, 32], "uv": [71, 173]},
						{"origin": [-1.4, 28, -30.55], "size": [2.8, 3, 2.75], "inflate": -0.198, "uv": [0, 48]},
						{"origin": [-0.125, 30, -30.55], "size": [1.525, 1, 2.75], "inflate": -0.199, "pivot": [1.2, 30.8, -30.35], "rotation": [0, 0, 52.75], "uv": [66, 97]},
						{"origin": [-1.4, 30, -30.55], "size": [1.525, 1, 2.75], "inflate": -0.199, "pivot": [-1.2, 30.8, -30.35], "rotation": [0, 0, -52.75], "uv": [55, 97]},
						{"origin": [-1, 30.05, -16.55], "size": [2, 3, 2.75], "inflate": -0.2, "uv": [38, 34]},
						{"origin": [-1.4, 28, -16.55], "size": [2.8, 3, 2.75], "inflate": -0.198, "uv": [38, 25]},
						{"origin": [-0.125, 30, -16.55], "size": [1.525, 1, 2.75], "inflate": -0.199, "pivot": [1.2, 30.8, -16.35], "rotation": [0, 0, 52.75], "uv": [93, 24]},
						{"origin": [-1.4, 30, -16.55], "size": [1.525, 1, 2.75], "inflate": -0.199, "pivot": [-1.2, 30.8, -16.35], "rotation": [0, 0, -52.75], "uv": [77, 12]},
						{"origin": [-2, 30.575, -5.975], "size": [4, 1.2, 2.1], "inflate": -0.5, "uv": [24, 43]},
						{"origin": [-2, 33.775, -5.975], "size": [4, 1.2, 2.1], "inflate": -0.5, "uv": [12, 43]},
						{"origin": [-2.2, 30.575, -5.975], "size": [1.2, 4.4, 2.1], "inflate": -0.5, "uv": [50, 0]},
						{"origin": [1, 30.575, -5.975], "size": [1.2, 4.4, 2.1], "inflate": -0.5, "uv": [29, 34]},
						{"origin": [-1.7, 30.975, -5.775], "size": [3.6, 3.6, 1.45], "inflate": -0.3, "uv": [77, 0]},
						{"origin": [-1.8, 30.975, -5.3], "size": [3.6, 3.6, 1], "inflate": -0.3, "uv": [77, 0]}
					]
				},
				{
					"name": "bipod",
					"parent": "main",
					"pivot": [1.75, 22.125, -59.325],
					"cubes": [
						{"origin": [-0.75, 16.5, -50.325], "size": [2, 1, 6], "pivot": [1.25, 17.5, -49.325], "rotation": [-49.94009, 24.25849, -26.04005], "uv": [50, 9]},
						{"origin": [-1, 16.25, -53.075], "size": [2, 2, 4], "uv": [65, 38]},
						{"origin": [-1, 16.3, -56.575], "size": [2, 3, 6], "inflate": -0.1, "pivot": [1, 18.3, -51.575], "rotation": [-10, 0, 0], "uv": [50, 0]},
						{"origin": [-2, 14.825, -56.35], "size": [1, 3, 4], "pivot": [-2, 17.825, -52.35], "rotation": [-16.25, 0, 20], "uv": [39, 108]},
						{"origin": [-2.2, 14.975, -72.35], "size": [2, 2, 19], "inflate": -0.2, "pivot": [-2.2, 16.975, -53.35], "rotation": [-1.99973, 2.52482, 11.98646], "uv": [146, 170]},
						{"origin": [-1.925, 17.875, -59.35], "size": [1, 1, 7], "inflate": -0.1, "pivot": [-2.925, 19.875, -52.35], "rotation": [-1.00244, 3.99939, -0.06992], "uv": [100, 46]},
						{"origin": [-2.4, 18.025, -63.4], "size": [1, 1, 4], "inflate": -0.1, "pivot": [-3.4, 20.025, -59.4], "rotation": [2.72905, -4.25457, 0.19229], "uv": [78, 123]},
						{"origin": [-2.175, 16.575, -63.5], "size": [1, 2, 1], "pivot": [-3.175, 18.575, -62.5], "rotation": [-19.8247, -3.85663, 1.80821], "uv": [0, 15]},
						{"origin": [-2.2, 14.975, -72.95], "size": [2, 2, 3.25], "pivot": [-2.2, 16.975, -53.35], "rotation": [-1.99973, 2.52482, 11.98646], "uv": [121, 92]},
						{"origin": [-4.075, 14.875, -73.05], "size": [4, 2.25, 1], "pivot": [-2.2, 16.975, -53.45], "rotation": [-1.99973, 2.52482, 11.98646], "uv": [22, 80]},
						{"origin": [0.075, 14.875, -73.05], "size": [4, 2.25, 1], "pivot": [2.2, 16.975, -53.45], "rotation": [-1.99973, -2.52482, -11.98646], "uv": [12, 80]},
						{"origin": [0.2, 14.975, -72.35], "size": [2, 2, 19], "inflate": -0.2, "pivot": [2.2, 16.975, -53.35], "rotation": [-1.99973, -2.52482, -11.98646], "uv": [170, 132]},
						{"origin": [0.2, 14.975, -72.95], "size": [2, 2, 3.25], "pivot": [2.2, 16.975, -53.35], "rotation": [-1.99973, -2.52482, -11.98646], "uv": [121, 87]},
						{"origin": [0.925, 17.875, -59.35], "size": [1, 1, 7], "inflate": -0.1, "pivot": [2.925, 19.875, -52.35], "rotation": [-1.00244, -3.99939, 0.06992], "uv": [100, 38]},
						{"origin": [1.4, 18.025, -63.4], "size": [1, 1, 4], "inflate": -0.1, "pivot": [3.4, 20.025, -59.4], "rotation": [2.72905, 4.25457, -0.19229], "uv": [121, 81]},
						{"origin": [1.175, 16.575, -63.5], "size": [1, 2, 1], "pivot": [3.175, 18.575, -62.5], "rotation": [-19.8247, 3.85663, -1.80821], "uv": [0, 0]},
						{"origin": [-1, 14.825, -53.35], "size": [2.1, 3, 1], "pivot": [-2, 17.825, -52.35], "rotation": [-16.25, 0, 20], "uv": [68, 8]},
						{"origin": [1, 14.825, -56.35], "size": [1, 3, 4], "pivot": [2, 17.825, -52.35], "rotation": [-16.25, 0, -20], "uv": [24, 48]},
						{"origin": [-1.1, 14.825, -53.35], "size": [2.1, 3, 1], "pivot": [2, 17.825, -52.35], "rotation": [-16.25, 0, -20], "uv": [68, 0]},
						{"origin": [-1.25, 19.125, -60.325], "size": [2.5, 1, 9], "uv": [24, 0]}
					]
				},
				{
					"name": "stock",
					"parent": "main",
					"pivot": [-2.77, 20.5, 17.15],
					"cubes": [
						{"origin": [0, 21.25, 14.15], "size": [2, 2, 19], "pivot": [0, 23.25, 14.15], "rotation": [0, 0, 22], "uv": [158, 39]},
						{"origin": [-2, 21.25, 14.15], "size": [2, 2, 19], "inflate": -0.001, "pivot": [0, 23.25, 14.15], "rotation": [0, 0, -22], "uv": [158, 0]},
						{"origin": [1.85, 20.5, 14.15], "size": [2, 2, 19], "inflate": 0.001, "pivot": [1.85, 22.5, 14.15], "rotation": [0, 0, 85], "uv": [27, 157]},
						{"origin": [-3.85, 20.5, 14.15], "size": [2, 2, 19], "inflate": 0.001, "pivot": [-1.85, 22.5, 14.15], "rotation": [0, 0, -85], "uv": [156, 75]},
						{"origin": [-1, 20.2, 32.65], "size": [2, 3, 1], "pivot": [1, 20.5, 33.65], "rotation": [-7, 0, 0], "uv": [63, 48]},
						{"origin": [-0.5, 18.5, 16.4], "size": [1, 2, 15], "inflate": -0.001, "pivot": [0.5, 18.5, 16.4], "rotation": [-37, 0, 0], "uv": [82, 74]},
						{"origin": [-1, 18, 14.2], "size": [2, 2, 3], "uv": [115, 117]},
						{"origin": [-3.02, 18.5, 14.15], "size": [1, 2, 19], "pivot": [-2.02, 20.5, 14.15], "rotation": [0, 0, -94], "uv": [50, 173]},
						{"origin": [2.02, 18.5, 14.15], "size": [1, 2, 19], "pivot": [2.02, 20.5, 14.15], "rotation": [0, 0, 94], "uv": [169, 172]},
						{"origin": [-1, 18, 17.2], "size": [2, 2, 5], "inflate": 0.001, "pivot": [1, 20, 17.2], "rotation": [-37, 0, 0], "uv": [82, 82]},
						{"origin": [-0.5, 9.5, 28.4], "size": [1, 2, 3], "uv": [13, 0]},
						{"origin": [-0.5, 9.5, 29.4], "size": [1, 11, 2], "inflate": -0.001, "pivot": [0.5, 9.5, 31.4], "rotation": [-10, 0, 0], "uv": [0, 106]},
						{"origin": [-0.5, 18.75, 17.4], "size": [1, 1, 14], "uv": [39, 93]},
						{"origin": [-0.5, 18.75, 25.4], "size": [1, 2, 7], "inflate": 0.001, "pivot": [0.5, 18.75, 25.4], "rotation": [-20, 0, 0], "uv": [29, 25]},
						{"origin": [-0.5, 18, 16.4], "size": [1, 3, 5], "inflate": -0.002, "pivot": [0.5, 16, 16.4], "rotation": [-12, 0, 0], "uv": [78, 93]},
						{"origin": [0.77, 19.5, 17.15], "size": [2, 1, 16], "inflate": -0.001, "uv": [176, 154]},
						{"origin": [0.77, 19.5, 17.15], "size": [2, 1, 16], "inflate": -0.002, "pivot": [2.77, 20.5, 17.15], "rotation": [0, 0, 53], "uv": [0, 176]},
						{"origin": [-2.5, 19, 32.65], "size": [5, 2, 1], "inflate": 0.001, "pivot": [2.5, 20.5, 33.65], "rotation": [-7, 0, 0], "uv": [0, 43]},
						{"origin": [0.8, 20.9, 32.65], "size": [2, 2, 1], "inflate": 0.001, "pivot": [2.5, 20.5, 33.65], "rotation": [-5.8212, -3.32094, -33.58263], "uv": [77, 4]},
						{"origin": [0.75, 11, 32.65], "size": [2, 8, 1], "inflate": -0.001, "pivot": [2.45, 20.5, 33.65], "rotation": [-6.91466, 1.09239, 8.934], "uv": [37, 0]},
						{"origin": [-1.5, 9.2, 32.65], "size": [3, 11, 1], "pivot": [1, 20.5, 33.65], "rotation": [-7, 0, 0], "uv": [0, 91]},
						{"origin": [-1, 17.5, 29.15], "size": [2, 2, 2], "inflate": 0.001, "pivot": [1, 17.5, 29.15], "rotation": [-36, 0, 0], "uv": [14, 15]},
						{"origin": [0.8, 21.55, 32.65], "size": [2, 2, 1], "pivot": [2.5, 20.5, 33.65], "rotation": [-5.8212, -3.32094, -33.58263], "uv": [68, 12]},
						{"origin": [-2.8, 21.55, 32.65], "size": [2, 2, 1], "pivot": [-2.5, 20.5, 33.65], "rotation": [-5.8212, 3.32094, 33.58263], "uv": [68, 4]},
						{"origin": [-2.8, 20.9, 32.65], "size": [2, 2, 1], "inflate": 0.001, "pivot": [-2.5, 20.5, 33.65], "rotation": [-5.8212, 3.32094, 33.58263], "uv": [63, 52]},
						{"origin": [-2.75, 11, 32.65], "size": [2, 8, 1], "inflate": -0.001, "pivot": [-2.45, 20.5, 33.65], "rotation": [-6.91466, -1.09239, -8.934], "uv": [24, 0]},
						{"origin": [-2.77, 19.5, 17.15], "size": [2, 1, 16], "inflate": -0.001, "uv": [107, 173]},
						{"origin": [-2.77, 19.5, 17.15], "size": [2, 1, 16], "inflate": -0.002, "pivot": [-2.77, 20.5, 17.15], "rotation": [0, 0, -53], "uv": [80, 38]}
					]
				},
				{
					"name": "PEQ",
					"parent": "main",
					"pivot": [4.05, 24.4, -51.4],
					"cubes": [
						{"origin": [3.3, 22.65, -59.15], "size": [1.75, 1.75, 7.75], "uv": [68, 8]},
						{"origin": [3.425, 25.175, -59.65], "size": [1, 1, 8], "inflate": -0.001, "pivot": [4.425, 25.175, -59.65], "rotation": [0, 0, -35.5], "uv": [115, 123]},
						{"origin": [4.05, 25.4, -59.15], "size": [1, 1, 7], "inflate": -0.001, "pivot": [5.05, 25.4, -59.15], "rotation": [0, 0, -44.75], "uv": [68, 0]},
						{"origin": [4.05, 21.65, -59.4], "size": [1, 1, 8], "inflate": -0.001, "pivot": [5.05, 22.65, -59.15], "rotation": [0, 0, 44.75], "uv": [121, 99]},
						{"origin": [2.8, 21.925, -59.15], "size": [1.525, 4.2, 7], "inflate": 0.001, "uv": [0, 25]},
						{"origin": [3.3, 24.4, -59.15], "size": [1.75, 1, 7], "uv": [29, 34]},
						{"origin": [3.3, 24.4, -52.4], "size": [1.75, 1, 1], "inflate": -0.001, "pivot": [4.05, 24.4, -51.4], "rotation": [52.75, 0, 0], "uv": [0, 3]}
					]
				}
			]
		}
	]
}