{
	"format_version": "1.12.0",
	"minecraft:geometry": [
		{
			"description": {
				"identifier": "geometry.unknown",
				"texture_width": 256,
				"texture_height": 256,
				"visible_bounds_width": 8,
				"visible_bounds_height": 5.5,
				"visible_bounds_offset": [0, 2.25, 0]
			},
			"bones": [
				{
					"name": "main",
					"pivot": [0, 20, 0]
				},
				{
					"name": "bullet",
					"parent": "main",
					"pivot": [-1.5, 10.2, -13.2],
					"rotation": [-14, 0, 0],
					"cubes": [
						{"origin": [-0.5, 21.325, -16.2], "size": [1, 1, 3], "pivot": [-0.5, 22.925, -12.5], "rotation": [-2, 0, 0], "uv": [55, 90]}
					]
				},
				{
					"name": "gun",
					"parent": "main",
					"pivot": [1, 11, -1],
					"cubes": [
						{"origin": [-1.5, 5, -1.3], "size": [3, 7, 5], "pivot": [0.5, 15, -1.3], "rotation": [33, 0, 0], "uv": [50, 35]},
						{"origin": [-1.5, 6.1, 0], "size": [3, 12, 5], "inflate": 0.001, "pivot": [0.5, 13, 0], "rotation": [25, 0, 0], "uv": [0, 0]},
						{"origin": [-1.5, 6.6, 2.1], "size": [3, 1, 2], "inflate": -0.001, "uv": [35, 68]},
						{"origin": [-1, 13.8, -4.8], "size": [2, 4, 1], "inflate": -0.1, "pivot": [0.9, 13.8, -3.8], "rotation": [-21, 0, 0], "uv": [0, 48]},
						{"origin": [-1.5, 12.7, -6.9], "size": [3, 1, 5], "inflate": -0.2, "uv": [0, 65]},
						{"origin": [-1.5, 12.7, -2.3], "size": [3, 1, 3], "inflate": -0.2, "pivot": [1.4, 12.9, -2.1], "rotation": [28, 0, 0], "uv": [83, 74]},
						{"origin": [-1.5, 12.7, -6.9], "size": [3, 5, 1], "inflate": -0.201, "pivot": [1.4, 12.9, -6.7], "rotation": [23, 0, 0], "uv": [75, 85]},
						{"origin": [-1.25, 16.95, -8.3], "size": [3, 5, 12], "inflate": 0.001, "uv": [122, 0]},
						{"origin": [-0.85, 19.35, -1.7], "size": [3, 2, 2], "inflate": -0.1, "pivot": [2.15, 19.35, -1.7], "rotation": [-39, 0, 0], "uv": [41, 18]},
						{"origin": [-0.85, 20.65, 0.4], "size": [3, 2, 1], "inflate": -0.101, "pivot": [2.15, 20.45, -0.1], "rotation": [-71, 0, 0], "uv": [90, 0]},
						{"origin": [-2.15, 20.65, 0.4], "size": [3, 2, 1], "inflate": -0.101, "pivot": [-2.15, 20.45, -0.1], "rotation": [-71, 0, 0], "uv": [87, 78]},
						{"origin": [-2.15, 19.35, -1.7], "size": [3, 2, 2], "inflate": -0.1, "pivot": [-2.15, 19.35, -1.7], "rotation": [-39, 0, 0], "uv": [41, 6]},
						{"origin": [0.85, 16.95, -9.8], "size": [1, 1, 3], "uv": [25, 90]},
						{"origin": [0.85, 17.95, -9.8], "size": [1, 2, 1], "inflate": -0.001, "pivot": [1.9, 17.95, -9.8], "rotation": [-47, 0, 0], "uv": [41, 0]},
						{"origin": [0.85, 20.95, -9.05], "size": [1, 1, 1], "uv": [63, 25]},
						{"origin": [0.85, 20.95, -9.05], "size": [1, 1, 2], "inflate": -0.001, "pivot": [1.9, 20.95, -9.05], "rotation": [-32, 0, 0], "uv": [65, 74]},
						{"origin": [-1.85, 17.95, -9.8], "size": [1, 2, 1], "inflate": -0.001, "pivot": [-1.9, 17.95, -9.8], "rotation": [-47, 0, 0], "uv": [16, 36]},
						{"origin": [-1.85, 16.95, -9.8], "size": [1, 1, 3], "uv": [88, 87]},
						{"origin": [-1.925, 17.25, -8.9], "size": [1, 1, 1], "pivot": [-1.975, 17.25, -8.9], "rotation": [21, 0, 0], "uv": [18, 63]},
						{"origin": [0.925, 17.25, -8.9], "size": [1, 1, 1], "pivot": [1.975, 17.25, -8.9], "rotation": [21, 0, 0], "uv": [62, 52]},
						{"origin": [1.075, 19.325, -11.75], "size": [1, 1, 2], "uv": [50, 74]},
						{"origin": [0.725, 19.325, -10.5], "size": [1, 1, 2], "inflate": -0.001, "uv": [40, 73]},
						{"origin": [-1.55, 17.65, -8.1], "size": [1, 4, 1], "inflate": 0.301, "uv": [44, 34]},
						{"origin": [0.55, 17.65, -8.1], "size": [1, 4, 1], "inflate": 0.301, "uv": [0, 0]},
						{"origin": [-1.85, 20.95, -9.05], "size": [1, 1, 1], "uv": [62, 50]},
						{"origin": [-1.85, 20.95, -9.05], "size": [1, 1, 2], "inflate": -0.001, "pivot": [-1.9, 20.95, -9.05], "rotation": [-32, 0, 0], "uv": [25, 73]},
						{"origin": [-1.75, 16.95, -8.3], "size": [1, 5, 12], "inflate": 0.002, "uv": [68, 130]},
						{"origin": [-1.5, 16.95, -10.55], "size": [3, 5, 3], "inflate": -0.001, "uv": [75, 56]},
						{"origin": [-1, 14.2, -10.3], "size": [2, 3, 1], "inflate": -0.1, "pivot": [-1, 17.2, -10.3], "rotation": [19, 0, 0], "uv": [25, 57]},
						{"origin": [-1.75, 19.45, 3.7], "size": [1, 3, 2], "inflate": 0.001, "uv": [42, 29]},
						{"origin": [-2, 19.65, 5.7], "size": [4, 3, 4], "inflate": 0.001, "uv": [0, 72]},
						{"origin": [1.2, 20.65, 6.7], "size": [1, 1, 1], "inflate": 0.001, "pivot": [-1.8, 20.65, 6.7], "rotation": [-27, 0, 0], "uv": [61, 37]},
						{"origin": [-2.2, 20.65, 6.7], "size": [1, 1, 1], "inflate": 0.001, "pivot": [1.8, 20.65, 6.7], "rotation": [-27, 0, 0], "uv": [61, 35]},
						{"origin": [-2, 19.65, 9.7], "size": [4, 2, 3], "pivot": [-2, 19.65, 9.7], "rotation": [59.5, 0, 0], "uv": [75, 64]},
						{"origin": [-1.75, 17.95, 3.45], "size": [1, 2, 3], "pivot": [-1.75, 17.95, 3.45], "rotation": [43, 0, 0], "uv": [85, 0]},
						{"origin": [-1.25, 17.95, 3.45], "size": [3, 2, 3], "inflate": -0.001, "pivot": [1.75, 17.95, 3.45], "rotation": [43, 0, 0], "uv": [75, 80]},
						{"origin": [-1.25, 19.45, 3.7], "size": [3, 3, 2], "uv": [84, 24]},
						{"origin": [-2, 18.25, -15.4], "size": [4, 5, 5], "pivot": [-2, 18.25, -15.4], "rotation": [-15, 0, 0], "uv": [50, 25]},
						{"origin": [-0.75, 21.75, -54.3], "size": [4, 4, 20], "inflate": -0.35, "pivot": [2.25, 19.75, -54.3], "rotation": [0, 0, -20], "uv": [0, 24]},
						{"origin": [-0.85, 17.85, -13.3], "size": [3, 1, 3], "inflate": -0.002, "pivot": [2, 18.25, -15.4], "rotation": [-15, 0, 0], "uv": [50, 83]},
						{"origin": [-0.85, 17.85, -15.5], "size": [3, 1, 3], "inflate": 0.001, "pivot": [2, 18.25, -15.4], "rotation": [-15, 0, 0], "uv": [25, 82]},
						{"origin": [-2.15, 17.85, -15.5], "size": [3, 1, 3], "inflate": 0.002, "pivot": [-2, 18.25, -15.4], "rotation": [-15, 0, 0], "uv": [9, 82]},
						{"origin": [-2.15, 17.85, -13.3], "size": [3, 1, 3], "inflate": -0.001, "pivot": [-2, 18.25, -15.4], "rotation": [-15, 0, 0], "uv": [28, 40]},
						{"origin": [1.125, 18.075, -15.25], "size": [1, 3, 3], "pivot": [-1.875, 18.075, -14.25], "rotation": [-9, 0, 0], "uv": [34, 85]},
						{"origin": [-2.125, 19.75, -14.4], "size": [1, 2, 3], "pivot": [-1.125, 18.75, -15.4], "rotation": [-15, 0, 0], "uv": [84, 50]},
						{"origin": [-2, 22.75, -12.4], "size": [4, 1, 2], "inflate": -0.001, "pivot": [-2, 18.25, -15.4], "rotation": [-15, 0, 0], "uv": [33, 57]},
						{"origin": [-2, 18.25, -15.15], "size": [4, 5, 1], "inflate": -0.001, "uv": [13, 48]},
						{"origin": [-2, 20.4, -15.15], "size": [4, 2, 2], "inflate": -0.002, "pivot": [-2, 20.4, -15.15], "rotation": [45, 0, 0], "uv": [0, 40]},
						{"origin": [1.25, 22.55, -18], "size": [1, 1, 23], "pivot": [2.25, 22.55, -18], "rotation": [0, 0, -49.5], "uv": [0, 72]},
						{"origin": [-1.95, 24.42, -18], "size": [2, 1, 5], "inflate": -0.001, "pivot": [-0.4, 25.24, -18], "rotation": [0, 0, -35], "uv": [75, 50]},
						{"origin": [-1.95, 24.42, -8], "size": [2, 1, 13], "inflate": -0.001, "pivot": [-0.4, 25.24, -8], "rotation": [0, 0, -35], "uv": [127, 87]},
						{"origin": [0.125, 26.17, -18], "size": [1, 1, 23], "inflate": -0.001, "pivot": [0.575, 27.14, -18], "rotation": [0, 0, 29], "uv": [53, 0]},
						{"origin": [-1.25, 25.925, -39], "size": [1, 1, 2], "pivot": [-1.25, 25.925, -39], "rotation": [0, 0, 49.5], "uv": [70, 8]},
						{"origin": [-1.25, 25.925, -39], "size": [1, 1, 2], "inflate": 0.001, "pivot": [-1.25, 25.925, -39], "rotation": [0, 0, 11], "uv": [70, 5]},
						{"origin": [-1.125, 26.17, -39], "size": [1, 1, 2], "inflate": -0.001, "pivot": [-0.575, 27.14, -39], "rotation": [0, 0, -29], "uv": [67, 68]},
						{"origin": [-0.5, 26.68, -38.7], "size": [1, 1, 2], "inflate": -0.3, "uv": [66, 63]},
						{"origin": [0.25, 25.925, -39], "size": [1, 1, 2], "pivot": [1.25, 25.925, -39], "rotation": [0, 0, -49.5], "uv": [66, 60]},
						{"origin": [0.25, 25.925, -39], "size": [1, 1, 2], "inflate": 0.001, "pivot": [1.25, 25.925, -39], "rotation": [0, 0, -11], "uv": [41, 63]},
						{"origin": [0.125, 26.17, -39], "size": [1, 1, 2], "inflate": -0.001, "pivot": [0.575, 27.14, -39], "rotation": [0, 0, 29], "uv": [63, 16]},
						{"origin": [0.25, 25.925, -18], "size": [1, 1, 23], "pivot": [1.25, 25.925, -18], "rotation": [0, 0, -11], "uv": [50, 50]},
						{"origin": [0.25, 25.925, -18], "size": [1, 1, 23], "inflate": -0.001, "pivot": [1.25, 25.925, -18], "rotation": [0, 0, -49.5], "uv": [50, 26]},
						{"origin": [-0.075, 26.07, -37], "size": [1, 1, 16], "inflate": -0.001, "pivot": [0.375, 27.04, -37], "rotation": [0, 0, 29], "uv": [46, 118]},
						{"origin": [-0.075, 26.07, -19], "size": [1, 1, 1], "inflate": -0.001, "pivot": [0.375, 27.04, -19], "rotation": [0, 0, 29], "uv": [25, 61]},
						{"origin": [0.15, 25.825, -37], "size": [1, 1, 6], "pivot": [1.15, 25.825, -37], "rotation": [0, 0, -15], "uv": [62, 7]},
						{"origin": [0.15, 25.825, -19], "size": [1, 1, 1], "pivot": [1.15, 25.825, -19], "rotation": [0, 0, -15], "uv": [17, 60]},
						{"origin": [0.15, 25.825, -37], "size": [1, 1, 19], "pivot": [1.15, 25.825, -37], "rotation": [0, 0, -49.5], "uv": [25, 118]},
						{"origin": [-0.95, 26.07, -37], "size": [1, 1, 19], "inflate": -0.001, "pivot": [-0.4, 27.04, -37], "rotation": [0, 0, -29], "uv": [116, 111]},
						{"origin": [-1.15, 25.825, -37], "size": [1, 1, 19], "pivot": [-1.15, 25.825, -37], "rotation": [0, 0, 14], "uv": [101, 0]},
						{"origin": [-1.15, 25.825, -37], "size": [1, 1, 19], "pivot": [-1.15, 25.825, -37], "rotation": [0, 0, 49.5], "uv": [98, 73]},
						{"origin": [-1.125, 26.17, -18], "size": [1, 1, 23], "inflate": -0.001, "pivot": [-0.575, 27.14, -18], "rotation": [0, 0, -29], "uv": [25, 49]},
						{"origin": [-1.25, 25.925, -18], "size": [1, 1, 5], "pivot": [-1.25, 25.925, -18], "rotation": [0, 0, 11], "uv": [59, 80]},
						{"origin": [-1.55, 26.225, -13.4], "size": [1, 1, 6], "inflate": -0.301, "pivot": [-1.25, 25.925, -13], "rotation": [0, 0, 11], "uv": [9, 56]},
						{"origin": [-1.25, 25.925, -8], "size": [1, 1, 13], "pivot": [-1.25, 25.925, -8], "rotation": [0, 0, 11], "uv": [124, 132]},
						{"origin": [-0.5, 26.68, -17.7], "size": [1, 1, 23], "inflate": -0.3, "uv": [0, 48]},
						{"origin": [-1.5, 25.53, -7.05], "size": [3, 2, 2], "inflate": -0.1, "uv": [38, 25]},
						{"origin": [0.575, 25.43, -6.625], "size": [1, 2, 1.2], "inflate": -0.1, "uv": [19, 14]},
						{"origin": [0.575, 25.43, -14.625], "size": [1, 2, 1.2], "inflate": -0.1, "uv": [19, 14]},
						{"origin": [-1.575, 25.43, -14.625], "size": [1, 2, 1.2], "inflate": -0.1, "uv": [19, 14], "mirror": true},
						{"origin": [-1.575, 25.43, -6.625], "size": [1, 2, 1.2], "inflate": -0.1, "uv": [19, 14], "mirror": true},
						{"origin": [-1.5, 25.53, -15.05], "size": [3, 2, 2], "inflate": -0.1, "uv": [10, 24]},
						{"origin": [-0.5, 26.68, -18.3], "size": [1, 1, 2], "inflate": -0.299, "uv": [62, 10]},
						{"origin": [-0.5, 26.68, 4.8], "size": [1, 1, 4], "inflate": -0.2, "uv": [83, 81]},
						{"origin": [-1.25, 26.53, 0.3], "size": [2, 1, 4], "uv": [61, 35]},
						{"origin": [-1.42, 26.38, 0.625], "size": [2, 2, 2], "inflate": -0.15, "pivot": [-1.425, 29.53, 0.625], "rotation": [33.4032, 39.85571, 22.90981], "uv": [6, 90]},
						{"origin": [-0.42, 28.08, 0.625], "size": [1, 1, 2], "inflate": -0.15, "pivot": [-1.425, 29.53, 0.625], "rotation": [33.4032, 39.85571, 22.90981], "uv": [62, 7]},
						{"origin": [-0.58, 28.08, 0.625], "size": [1, 1, 2], "inflate": -0.151, "pivot": [1.425, 29.53, 0.625], "rotation": [33.4032, -39.85571, -22.90981], "uv": [58, 60]},
						{"origin": [-0.75, 26.53, 0.3], "size": [2, 1, 4], "inflate": -0.001, "uv": [11, 0]},
						{"origin": [0.45, 27.33, 2.5], "size": [1, 2, 2], "inflate": -0.2, "pivot": [1.25, 27.53, 4.3], "rotation": [15, 0, 0], "uv": [17, 56]},
						{"origin": [-1.45, 27.33, 2.5], "size": [1, 2, 2], "inflate": -0.199, "pivot": [-1.25, 27.53, 4.3], "rotation": [15, 0, 0], "uv": [9, 56]},
						{"origin": [-0.95, 27.33, 2.5], "size": [2, 1, 2], "inflate": -0.201, "pivot": [-0.75, 27.53, 4.3], "rotation": [15, 0, 0], "uv": [78, 18]},
						{"origin": [-1.45, 26.855, 2.15], "size": [1, 2, 1], "inflate": -0.201, "uv": [28, 25]},
						{"origin": [0.45, 26.855, 2.15], "size": [1, 2, 1], "inflate": -0.202, "uv": [18, 20]},
						{"origin": [-0.5, 26.68, 8.2], "size": [1, 1, 2], "inflate": -0.201, "uv": [50, 60]},
						{"origin": [-0.15, 24.68, -18], "size": [1, 1, 23], "uv": [28, 1]},
						{"origin": [-1, 24.78, -36.25], "size": [2, 1, 2], "uv": [75, 42]},
						{"origin": [-0.85, 24.68, -18], "size": [1, 1, 5], "uv": [34, 79]},
						{"origin": [-0.85, 24.68, -8], "size": [1, 1, 13], "uv": [109, 131]},
						{"origin": [-1, 24.88, 5], "size": [2, 1, 5], "uv": [75, 36]},
						{"origin": [-0.5, 23.68, -38.9], "size": [1, 2, 2], "inflate": 0.11, "uv": [0, 56]},
						{"origin": [-1.25, 25.925, -18], "size": [1, 1, 5], "inflate": -0.001, "pivot": [-1.25, 25.925, -18], "rotation": [0, 0, 49.5], "uv": [0, 79]},
						{"origin": [-1.25, 25.925, -8], "size": [1, 1, 13], "inflate": -0.001, "pivot": [-1.25, 25.925, -8], "rotation": [0, 0, 49.5], "uv": [94, 130]},
						{"origin": [0.225, 26.27, 5], "size": [1, 1, 5], "inflate": -0.001, "pivot": [0.675, 27.24, 5], "rotation": [0, 0, 29], "uv": [78, 12]},
						{"origin": [0.35, 26.025, 5], "size": [1, 1, 4], "pivot": [1.35, 26.025, 5], "rotation": [0, 0, -11], "uv": [25, 66]},
						{"origin": [0.35, 26.025, 5], "size": [1, 1, 4], "pivot": [1.35, 26.025, 5], "rotation": [0, 0, -49.5], "uv": [65, 0]},
						{"origin": [-1.35, 26.025, 5], "size": [1, 1, 4], "pivot": [-1.35, 26.025, 5], "rotation": [0, 0, 49.5], "uv": [63, 25]},
						{"origin": [-1.35, 26.025, 5], "size": [1, 1, 4], "pivot": [-1.35, 26.025, 5], "rotation": [0, 0, 11], "uv": [62, 50]},
						{"origin": [-1.175, 24, 9], "size": [1, 3, 1], "pivot": [-1.175, 27, 9], "rotation": [0, 0, 21.25], "uv": [0, 24]},
						{"origin": [-0.925, 24, 6], "size": [1, 3, 1], "pivot": [-0.925, 27, 6], "rotation": [0, 0, 21.25], "uv": [19, 0]},
						{"origin": [-0.075, 24, 6], "size": [1, 3, 1], "pivot": [0.925, 27, 6], "rotation": [0, 0, -21.25], "uv": [0, 17]},
						{"origin": [-1.075, 24.2, 9.975], "size": [1, 1, 1], "pivot": [-1.175, 27, 10], "rotation": [0, 0, 21.25], "uv": [9, 60]},
						{"origin": [0.075, 24.2, 9.975], "size": [1, 1, 1], "pivot": [1.175, 27, 10], "rotation": [0, 0, -21.25], "uv": [44, 56]},
						{"origin": [-1.5, 22.2, 9.975], "size": [3, 3, 1], "inflate": 0.001, "uv": [90, 9]},
						{"origin": [-0.5, 19.5, 9.725], "size": [1, 3, 2], "inflate": 0.001, "uv": [14, 28]},
						{"origin": [-1.5, 21.5, 10.725], "size": [3, 3, 3], "inflate": -0.2, "pivot": [0, 23, 10.725], "rotation": [0, 0, 23], "uv": [78, 6]},
						{"origin": [-1.075, 26, 10.25], "size": [1, 1, 2], "pivot": [-1.075, 27, 10.25], "rotation": [-70, 0, 21.25], "uv": [41, 60]},
						{"origin": [-0.5, 26, 9.85], "size": [1, 1, 2], "inflate": 0.002, "pivot": [-1.075, 27, 10.25], "rotation": [-70, 0, 0], "uv": [33, 60]},
						{"origin": [-0.5, 26, 11.25], "size": [1, 1, 1], "inflate": 0.003, "pivot": [-1.075, 27, 10.25], "rotation": [-70, 0, 0], "uv": [50, 54]},
						{"origin": [-1, 26, 10.15], "size": [1, 1, 2], "pivot": [-1.075, 27, 10.25], "rotation": [-70.62994, -5.07855, 14.13272], "uv": [0, 60]},
						{"origin": [0, 26, 10.15], "size": [1, 1, 2], "inflate": 0.001, "pivot": [1.075, 27, 10.25], "rotation": [-70.62994, 5.07855, -14.13272], "uv": [58, 57]},
						{"origin": [0.075, 26, 10.25], "size": [1, 1, 2], "pivot": [1.075, 27, 10.25], "rotation": [-70, 0, -21.25], "uv": [50, 57]},
						{"origin": [0.175, 24, 9], "size": [1, 3, 1], "pivot": [1.175, 27, 9], "rotation": [0, 0, -21.25], "uv": [11, 0]},
						{"origin": [-1.225, 26.27, 5], "size": [1, 1, 5], "inflate": -0.001, "pivot": [-0.675, 27.24, 5], "rotation": [0, 0, -29], "uv": [78, 0]},
						{"origin": [-2.25, 22.55, -18], "size": [1, 1, 23], "pivot": [-2.25, 22.55, -18], "rotation": [0, 0, 49.5], "uv": [25, 25]},
						{"origin": [-2.25, 22.55, -18], "size": [1, 2, 5], "pivot": [-2.25, 22.55, -18], "rotation": [0, 0, 14], "uv": [11, 74]},
						{"origin": [1.25, 22.55, -18], "size": [1, 2, 5], "pivot": [2.25, 22.55, -18], "rotation": [0, 0, -14], "uv": [64, 14]},
						{"origin": [1.45, 23.75, -13.2], "size": [1, 1, 19], "inflate": -0.2, "pivot": [2.25, 22.55, -18], "rotation": [0, 0, -14], "uv": [98, 47]},
						{"origin": [-2.45, 23.75, -13.2], "size": [1, 1, 19], "inflate": -0.2, "pivot": [-2.25, 22.55, -18], "rotation": [0, 0, 14], "uv": [98, 23]},
						{"origin": [1, 22.55, -13], "size": [1, 2, 18], "pivot": [2, 22.55, -13], "rotation": [0, 0, -14], "uv": [0, 120]},
						{"origin": [-2, 22.55, -13], "size": [1, 2, 18], "pivot": [-2, 22.55, -13], "rotation": [0, 0, 14], "uv": [119, 67]},
						{"origin": [-0.05, 24.42, -18], "size": [2, 1, 23], "inflate": -0.001, "pivot": [0.4, 25.24, -18], "rotation": [0, 0, 35], "uv": [0, 0]},
						{"origin": [0.25, 24.42, 5], "size": [2, 1, 5], "inflate": -0.001, "pivot": [0.6, 25.24, 5], "rotation": [0, 0, 35], "uv": [75, 30]},
						{"origin": [1.7, 22.55, 5], "size": [1, 2, 6], "pivot": [2.7, 22.55, 5], "rotation": [0, 0, -14], "uv": [50, 74]},
						{"origin": [1.55, 22.35, 10.75], "size": [1, 2, 18], "inflate": -0.1, "pivot": [2.55, 22.35, 10.75], "rotation": [0, 0, -14], "uv": [119, 43]},
						{"origin": [-2.5, 22.35, 27.65], "size": [5, 2, 4], "uv": [0, 17]},
						{"origin": [1.5, 20.35, 29.65], "size": [1, 2, 2], "pivot": [2.5, 22.35, 29.65], "rotation": [3, 0, 35], "uv": [53, 16]},
						{"origin": [-2.5, 20.35, 29.65], "size": [1, 2, 2], "pivot": [-2.5, 22.35, 29.65], "rotation": [3, 0, -35], "uv": [53, 7]},
						{"origin": [1.5, 24.35, 27.65], "size": [1, 2, 4], "inflate": -0.001, "pivot": [2.5, 24.35, 27.65], "rotation": [0, 0, -43], "uv": [41, 12]},
						{"origin": [1.15, 24.35, 27.85], "size": [1, 2, 4], "pivot": [2.15, 24.35, 28.65], "rotation": [9.6658, 2.57594, -27.78217], "uv": [41, 0]},
						{"origin": [-2.5, 24.35, 27.65], "size": [1, 2, 4], "inflate": -0.001, "pivot": [-2.5, 24.35, 27.65], "rotation": [0, 0, 43], "uv": [38, 36]},
						{"origin": [-2.15, 24.35, 27.85], "size": [1, 2, 4], "pivot": [-2.15, 24.35, 28.65], "rotation": [9.6658, -2.57594, 27.78217], "uv": [10, 36]},
						{"origin": [-1, 24.25, 27.55], "size": [2, 2, 4], "pivot": [1, 26.25, 28.55], "rotation": [11, 0, 0], "uv": [75, 74]},
						{"origin": [-1.5, 22.85, 30.85], "size": [3, 2, 1], "pivot": [1.5, 24.85, 31.85], "rotation": [-5, 0, 0], "uv": [57, 68]},
						{"origin": [-1.5, 14.35, 29.4], "size": [3, 8, 1], "inflate": 0.05, "pivot": [1.5, 22.35, 29.4], "rotation": [11, 0, 0], "uv": [27, 12]},
						{"origin": [-1.5, 14.35, 30.65], "size": [3, 8, 1], "inflate": 0.045, "pivot": [1.5, 22.35, 30.65], "rotation": [3, 0, 0], "uv": [27, 0]},
						{"origin": [-2.55, 22.35, 10.75], "size": [1, 2, 18], "inflate": -0.1, "pivot": [-2.55, 22.35, 10.75], "rotation": [0, 0, 14], "uv": [119, 20]},
						{"origin": [1.7, 22.55, 5], "size": [1, 2, 6], "pivot": [2.7, 22.55, 5], "rotation": [0, 0, -49.5], "uv": [25, 73]},
						{"origin": [-2.25, 24.42, 5], "size": [2, 1, 5], "inflate": -0.001, "pivot": [-0.6, 25.24, 5], "rotation": [0, 0, -35], "uv": [75, 24]},
						{"origin": [-2.7, 22.55, 5], "size": [1, 2, 6], "pivot": [-2.7, 22.55, 5], "rotation": [0, 0, 14], "uv": [58, 60]},
						{"origin": [-2.7, 22.55, 5], "size": [1, 2, 6], "pivot": [-2.7, 22.55, 5], "rotation": [0, 0, 49.5], "uv": [33, 60]},
						{"origin": [-1, 22.3, -45.05], "size": [2, 2, 10], "inflate": -0.3, "pivot": [0, 23.3, -45.05], "rotation": [0, 0, -20], "uv": [27, 0]},
						{"origin": [-1, 22.3, -39.15], "size": [2, 2, 3], "inflate": -0.15, "pivot": [0, 23.3, -39.15], "rotation": [0, 0, -20], "uv": [38, 49]}
					]
				},
				{
					"name": "frontsight",
					"parent": "gun",
					"pivot": [0, 26.9, -38.1],
					"cubes": [
						{"origin": [-1, 25.65, -39.1], "size": [2, 3, 2], "inflate": -0.098, "uv": [84, 36]},
						{"origin": [-1, 26.65, -38.5], "size": [2, 2, 2], "inflate": -0.099, "uv": [50, 87]},
						{"origin": [-0.5, 26.55, -39], "size": [1, 3, 2], "inflate": -0.35, "uv": [16, 5]},
						{"origin": [0.1, 27.5, -39.3], "size": [1, 2, 3], "inflate": -0.301, "pivot": [0.8, 28.3, -39], "rotation": [0, 0, 28], "uv": [84, 30]},
						{"origin": [0.52, 28.79, -39.3], "size": [1, 1, 3], "inflate": -0.302, "pivot": [1.2, 29.1, -39], "rotation": [0, 0, -15], "uv": [87, 16]},
						{"origin": [-0.7, 29.74, -39.3], "size": [1, 1, 3], "inflate": -0.3, "pivot": [0, 30.45, -39], "rotation": [0, 0, -22], "uv": [13, 87]},
						{"origin": [-1.1, 29.74, -39.3], "size": [1, 1, 3], "inflate": -0.3, "pivot": [0, 30.45, -39], "rotation": [0, 0, -22], "uv": [87, 5]},
						{"origin": [-1.35, 29.74, -39.3], "size": [1, 1, 3], "inflate": -0.299, "pivot": [0, 30.45, -39], "rotation": [0, 0, -22], "uv": [83, 86]},
						{"origin": [0.1, 29.74, -39.3], "size": [1, 1, 3], "inflate": -0.3, "pivot": [0, 30.45, -39], "rotation": [0, 0, 22], "uv": [86, 66]},
						{"origin": [-0.3, 29.74, -39.3], "size": [1, 1, 3], "inflate": -0.299, "pivot": [0, 30.45, -39], "rotation": [0, 0, 22], "uv": [86, 61]},
						{"origin": [0.35, 29.74, -39.3], "size": [1, 1, 3], "inflate": -0.299, "pivot": [0, 30.45, -39], "rotation": [0, 0, 22], "uv": [59, 86]},
						{"origin": [0.52, 29.18, -39.3], "size": [1, 1, 3], "inflate": -0.3, "pivot": [1.2, 29.1, -39], "rotation": [0, 0, -15], "uv": [86, 55]},
						{"origin": [0.52, 29.38, -39.3], "size": [1, 1, 3], "inflate": -0.301, "pivot": [1.2, 29.1, -39], "rotation": [0, 0, -15], "uv": [86, 41]},
						{"origin": [-1.52, 29.38, -39.3], "size": [1, 1, 3], "inflate": -0.301, "pivot": [-1.2, 29.1, -39], "rotation": [0, 0, 15], "uv": [25, 86]},
						{"origin": [-1.52, 29.18, -39.3], "size": [1, 1, 3], "inflate": -0.3, "pivot": [-1.2, 29.1, -39], "rotation": [0, 0, 15], "uv": [8, 86]},
						{"origin": [-1.52, 28.79, -39.3], "size": [1, 1, 3], "inflate": -0.302, "pivot": [-1.2, 29.1, -39], "rotation": [0, 0, 15], "uv": [85, 12]},
						{"origin": [-1.1, 27.5, -39.3], "size": [1, 2, 3], "inflate": -0.301, "pivot": [-0.8, 28.3, -39], "rotation": [0, 0, -28], "uv": [65, 55]}
					]
				},
				{
					"name": "action",
					"parent": "main",
					"pivot": [-0.15, 25.24, -13],
					"cubes": [
						{"origin": [-1.7, 24.42, -13], "size": [1, 1, 5], "inflate": -0.001, "pivot": [-0.15, 25.24, -13], "rotation": [0, 0, -35], "uv": [58, 74]},
						{"origin": [-0.8, 24.62, -13], "size": [1, 2, 5], "inflate": -0.001, "pivot": [-0.25, 25.44, -13], "rotation": [0, 0, -11], "uv": [11, 63]},
						{"origin": [-1, 25.82, -13], "size": [1, 1, 5], "inflate": -0.001, "pivot": [-0.45, 26.64, -13], "rotation": [0, 0, 4], "uv": [33, 73]}
					]
				},
				{
					"name": "bolt",
					"parent": "main",
					"pivot": [1.05, 26.3, -31],
					"cubes": [
						{"origin": [0.05, 26.025, -31], "size": [1, 1, 12], "pivot": [1.05, 26.025, -31], "rotation": [0, 0, -30], "uv": [53, 135]},
						{"origin": [1.25, 26.375, -31.55], "size": [2, 1, 1], "pivot": [3.25, 26.375, -31.55], "rotation": [0, 14, -14], "uv": [38, 54]},
						{"origin": [0.75, 26.375, -31.15], "size": [1, 1, 1], "inflate": -0.1, "pivot": [3.25, 26.375, -31.55], "rotation": [0, 3, -14], "uv": [44, 54]}
					]
				},
				{
					"name": "magazine",
					"parent": "main",
					"pivot": [-1.5, 10.2, -13.2],
					"cubes": [
						{"origin": [-1.5, 10.2, -17.2], "size": [3, 12, 4], "pivot": [-1.5, 10.2, -13.2], "rotation": [-16, 0, 0], "uv": [0, 24]},
						{"origin": [-1.5, -0.8, -17.2], "size": [3, 11, 4], "inflate": -0.001, "pivot": [-1.5, 10.2, -13.2], "rotation": [-25, 0, 0], "uv": [28, 25]}
					]
				},
				{
					"name": "rightarm",
					"parent": "main",
					"pivot": [-4.3, 8.8, 21.8],
					"rotation": [-101.81106, -12.40003, -2.46982],
					"cubes": [
						{"origin": [-8.3, -15.2, 17.8], "size": [8, 24, 8], "uv": [103, 98]}
					]
				},
				{
					"name": "leftarm",
					"parent": "main",
					"pivot": [11.35, 8.6, -7.4],
					"rotation": [-127.61483, 1.67666, -38.31282],
					"cubes": [
						{"origin": [7.35, -15.4, -11.4], "size": [8, 24, 8], "uv": [71, 98]}
					]
				},
				{
					"name": "scope",
					"parent": "main",
					"pivot": [-0.05, 31.6, 1.55],
					"cubes": [
						{"origin": [-0.55, 31.1, 1.05], "size": [1, 1, 1], "inflate": -0.4, "uv": [50, 37]}
					]
				},
				{
					"name": "muzzleflash",
					"parent": "main",
					"pivot": [-0.075, 23.175, -54.3],
					"cubes": [
						{"origin": [-0.575, 22.675, -54.6], "size": [1, 1, 1], "inflate": -0.4, "uv": [50, 35]}
					]
				},
				{
					"name": "handguard",
					"parent": "main",
					"pivot": [0.00124, 22.88738, -28.45075],
					"cubes": [
						{"origin": [1.58958, 22.06398, -38.95], "size": [1, 2.25, 21.9], "uv": [0, 97]},
						{"origin": [1.5909, 22.31519, -38.951], "size": [1, 2.25, 21.9], "inflate": -0.001, "pivot": [0.17819, 23.31469, -32.451], "rotation": [0, 0, -45], "uv": [27, 95]},
						{"origin": [1.41613, 21.88741, -38.952], "size": [1, 2.25, 21.9], "inflate": -0.002, "pivot": [0.00141, 22.88791, -32.451], "rotation": [0, 0, 45], "uv": [78, 0]},
						{"origin": [-1.25141, 20.47582, -38.95], "size": [2.25, 1, 21.9], "uv": [50, 74]},
						{"origin": [-1.35141, 20.77582, -38.95], "size": [2.45, 1.2, 1.025], "uv": [53, 4]},
						{"origin": [-1.95141, 21.97582, -38.95], "size": [3.65, 1.2, 1.025], "uv": [12, 42]},
						{"origin": [-1.95141, 23.17582, -38.95], "size": [3.65, 1.225, 1.025], "uv": [40, 42]},
						{"origin": [-1.35141, 24.40082, -38.95], "size": [2.45, 1, 1.025], "uv": [53, 20]},
						{"origin": [-1.35141, 20.77582, -18.075], "size": [2.45, 1.2, 1.025], "uv": [53, 4]},
						{"origin": [-1.95141, 21.97582, -18.075], "size": [3.65, 1.2, 1.025], "uv": [12, 42]},
						{"origin": [-1.45141, 21.97582, -17.075], "size": [2.85, 1.2, 1.025], "uv": [0, 53]},
						{"origin": [-1.95141, 23.17582, -18.075], "size": [3.65, 1.225, 1.025], "uv": [40, 42]},
						{"origin": [-1.35141, 24.40082, -18.075], "size": [2.45, 1, 1.025], "uv": [53, 20]},
						{"origin": [-2.66613, 21.88741, -38.952], "size": [1, 2.25, 21.9], "inflate": -0.002, "pivot": [-0.25141, 22.88791, -32.451], "rotation": [0, 0, -45], "uv": [75, 75]},
						{"origin": [-2.83958, 22.06398, -38.95], "size": [1, 2.25, 21.9], "uv": [75, 50]},
						{"origin": [-2.8409, 22.31519, -38.951], "size": [1, 2.25, 21.9], "inflate": -0.001, "pivot": [-0.42819, 23.31469, -32.451], "rotation": [0, 0, 45], "uv": [75, 24]},
						{"origin": [-1.25, 24.90355, -38.95], "size": [2.25, 1, 21.9], "uv": [25, 73]}
					]
				},
				{
					"name": "rail",
					"parent": "main",
					"pivot": [0, 27.6, -1.05],
					"cubes": [
						{"origin": [-0.7, 27.225, -15.55], "size": [2, 1, 11], "inflate": -0.2, "uv": [137, 113]},
						{"origin": [-1.3, 27.225, -15.55], "size": [2, 1, 11], "inflate": -0.201, "uv": [137, 101]},
						{"origin": [-1, 27.00355, -15.325], "size": [2, 1, 10.55], "uv": [27, 12]}
					]
				},
				{
					"name": "optic",
					"parent": "main",
					"pivot": [-2.125, 30.95, -13.6],
					"cubes": [
						{"origin": [-2.325, 30.875, -13.8], "size": [3.4, 1, 7.9], "inflate": -0.3, "pivot": [-2.125, 31.075, -13.6], "rotation": [0, 0, 32], "uv": [25, 49]},
						{"origin": [-2.325, 33.275, -13.8], "size": [3.4, 1, 7.9], "inflate": -0.3, "pivot": [-2.125, 31.075, -13.6], "rotation": [0, 0, 32], "uv": [0, 48]},
						{"origin": [-2.325, 31.275, -13.8], "size": [1, 2.6, 7.9], "inflate": -0.3, "pivot": [-2.125, 31.075, -13.6], "rotation": [0, 0, 32], "uv": [0, 56]},
						{"origin": [0.075, 31.275, -13.8], "size": [1, 2.6, 7.9], "inflate": -0.3, "pivot": [-2.125, 31.075, -13.6], "rotation": [0, 0, 32], "uv": [53, 7]},
						{"origin": [-2.575, 30.675, -13.3], "size": [1, 3.8, 6.4], "inflate": -0.3, "pivot": [-2.125, 31.075, -13.6], "rotation": [0, 0, 32], "uv": [50, 57]},
						{"origin": [0.325, 30.675, -13.3], "size": [1, 3.8, 6.4], "inflate": -0.3, "pivot": [-2.125, 31.075, -13.6], "rotation": [0, 0, 32], "uv": [25, 57]},
						{"origin": [-2.175, 33.475, -13.3], "size": [3.1, 1, 6.4], "inflate": -0.3, "pivot": [-2.125, 31.075, -13.6], "rotation": [0, 0, 32], "uv": [53, 0]},
						{"origin": [-2.175, 30.675, -13.3], "size": [3.1, 1, 6.4], "inflate": -0.3, "pivot": [-2.125, 31.075, -13.6], "rotation": [0, 0, 32], "uv": [50, 50]},
						{"origin": [-2.85, 31.175, -12.75], "size": [1.6, 3, 3], "inflate": -0.199, "pivot": [-1.9, 31.575, -13.05], "rotation": [-29.25, 0, 0], "uv": [0, 85]},
						{"origin": [-2.1, 33.275, -12.85], "size": [1.3, 1, 3.1], "inflate": -0.3, "pivot": [-1.9, 31.575, -13.05], "rotation": [-29.25, 0, 0], "uv": [62, 68]},
						{"origin": [-1.8, 33.175, -12.85], "size": [1.3, 1.1, 1.5], "inflate": -0.301, "pivot": [-1.9, 31.575, -13.05], "rotation": [-29.25, 0, 0], "uv": [50, 27]},
						{"origin": [-2.1, 32.375, -12.85], "size": [1.3, 1.5, 1.1], "inflate": -0.3, "pivot": [-1.9, 31.575, -13.05], "rotation": [-29.25, 0, 0], "uv": [50, 25]},
						{"origin": [-2.125, 31.075, -11.85], "size": [1.3, 1, 2.2], "inflate": -0.3, "pivot": [-1.925, 31.575, -13.05], "rotation": [-29.25, 0, 0], "uv": [25, 53]},
						{"origin": [-2.125, 31.475, -10.65], "size": [1.3, 1, 1], "inflate": -0.3, "pivot": [-1.925, 31.575, -13.05], "rotation": [-29.25, 0, 0], "uv": [47, 14]},
						{"origin": [-1.3, 27.25, -13.05], "size": [2.6, 1.25, 6], "inflate": 0.001, "uv": [53, 16]},
						{"origin": [0.3, 28.35, -12.75], "size": [1, 2.15, 2], "inflate": -0.1, "uv": [53, 0]},
						{"origin": [0.2, 28.35, -11], "size": [1, 1.95, 2], "inflate": -0.1, "uv": [53, 11]},
						{"origin": [0.3, 28.35, -9.25], "size": [1, 2.15, 2], "inflate": -0.1, "uv": [50, 50]},
						{"origin": [-1.4, 29.45, -12.75], "size": [1, 1.25, 2], "inflate": -0.1, "uv": [14, 33]},
						{"origin": [-1.4, 28.35, -9.25], "size": [1, 2.35, 2], "inflate": -0.1, "uv": [25, 49]},
						{"origin": [-2.75, 31.125, -9.5], "size": [1.6, 2, 2], "inflate": -0.3, "pivot": [-1.8, 31.525, -9.8], "rotation": [-29.25, 0, 0], "uv": [16, 10]},
						{"origin": [-0.575, 33.075, -8.3], "size": [1.1, 1, 1], "uv": [47, 12]},
						{"origin": [-0.575, 33.075, -10.05], "size": [1.1, 1, 1], "inflate": 0.001, "uv": [47, 2]},
						{"origin": [-0.775, 33.275, -11.55], "size": [1.5, 1, 1.7], "inflate": -0.2, "pivot": [0.525, 34.075, -10.05], "rotation": [26, 0, 0], "uv": [47, 0]},
						{"origin": [-0.325, 32.925, -8.8], "size": [1, 1.35, 1], "inflate": -0.1, "pivot": [0.675, 33.275, -8.8], "rotation": [0, -34, 0], "uv": [41, 14]},
						{"origin": [-0.775, 32.875, -10.95], "size": [1.5, 1, 1.1], "inflate": -0.201, "uv": [41, 12]},
						{"origin": [-0.9, 28.35, -12.85], "size": [1, 1.85, 5.7], "inflate": -0.1, "uv": [50, 66]},
						{"origin": [-0.1, 28.35, -12.85], "size": [1, 1.6, 5.7], "inflate": -0.1, "uv": [61, 42]},
						{"origin": [-2.325, 29.9, -14.25], "size": [1, 3, 3], "inflate": -0.3, "pivot": [-2.125, 31.075, -13.6], "rotation": [-23.75, -53.5, 32], "uv": [14, 14]}
					]
				}
			]
		}
	]
}