{
	"format_version": "1.8.0",
	"animations": {
		"animation.model.reload": {
			"loop": true,
			"animation_length": 2.15,
			"blend_weight": "1",
			"bones": {
				"main": {
					"rotation": {
						"0.0": {
							"vector": [0, 0, 0]
						},
						"0.2": {
							"vector": [-2.82845, -3.14202, -11.53827]
						},
						"0.3": {
							"vector": [-6.1257, -3.02931, -21.44076],
							"easing": "linear"
						},
						"0.4": {
							"vector": [-8.99714, -2.88714, -18.93428],
							"easing": "linear"
						},
						"0.5": {
							"vector": [-8.56216, -3.74773, -26.14959]
						},
						"0.6667": {
							"vector": [-8.93449, -3.57494, -20.09324]
						},
						"0.8": {
							"vector": [-8.23835, -5.39519, -30.46877],
							"easing": "linear"
						},
						"0.9": {
							"vector": [-8.4224, -4.29086, -28.09539],
							"easing": "linear"
						},
						"1.0": {
							"vector": [-7.70135, -5.48509, -36.54201],
							"easing": "linear"
						},
						"1.1": {
							"vector": [-6.11762, -4.35841, -32.12568],
							"easing": "linear"
						},
						"1.2333": {
							"vector": [-5.32391, -3.82513, -33.76028]
						},
						"1.4667": {
							"vector": [0, 0, -5.25],
							"easing": "linear"
						},
						"1.5667": {
							"vector": [0, 0, 1.13]
						},
						"1.6667": {
							"vector": [0, 0, 0],
							"easing": "linear"
						}
					},
					"position": {
						"0.0": {
							"vector": [0, 0, 0]
						},
						"0.1333": {
							"vector": [0.355, -0.42, -4.425]
						},
						"0.3667": {
							"vector": [-0.35, -1.75, 0.05],
							"easing": "linear"
						},
						"0.5667": {
							"vector": [-0.15, -0.6, 1],
							"easing": "linear"
						},
						"0.6667": {
							"vector": [-0.52, -1.72, 0.475]
						},
						"0.8": {
							"vector": [-0.85, -2.275, 1],
							"easing": "linear"
						},
						"0.9": {
							"vector": [-0.65, -1.475, 1],
							"easing": "linear"
						},
						"1.0": {
							"vector": [-1.35, -0.225, 0.525],
							"easing": "linear"
						},
						"1.1333": {
							"vector": [-1.575, -2.1, -1.075],
							"easing": "linear"
						},
						"1.4": {
							"vector": [0, -1.3, -3.4],
							"easing": "linear"
						},
						"1.5": {
							"vector": [0, -0.425, -2.45],
							"easing": "linear"
						},
						"1.6": {
							"vector": [0, 0, 0],
							"easing": "linear"
						}
					}
				},
				"magazine": {
					"rotation": {
						"0.0": {
							"vector": [0, 0, 0]
						},
						"0.4667": {
							"vector": [0, 0, 0]
						},
						"0.5667": {
							"vector": [0, 0, 0]
						},
						"0.6667": {
							"vector": [-0.26089, -1.15045, -1.56793]
						},
						"0.8": {
							"vector": [-70.70042, -2.16252, -4.56501]
						},
						"0.9": {
							"vector": [-70.80176, -2.13657, -0.84623]
						},
						"1.1667": {
							"vector": [-70.80176, -2.13657, -0.84623]
						}
					},
					"position": {
						"0.0": {
							"vector": [0, 0, 0]
						},
						"0.4667": {
							"vector": [0, 0, 0]
						},
						"0.5667": {
							"vector": [0, 0, 0]
						},
						"0.6667": {
							"vector": [0.3, -8.425, -0.2]
						},
						"0.7": {
							"vector": [-0.15, -12.605, -4.275]
						},
						"0.7667": {
							"vector": [-1.77, -10.16, -8.625]
						},
						"0.8": {
							"vector": [-3.65, -3.605, -10.525]
						},
						"0.8667": {
							"vector": [-3.45, -1.61, -10.52]
						},
						"1.0": {
							"vector": [-3.65, 4.39, -10.52]
						},
						"1.1667": {
							"vector": [-3.65, 4.39, -10.52]
						},
						"1.4": {
							"vector": [-3.65, -26.21, 0.73]
						}
					}
				},
				"leftarm": {
					"rotation": {
						"0.0": {
							"vector": [0, 0, 0]
						},
						"0.1": {
							"vector": [20.7545, 6.23781, -12.10268]
						},
						"0.1667": {
							"vector": [45.89249, 9.11862, -11.25407]
						},
						"0.3667": {
							"vector": [34.00422, 19.3818, 12.82924]
						},
						"0.4667": {
							"vector": [-20.96319, -3.65402, 9.67668]
						},
						"0.5667": {
							"vector": [-20.96319, -3.65402, 9.67668]
						},
						"0.6667": {
							"vector": [-20.92965, -2.54227, 8.32476]
						},
						"0.8": {
							"vector": [10.45147, 11.66703, 7.23928]
						},
						"0.9": {
							"vector": [13.90283, 13.07233, 12.18586]
						},
						"1.0": {
							"vector": [4.45827, 10.36016, 13.50411]
						},
						"1.1667": {
							"vector": [4.45827, 10.36016, 13.50411]
						},
						"1.4": {
							"vector": [16.95827, 10.36016, 13.50411]
						},
						"1.6": {
							"vector": [0, 0, 0]
						}
					},
					"position": {
						"0.0": {
							"vector": [0, 0, 0]
						},
						"0.1": {
							"vector": [4.1, -3.7, 4.5]
						},
						"0.1667": {
							"vector": [4.1, -3.7, 20.8]
						},
						"0.3667": {
							"vector": [-1.25, -13.55, 18.575]
						},
						"0.4667": {
							"vector": [3.55, -14.525, 11.3]
						},
						"0.5667": {
							"vector": [3.55, -14.525, 11.3]
						},
						"0.6667": {
							"vector": [3.45, -21.22, 11.3]
						},
						"0.7": {
							"vector": [2.385, -22.815, 13.35]
						},
						"0.7667": {
							"vector": [0.795, -19.38, 15.99]
						},
						"0.8": {
							"vector": [-1.475, -12.145, 14.55]
						},
						"0.9": {
							"vector": [-1.48, -10.365, 15.55]
						},
						"1.0": {
							"vector": [-1.48, -8.335, 14.55]
						},
						"1.1667": {
							"vector": [-1.48, -8.335, 14.55]
						},
						"1.4": {
							"vector": [-3.905, -27.73, 28.3]
						},
						"1.4667": {
							"vector": [6.595, -20.8, 21.23]
						},
						"1.6": {
							"vector": [0, 0, 0]
						}
					}
				},
				"magazine2": {
					"rotation": {
						"0.0": {
							"vector": [0, 0, 0]
						},
						"0.3": {
							"vector": [0, 0, 0]
						},
						"0.4667": {
							"vector": [51.25255, 0.44831, -2.31714]
						},
						"0.5667": {
							"vector": [51.25255, 0.44831, -2.31714]
						},
						"0.6667": {
							"vector": [51.25129, 0.29183, -2.51212]
						},
						"0.8": {
							"vector": [-5.0289, -7.32168, -3.37272]
						},
						"0.9": {
							"vector": [-0.26089, -1.15045, -1.56793]
						},
						"1.0": {
							"vector": [0, 0, 0]
						}
					},
					"position": {
						"0.0": {
							"vector": [0, 0, 0]
						},
						"0.3": {
							"vector": [0, -20, 0]
						},
						"0.4667": {
							"vector": [4.3, 4.275, 4.725]
						},
						"0.5667": {
							"vector": [4.3, 4.275, 4.725]
						},
						"0.6667": {
							"vector": [4.35, -2.125, 4.725]
						},
						"0.7": {
							"vector": [3.4, -7.32, 2.72]
						},
						"0.7667": {
							"vector": [1.7, -8.335, 0.71]
						},
						"0.8": {
							"vector": [0, -6.675, -1.3]
						},
						"0.9": {
							"vector": [0.3, -5.6, -0.2]
						},
						"1.0": {
							"vector": [0, 0, 0]
						}
					},
					"scale": {
						"0.0": {
							"vector": [-0.01, 0, 0]
						},
						"0.3": {
							"vector": [1, 1, 1]
						}
					}
				}
			},
			"sound_effects": {
				"0.0": {
					"effect": "foley_start"
				},
				"0.43": {
					"effect": "m4_reload"
				},
				"0.97": {
					"effect": "m4_reload2"
				},
				"1.1333": {
					"effect": "foley_end"
				}
			}
		},
		"animation.model.draw": {
			"loop": true,
			"animation_length": 1.2,
			"bones": {
				"main": {
					"rotation": {
						"0.0": {
							"vector": [32.09413, -54.38778, -8.29667]
						},
						"0.35": {
							"vector": [0.50518, -5.08075, 6.8716],
							"easing": "easeOutSine"
						},
						"0.5": {
							"vector": [0.32389, -0.60235, -2.1558],
							"easing": "linear"
						},
						"0.6": {
							"vector": [0, 0, 0],
							"easing": "linear"
						}
					},
					"position": {
						"0.0": {
							"vector": [0, -17.3, 0]
						},
						"0.25": {
							"vector": [-0.4, -2.525, -1.625],
							"easing": "linear"
						},
						"0.4": {
							"vector": [-0.05, 0, -2.49],
							"easing": "linear"
						},
						"0.55": {
							"vector": [0, 0, 0],
							"easing": "linear"
						}
					}
				},
				"leftarm": {
					"rotation": {
						"0.0": {
							"vector": [0, 0, 0]
						},
						"0.2": {
							"vector": [1, 0, -22]
						},
						"0.4": {
							"vector": [0, 0, 0]
						}
					},
					"position": {
						"0.0": {
							"vector": [0, 0, 0]
						},
						"0.2": {
							"vector": [3.53901, 3.6754, 5.59783]
						},
						"0.4": {
							"vector": [0, 0, 0]
						}
					}
				}
			},
			"sound_effects": {
				"0.0": {
					"effect": "draw"
				}
			}
		},
		"animation.model.inspect": {
			"loop": true,
			"animation_length": 4.2667,
			"bones": {
				"main": {
					"rotation": {
						"0.0": {
							"vector": [0, 0, 0]
						},
						"0.1667": {
							"vector": [-8.41746, -13.59608, -21.21259],
							"easing": "linear"
						},
						"0.3": {
							"vector": [-8.39812, -20.10111, -31.77688]
						},
						"0.4333": {
							"vector": [-9.55676, -20.88889, -28.55629]
						},
						"0.5333": {
							"vector": [-8.77652, -21.21647, -30.72851]
						},
						"0.7667": {
							"vector": [-9.4227, -20.94881, -28.93303]
						},
						"1.0": {
							"vector": [-3.1216, -20.98207, -46.44405]
						},
						"1.1333": {
							"vector": [-4.564, -20.73064, -42.44007]
						},
						"1.2333": {
							"vector": [-4.86325, -20.9153, -41.60203]
						},
						"1.3333": {
							"vector": [-4.58308, -20.97575, -42.38574]
						},
						"1.4667": {
							"vector": [-4.01131, -21.08802, -43.97908]
						},
						"1.6": {
							"vector": [-4.38767, -21.01662, -42.9316]
						},
						"1.7": {
							"vector": [-4.18847, -21.05622, -43.48691],
							"easing": "linear"
						},
						"2.0333": {
							"vector": [-16.91438, 5.38499, 54.40399],
							"easing": "linear"
						},
						"2.1667": {
							"vector": [-15.22513, 5.80082, 60.04554]
						},
						"2.3": {
							"vector": [-15.70981, 5.86025, 59.48558]
						},
						"2.4333": {
							"vector": [-15.93602, 7.03904, 62.69373]
						},
						"2.5667": {
							"vector": [-15.60896, 7.75082, 65.23442]
						},
						"2.7333": {
							"vector": [-15.71675, 7.52491, 64.42194]
						},
						"2.9": {
							"vector": [-15.56389, 7.84019, 65.55973]
						},
						"3.1": {
							"vector": [-15.61778, 7.73186, 65.16659]
						},
						"3.2667": {
							"vector": [-15.9801, 6.93689, 62.33342]
						},
						"3.4": {
							"vector": [-8.86998, 2.42135, 33.56191]
						},
						"3.5333": {
							"vector": [0, -1.75, -2.75]
						},
						"3.7": {
							"vector": [0, 0, 0]
						}
					},
					"position": {
						"0.0": {
							"vector": [0, 0, 0]
						},
						"0.3": {
							"vector": [-0.475, 1.475, -8.7]
						},
						"0.4": {
							"vector": [-0.195, 1, -7.7]
						},
						"0.5333": {
							"vector": [-0.03, 0.725, -7.7]
						},
						"0.7": {
							"vector": [0, 1.125, -7.7]
						},
						"0.9": {
							"vector": [0.125, 1.4, -8.275]
						},
						"1.2": {
							"vector": [-0.02, 1.475, -8]
						},
						"1.4": {
							"vector": [0.11, 1.425, -8.175]
						},
						"1.6667": {
							"vector": [0.275, 1.25, -7.975]
						},
						"1.8": {
							"vector": [-0.13, -1.19, -8.65]
						},
						"1.9667": {
							"vector": [-0.545, -1.325, -11.15]
						},
						"2.1333": {
							"vector": [-0.415, -1.395, -10.545]
						},
						"2.2667": {
							"vector": [-0.525, -1.455, -9.17]
						},
						"2.4": {
							"vector": [-0.49, -1.43, -9.85]
						},
						"2.5667": {
							"vector": [-0.455, -1.5, -9.24]
						},
						"2.7667": {
							"vector": [-0.53, -1.5, -9.27]
						},
						"3.0": {
							"vector": [-0.49, -1.41, -9.3]
						},
						"3.2333": {
							"vector": [-0.545, -1.325, -9.325]
						},
						"3.3667": {
							"vector": [-1.005, -0.61, -7.41]
						},
						"3.6333": {
							"vector": [0, 0, 0]
						}
					}
				},
				"leftarm": {
					"rotation": {
						"0.0": {
							"vector": [0, 0, 0]
						},
						"0.1667": {
							"vector": [0, 0, -2.5]
						},
						"1.7333": {
							"vector": [0, 0, -2.5]
						},
						"2.0333": {
							"vector": [-20, 0, -45]
						},
						"3.3": {
							"vector": [-20, 0, -45]
						},
						"3.5667": {
							"vector": [0, 0, 0]
						}
					},
					"position": {
						"0.0": {
							"vector": [0, 0, 0]
						},
						"0.1667": {
							"vector": [11.23986, -30.20851, 24.64864]
						},
						"1.7333": {
							"vector": [11.23986, -30.20851, 24.64864]
						},
						"2.0333": {
							"vector": [7.35, 6.25, 2.33]
						},
						"3.3": {
							"vector": [7.35, 6.25, 2.33]
						},
						"3.5667": {
							"vector": [0, 0, 0]
						}
					}
				}
			}
		},
		"animation.model.reloadempty": {
			"loop": true,
			"animation_length": 2.8,
			"bones": {
				"main": {
					"rotation": {
						"0.0": {
							"vector": [0, 0, 0]
						},
						"0.1333": {
							"vector": [-5.21485, -2.95862, -15.29475]
						},
						"0.2": {
							"vector": [-5.32661, -2.7519, -13.05148]
						},
						"0.3": {
							"vector": [-6.02889, 0.16976, 5.24751]
						},
						"0.4": {
							"vector": [-6.24711, -1.203, -0.38662]
						},
						"0.5333": {
							"vector": [-6.11401, -0.24184, -2.94553]
						},
						"0.6667": {
							"vector": [-5.5641, -3.67217, -16.73407]
						},
						"0.8": {
							"vector": [-9.13595, -7.55317, -28.24841]
						},
						"0.9333": {
							"vector": [-8.4828, -8.28104, -32.98754]
						},
						"1.0667": {
							"vector": [-9.07014, -7.63227, -28.74648]
						},
						"1.1667": {
							"vector": [-6.70888, -8.74921, -39.37529]
						},
						"1.2667": {
							"vector": [-6.67274, -8.47385, -33.47033]
						},
						"1.4": {
							"vector": [-5.35749, -3.38984, -21.36846]
						},
						"1.5": {
							"vector": [-3.68785, -3.32623, -20.36901]
						},
						"1.5667": {
							"vector": [-4.01371, -3.91418, -15.81009]
						},
						"1.6333": {
							"vector": [-3.48871, -4.99149, -22.77553]
						},
						"1.7333": {
							"vector": [-3.82888, -3.95992, -18.57018]
						},
						"1.9667": {
							"vector": [0.65978, 0.18913, -3.84963]
						},
						"2.1": {
							"vector": [0, 0, 0]
						}
					},
					"position": {
						"0.0": {
							"vector": [0, 0, 0]
						},
						"0.0667": {
							"vector": [-0.575, 0, 0]
						},
						"0.1667": {
							"vector": [-0.38, 0.875, 0.35]
						},
						"0.3": {
							"vector": [-0.705, -3.5, -0.675]
						},
						"0.4333": {
							"vector": [-1.2, -2.62, -1.475]
						},
						"0.6": {
							"vector": [-0.705, -1.9, -1.575]
						},
						"0.7333": {
							"vector": [-0.55, -1.27, -3.6]
						},
						"0.8667": {
							"vector": [-0.7, -0.55, -1.85]
						},
						"0.9667": {
							"vector": [-0.85, -0.45, -1.3]
						},
						"1.0333": {
							"vector": [-1.025, -0.475, -1.3]
						},
						"1.1333": {
							"vector": [-1.075, -0.2, -1.3]
						},
						"1.2": {
							"vector": [-1.575, 0.5, -0.775]
						},
						"1.3": {
							"vector": [-1.075, -0.225, -1.025]
						},
						"1.4333": {
							"vector": [-0.43, -0.51, -0.98]
						},
						"1.5333": {
							"vector": [-0.505, -0.985, -1.855]
						},
						"1.6333": {
							"vector": [-0.965, -0.92, -1.73]
						},
						"1.8": {
							"vector": [-0.23, -0.81, -2.13]
						},
						"1.9333": {
							"vector": [0.34, -0.865, -2.46]
						},
						"2.0333": {
							"vector": [0, 0, 0]
						}
					}
				},
				"bullet": {
					"position": {
						"0.0": {
							"vector": [0, -1, 0]
						},
						"0.6667": {
							"vector": [0, -1, 0]
						},
						"0.7": {
							"vector": [0, 0, 0]
						}
					}
				},
				"leftarm": {
					"rotation": {
						"0.0": {
							"vector": [0, 0, 0]
						},
						"0.0667": {
							"vector": [-19.45644, -5.86858, 7.49224]
						},
						"0.1333": {
							"vector": [-19.1063, -9.63723, 4.18713]
						},
						"0.2333": {
							"vector": [-15.03103, -13.37925, 0.82083]
						},
						"0.3333": {
							"vector": [43.07804, 15.85303, 7.64839]
						},
						"0.8333": {
							"vector": [9.84584, 4.15599, 15.03241]
						},
						"0.9": {
							"vector": [9.77665, 5.80251, 14.43551]
						},
						"0.9667": {
							"vector": [6.77665, 5.80251, 14.43551]
						},
						"1.0333": {
							"vector": [6.85598, 4.18921, 15.11822]
						},
						"1.1": {
							"vector": [0.91192, 3.09309, 15.72168]
						},
						"1.2333": {
							"vector": [0.91192, 3.09309, 15.72168]
						},
						"1.4667": {
							"vector": [-61.41454, 0.46533, 8.88795]
						},
						"1.5667": {
							"vector": [-61.41454, 0.46533, 8.88795]
						},
						"1.6333": {
							"vector": [-61.59736, 0.36747, 3.88557]
						},
						"1.7667": {
							"vector": [-61.59736, 0.36747, 3.88557]
						},
						"2.0333": {
							"vector": [0, 0, 0]
						}
					},
					"position": {
						"0.0": {
							"vector": [0, 0, 0]
						},
						"0.0667": {
							"vector": [0, -8.975, 1.45]
						},
						"0.1333": {
							"vector": [0, -9.975, 4.45]
						},
						"0.2333": {
							"vector": [-0.575, -9.975, 6.425]
						},
						"0.3333": {
							"vector": [-0.58, -9.97, 13.38]
						},
						"0.7": {
							"vector": [-6.055, -20.32, 16.98]
						},
						"0.8333": {
							"vector": [-3.435, -16.77, 14.98]
						},
						"0.9": {
							"vector": [-3.78, -16.42, 14.23]
						},
						"0.9667": {
							"vector": [-3.805, -17.595, 14.755]
						},
						"1.0333": {
							"vector": [-3.9, -16.575, 14.76]
						},
						"1.1": {
							"vector": [-3.9, -13.175, 14.76]
						},
						"1.2333": {
							"vector": [-3.9, -13.175, 14.76]
						},
						"1.4667": {
							"vector": [1.05, -10, -3.4]
						},
						"1.5667": {
							"vector": [1.05, -10, -3.4]
						},
						"1.6333": {
							"vector": [2.15, -9.7, -3.4]
						},
						"1.7667": {
							"vector": [2.15, -9.7, -3.4]
						},
						"1.9": {
							"vector": [5.58, -7.25, -1.7]
						},
						"2.0333": {
							"vector": [0, 0, 0]
						}
					}
				},
				"magazine": {
					"rotation": {
						"0.0": {
							"vector": [0, 0, 0]
						},
						"0.2333": {
							"vector": [0, 0, 0]
						},
						"0.6667": {
							"vector": [0, 0, 0]
						},
						"0.8": {
							"vector": [-8.5, -2, 1.25]
						},
						"0.9": {
							"vector": [-8.44764, 1.25068, -0.24794]
						},
						"0.9667": {
							"vector": [0.10142, 1.24766, 2.00259]
						},
						"1.0333": {
							"vector": [0, 0, -0.75]
						},
						"1.1": {
							"vector": [0, 0, 0]
						}
					},
					"position": {
						"0.0": {
							"vector": [0, 0, 0]
						},
						"0.2333": {
							"vector": [0, 0, 0]
						},
						"0.3333": {
							"vector": [0, -23, 0]
						},
						"0.6667": {
							"vector": [0, -23, 0]
						},
						"0.8": {
							"vector": [0.725, -7.55, -1.9]
						},
						"0.9": {
							"vector": [0.125, -7.605, -2.075]
						},
						"0.9667": {
							"vector": [-0.645, -7.1, 0]
						},
						"1.0333": {
							"vector": [0, -6.025, 0]
						},
						"1.1": {
							"vector": [0, 0, 0]
						}
					}
				},
				"magazine2": {
					"scale": {
						"vector": [0, 0, 0]
					}
				}
			},
			"sound_effects": {
				"0.0": {
					"effect": "foley_start"
				},
				"0.13": {
					"effect": "m4_reload"
				},
				"0.97": {
					"effect": "m4_reload2"
				},
				"1.4333": {
					"effect": "m4_reload3"
				},
				"1.9333": {
					"effect": "foley_end"
				}
			}
		},
		"animation.model.fire": {
			"loop": true,
			"animation_length": 0.1667,
			"bones": {
				"main": {
					"rotation": {
						"0.0": {
							"vector": [0, 0, 0]
						},
						"0.0417": {
							"vector": [0, 0, 0]
						},
						"0.125": {
							"vector": [0, 0, 0]
						}
					},
					"position": {
						"0.0": {
							"vector": [0, 0, 0]
						},
						"0.0417": {
							"vector": [0, 0, 0]
						},
						"0.125": {
							"vector": [0, 0, 0]
						}
					}
				}
			}
		}
	},
	"geckolib_format_version": 2
}