{
	"format_version": "1.8.0",
	"animations": {
		"animation.model.draw": {
			"loop": true,
			"animation_length": 1.2,
			"bones": {
				"main": {
					"rotation": {
						"0.0": {
							"vector": [32.09413, -54.38778, -8.29667]
						},
						"0.35": {
							"vector": [0.50518, -5.08075, 6.8716],
							"easing": "easeOutSine"
						},
						"0.5": {
							"vector": [0.32389, -0.60235, -2.1558],
							"easing": "linear"
						},
						"0.6": {
							"vector": [0, 0, 0],
							"easing": "linear"
						}
					},
					"position": {
						"0.0": {
							"vector": [0, -17.3, 0]
						},
						"0.25": {
							"vector": [-0.4, -2.525, -1.625],
							"easing": "linear"
						},
						"0.4": {
							"vector": [-0.05, 0, -2.49],
							"easing": "linear"
						},
						"0.55": {
							"vector": [0, 0, 0],
							"easing": "linear"
						}
					}
				},
				"leftarm": {
					"rotation": {
						"0.0": {
							"vector": [0, 0, 0]
						},
						"0.2": {
							"vector": [1, 0, -22]
						},
						"0.4": {
							"vector": [0, 0, 0]
						}
					},
					"position": {
						"0.0": {
							"vector": [0, 0, 0]
						},
						"0.2": {
							"vector": [3.53901, 3.6754, 5.59783]
						},
						"0.4": {
							"vector": [0, 0, 0]
						}
					}
				}
			},
			"sound_effects": {
				"0.0": {
					"effect": "pistol_draw"
				}
			}
		},
		"animation.model.inspect": {
			"loop": true,
			"animation_length": 3.75,
			"bones": {
				"main": {
					"rotation": {
						"0.0": {
							"vector": [0, 0, 0]
						},
						"0.1667": {
							"vector": [-17.62528, -31.26463, 9.36302]
						},
						"0.3333": {
							"vector": [-42.62528, -31.26463, 9.36302]
						},
						"0.375": {
							"vector": [-43.70146, -33.08836, 11.3835]
						},
						"0.4167": {
							"vector": [-39.68755, -38.08409, 4.49792]
						},
						"0.4583": {
							"vector": [-37.41143, -34.172, 0.64061]
						},
						"0.5": {
							"vector": [-36.42956, -32.17314, -1.15349]
						},
						"0.5417": {
							"vector": [-38.60039, -32.63386, 2.99798]
						},
						"0.6667": {
							"vector": [-5.38109, -44.8787, -46.78955]
						},
						"0.75": {
							"vector": [-0.38185, -45.13045, -53.85448]
						},
						"0.7917": {
							"vector": [-5.38109, -44.8787, -46.78955]
						},
						"1.125": {
							"vector": [-5.38109, -44.8787, -46.78955]
						},
						"1.2083": {
							"vector": [-5.38109, -44.8787, -46.78955]
						},
						"1.2917": {
							"vector": [-2.94985, -50.04783, -49.93735]
						},
						"1.4167": {
							"vector": [-8.83963, -49.53333, -42.23]
						},
						"1.5833": {
							"vector": [-5.38109, -44.8787, -46.78955]
						},
						"1.7917": {
							"vector": [-8.83963, -49.53333, -42.23]
						},
						"1.9167": {
							"vector": [3.02518, -50.04454, -57.72698]
						},
						"2.0": {
							"vector": [3.02518, -50.04454, -57.72698]
						},
						"2.125": {
							"vector": [-45.26937, 24.32482, 58.41509]
						},
						"2.5": {
							"vector": [-45.26937, 24.32482, 58.41509]
						},
						"2.6667": {
							"vector": [-42.51999, 29.53019, 64.47543]
						},
						"2.8333": {
							"vector": [-42.01782, 26.24697, 60.20762]
						},
						"2.9167": {
							"vector": [-44.51782, 26.24697, 60.20762]
						},
						"3.0833": {
							"vector": [-41.17532, 24.82146, 58.58395]
						},
						"3.2917": {
							"vector": [-38.98864, 23.28245, 56.5119]
						},
						"3.4583": {
							"vector": [-39.51782, 26.24697, 60.20762]
						},
						"3.625": {
							"vector": [0, 0, 0]
						}
					},
					"position": {
						"0.0": {
							"vector": [0, 0, 0]
						},
						"0.1667": {
							"vector": [-16, 2, 0]
						},
						"0.3333": {
							"vector": [-16, -1, 0]
						},
						"0.4167": {
							"vector": [-17, -4.5, 0]
						},
						"0.5": {
							"vector": [-16, -4, 0]
						},
						"0.5417": {
							"vector": [-16, -3, 0]
						},
						"3.4583": {
							"vector": [-16, -3, 0]
						},
						"3.625": {
							"vector": [0, 0, 0]
						}
					}
				},
				"gun": {
					"rotation": {
						"0.0": {
							"vector": [0, 0, 0]
						},
						"0.8333": {
							"vector": [0, 0, 0]
						},
						"0.875": {
							"vector": [-62.5, 0, 0]
						},
						"0.9167": {
							"vector": [-122.5, 0, 0]
						},
						"0.9583": {
							"vector": [-177.5, 0, 0]
						},
						"1.0": {
							"vector": [-267.5, 0, 0]
						},
						"1.0417": {
							"vector": [-362.5, 0, 0]
						},
						"1.0833": {
							"vector": [-367.5, 0, 0]
						},
						"2.0": {
							"vector": [-367.5, 0, 0]
						},
						"2.0417": {
							"vector": [-327.5, 0, 0]
						},
						"2.0833": {
							"vector": [-315, 0, 0]
						},
						"2.125": {
							"vector": [-250, 0, 0]
						},
						"2.1667": {
							"vector": [-222.5, 0, 0]
						},
						"2.2083": {
							"vector": [-185, 0, 0]
						},
						"2.25": {
							"vector": [-160, 0, 0]
						},
						"2.2917": {
							"vector": [-115, 0, 0]
						},
						"2.3333": {
							"vector": [-72.5, 0, 0]
						},
						"2.375": {
							"vector": [-35, 0, 0]
						},
						"2.4167": {
							"vector": [10, 0, 0]
						},
						"2.4583": {
							"vector": [0, 0, 0]
						},
						"2.875": {
							"vector": [0, 0, 0]
						}
					},
					"position": {
						"0.0": {
							"vector": [0, 0, 0]
						},
						"0.75": {
							"vector": [0, 0, 0]
						},
						"0.8333": {
							"vector": [6, 0, 0]
						},
						"3.4167": {
							"vector": [6, 0, 0]
						},
						"3.5": {
							"vector": [0, 0, 0]
						}
					}
				},
				"magazine": {
					"position": {
						"0.0": {
							"vector": [0, 0, 0]
						},
						"0.75": {
							"vector": [0, 0, 0]
						},
						"0.8333": {
							"vector": [0, 0, 0]
						}
					}
				},
				"magazine2": {
					"position": {
						"0.0": {
							"vector": [0, 0, 0]
						},
						"0.75": {
							"vector": [0, 0, 0]
						},
						"0.8333": {
							"vector": [0, 0, 0]
						}
					}
				},
				"leftarm": {
					"rotation": {
						"0.0": {
							"vector": [0, 0, 0]
						},
						"0.125": {
							"vector": [80.04808, 2.30286, 0.9743]
						},
						"3.0417": {
							"vector": [80.04808, 2.30286, 0.9743]
						},
						"3.1667": {
							"vector": [0, 0, 0]
						}
					},
					"position": {
						"0.0": {
							"vector": [0, 0, 0]
						},
						"0.125": {
							"vector": [0, -9, 0]
						},
						"3.0417": {
							"vector": [0, -9, 0]
						},
						"3.1667": {
							"vector": [0, 0, 0]
						}
					}
				}
			},
			"sound_effects": {
				"0.0": {
					"effect": "pistol_inspectup"
				},
				"0.4583": {
					"effect": "pistol_inspectfoley"
				},
				"0.875": {
					"effect": "pistol_inspectdown"
				},
				"1.4583": {
					"effect": "pistol_inspectfoley"
				},
				"2.0833": {
					"effect": "pistol_inspectdown"
				},
				"2.2083": {
					"effect": "pistol_inspectfoley"
				},
				"2.6667": {
					"effect": "pistol_inspectfoley"
				},
				"3.375": {
					"effect": "pistol_inspectturn"
				}
			}
		},
		"animation.model.reload": {
			"loop": true,
			"animation_length": 2.4167,
			"bones": {
				"main": {
					"rotation": {
						"0.0": {
							"vector": [0, 0, 0]
						},
						"0.25": {
							"vector": [-24.64445, -34.89321, 14.70516]
						},
						"0.3333": {
							"vector": [-12.14445, -34.89321, 14.70516]
						},
						"0.4167": {
							"vector": [-19.64445, -34.89321, 14.70516]
						},
						"0.5": {
							"vector": [-16.22807, -36.43457, 8.84935]
						},
						"0.5833": {
							"vector": [-8.53896, -27.75605, 36.59196]
						},
						"0.6667": {
							"vector": [-22.14445, -34.89321, 14.70516]
						},
						"0.75": {
							"vector": [-23.72159, -33.91885, 17.49582]
						},
						"0.8333": {
							"vector": [-22.14445, -34.89321, 14.70516]
						},
						"0.9167": {
							"vector": [-19.64445, -34.89321, 14.70516]
						},
						"1.0": {
							"vector": [-19.09114, -32.53461, 13.70852]
						},
						"1.0833": {
							"vector": [-36.15963, -30.24954, 19.50433]
						},
						"1.2083": {
							"vector": [-55.4304, -33.97735, 16.15028]
						},
						"1.2917": {
							"vector": [-64.98713, -32.66601, 14.09904]
						},
						"1.375": {
							"vector": [-53.65731, -28.73199, 7.94531]
						},
						"1.4583": {
							"vector": [-50.62349, -27.9479, 6.83504]
						},
						"1.5417": {
							"vector": [-52.84586, -31.04621, 11.34516]
						},
						"1.625": {
							"vector": [-57.84586, -31.04621, 11.34516]
						},
						"1.7083": {
							"vector": [-57.84586, -31.04621, 11.34516]
						},
						"1.8333": {
							"vector": [-57.03983, -28.6449, 9.68337]
						},
						"1.9583": {
							"vector": [-58.60553, -28.92075, 12.86492]
						},
						"2.0417": {
							"vector": [0, 0, 0]
						},
						"2.125": {
							"vector": [0, 0, 2.5]
						},
						"2.1667": {
							"vector": [0, 0, -2.5]
						},
						"2.25": {
							"vector": [0, 2.5, -2.5]
						},
						"2.2917": {
							"vector": [-2.5, 1.25, -2.5]
						},
						"2.3333": {
							"vector": [0, 0, 0]
						}
					},
					"position": {
						"0.0": {
							"vector": [0, 0, 0]
						},
						"0.25": {
							"vector": [-14, 9, 0]
						},
						"0.3333": {
							"vector": [-14, 7, 0]
						},
						"0.4167": {
							"vector": [-14, 8, 0]
						},
						"1.0": {
							"vector": [-14, 8, 0]
						},
						"1.5417": {
							"vector": [-14, 8, 0]
						},
						"1.625": {
							"vector": [-14, 9, 0]
						},
						"1.875": {
							"vector": [-14, 9, 0]
						},
						"2.0417": {
							"vector": [0, 0, 0]
						},
						"2.3333": {
							"vector": [0, 0, 0]
						}
					}
				},
				"magazine": {
					"position": {
						"0.0": {
							"vector": [0, 0, 0]
						},
						"0.25": {
							"vector": [0, 0, 0]
						},
						"0.375": {
							"vector": [0, -21, 4]
						},
						"0.5417": {
							"vector": [0, -41, 4]
						},
						"1.4167": {
							"vector": [0, -41, 11]
						},
						"1.5417": {
							"vector": [0, 0, 0]
						}
					}
				},
				"magazine2": {
					"position": {
						"0.0": {
							"vector": [0, 0, 0]
						},
						"0.25": {
							"vector": [0, 0, 0]
						},
						"0.375": {
							"vector": [0, -22, 4]
						},
						"0.5417": {
							"vector": [0, -41, 4]
						},
						"1.4167": {
							"vector": [0, -41, 11]
						},
						"1.5417": {
							"vector": [0, 0, 0]
						}
					}
				},
				"leftarm": {
					"position": {
						"0.0": {
							"vector": [0, 0, 0]
						},
						"0.3333": {
							"vector": [0, -26, 8]
						},
						"0.4583": {
							"vector": [0, -26, 8]
						},
						"0.5417": {
							"vector": [0, -40, 8]
						},
						"1.4167": {
							"vector": [0, -40, 8]
						},
						"1.5417": {
							"vector": [0, -13, 8]
						},
						"1.9167": {
							"vector": [0, -13, 8]
						},
						"2.0": {
							"vector": [0, 0, 0]
						}
					}
				}
			},
			"sound_effects": {
				"0.0": {
					"effect": "pistol_inspectfoley"
				},
				"0.2917": {
					"effect": "pistol_magout"
				},
				"0.75": {
					"effect": "pistol_inspectfoley"
				},
				"0.9167": {
					"effect": "pistol_inspectdown"
				},
				"1.375": {
					"effect": "pistol_magin"
				},
				"2.0": {
					"effect": "pistol_inspectfoley"
				}
			}
		},
		"animation.model.reloadempty": {
			"loop": true,
			"animation_length": 2.7917,
			"bones": {
				"main": {
					"rotation": {
						"0.0": {
							"vector": [0, 0, 0]
						},
						"0.25": {
							"vector": [-24.64445, -34.89321, 14.70516]
						},
						"0.3333": {
							"vector": [-12.14445, -34.89321, 14.70516]
						},
						"0.4167": {
							"vector": [-19.64445, -34.89321, 14.70516]
						},
						"0.5": {
							"vector": [-16.22807, -36.43457, 8.84935]
						},
						"0.5833": {
							"vector": [-8.53896, -27.75605, 36.59196]
						},
						"0.6667": {
							"vector": [-22.14445, -34.89321, 14.70516]
						},
						"0.75": {
							"vector": [-23.72159, -33.91885, 17.49582]
						},
						"0.8333": {
							"vector": [-22.14445, -34.89321, 14.70516]
						},
						"0.9167": {
							"vector": [-19.64445, -34.89321, 14.70516]
						},
						"1.0": {
							"vector": [-19.09114, -32.53461, 13.70852]
						},
						"1.0833": {
							"vector": [-36.15963, -30.24954, 19.50433]
						},
						"1.2083": {
							"vector": [-55.4304, -33.97735, 16.15028]
						},
						"1.2917": {
							"vector": [-64.98713, -32.66601, 14.09904]
						},
						"1.375": {
							"vector": [-53.65731, -28.73199, 7.94531]
						},
						"1.4583": {
							"vector": [-50.62349, -27.9479, 6.83504]
						},
						"1.5417": {
							"vector": [-52.84586, -31.04621, 11.34516]
						},
						"1.625": {
							"vector": [-57.84586, -31.04621, 11.34516]
						},
						"1.7083": {
							"vector": [-57.84586, -31.04621, 11.34516]
						},
						"1.8333": {
							"vector": [-57.03983, -28.6449, 9.68337]
						},
						"1.9583": {
							"vector": [-58.60553, -28.92075, 12.86492]
						},
						"2.0417": {
							"vector": [0, 0, 0]
						},
						"2.125": {
							"vector": [0, 0, 2.5]
						},
						"2.1667": {
							"vector": [0, 0, -2.5]
						},
						"2.25": {
							"vector": [0, 2.5, -2.5]
						},
						"2.2917": {
							"vector": [-2.5, 1.25, -2.5]
						},
						"2.3333": {
							"vector": [0, 0, 0]
						}
					},
					"position": {
						"0.0": {
							"vector": [0, 0, 0]
						},
						"0.25": {
							"vector": [-14, 9, 0]
						},
						"0.3333": {
							"vector": [-14, 7, 0]
						},
						"0.4167": {
							"vector": [-14, 8, 0]
						},
						"1.0": {
							"vector": [-14, 8, 0]
						},
						"1.5417": {
							"vector": [-14, 8, 0]
						},
						"1.625": {
							"vector": [-14, 9, 0]
						},
						"1.875": {
							"vector": [-14, 9, 0]
						},
						"2.0417": {
							"vector": [0, 0, 0]
						},
						"2.3333": {
							"vector": [0, 0, 0]
						}
					}
				},
				"magazine": {
					"position": {
						"0.0": {
							"vector": [0, 0, 0]
						},
						"0.25": {
							"vector": [0, 0, 0]
						},
						"0.375": {
							"vector": [0, -21, 4]
						},
						"0.5417": {
							"vector": [0, -41, 4]
						},
						"1.4167": {
							"vector": [0, -41, 11]
						},
						"1.5417": {
							"vector": [0, 0, 0]
						}
					}
				},
				"magazine2": {
					"position": {
						"0.0": {
							"vector": [0, 0, 0]
						},
						"0.25": {
							"vector": [0, 0, 0]
						},
						"0.375": {
							"vector": [0, -22, 4]
						},
						"0.5417": {
							"vector": [0, -41, 4]
						},
						"1.4167": {
							"vector": [0, -41, 11]
						},
						"1.5417": {
							"vector": [0, 0, 0]
						}
					}
				},
				"leftarm": {
					"position": {
						"0.0": {
							"vector": [0, 0, 0]
						},
						"0.3333": {
							"vector": [0, -26, 8]
						},
						"0.4583": {
							"vector": [0, -26, 8]
						},
						"0.5417": {
							"vector": [0, -40, 8]
						},
						"1.4167": {
							"vector": [0, -40, 8]
						},
						"1.5417": {
							"vector": [0, -13, 8]
						},
						"1.9167": {
							"vector": [0, -13, 8]
						},
						"2.0": {
							"vector": [0, 0, 0]
						}
					}
				},
				"slide": {
					"position": {
						"0.0": {
							"vector": [0, 0, 7]
						},
						"2.1667": {
							"vector": [0, 0, 7]
						},
						"2.25": {
							"vector": [0, 0, 0]
						}
					}
				},
				"bullet": {
					"position": {
						"vector": [0, -1, 0]
					}
				},
				"bullet2": {
					"position": {
						"vector": [0, -1, 0]
					}
				}
			},
			"sound_effects": {
				"0.0": {
					"effect": "pistol_inspectfoley"
				},
				"0.2917": {
					"effect": "pistol_magout"
				},
				"0.6667": {
					"effect": "pistol_inspectfoley"
				},
				"0.875": {
					"effect": "pistol_inspectdown"
				},
				"1.375": {
					"effect": "pistol_magin"
				},
				"1.9583": {
					"effect": "pistol_inspectfoley"
				},
				"2.2083": {
					"effect": "pistol_slide"
				}
			}
		},
		"animation.model.fire": {
			"loop": true,
			"animation_length": 0.2083,
			"bones": {
				"main": {
					"rotation": {
						"0.0": {
							"vector": [0, 0, 0]
						},
						"0.0417": {
							"vector": [-10, 0, 0]
						},
						"0.125": {
							"vector": [0, 0, 0]
						}
					},
					"position": {
						"0.0": {
							"vector": [0, 0, 0]
						},
						"0.0417": {
							"vector": [0, 0, 4]
						},
						"0.125": {
							"vector": [0, 0, 0]
						}
					}
				},
				"slide": {
					"position": {
						"0.0": {
							"vector": [0, 0, 0]
						},
						"0.0417": {
							"vector": [0, 0, 7]
						},
						"0.125": {
							"vector": [0, 0, 0]
						}
					}
				}
			}
		}
	},
	"geckolib_format_version": 2
}