{
	"format_version": "1.8.0",
	"animations": {
		"animation.model.draw": {
			"loop": true,
			"animation_length": 1.2,
			"bones": {
				"main": {
					"rotation": {
						"0.0": {
							"vector": [32.09413, -54.38778, -8.29667]
						},
						"0.35": {
							"vector": [0.50518, -5.08075, 6.8716]
						},
						"0.5": {
							"vector": [0.32389, -0.60235, -2.1558]
						},
						"0.6": {
							"vector": [0, 0, 0]
						}
					},
					"position": {
						"0.0": {
							"vector": [0, -17.3, 0]
						},
						"0.25": {
							"vector": [-0.4, -2.525, -1.625]
						},
						"0.4": {
							"vector": [-0.05, 0, -2.49]
						},
						"0.55": {
							"vector": [0, 0, 0]
						}
					}
				},
				"leftarm": {
					"rotation": {
						"0.0": {
							"vector": [0, 0, 0]
						},
						"0.2": {
							"vector": [1, 0, -22]
						},
						"0.4": {
							"vector": [0, 0, 0]
						}
					},
					"position": {
						"0.0": {
							"vector": [0, 0, 0]
						},
						"0.2": {
							"vector": [3.53901, 3.6754, 5.59783]
						},
						"0.4": {
							"vector": [0, 0, 0]
						}
					}
				}
			},
			"sound_effects": {
				"0.0": {
					"effect": "draw"
				}
			}
		},
		"animation.model.inspect": {
			"loop": true,
			"animation_length": 4.2667,
			"bones": {
				"main": {
					"rotation": {
						"0.0": {
							"vector": [0, 0, 0]
						},
						"0.1667": {
							"vector": [-8.41746, -13.59608, -21.21259]
						},
						"0.3": {
							"vector": [-8.39812, -20.10111, -31.77688]
						},
						"0.4333": {
							"vector": [-9.55676, -20.88889, -28.55629]
						},
						"0.5333": {
							"vector": [-8.77652, -21.21647, -30.72851]
						},
						"0.7667": {
							"vector": [-9.4227, -20.94881, -28.93303]
						},
						"1.0": {
							"vector": [-3.1216, -20.98207, -46.44405]
						},
						"1.1333": {
							"vector": [-4.564, -20.73064, -42.44007]
						},
						"1.2333": {
							"vector": [-4.86325, -20.9153, -41.60203]
						},
						"1.3333": {
							"vector": [-4.58308, -20.97575, -42.38574]
						},
						"1.4667": {
							"vector": [-4.01131, -21.08802, -43.97908]
						},
						"1.6": {
							"vector": [-4.38767, -21.01662, -42.9316]
						},
						"1.7": {
							"vector": [-4.18847, -21.05622, -43.48691]
						},
						"2.0333": {
							"vector": [-16.91438, 5.38499, 54.40399]
						},
						"2.1667": {
							"vector": [-15.22513, 5.80082, 60.04554]
						},
						"2.3": {
							"vector": [-15.70981, 5.86025, 59.48558]
						},
						"2.4333": {
							"vector": [-15.93602, 7.03904, 62.69373]
						},
						"2.5667": {
							"vector": [-15.60896, 7.75082, 65.23442]
						},
						"2.7333": {
							"vector": [-15.71675, 7.52491, 64.42194]
						},
						"2.9": {
							"vector": [-15.56389, 7.84019, 65.55973]
						},
						"3.1": {
							"vector": [-15.61778, 7.73186, 65.16659]
						},
						"3.2667": {
							"vector": [-15.9801, 6.93689, 62.33342]
						},
						"3.4": {
							"vector": [-8.86998, 2.42135, 33.56191]
						},
						"3.5333": {
							"vector": [0, -1.75, -2.75]
						},
						"3.7": {
							"vector": [0, 0, 0]
						}
					},
					"position": {
						"0.0": {
							"vector": [0, 0, 0]
						},
						"0.3": {
							"vector": [-0.475, 1.475, -8.7]
						},
						"0.4": {
							"vector": [-0.195, 1, -7.7]
						},
						"0.5333": {
							"vector": [-0.03, 0.725, -7.7]
						},
						"0.7": {
							"vector": [0, 1.125, -7.7]
						},
						"0.9": {
							"vector": [0.125, 1.4, -8.275]
						},
						"1.2": {
							"vector": [-0.02, 1.475, -8]
						},
						"1.4": {
							"vector": [0.11, 1.425, -8.175]
						},
						"1.6667": {
							"vector": [0.275, 1.25, -7.975]
						},
						"1.8": {
							"vector": [-0.13, -1.19, -8.65]
						},
						"1.9667": {
							"vector": [-0.545, -1.325, -11.15]
						},
						"2.1333": {
							"vector": [-0.415, -1.395, -10.545]
						},
						"2.2667": {
							"vector": [-0.525, -1.455, -9.17]
						},
						"2.4": {
							"vector": [-0.49, -1.43, -9.85]
						},
						"2.5667": {
							"vector": [-0.455, -1.5, -9.24]
						},
						"2.7667": {
							"vector": [-0.53, -1.5, -9.27]
						},
						"3.0": {
							"vector": [-0.49, -1.41, -9.3]
						},
						"3.2333": {
							"vector": [-0.545, -1.325, -9.325]
						},
						"3.3667": {
							"vector": [-1.005, -0.61, -7.41]
						},
						"3.6333": {
							"vector": [0, 0, 0]
						}
					}
				},
				"leftarm": {
					"rotation": {
						"0.0": {
							"vector": [0, 0, 0]
						},
						"0.1667": {
							"vector": [0, 0, -2.5]
						},
						"1.7333": {
							"vector": [0, 0, -2.5]
						},
						"2.0333": {
							"vector": [-20, 0, -45]
						},
						"3.3": {
							"vector": [-20, 0, -45]
						},
						"3.5667": {
							"vector": [0, 0, 0]
						}
					},
					"position": {
						"0.0": {
							"vector": [0, 0, 0]
						},
						"0.1667": {
							"vector": [11.23986, -30.20851, 24.64864]
						},
						"1.7333": {
							"vector": [11.23986, -30.20851, 24.64864]
						},
						"2.0333": {
							"vector": [7.35, 6.25, 2.33]
						},
						"3.3": {
							"vector": [7.35, 6.25, 2.33]
						},
						"3.5667": {
							"vector": [0, 0, 0]
						}
					}
				}
			}
		},
		"animation.model.reload": {
			"loop": true,
			"animation_length": 9.0417,
			"bones": {
				"main": {
					"rotation": {
						"0.0": {
							"vector": [0, 0, 0]
						},
						"0.2083": {
							"vector": [-32.07229, -4.57267, 23.22709]
						},
						"0.4167": {
							"vector": [-22.07229, -4.57267, 23.22709]
						},
						"0.625": {
							"vector": [-22.23833, -3.62974, 25.54842]
						},
						"0.6667": {
							"vector": [-24.72173, -3.72403, 25.31628]
						},
						"0.7083": {
							"vector": [-24.04063, -5.87174, 20.50865]
						},
						"1.0417": {
							"vector": [-22.07229, -4.57267, 23.22709]
						},
						"1.0833": {
							"vector": [-24.86147, -2.58098, 27.82117]
						},
						"1.125": {
							"vector": [-24.41837, -4.76565, 23.02259]
						},
						"1.2917": {
							"vector": [-24.41837, -4.76565, 23.02259]
						},
						"1.5": {
							"vector": [-23.87589, -2.68366, 27.68223]
						},
						"1.5417": {
							"vector": [-23.3634, -4.88992, 22.59222]
						},
						"1.875": {
							"vector": [-23.3634, -4.88992, 22.59222]
						},
						"2.0417": {
							"vector": [7.5, 0, 0]
						},
						"2.125": {
							"vector": [10, 0, 0]
						},
						"2.25": {
							"vector": [9.91615, -1.29876, 7.38733]
						},
						"2.2917": {
							"vector": [14.91615, -1.29876, 7.38733]
						},
						"2.3333": {
							"vector": [14.97131, -0.00864, 2.55622]
						},
						"2.4583": {
							"vector": [14.88381, 1.60266, -3.48327]
						},
						"2.5833": {
							"vector": [14.95733, -0.65428, 4.97146]
						},
						"2.6667": {
							"vector": [14.84782, -1.94092, 9.80442]
						},
						"2.75": {
							"vector": [17.34782, -1.94092, 9.80442]
						},
						"2.8333": {
							"vector": [17.44724, -0.44506, 5.03226]
						},
						"3.125": {
							"vector": [17.34782, -1.94092, 9.80442]
						},
						"3.1667": {
							"vector": [17.38868, -4.32697, 9.05708]
						},
						"3.2083": {
							"vector": [17.89536, -0.52487, -2.86357]
						},
						"3.375": {
							"vector": [17.9012, 0.24356, -5.24257]
						},
						"3.4167": {
							"vector": [17.92044, 2.62244, -4.47355]
						},
						"3.4583": {
							"vector": [18.0741, 1.07669, 0.28415]
						},
						"3.5": {
							"vector": [15.5741, 1.07669, 0.28415]
						},
						"3.5417": {
							"vector": [15.60811, -0.26795, 5.10018]
						},
						"3.7083": {
							"vector": [15.6191, 2.13982, 5.77309]
						},
						"3.9167": {
							"vector": [15.6191, 2.13982, 5.77309]
						},
						"4.4583": {
							"vector": [18.24219, 0.78765, 10.58847]
						},
						"4.7083": {
							"vector": [-16.43585, 0.93155, 15.05613]
						},
						"4.75": {
							"vector": [-24.72761, 0.60155, 14.60184]
						},
						"4.8333": {
							"vector": [-33.81113, -0.05844, 13.69326]
						},
						"5.0": {
							"vector": [-33.73899, 2.25852, 17.15726]
						},
						"5.0833": {
							"vector": [-33.78803, 1.33243, 15.7708]
						},
						"5.1667": {
							"vector": [-41.29573, 0.86881, 15.07829]
						},
						"5.25": {
							"vector": [-37.476, -2.64086, 10.4195]
						},
						"5.375": {
							"vector": [-33.57753, -4.22328, 7.4502]
						},
						"5.5": {
							"vector": [-34.73875, -4.68947, 6.83338]
						},
						"5.625": {
							"vector": [-36.18535, -2.30105, 10.33161]
						},
						"5.75": {
							"vector": [-35.16783, -1.33993, 11.77232]
						},
						"5.9167": {
							"vector": [-33.81113, -0.05844, 13.69326]
						},
						"5.9583": {
							"vector": [-33.83778, -2.13541, 15.08506]
						},
						"6.2083": {
							"vector": [-33.81113, -0.05844, 13.69326]
						},
						"6.2917": {
							"vector": [-33.81113, -0.05844, 13.69326]
						},
						"6.4167": {
							"vector": [-36.31113, -0.05844, 13.69326]
						},
						"6.5": {
							"vector": [-35.28332, -1.50314, 11.65271]
						},
						"6.625": {
							"vector": [-33.81113, -0.05844, 13.69326]
						},
						"6.7083": {
							"vector": [-38.74668, 1.79489, 16.46488]
						},
						"6.75": {
							"vector": [-33.71445, 2.72156, 17.8507]
						},
						"6.875": {
							"vector": [-33.81113, -0.05844, 13.69326]
						},
						"7.0": {
							"vector": [-31.31113, -0.05844, 13.69326]
						},
						"7.0833": {
							"vector": [-32.33442, 2.05428, 12.35641]
						},
						"7.2083": {
							"vector": [-33.81113, -0.05844, 13.69326]
						},
						"7.2917": {
							"vector": [-38.81113, -0.05844, 13.69326]
						},
						"7.4167": {
							"vector": [-37.25275, -4.04209, 16.71748]
						},
						"7.5": {
							"vector": [-38.60555, -2.71421, 15.70941]
						},
						"7.6667": {
							"vector": [-33.81113, -0.05844, 13.69326]
						},
						"7.75": {
							"vector": [9.18862, 2.3222, 9.68252]
						},
						"7.7917": {
							"vector": [16.9385, 3.51252, 7.67715]
						},
						"7.9167": {
							"vector": [15.6191, 2.13982, 5.77309]
						},
						"8.0833": {
							"vector": [-4.98107, 0.43523, 4.98107]
						},
						"8.25": {
							"vector": [0, 0, 0]
						},
						"8.375": {
							"vector": [12.5, 0, 0]
						},
						"8.4583": {
							"vector": [-5, 0, 0]
						},
						"8.5833": {
							"vector": [-3.32068, 0.29036, 4.99158]
						},
						"8.75": {
							"vector": [-1.66677, 2.57157, -0.07585]
						},
						"8.875": {
							"vector": [0, 0, 0]
						}
					},
					"position": {
						"0.0": {
							"vector": [2, 0, 0]
						},
						"0.2083": {
							"vector": [0, 4, 0]
						},
						"0.3333": {
							"vector": [0, 1, 1]
						},
						"0.4167": {
							"vector": [0, 2, 1]
						},
						"1.0417": {
							"vector": [0, 2, 1]
						},
						"1.0833": {
							"vector": [0, 1, 5]
						},
						"1.2917": {
							"vector": [0, 1, 3]
						},
						"1.5": {
							"vector": [0, 4.36, -0.71]
						},
						"1.875": {
							"vector": [0, 4.36, -0.71]
						},
						"2.0417": {
							"vector": [0, 0, 0]
						},
						"3.9167": {
							"vector": [0, 0, 0]
						},
						"4.5833": {
							"vector": [0, 0, 0]
						},
						"4.9167": {
							"vector": [0, -6.08, 6]
						},
						"7.75": {
							"vector": [0, -6.08, 6]
						},
						"7.9167": {
							"vector": [0, -6.08, 6]
						},
						"8.0833": {
							"vector": [0, -6.08, 6]
						},
						"8.25": {
							"vector": [0, 0, 0]
						},
						"8.4583": {
							"vector": [0, 0, 0]
						},
						"8.875": {
							"vector": [2, 0, 0]
						}
					}
				},
				"rightarm": {
					"rotation": {
						"0.0": {
							"vector": [0, 0, 0]
						},
						"2.1667": {
							"vector": [0, 0, 0]
						},
						"2.2917": {
							"vector": [0, -42.5, 0]
						},
						"2.375": {
							"vector": [-61.58512, -70.54532, 63.5681]
						},
						"2.4167": {
							"vector": [88.97082, -9.01153, -96.388]
						},
						"7.2917": {
							"vector": [88.97082, -9.01153, -96.388]
						},
						"7.4167": {
							"vector": [88.97082, -9.01153, -96.388]
						},
						"7.7083": {
							"vector": [88.97082, -9.01153, -96.388]
						},
						"7.9167": {
							"vector": [88.97082, -9.01153, -96.388]
						},
						"8.0833": {
							"vector": [0, 0, 0]
						}
					},
					"position": {
						"0.0": {
							"vector": [0, 0, 0]
						},
						"0.5": {
							"vector": [0, 0, 0]
						},
						"0.6667": {
							"vector": [-7.0724, 8.48373, -2.82974]
						},
						"0.8333": {
							"vector": [-7.0724, 8.48373, -2.82974]
						},
						"0.9583": {
							"vector": [-7.07, 7.48, 18.17]
						},
						"1.25": {
							"vector": [-7.07, 7.48, 18.17]
						},
						"1.4167": {
							"vector": [-7.0724, 8.48373, -2.82974]
						},
						"2.1667": {
							"vector": [-7.0724, 8.48373, -2.82974]
						},
						"2.2917": {
							"vector": [-16.07, 12.48, 7.17]
						},
						"2.375": {
							"vector": [-28.07, 10.48, 7.17]
						},
						"2.7083": {
							"vector": [-30.07, 43.48, -39.83]
						},
						"2.9167": {
							"vector": [-31.07, 43.48, -39.83]
						},
						"3.0833": {
							"vector": [-31.07, 16.48, -41.83]
						},
						"3.9583": {
							"vector": [-31.07, 16.48, -41.83]
						},
						"4.0": {
							"vector": [-34.07, 16.48, -41.83]
						},
						"4.125": {
							"vector": [-30.07, 16.48, -41.83]
						},
						"7.2917": {
							"vector": [-27.07, 16.48, -41.83]
						},
						"7.4167": {
							"vector": [-25.07, 43.48, -39.83]
						},
						"7.7083": {
							"vector": [-29.07, 22.48, 7.17]
						},
						"7.9167": {
							"vector": [-32.07, 21.48, 7.17]
						},
						"8.0833": {
							"vector": [-2, 0, -5]
						}
					}
				},
				"gun": {
					"rotation": {
						"0.0": {
							"vector": [0, 0, 0]
						},
						"4.0": {
							"vector": [0, 5, 0]
						},
						"4.125": {
							"vector": [0, 2.5, 0]
						}
					},
					"position": {
						"0.0": {
							"vector": [0, 0, 0]
						},
						"3.9167": {
							"vector": [0, 0, 0]
						},
						"4.0": {
							"vector": [-2, 0, 0]
						},
						"4.125": {
							"vector": [-1, 0, 0]
						}
					}
				},
				"cover": {
					"rotation": {
						"0.0": {
							"vector": [0, 0, 0]
						},
						"2.4167": {
							"vector": [0, 0, 0]
						},
						"2.7083": {
							"vector": [100, 0, 0]
						},
						"7.4167": {
							"vector": [100, 0, 0]
						},
						"7.7083": {
							"vector": [0, 0, 0]
						}
					}
				},
				"action": {
					"position": {
						"0.0": {
							"vector": [0, 0, 0]
						},
						"0.8333": {
							"vector": [0, 0, 0]
						},
						"1.0417": {
							"vector": [0, 0, 15]
						},
						"1.2917": {
							"vector": [0, 0, 15]
						},
						"1.4583": {
							"vector": [0, 0, 0]
						}
					}
				},
				"magazine": {
					"rotation": {
						"0.0": {
							"vector": [0, 0, 0]
						},
						"3.6667": {
							"vector": [0, 0, 0]
						},
						"3.75": {
							"vector": [0, 12.5, 0]
						},
						"3.8333": {
							"vector": [0, 12.5, 0]
						},
						"3.9167": {
							"vector": [0, -12.5, 0]
						},
						"4.2917": {
							"vector": [0, -12.5, 0]
						}
					},
					"position": {
						"0.0": {
							"vector": [0, 0, 0]
						},
						"3.6667": {
							"vector": [0, 0, 0]
						},
						"3.75": {
							"vector": [0, 0, -2]
						},
						"3.8333": {
							"vector": [0, 0, -2]
						},
						"3.9167": {
							"vector": [2, 0, -2]
						},
						"4.2917": {
							"vector": [2, 0, -2]
						},
						"4.5417": {
							"vector": [13, -17, -2]
						},
						"4.7917": {
							"vector": [13, -64, -2]
						}
					}
				},
				"bullet": {
					"position": {
						"0.0": {
							"vector": [0, 0, 0]
						},
						"3.3333": {
							"vector": [0, 0, 0]
						},
						"3.4167": {
							"vector": [6, -3, 0]
						}
					}
				},
				"magazine2": {
					"rotation": {
						"0.0": {
							"vector": [0, 0, 0]
						},
						"5.5": {
							"vector": [0, 0, 0]
						},
						"5.75": {
							"vector": [0, 10, 0]
						},
						"5.875": {
							"vector": [0, 10, 0]
						},
						"5.9583": {
							"vector": [0, 2.5, 0]
						}
					},
					"position": {
						"0.0": {
							"vector": [47, -49, 0]
						},
						"3.4167": {
							"vector": [47, -49, 0]
						},
						"4.7917": {
							"vector": [16, -16, 0]
						},
						"5.5": {
							"vector": [16, -16, 0]
						},
						"5.75": {
							"vector": [-1, 0, -5]
						},
						"5.875": {
							"vector": [-1, 0, -5]
						},
						"5.9583": {
							"vector": [-2, 0, -1]
						}
					}
				},
				"bullet2": {
					"position": {
						"0.0": {
							"vector": [0, 0, 0]
						},
						"3.7917": {
							"vector": [4, -2, 0]
						},
						"6.5417": {
							"vector": [4, -2, 0]
						},
						"6.6667": {
							"vector": [0, 0, 0]
						}
					}
				},
				"leftarm": {
					"rotation": {
						"0.0": {
							"vector": [0, 0, 0]
						},
						"2.0417": {
							"vector": [0, 0, 0]
						},
						"2.125": {
							"vector": [-15, 0, -2.5]
						},
						"2.875": {
							"vector": [-15, 0, -2.5]
						},
						"3.0417": {
							"vector": [-23.8479, -13.70603, -30.95642]
						},
						"3.2917": {
							"vector": [-23.8479, -13.70603, -30.95642]
						},
						"3.4167": {
							"vector": [-8.8479, -13.70603, -30.95642]
						},
						"3.6667": {
							"vector": [-8.8479, -13.70603, -30.95642]
						},
						"3.75": {
							"vector": [-1.3479, -13.70603, -30.95642]
						},
						"4.2917": {
							"vector": [-1.3479, -13.70603, -30.95642]
						},
						"5.875": {
							"vector": [-8.8479, -13.70603, -30.95642]
						},
						"6.0417": {
							"vector": [-26.3479, -13.70603, -30.95642]
						},
						"6.3333": {
							"vector": [-26.3479, -13.70603, -30.95642]
						},
						"6.5417": {
							"vector": [-26.3479, -13.70603, -30.95642]
						},
						"6.9583": {
							"vector": [-26.3479, -13.70603, -30.95642]
						},
						"7.1667": {
							"vector": [-15, 0, -2.5]
						},
						"7.9167": {
							"vector": [-15, 0, -2.5]
						},
						"8.0833": {
							"vector": [0, 0, 0]
						}
					},
					"position": {
						"0.0": {
							"vector": [0, 0, 0]
						},
						"2.0417": {
							"vector": [0, 0, 0]
						},
						"2.125": {
							"vector": [0, 0, 10]
						},
						"2.875": {
							"vector": [0, 0, 10]
						},
						"3.0417": {
							"vector": [11, 1, 26]
						},
						"3.2917": {
							"vector": [11, 1, 26]
						},
						"3.4167": {
							"vector": [4, 1, 26]
						},
						"3.6667": {
							"vector": [4, 1, 26]
						},
						"3.75": {
							"vector": [2, 1, 26]
						},
						"4.2917": {
							"vector": [2, 1, 26]
						},
						"4.5417": {
							"vector": [16, -16, 26]
						},
						"5.5": {
							"vector": [16, -16, 26]
						},
						"5.7917": {
							"vector": [8, -2, 26]
						},
						"5.875": {
							"vector": [8, -2, 26]
						},
						"6.0417": {
							"vector": [15, -5, 26]
						},
						"6.3333": {
							"vector": [15, -5, 26]
						},
						"6.4167": {
							"vector": [9, -1, 26]
						},
						"6.5417": {
							"vector": [9, -1, 26]
						},
						"6.6667": {
							"vector": [4, -1, 26]
						},
						"6.9583": {
							"vector": [4, -1, 26]
						},
						"7.1667": {
							"vector": [0, 0, 10]
						},
						"7.9167": {
							"vector": [0, 0, 10]
						},
						"8.0833": {
							"vector": [0, 0, 0]
						}
					}
				}
			},
			"sound_effects": {
				"0.0833": {
					"effect": "foley_end"
				},
				"0.9167": {
					"effect": "m4_actionback"
				},
				"1.2917": {
					"effect": "ak_actionforward"
				},
				"1.9167": {
					"effect": "foley_end"
				},
				"2.4583": {
					"effect": "lmg_coverup"
				},
				"3.375": {
					"effect": "lmg_bulletchain"
				},
				"3.9167": {
					"effect": "lmg_magout"
				},
				"4.875": {
					"effect": "foley_start"
				},
				"5.3333": {
					"effect": "foley_end"
				},
				"5.7917": {
					"effect": "lmg_magin"
				},
				"6.5417": {
					"effect": "lmg_bulletchain"
				},
				"7.5": {
					"effect": "lmg_coverdown"
				},
				"8.0417": {
					"effect": "foley_end"
				}
			}
		},
		"animation.model.reloadempty": {
			"loop": true,
			"animation_length": 9.0417,
			"bones": {
				"main": {
					"rotation": {
						"0.0": {
							"vector": [0, 0, 0]
						},
						"0.2083": {
							"vector": [-32.07229, -4.57267, 23.22709]
						},
						"0.4167": {
							"vector": [-22.07229, -4.57267, 23.22709]
						},
						"0.625": {
							"vector": [-22.23833, -3.62974, 25.54842]
						},
						"0.6667": {
							"vector": [-24.72173, -3.72403, 25.31628]
						},
						"0.7083": {
							"vector": [-24.04063, -5.87174, 20.50865]
						},
						"1.0417": {
							"vector": [-22.07229, -4.57267, 23.22709]
						},
						"1.0833": {
							"vector": [-24.86147, -2.58098, 27.82117]
						},
						"1.125": {
							"vector": [-24.41837, -4.76565, 23.02259]
						},
						"1.2917": {
							"vector": [-24.41837, -4.76565, 23.02259]
						},
						"1.5": {
							"vector": [-23.87589, -2.68366, 27.68223]
						},
						"1.5417": {
							"vector": [-23.3634, -4.88992, 22.59222]
						},
						"1.875": {
							"vector": [-23.3634, -4.88992, 22.59222]
						},
						"2.0417": {
							"vector": [7.5, 0, 0]
						},
						"2.125": {
							"vector": [10, 0, 0]
						},
						"2.25": {
							"vector": [9.91615, -1.29876, 7.38733]
						},
						"2.2917": {
							"vector": [14.91615, -1.29876, 7.38733]
						},
						"2.3333": {
							"vector": [14.97131, -0.00864, 2.55622]
						},
						"2.4583": {
							"vector": [14.88381, 1.60266, -3.48327]
						},
						"2.5833": {
							"vector": [14.95733, -0.65428, 4.97146]
						},
						"2.6667": {
							"vector": [14.84782, -1.94092, 9.80442]
						},
						"2.75": {
							"vector": [17.34782, -1.94092, 9.80442]
						},
						"2.8333": {
							"vector": [17.44724, -0.44506, 5.03226]
						},
						"3.125": {
							"vector": [17.34782, -1.94092, 9.80442]
						},
						"3.1667": {
							"vector": [17.38868, -4.32697, 9.05708]
						},
						"3.2083": {
							"vector": [17.89536, -0.52487, -2.86357]
						},
						"3.375": {
							"vector": [17.9012, 0.24356, -5.24257]
						},
						"3.4167": {
							"vector": [17.92044, 2.62244, -4.47355]
						},
						"3.4583": {
							"vector": [18.0741, 1.07669, 0.28415]
						},
						"3.5": {
							"vector": [15.5741, 1.07669, 0.28415]
						},
						"3.5417": {
							"vector": [15.60811, -0.26795, 5.10018]
						},
						"3.7083": {
							"vector": [15.6191, 2.13982, 5.77309]
						},
						"3.9167": {
							"vector": [15.6191, 2.13982, 5.77309]
						},
						"4.4583": {
							"vector": [18.24219, 0.78765, 10.58847]
						},
						"4.7083": {
							"vector": [-16.43585, 0.93155, 15.05613]
						},
						"4.75": {
							"vector": [-24.72761, 0.60155, 14.60184]
						},
						"4.8333": {
							"vector": [-33.81113, -0.05844, 13.69326]
						},
						"5.0": {
							"vector": [-33.73899, 2.25852, 17.15726]
						},
						"5.0833": {
							"vector": [-33.78803, 1.33243, 15.7708]
						},
						"5.1667": {
							"vector": [-41.29573, 0.86881, 15.07829]
						},
						"5.25": {
							"vector": [-37.476, -2.64086, 10.4195]
						},
						"5.375": {
							"vector": [-33.57753, -4.22328, 7.4502]
						},
						"5.5": {
							"vector": [-34.73875, -4.68947, 6.83338]
						},
						"5.625": {
							"vector": [-36.18535, -2.30105, 10.33161]
						},
						"5.75": {
							"vector": [-35.16783, -1.33993, 11.77232]
						},
						"5.9167": {
							"vector": [-33.81113, -0.05844, 13.69326]
						},
						"5.9583": {
							"vector": [-33.83778, -2.13541, 15.08506]
						},
						"6.2083": {
							"vector": [-33.81113, -0.05844, 13.69326]
						},
						"6.2917": {
							"vector": [-33.81113, -0.05844, 13.69326]
						},
						"6.4167": {
							"vector": [-36.31113, -0.05844, 13.69326]
						},
						"6.5": {
							"vector": [-35.28332, -1.50314, 11.65271]
						},
						"6.625": {
							"vector": [-33.81113, -0.05844, 13.69326]
						},
						"6.7083": {
							"vector": [-38.74668, 1.79489, 16.46488]
						},
						"6.75": {
							"vector": [-33.71445, 2.72156, 17.8507]
						},
						"6.875": {
							"vector": [-33.81113, -0.05844, 13.69326]
						},
						"7.0": {
							"vector": [-31.31113, -0.05844, 13.69326]
						},
						"7.0833": {
							"vector": [-32.33442, 2.05428, 12.35641]
						},
						"7.2083": {
							"vector": [-33.81113, -0.05844, 13.69326]
						},
						"7.2917": {
							"vector": [-38.81113, -0.05844, 13.69326]
						},
						"7.4167": {
							"vector": [-37.25275, -4.04209, 16.71748]
						},
						"7.5": {
							"vector": [-38.60555, -2.71421, 15.70941]
						},
						"7.6667": {
							"vector": [-33.81113, -0.05844, 13.69326]
						},
						"7.75": {
							"vector": [9.18862, 2.3222, 9.68252]
						},
						"7.7917": {
							"vector": [16.9385, 3.51252, 7.67715]
						},
						"7.9167": {
							"vector": [15.6191, 2.13982, 5.77309]
						},
						"8.0833": {
							"vector": [-4.98107, 0.43523, 4.98107]
						},
						"8.25": {
							"vector": [0, 0, 0]
						},
						"8.375": {
							"vector": [12.5, 0, 0]
						},
						"8.4583": {
							"vector": [-5, 0, 0]
						},
						"8.5833": {
							"vector": [-3.32068, 0.29036, 4.99158]
						},
						"8.75": {
							"vector": [-1.66677, 2.57157, -0.07585]
						},
						"8.875": {
							"vector": [0, 0, 0]
						}
					},
					"position": {
						"0.0": {
							"vector": [2, 0, 0]
						},
						"0.2083": {
							"vector": [0, 4, 0]
						},
						"0.3333": {
							"vector": [0, 1, 1]
						},
						"0.4167": {
							"vector": [0, 2, 1]
						},
						"1.0417": {
							"vector": [0, 2, 1]
						},
						"1.0833": {
							"vector": [0, 1, 5]
						},
						"1.2917": {
							"vector": [0, 1, 3]
						},
						"1.5": {
							"vector": [0, 4.36, -0.71]
						},
						"1.875": {
							"vector": [0, 4.36, -0.71]
						},
						"2.0417": {
							"vector": [0, 0, 0]
						},
						"3.9167": {
							"vector": [0, 0, 0]
						},
						"4.5833": {
							"vector": [0, 0, 0]
						},
						"4.9167": {
							"vector": [0, -6.08, 6]
						},
						"7.75": {
							"vector": [0, -6.08, 6]
						},
						"7.9167": {
							"vector": [0, -6.08, 6]
						},
						"8.0833": {
							"vector": [0, -6.08, 6]
						},
						"8.25": {
							"vector": [0, 0, 0]
						},
						"8.4583": {
							"vector": [0, 0, 0]
						},
						"8.875": {
							"vector": [2, 0, 0]
						}
					}
				},
				"rightarm": {
					"rotation": {
						"0.0": {
							"vector": [0, 0, 0]
						},
						"2.1667": {
							"vector": [0, 0, 0]
						},
						"2.2917": {
							"vector": [0, -42.5, 0]
						},
						"2.375": {
							"vector": [-61.58512, -70.54532, 63.5681]
						},
						"2.4167": {
							"vector": [88.97082, -9.01153, -96.388]
						},
						"7.2917": {
							"vector": [88.97082, -9.01153, -96.388]
						},
						"7.4167": {
							"vector": [88.97082, -9.01153, -96.388]
						},
						"7.7083": {
							"vector": [88.97082, -9.01153, -96.388]
						},
						"7.9167": {
							"vector": [88.97082, -9.01153, -96.388]
						},
						"8.0833": {
							"vector": [0, 0, 0]
						}
					},
					"position": {
						"0.0": {
							"vector": [0, 0, 0]
						},
						"0.5": {
							"vector": [0, 0, 0]
						},
						"0.6667": {
							"vector": [-7.0724, 8.48373, -2.82974]
						},
						"0.8333": {
							"vector": [-7.0724, 8.48373, -2.82974]
						},
						"0.9583": {
							"vector": [-7.07, 7.48, 18.17]
						},
						"1.25": {
							"vector": [-7.07, 7.48, 18.17]
						},
						"1.4167": {
							"vector": [-7.0724, 8.48373, -2.82974]
						},
						"2.1667": {
							"vector": [-7.0724, 8.48373, -2.82974]
						},
						"2.2917": {
							"vector": [-16.07, 12.48, 7.17]
						},
						"2.375": {
							"vector": [-27.07, 12.48, 7.17]
						},
						"2.7083": {
							"vector": [-31.07, 43.48, -39.83]
						},
						"2.9167": {
							"vector": [-31.07, 43.48, -39.83]
						},
						"3.0833": {
							"vector": [-31.07, 16.48, -41.83]
						},
						"3.9583": {
							"vector": [-32.07, 16.48, -41.83]
						},
						"4.0": {
							"vector": [-32.07, 16.48, -41.83]
						},
						"4.125": {
							"vector": [-32.07, 16.48, -41.83]
						},
						"7.2917": {
							"vector": [-31.07, 16.48, -41.83]
						},
						"7.4167": {
							"vector": [-32.07, 43.48, -39.83]
						},
						"7.7083": {
							"vector": [-30.07, 24.48, 7.17]
						},
						"7.9167": {
							"vector": [-30.07, 24.48, 7.17]
						},
						"8.0833": {
							"vector": [-2, 0, -5]
						}
					}
				},
				"gun": {
					"rotation": {
						"0.0": {
							"vector": [0, 0, 0]
						},
						"4.0": {
							"vector": [0, 5, 0]
						},
						"4.125": {
							"vector": [0, 2.5, 0]
						}
					},
					"position": {
						"0.0": {
							"vector": [0, 0, 0]
						},
						"3.9167": {
							"vector": [0, 0, 0]
						},
						"4.0": {
							"vector": [-2, 0, 0]
						},
						"4.125": {
							"vector": [-1, 0, 0]
						}
					}
				},
				"cover": {
					"rotation": {
						"0.0": {
							"vector": [0, 0, 0]
						},
						"2.4167": {
							"vector": [0, 0, 0]
						},
						"2.7083": {
							"vector": [100, 0, 0]
						},
						"7.4167": {
							"vector": [100, 0, 0]
						},
						"7.7083": {
							"vector": [0, 0, 0]
						}
					}
				},
				"action": {
					"position": {
						"0.0": {
							"vector": [0, 0, 0]
						},
						"0.8333": {
							"vector": [0, 0, 0]
						},
						"1.0417": {
							"vector": [0, 0, 15]
						},
						"1.2917": {
							"vector": [0, 0, 15]
						},
						"1.4583": {
							"vector": [0, 0, 0]
						}
					}
				},
				"magazine": {
					"rotation": {
						"0.0": {
							"vector": [0, 0, 0]
						},
						"3.6667": {
							"vector": [0, 0, 0]
						},
						"3.75": {
							"vector": [0, 12.5, 0]
						},
						"3.8333": {
							"vector": [0, 12.5, 0]
						},
						"3.9167": {
							"vector": [0, -12.5, 0]
						},
						"4.2917": {
							"vector": [0, -12.5, 0]
						}
					},
					"position": {
						"0.0": {
							"vector": [0, 0, 0]
						},
						"3.6667": {
							"vector": [0, 0, 0]
						},
						"3.75": {
							"vector": [0, 0, -2]
						},
						"3.8333": {
							"vector": [0, 0, -2]
						},
						"3.9167": {
							"vector": [2, 0, -2]
						},
						"4.2917": {
							"vector": [2, 0, -2]
						},
						"4.5417": {
							"vector": [13, -17, -2]
						},
						"4.7917": {
							"vector": [13, -64, -2]
						}
					}
				},
				"bullet": {
					"position": {
						"0.0": {
							"vector": [0, -3, 0]
						},
						"3.4167": {
							"vector": [6, -3, 0]
						}
					}
				},
				"magazine2": {
					"rotation": {
						"0.0": {
							"vector": [0, 0, 0]
						},
						"5.5": {
							"vector": [0, 0, 0]
						},
						"5.75": {
							"vector": [0, 10, 0]
						},
						"5.875": {
							"vector": [0, 10, 0]
						},
						"5.9583": {
							"vector": [0, 2.5, 0]
						}
					},
					"position": {
						"0.0": {
							"vector": [47, -49, 0]
						},
						"3.4167": {
							"vector": [47, -49, 0]
						},
						"4.7917": {
							"vector": [16, -16, 0]
						},
						"5.5": {
							"vector": [16, -16, 0]
						},
						"5.75": {
							"vector": [-1, 0, -5]
						},
						"5.875": {
							"vector": [-1, 0, -5]
						},
						"5.9583": {
							"vector": [-2, 0, -1]
						}
					}
				},
				"bullet2": {
					"position": {
						"0.0": {
							"vector": [0, 0, 0]
						},
						"3.7917": {
							"vector": [4, -2, 0]
						},
						"6.5417": {
							"vector": [4, -2, 0]
						},
						"6.6667": {
							"vector": [0, 0, 0]
						}
					}
				},
				"leftarm": {
					"rotation": {
						"0.0": {
							"vector": [0, 0, 0]
						},
						"2.0417": {
							"vector": [0, 0, 0]
						},
						"2.125": {
							"vector": [-15, 0, -2.5]
						},
						"2.875": {
							"vector": [-15, 0, -2.5]
						},
						"3.0417": {
							"vector": [-23.8479, -13.70603, -30.95642]
						},
						"3.2917": {
							"vector": [-23.8479, -13.70603, -30.95642]
						},
						"3.4167": {
							"vector": [-8.8479, -13.70603, -30.95642]
						},
						"3.6667": {
							"vector": [-8.8479, -13.70603, -30.95642]
						},
						"3.75": {
							"vector": [-1.3479, -13.70603, -30.95642]
						},
						"4.2917": {
							"vector": [-1.3479, -13.70603, -30.95642]
						},
						"5.875": {
							"vector": [-8.8479, -13.70603, -30.95642]
						},
						"6.0417": {
							"vector": [-26.3479, -13.70603, -30.95642]
						},
						"6.3333": {
							"vector": [-26.3479, -13.70603, -30.95642]
						},
						"6.5417": {
							"vector": [-26.3479, -13.70603, -30.95642]
						},
						"6.9583": {
							"vector": [-26.3479, -13.70603, -30.95642]
						},
						"7.1667": {
							"vector": [-15, 0, -2.5]
						},
						"7.9167": {
							"vector": [-15, 0, -2.5]
						},
						"8.0833": {
							"vector": [0, 0, 0]
						}
					},
					"position": {
						"0.0": {
							"vector": [0, 0, 0]
						},
						"2.0417": {
							"vector": [0, 0, 0]
						},
						"2.125": {
							"vector": [0, 0, 10]
						},
						"2.875": {
							"vector": [0, 0, 10]
						},
						"3.0417": {
							"vector": [11, 1, 26]
						},
						"3.2917": {
							"vector": [11, 1, 26]
						},
						"3.4167": {
							"vector": [4, 1, 26]
						},
						"3.6667": {
							"vector": [4, 1, 26]
						},
						"3.75": {
							"vector": [2, 1, 26]
						},
						"4.2917": {
							"vector": [2, 1, 26]
						},
						"4.5417": {
							"vector": [16, -16, 26]
						},
						"5.5": {
							"vector": [16, -16, 26]
						},
						"5.7917": {
							"vector": [8, -2, 26]
						},
						"5.875": {
							"vector": [8, -2, 26]
						},
						"6.0417": {
							"vector": [15, -5, 26]
						},
						"6.3333": {
							"vector": [15, -5, 26]
						},
						"6.4167": {
							"vector": [9, -1, 26]
						},
						"6.5417": {
							"vector": [9, -1, 26]
						},
						"6.6667": {
							"vector": [4, -1, 26]
						},
						"6.9583": {
							"vector": [4, -1, 26]
						},
						"7.1667": {
							"vector": [0, 0, 10]
						},
						"7.9167": {
							"vector": [0, 0, 10]
						},
						"8.0833": {
							"vector": [0, 0, 0]
						}
					}
				}
			},
			"sound_effects": {
				"0.0417": {
					"effect": "foley_end"
				},
				"0.875": {
					"effect": "m4_actionback"
				},
				"1.2083": {
					"effect": "ak_actionforward"
				},
				"1.5417": {
					"effect": "foley_end"
				},
				"2.4583": {
					"effect": "lmg_coverup"
				},
				"3.0": {
					"effect": "foley_start"
				},
				"3.5833": {
					"effect": "lmg_magout"
				},
				"4.625": {
					"effect": "foley_start"
				},
				"5.1667": {
					"effect": "foley_end"
				},
				"5.5833": {
					"effect": "lmg_magin"
				},
				"6.5833": {
					"effect": "lmg_bulletchain"
				},
				"7.5833": {
					"effect": "lmg_coverdown"
				},
				"8.375": {
					"effect": "foley_end"
				}
			}
		},
		"animation.model.fire": {
			"loop": true,
			"animation_length": 0.3333,
			"bones": {
				"main": {
					"rotation": {
						"0.0": {
							"vector": [0, 0, 0]
						},
						"0.0417": {
							"vector": [0, 0, 0]
						},
						"0.125": {
							"vector": [0, 0, 0]
						}
					},
					"position": {
						"0.0": {
							"vector": [0, 0, 0]
						},
						"0.0417": {
							"vector": [0, 0, 6]
						},
						"0.125": {
							"vector": [0, 0, 0]
						}
					}
				},
				"bone": {
					"rotation": {
						"0.0": {
							"vector": [0, 0, 0]
						},
						"0.0417": {
							"vector": [0, 0, 17.5]
						},
						"0.0833": {
							"vector": [0, 0, 0]
						},
						"0.1667": {
							"vector": [0, 0, 17.5]
						},
						"0.25": {
							"vector": [0, 0, 0]
						}
					}
				},
				"bone2": {
					"rotation": {
						"0.0": {
							"vector": [0, 0, 0]
						},
						"0.0417": {
							"vector": [0, 0, 15]
						},
						"0.0833": {
							"vector": [0, 0, 0]
						},
						"0.1667": {
							"vector": [0, 0, 15]
						},
						"0.25": {
							"vector": [0, 0, 0]
						}
					}
				}
			}
		}
	},
	"geckolib_format_version": 2
}