{
  "name" : "cogrevolver",
  "type": "Gun",
  "maxAmmoCapacity" : 6,
  "maxAmmoPerReloadIteration": 1,
  "compatibleAmmo" : ["ammocreative", "ammo357"],
  "damage" : 10.0,
  "rpm" : 55,
  "fireModes" : ["SINGLE"],
  "fireSound" : "rhino",
  "drawCooldownDuration" : 530,
  "aimingZoom" : 0.15,
  "gunRecoilInitialAmplitude" : 2.5,
  "shakeRecoilAmplitude" : 0.8,
  "shakeRecoilSpeed" : 2,
  "viewRecoilAmplitude" : 2,
  "inspectCooldownDuration": 4000,
  "phasedReloads": [
    {
      "phase": "PREPARING",
      "condition": "reloadIterationIndex >= -1",
      "duration": 400,
      "animation": "animation.model.prepare"
    },
    {
      "phase": "RELOADING",
      "condition": "reloadIterationIndex >= 0",
      "duration": 1270,
      "animation": "animation.model.iterativereload"
    },
    {
      "phase": "COMPLETETING",
      "condition": "reloadIterationIndex >= 0",
      "duration": 570,
      "animation": "animation.model.finish"
    }
  ],
  "effects": [
    {
      "phase": "hit_scan_acquired",
      "name": "tracer"
    },
    {
      "phase": "firing",
      "name": "muzzle_flash_small"
    }
  ]
}