{
  "name" : "gyroshotgun",
  "type": "Gun",
  "maxAmmoCapacity" : 6,
  "compatibleAmmo" : ["ammocreative", "ammo12gauge"],
  "pelletCount" : 12,
  "pelletSpread" : 0.1,
  "damage" : 2.0,
  "rpm" : 160,
  "fireModes" : ["SINGLE"],
  "fireSound" : "aa12",
  "drawCooldownDuration" : 1200,
  "aimingZoom" : 0.2,
  "gunRecoilInitialAmplitude" : 1.3,
  "shakeRecoilAmplitude" : 0.45,
  "shakeRecoilSpeed" : 2,
  "viewRecoilAmplitude" : 2,
  "inspectCooldownDuration": 4300,
  "phasedReloads": [
    {
      "phase": "RELOADING",
      "duration": 2670,
      "animation": "animation.model.reload",
      "shakeEffects": [
        {
          "start": 530,
          "duration": 500,
          "initialAmplitude": 0.4,
          "rateOfAmplitudeDecay": 0.8
        },
        {
          "start": 730,
          "duration": 300,
          "initialAmplitude": 0.2,
          "rateOfAmplitudeDecay": 0.5
        },
        {
          "start": 1630,
          "duration": 700,
          "initialAmplitude": 0.5,
          "rateOfAmplitudeDecay": 0.5
        }
      ]
    }
  ],
  "effects": [
    {
      "phase": "hit_scan_acquired",
      "name": "tracer"
    },
    {
      "phase": "firing",
      "name": "muzzle_flash"
    }
  ]
}