{
  "name" : "steamrifle",
  "type": "Gun",
  "maxAmmoCapacity" : 5,
  "compatibleAmmo" : ["ammocreative", "ammo762"],
  "damage" : 18.0,
  "rpm" : 80,
  "fireModes" : ["SINGLE"],
  "fireSound" : "mk14ebr",
  "drawCooldownDuration" : 1200,
  "aimingZoom" : 0.4,
  "gunRecoilInitialAmplitude" : 1.75,
  "shakeRecoilAmplitude" : 0.45,
  "shakeRecoilSpeed" : 2,
  "viewRecoilAmplitude" : 2,
  "inspectCooldownDuration": 4800,
  "phasedReloads": [
    {
      "phase": "RELOADING",
      "duration": 3100,
      "animation": "animation.model.reload",
      "shakeEffects": [
        {
          "start": 630,
          "duration": 500,
          "initialAmplitude": 0.4,
          "rateOfAmplitudeDecay": 0.8
        },
        {
          "start": 1770,
          "duration": 300,
          "initialAmplitude": 0.2,
          "rateOfAmplitudeDecay": 0.5
        },
        {
          "start": 2670,
          "duration": 700,
          "initialAmplitude": 0.5,
          "rateOfAmplitudeDecay": 0.5
        }
      ]
    }
  ],
  "effects": [
    {
      "phase": "hit_scan_acquired",
      "name": "tracer"
    },
    {
      "phase": "firing",
      "name": "muzzle_flash"
    }
  ]
}