{
    "type": "pointblank:default",
    "ingredients": [
        {
            "count": 25,
            "item": "pointblank:gunmetal_ingot"
        },
        {
            "count": 10,
            "tag": "forge:ingots/iron"
        },
        {
            "count": 8,
            "item": "pointblank:guninternals"
        },
        {
            "count": 25,
            "tag": "minecraft:planks"
        }
    ],
    "result": {
        "item": "pointblank:gyroshotgun"
    }
}