{
    "type": "pointblank:default",
    "ingredients": [
        {
            "count": 30,
            "item": "pointblank:gunmetal_ingot"
        },
        {
            "count": 15,
            "tag": "forge:ingots/iron"
        },
        {
            "count": 10,
            "item": "pointblank:guninternals"
        },
        {
            "count": 20,
            "tag": "minecraft:planks"
        }
    ],
    "result": {
        "item": "pointblank:steamrifle"
    }
}