{
	"format_version": "1.8.0",
	"animations": {
		"animation.model.draw": {
			"loop": true,
			"animation_length": 1.2,
			"bones": {
				"main": {
					"rotation": {
						"0.0": {
							"vector": [32.09413, -54.38778, -8.29667]
						},
						"0.35": {
							"vector": [0.50518, -5.08075, 6.8716],
							"easing": "easeOutSine"
						},
						"0.5": {
							"vector": [0.32389, -0.60235, -2.1558],
							"easing": "linear"
						},
						"0.6": {
							"vector": [0, 0, 0],
							"easing": "linear"
						}
					},
					"position": {
						"0.0": {
							"vector": [0, -17.3, 0]
						},
						"0.25": {
							"vector": [-0.4, -2.525, -1.625],
							"easing": "linear"
						},
						"0.4": {
							"vector": [-0.05, 0, -2.49],
							"easing": "linear"
						},
						"0.55": {
							"vector": [0, 0, 0],
							"easing": "linear"
						}
					}
				},
				"leftarm": {
					"rotation": {
						"0.0": {
							"vector": [0, 0, 0]
						},
						"0.2": {
							"vector": [1, 0, -22]
						},
						"0.4": {
							"vector": [0, 0, 0]
						}
					},
					"position": {
						"0.0": {
							"vector": [0, 0, 0]
						},
						"0.2": {
							"vector": [3.53901, 3.6754, 5.59783]
						},
						"0.4": {
							"vector": [0, 0, 0]
						}
					}
				}
			}
		},
		"animation.model.inspect": {
			"animation_length": 6.2667,
			"bones": {
				"main": {
					"rotation": {
						"0.0": {
							"vector": [0, 0, 0]
						},
						"0.35": {
							"vector": [-26.32055, -28.95323, -38.41824],
							"easing": "easeInOutQuad"
						},
						"0.45": {
							"vector": [-25.66239, -31.53589, -44.68762]
						},
						"0.5833": {
							"vector": [-29.3192, -30.58227, -40.03448]
						},
						"0.75": {
							"vector": [-27.10413, -31.89841, -42.85878]
						},
						"0.8833": {
							"vector": [-27.78689, -31.32225, -41.55621]
						},
						"1.0333": {
							"vector": [-27.51613, -31.5543, -42.0753]
						},
						"1.2333": {
							"vector": [-23.71064, -34.36823, -49.06156],
							"easing": "easeInOutSine"
						},
						"1.4": {
							"vector": [-21.1074, -35.89402, -53.58343],
							"easing": "easeOutSine"
						},
						"1.5667": {
							"vector": [-21.94193, -35.43536, -52.15215]
						},
						"1.7833": {
							"vector": [-20.76832, -36.0727, -54.16054]
						},
						"2.55": {
							"vector": [-23.3185, -35.45401, -49.81532]
						},
						"2.75": {
							"vector": [-51.25525, -13.69623, -15.09178]
						},
						"2.8833": {
							"vector": [-65.63972, 2.32296, -3.688]
						},
						"3.0667": {
							"vector": [-74.01117, 23.8148, -0.67983]
						},
						"3.2167": {
							"vector": [-79.3734, 25.56465, -3.9573]
						},
						"3.4333": {
							"vector": [-78.98912, 24.70845, -3.62085]
						},
						"3.6667": {
							"vector": [-78.89762, 23.48902, -2.80696]
						},
						"3.9167": {
							"vector": [-78.94097, 24.0015, -2.60182]
						},
						"4.2667": {
							"vector": [-78.95092, 23.9453, -3.0957]
						},
						"4.6667": {
							"vector": [-78.95092, 23.9453, -3.0957]
						},
						"5.05": {
							"vector": [-3.27585, -3.91843, 52.5061],
							"easing": "easeOutSine"
						},
						"5.3167": {
							"vector": [1.57141, -1.85374, -1.9128],
							"easing": "easeOutSine"
						},
						"5.4": {
							"vector": [0.27288, -0.37236, 1.59554],
							"easing": "linear"
						},
						"5.4833": {
							"vector": [0, 0, 0],
							"easing": "linear"
						}
					},
					"position": {
						"0.0": {
							"vector": [0, 0, 0]
						},
						"0.3": {
							"vector": [-4.15, 1.75, -15.475],
							"easing": "easeOutQuad"
						},
						"0.4": {
							"vector": [-4.15, -0.15, -14.6],
							"easing": "easeInOutSine"
						},
						"0.5167": {
							"vector": [-4.15, -0.925, -14.6],
							"easing": "linear"
						},
						"0.7": {
							"vector": [-4.2, -0.42, -14.6]
						},
						"0.9": {
							"vector": [-4.12, -0.57, -14.6]
						},
						"1.0667": {
							"vector": [-4.15, -0.47, -14.6]
						},
						"1.3": {
							"vector": [-4.15, -0.12, -14.825],
							"easing": "easeInOutQuad"
						},
						"1.5333": {
							"vector": [-4.2, -0.12, -15.04]
						},
						"1.7": {
							"vector": [-4.2, -0.02, -15.04]
						},
						"2.3": {
							"vector": [-4.2, -1.495, -15.04],
							"easing": "easeInOutSine"
						},
						"2.4333": {
							"vector": [-4.03, -1.67, -15.04]
						},
						"2.55": {
							"vector": [-3.7, 0.08, -15.04],
							"easing": "easeInSine"
						},
						"2.65": {
							"vector": [-0.18968, 5.0153, -18.15932]
						},
						"2.75": {
							"vector": [4.78001, 6.68487, -20.58417],
							"easing": "easeInOutQuad"
						},
						"2.85": {
							"vector": [12.24, 1.085, -21.53]
						},
						"3.0333": {
							"vector": [24.8, -17.445, -24.215],
							"easing": "easeInOutSine"
						},
						"3.1667": {
							"vector": [26.05, -19.97, -23.16],
							"easing": "linear"
						},
						"3.4167": {
							"vector": [26.05, -18.915, -23.16],
							"easing": "easeInOutSine"
						},
						"3.9": {
							"vector": [26.05, -18.145, -23.16]
						},
						"4.2667": {
							"vector": [26.05, -18.34, -23.16],
							"easing": "easeInOutSine"
						},
						"4.6667": {
							"vector": [25.39, -20.09, -22.52]
						},
						"4.8167": {
							"vector": [14.76, -16.93, -12.15]
						},
						"5.0": {
							"vector": [2.27, -9.09, 0.045]
						},
						"5.2": {
							"vector": [0.02894, -1.60775, -6.90297]
						},
						"5.2833": {
							"vector": [0.05077, -1.45863, -3.79557],
							"easing": "linear"
						},
						"5.4": {
							"vector": [-0.01391, -0.26895, -0.26276]
						},
						"5.4833": {
							"vector": [0, 0, 0],
							"easing": "linear"
						}
					}
				},
				"rightarm": {
					"rotation": {
						"0.0": {
							"vector": [0, 0, 0]
						},
						"2.65": {
							"vector": [0, 0, 0]
						},
						"4.9833": {
							"vector": [0, 0, 0]
						}
					},
					"position": {
						"0.0": {
							"vector": [0, 0, 0]
						},
						"2.65": {
							"vector": [0, 0, 0]
						},
						"2.7833": {
							"vector": [-6.30177, -6.68954, 29.94651]
						},
						"4.75": {
							"vector": [-6.30177, -6.68954, 29.94651]
						},
						"4.9833": {
							"vector": [0, 0, 0]
						}
					}
				},
				"leftarm": {
					"rotation": {
						"0.0": {
							"vector": [0, 0, 0]
						},
						"0.2833": {
							"vector": [-45.13234, 71.33372, -81.76837]
						},
						"2.6333": {
							"vector": [-45.13234, 71.33372, -81.76837]
						},
						"2.6833": {
							"vector": [96.97325, 30.0031, 35.42478]
						},
						"3.0333": {
							"vector": [96.97325, 30.0031, 35.42478]
						},
						"4.6667": {
							"vector": [96.97325, 30.0031, 35.42478]
						},
						"5.1667": {
							"vector": [0, 0, 0]
						}
					},
					"position": {
						"0.0": {
							"vector": [0, 0, 0]
						},
						"0.0667": {
							"vector": [9.47769, -9.10617, 9.45309]
						},
						"0.2833": {
							"vector": [12.05588, -33.69803, 37.55014]
						},
						"2.6333": {
							"vector": [12.05588, -33.69803, 37.55014]
						},
						"2.7667": {
							"vector": [16.26701, 33.15434, 47.96913]
						},
						"3.0333": {
							"vector": [-3.77362, 37.21582, 16.89297]
						},
						"4.6667": {
							"vector": [-3.77362, 37.21582, 16.89297]
						},
						"5.1667": {
							"vector": [0, 0, 0]
						}
					},
					"scale": {
						"0.0": {
							"vector": [1, 1, 1]
						},
						"2.6333": {
							"vector": [1, 1, 1]
						},
						"2.7667": {
							"vector": [1.2, 1.4, 1.2]
						},
						"3.0333": {
							"vector": [1.2, 1.4, 1.2]
						},
						"4.6667": {
							"vector": [1.2, 1.4, 1.2]
						},
						"5.1667": {
							"vector": [1, 1, 1]
						}
					}
				},
				"_camera_": {
					"rotation": {
						"0.0": {
							"vector": [0, 0, 0]
						},
						"0.1333": {
							"vector": [-0.01091, 1.24995, -0.50012]
						},
						"0.2833": {
							"vector": [-1.31346, 1.78854, -1.03401]
						},
						"0.4833": {
							"vector": [-3.43914, 2.08948, 0.95199],
							"easing": "easeInOutQuad"
						},
						"0.8333": {
							"vector": [-4.99004, 2.77768, -0.09243],
							"easing": "easeInOutSine"
						},
						"1.0667": {
							"vector": [-5.49004, 2.77768, -0.09243]
						},
						"1.7333": {
							"vector": [7.44976, 9.00685, -1.60374],
							"easing": "easeInSine"
						},
						"1.95": {
							"vector": [9.88265, 9.8236, -2.03661],
							"easing": "easeOutSine"
						},
						"2.25": {
							"vector": [10.3897, 9.84427, -1.20003],
							"easing": "easeOutSine"
						},
						"2.5667": {
							"vector": [9.96385, 7.66225, 1.88547],
							"easing": "easeInSine"
						},
						"2.7833": {
							"vector": [1.24375, 5.27922, 3.31414]
						},
						"2.9667": {
							"vector": [5.41765, 2.01024, 2.19487]
						},
						"3.2167": {
							"vector": [12.17135, -3.19168, -0.93824],
							"easing": "easeOutSine"
						},
						"3.5833": {
							"vector": [9.63273, -4.12615, 0.15611]
						},
						"4.3": {
							"vector": [5.12655, -3.80897, -0.98969],
							"easing": "easeInOutSine"
						},
						"4.5167": {
							"vector": [4.61883, -3.81704, -0.95786],
							"easing": "easeInOutSine"
						},
						"4.9667": {
							"vector": [2.5026, -0.00111, -0.00518],
							"easing": "easeInOutSine"
						},
						"5.1333": {
							"vector": [1.75872, -0.39593, -1.62595],
							"easing": "easeInOutSine"
						},
						"5.25": {
							"vector": [1.24924, -0.00333, 0.0435]
						},
						"5.35": {
							"vector": [0.44082, -0.01767, 1.01624]
						},
						"5.4833": {
							"vector": [0, 0, 0],
							"easing": "easeOutSine"
						}
					},
					"position": {
						"0.0": {
							"vector": [0, 0, 0]
						},
						"4.9667": {
							"vector": [0, 0, 0]
						}
					}
				}
			},
			"sound_effects": {
				"0.0": {
					"effect": "inspect_up"
				},
				"1.0667": {
					"effect": "inspect_foley"
				},
				"2.25": {
					"effect": "inspect_turn"
				},
				"2.6667": {
					"effect": "inspect_down"
				},
				"4.95": {
					"effect": "inspect_down"
				}
			}
		},
		"animation.model.fire": {
			"loop": true,
			"animation_length": 0.0667,
			"bones": {
				"Charger": {
					"position": {
						"0.0": {
							"vector": [0, 0, 0]
						},
						"0.0333": {
							"vector": [0, 0, 13.4]
						}
					}
				},
				"bolt": {
					"position": {
						"0.0": {
							"vector": [0, 0, 0]
						},
						"0.0333": {
							"vector": [0, 0, 5.6]
						}
					}
				}
			}
		},
		"animation.model.reload": {
			"animation_length": 3.75,
			"bones": {
				"main": {
					"rotation": {
						"0.0": {
							"vector": [0, 0, 0]
						},
						"0.1042": {
							"vector": [-0.68746, 0.03081, 1.19696]
						},
						"0.2344": {
							"vector": [-1.35099, -0.82142, -1.23448]
						},
						"0.4948": {
							"vector": [-2.25965, -3.85991, 3.79122]
						},
						"0.6771": {
							"vector": [-2.76006, -3.83323, 1.82479]
						},
						"0.8594": {
							"vector": [-2.77567, -4.08275, 3.57369]
						},
						"1.0156": {
							"vector": [-1.90964, -5.43091, 5.99096]
						},
						"1.1458": {
							"vector": [-1.90964, -5.43091, 3.99096]
						},
						"1.276": {
							"vector": [-1.91662, -6.43092, 0.61673]
						},
						"1.4063": {
							"vector": [-1.89659, -4.93108, -2.76022]
						},
						"1.5885": {
							"vector": [-1.89659, -4.93108, -4.51022]
						},
						"1.7448": {
							"vector": [-1.94485, -3.93224, -2.75649]
						},
						"1.901": {
							"vector": [-1.24589, -4.51208, -5.50099]
						},
						"2.0313": {
							"vector": [-1.52401, -3.66521, -1.51019]
						},
						"2.1875": {
							"vector": [-1.32553, -3.73986, -4.51553]
						},
						"2.4479": {
							"vector": [-0.33299, -1.30998, -3.84458]
						},
						"2.6823": {
							"vector": [-0.17389, -0.01193, 2.96082]
						},
						"2.8385": {
							"vector": [0, 0, 0]
						}
					},
					"position": {
						"0.0": {
							"vector": [0, 0, 0]
						},
						"0.0781": {
							"vector": [0, -0.3, -1.175]
						},
						"0.1563": {
							"vector": [0, -0.495, -2.86]
						},
						"0.2083": {
							"vector": [0, -1.205, -4.545]
						},
						"0.2604": {
							"vector": [0, -1.88, -5.375]
						},
						"0.4167": {
							"vector": [0, -3.025, -4.075]
						},
						"0.651": {
							"vector": [0.075, -3.17, -2.755]
						},
						"0.7552": {
							"vector": [0.08, -3.395, -2.11]
						},
						"0.8333": {
							"vector": [0.08, -3.445, -1.68]
						},
						"0.9375": {
							"vector": [0.08, -3.575, -1.155]
						},
						"0.9896": {
							"vector": [0.08, -3.925, -0.875]
						},
						"1.0677": {
							"vector": [0.08, -4.25, -1.02]
						},
						"1.1198": {
							"vector": [0.08, -4, -1.495]
						},
						"1.1979": {
							"vector": [0.08, -4.075, -2.34]
						},
						"1.3021": {
							"vector": [0.08, -3.945, -3.265]
						},
						"1.4063": {
							"vector": [0.08, -3.515, -3.935]
						},
						"1.4844": {
							"vector": [0.08, -2.585, -3.38]
						},
						"1.5885": {
							"vector": [0.08, -1.705, -1.985]
						},
						"1.7188": {
							"vector": [-0.07, -1.655, -1.515]
						},
						"1.849": {
							"vector": [0.005, -1.58, -0.735]
						},
						"2.0052": {
							"vector": [-0.15, -1.505, -1.035]
						},
						"2.1094": {
							"vector": [-0.15, -1.95, -1.51]
						},
						"2.2656": {
							"vector": [-0.12, -2.175, -2.75]
						},
						"2.3177": {
							"vector": [-0.09, -2.46, -3.01]
						},
						"2.3958": {
							"vector": [-0.07, -2.385, -3.56]
						},
						"2.474": {
							"vector": [-0.07, -2.13, -3.83]
						},
						"2.526": {
							"vector": [-0.07, -1.83, -4.405]
						},
						"2.5781": {
							"vector": [-0.04, -1.1, -3.59]
						},
						"2.7865": {
							"vector": [0, 0, 0]
						}
					}
				},
				"magazine": {
					"rotation": {
						"0.6771": {
							"vector": [0, 0, 0]
						},
						"0.7813": {
							"vector": [9.95943, -0.57059, -0.74873]
						},
						"0.9115": {
							"vector": [5.30555, -23.68726, -10.25619],
							"easing": "easeInOutSine"
						},
						"1.0677": {
							"vector": [-12.6836, -11.7896, -29.16019]
						},
						"1.25": {
							"vector": [-12.6836, -11.7896, -29.16019]
						},
						"1.6927": {
							"vector": [9.95943, -0.57059, -0.74873]
						},
						"1.8229": {
							"vector": [5.9747, -0.35805, -0.43741]
						},
						"1.9792": {
							"vector": [6.97076, -0.29942, -0.50996]
						},
						"2.0833": {
							"vector": [0, 0, 0]
						}
					},
					"position": {
						"0.0": {
							"vector": [0, 0, 0]
						},
						"0.6771": {
							"vector": [0, 0, 0]
						},
						"0.7813": {
							"vector": [-1.28, 7.585, 16.555]
						},
						"0.9115": {
							"vector": [-14.055, 4.765, 17.71],
							"easing": "easeInSine"
						},
						"1.0677": {
							"vector": [-10.275, 2.595, 48.685]
						},
						"1.25": {
							"vector": [-10.275, 2.595, 48.685]
						},
						"1.6927": {
							"vector": [0.02, 8.485, 16.555]
						},
						"1.849": {
							"vector": [1.82, 4.81, 5.83]
						},
						"1.9792": {
							"vector": [0.02161, 3.10548, 2.4316]
						},
						"2.0833": {
							"vector": [0, 0, 0]
						}
					}
				},
				"rightarm": {
					"rotation": {
						"0.1563": {
							"vector": [-10, 0, 0]
						},
						"0.2344": {
							"vector": [-22.27678, 1.44792, 20.61205]
						},
						"0.3125": {
							"vector": [-16.56744, 4.35762, 21.51548]
						},
						"0.3646": {
							"vector": [-9.15142, 4.46168, 21.54779]
						},
						"0.4688": {
							"vector": [-11.36838, 5.39923, 21.83889]
						},
						"0.599": {
							"vector": [-8.15149, 5.84676, 23.44022]
						},
						"0.7031": {
							"vector": [-40.22873, 9.10708, 44.51633]
						},
						"0.9115": {
							"vector": [-40.22873, 9.10708, 44.51633]
						},
						"1.0677": {
							"vector": [-40.22873, 9.10708, 44.51633]
						},
						"1.224": {
							"vector": [-40.22873, 9.10708, 44.51633]
						},
						"1.5625": {
							"vector": [-40.22873, 9.10708, 44.51633]
						},
						"1.6927": {
							"vector": [-40.22873, 9.10708, 44.51633]
						},
						"1.8229": {
							"vector": [-28.86028, -1.89538, 41.65951]
						},
						"1.9792": {
							"vector": [-29.28758, 6.70266, 33.66246]
						},
						"2.0833": {
							"vector": [-9.8129, 4.10425, 12.99368]
						},
						"2.1875": {
							"vector": [-3.09467, 8.62475, 11.22844]
						},
						"2.2917": {
							"vector": [-9.06513, -4.65625, 14.33706]
						},
						"2.4479": {
							"vector": [-5.83741, -3.09373, 9.32206]
						},
						"2.6823": {
							"vector": [0, 0, 0]
						}
					},
					"position": {
						"0.0": {
							"vector": [0, 0, 0]
						},
						"0.1563": {
							"vector": [-5.49993, 8.98814, -14.28302]
						},
						"0.2344": {
							"vector": [-7.74949, 8.12747, -17.19028]
						},
						"0.3125": {
							"vector": [-6.81725, 9.48726, -15.87947]
						},
						"0.3646": {
							"vector": [-5.51725, 10.78726, -14.27947]
						},
						"0.4688": {
							"vector": [-6.3855, 10.2408, -14.63866]
						},
						"0.599": {
							"vector": [-5.92524, 11.78958, -14.98919]
						},
						"0.7031": {
							"vector": [-11.305, 8.865, -19.115]
						},
						"0.9115": {
							"vector": [-22.125, 7.895, -18.51]
						},
						"1.0677": {
							"vector": [-24.795, -5.7, 53.04]
						},
						"1.25": {
							"vector": [-32.56, 8.56, 21.88]
						},
						"1.5625": {
							"vector": [-17.9, 7.895, -5.21]
						},
						"1.6927": {
							"vector": [-12.18, 12.35, -18.19]
						},
						"1.8229": {
							"vector": [-10.92524, 12.98958, -15.78919]
						},
						"1.9792": {
							"vector": [-9.22524, 8.51458, -17.86419]
						},
						"2.0833": {
							"vector": [-4.6855, 9.8408, -14.83866]
						},
						"2.1875": {
							"vector": [-2.6855, 13.5408, -13.73866]
						},
						"2.2917": {
							"vector": [-7.71, 10.985, -14.85]
						},
						"2.4479": {
							"vector": [-7.34, 11.17, -15.22]
						},
						"2.6823": {
							"vector": [0, 0, 0]
						}
					}
				},
				"leftarm": {
					"rotation": {
						"0.0": {
							"vector": [0, 0, 0]
						},
						"2.8385": {
							"vector": [0, 0, 0]
						}
					},
					"position": {
						"0.0": {
							"vector": [0, 0, 0]
						},
						"2.8385": {
							"vector": [0, 0, 0]
						}
					}
				},
				"magazine2": {
					"position": {
						"0.0": {
							"vector": [0, -47.5, 0]
						},
						"2.0833": {
							"vector": [0, -100.2, 0]
						}
					}
				}
			},
			"sound_effects": {
				"0.0": {
					"effect": "foley_start"
				},
				"0.2604": {
					"effect": "p90_magout"
				},
				"1.3802": {
					"effect": "p90_magin"
				},
				"2.0052": {
					"effect": "foley_end"
				}
			}
		},
		"animation.model.reloadempty": {
			"animation_length": 3,
			"bones": {
				"main": {
					"rotation": {
						"0.0": {
							"vector": [0, 0, 0]
						},
						"0.0833": {
							"vector": [-0.68746, 0.03081, 1.19696]
						},
						"0.1875": {
							"vector": [-1.35099, -0.82142, -1.23448]
						},
						"0.3958": {
							"vector": [-2.25965, -3.85991, 3.79122]
						},
						"0.5417": {
							"vector": [-2.76006, -3.83323, 1.82479]
						},
						"0.6875": {
							"vector": [-2.77567, -4.08275, 3.57369]
						},
						"0.8125": {
							"vector": [-1.90964, -5.43091, 5.99096]
						},
						"0.9167": {
							"vector": [-1.90964, -5.43091, 3.99096]
						},
						"1.0208": {
							"vector": [-1.91662, -6.43092, 0.61673]
						},
						"1.125": {
							"vector": [-1.89659, -4.93108, -2.76022]
						},
						"1.2708": {
							"vector": [-1.89659, -4.93108, -4.51022]
						},
						"1.3958": {
							"vector": [-1.94485, -3.93224, -2.75649]
						},
						"1.5208": {
							"vector": [-1.24589, -4.51208, -5.50099]
						},
						"1.625": {
							"vector": [-1.52401, -3.66521, -1.51019]
						},
						"1.75": {
							"vector": [-1.32553, -3.73986, -4.51553]
						},
						"2.0625": {
							"vector": [-0.33299, -1.30998, -3.84458]
						},
						"2.375": {
							"vector": [-0.17389, -0.01193, 2.96082]
						},
						"2.5833": {
							"vector": [0, 0, 0]
						}
					},
					"position": {
						"0.0": {
							"vector": [0, 0, 0]
						},
						"0.0625": {
							"vector": [0, -0.3, -1.175]
						},
						"0.125": {
							"vector": [0, -0.495, -2.86]
						},
						"0.1667": {
							"vector": [0, -1.205, -4.545]
						},
						"0.2083": {
							"vector": [0, -1.88, -5.375]
						},
						"0.3333": {
							"vector": [0, -3.025, -4.075]
						},
						"0.5208": {
							"vector": [0.075, -3.17, -2.755]
						},
						"0.6042": {
							"vector": [0.08, -3.395, -2.11]
						},
						"0.6667": {
							"vector": [0.08, -3.445, -1.68]
						},
						"0.75": {
							"vector": [0.08, -3.575, -1.155]
						},
						"0.7917": {
							"vector": [0.08, -3.925, -0.875]
						},
						"0.8542": {
							"vector": [0.08, -4.25, -1.02]
						},
						"0.8958": {
							"vector": [0.08, -4, -1.495]
						},
						"0.9583": {
							"vector": [0.08, -4.075, -2.34]
						},
						"1.0417": {
							"vector": [0.08, -3.945, -3.265]
						},
						"1.125": {
							"vector": [0.08, -3.515, -3.935]
						},
						"1.1875": {
							"vector": [0.08, -2.585, -3.38]
						},
						"1.2708": {
							"vector": [0.08, -1.705, -1.985]
						},
						"1.375": {
							"vector": [-0.07, -1.655, -1.515]
						},
						"1.4792": {
							"vector": [0.005, -1.58, -0.735]
						},
						"1.6042": {
							"vector": [-0.15, -1.505, -1.035]
						},
						"1.6875": {
							"vector": [-0.15, -1.95, -1.51]
						},
						"1.8125": {
							"vector": [-0.12, -2.175, -2.75]
						},
						"1.8542": {
							"vector": [-0.09, -2.46, -3.01]
						},
						"2.0": {
							"vector": [-0.07, -2.385, -3.56]
						},
						"2.1042": {
							"vector": [-0.07, -2.13, -3.83]
						},
						"2.1875": {
							"vector": [-0.07, -1.83, -4.405]
						},
						"2.2708": {
							"vector": [-0.04, -1.1, -3.59]
						},
						"2.5417": {
							"vector": [0, 0, 0]
						}
					}
				},
				"magazine": {
					"rotation": {
						"0.6875": {
							"vector": [0, 0, 0]
						},
						"0.7917": {
							"vector": [9.95943, -0.57059, -0.74873]
						},
						"0.9167": {
							"vector": [5.30555, -23.68726, -10.25619],
							"easing": "easeInOutSine"
						},
						"1.0625": {
							"vector": [-12.6836, -11.7896, -29.16019]
						},
						"1.25": {
							"vector": [-12.6836, -11.7896, -29.16019]
						},
						"1.6875": {
							"vector": [9.95943, -0.57059, -0.74873]
						},
						"1.8333": {
							"vector": [5.9747, -0.35805, -0.43741]
						},
						"1.9792": {
							"vector": [6.97076, -0.29942, -0.50996]
						},
						"2.0833": {
							"vector": [0, 0, 0]
						}
					},
					"position": {
						"0.0": {
							"vector": [0, 0, 0]
						},
						"0.6875": {
							"vector": [0, 0, 0]
						},
						"0.7917": {
							"vector": [-1.28, 7.585, 16.555]
						},
						"0.9167": {
							"vector": [-14.055, 4.765, 17.71],
							"easing": "easeInSine"
						},
						"1.0625": {
							"vector": [-10.275, 2.595, 48.685]
						},
						"1.25": {
							"vector": [-10.275, 2.595, 48.685]
						},
						"1.6875": {
							"vector": [0.02, 8.485, 16.555]
						},
						"1.8542": {
							"vector": [1.82, 4.81, 5.83]
						},
						"1.9792": {
							"vector": [0.02161, 3.10548, 2.4316]
						},
						"2.0833": {
							"vector": [0, 0, 0]
						}
					}
				},
				"rightarm": {
					"rotation": {
						"0.1667": {
							"vector": [-10, 0, 0]
						},
						"0.2292": {
							"vector": [-22.27678, 1.44792, 20.61205]
						},
						"0.3125": {
							"vector": [-16.56744, 4.35762, 21.51548]
						},
						"0.375": {
							"vector": [-9.15142, 4.46168, 21.54779]
						},
						"0.4792": {
							"vector": [-11.36838, 5.39923, 21.83889]
						},
						"0.6042": {
							"vector": [-8.15149, 5.84676, 23.44022]
						},
						"0.7083": {
							"vector": [-40.22873, 9.10708, 44.51633]
						},
						"0.9167": {
							"vector": [-40.22873, 9.10708, 44.51633]
						},
						"1.0625": {
							"vector": [-40.22873, 9.10708, 44.51633]
						},
						"1.2292": {
							"vector": [-40.22873, 9.10708, 44.51633]
						},
						"1.5625": {
							"vector": [-40.22873, 9.10708, 44.51633]
						},
						"1.6875": {
							"vector": [-40.22873, 9.10708, 44.51633]
						},
						"1.8333": {
							"vector": [-28.86028, -1.89538, 41.65951]
						},
						"1.9792": {
							"vector": [-29.28758, 6.70266, 33.66246]
						},
						"2.0833": {
							"vector": [-9.8129, 4.10425, 12.99368]
						},
						"2.2083": {
							"vector": [-3.09467, 8.62475, 11.22844]
						},
						"2.3125": {
							"vector": [-9.06513, -4.65625, 14.33706]
						},
						"2.4583": {
							"vector": [-5.83741, -3.09373, 9.32206]
						},
						"2.6875": {
							"vector": [0, 0, 0]
						}
					},
					"position": {
						"0.0": {
							"vector": [0, 0, 0]
						},
						"0.1667": {
							"vector": [-5.49993, 8.98814, -14.28302]
						},
						"0.2292": {
							"vector": [-7.74949, 8.12747, -17.19028]
						},
						"0.3125": {
							"vector": [-6.81725, 9.48726, -15.87947]
						},
						"0.375": {
							"vector": [-5.51725, 10.78726, -14.27947]
						},
						"0.4792": {
							"vector": [-6.3855, 10.2408, -14.63866]
						},
						"0.6042": {
							"vector": [-5.92524, 11.78958, -14.98919]
						},
						"0.7083": {
							"vector": [-11.305, 8.865, -19.115]
						},
						"0.9167": {
							"vector": [-22.125, 7.895, -18.51]
						},
						"1.0625": {
							"vector": [-24.795, -5.7, 53.04]
						},
						"1.25": {
							"vector": [-32.56, 8.56, 21.88]
						},
						"1.5625": {
							"vector": [-17.9, 7.895, -5.21]
						},
						"1.6875": {
							"vector": [-12.18, 12.35, -18.19]
						},
						"1.8333": {
							"vector": [-10.92524, 12.98958, -15.78919]
						},
						"1.9792": {
							"vector": [-9.22524, 8.51458, -17.86419]
						},
						"2.0833": {
							"vector": [-4.6855, 9.8408, -14.83866]
						},
						"2.2083": {
							"vector": [-2.6855, 13.5408, -13.73866]
						},
						"2.3125": {
							"vector": [-7.71, 10.985, -14.85]
						},
						"2.4583": {
							"vector": [-7.34, 11.17, -15.22]
						},
						"2.6875": {
							"vector": [0, 0, 0]
						}
					}
				},
				"leftarm": {
					"rotation": {
						"0.1667": {
							"vector": [-6.60676, -5.35135, 0.2098]
						},
						"1.7917": {
							"vector": [-6.60676, -5.35135, 0.2098]
						},
						"2.1458": {
							"vector": [-61.41454, 0.46533, 8.88795]
						},
						"2.2917": {
							"vector": [-61.41454, 0.46533, 8.88795]
						},
						"2.3542": {
							"vector": [-61.59736, 0.36747, 3.88557]
						},
						"2.4375": {
							"vector": [-61.59736, 0.36747, 3.88557]
						},
						"2.6042": {
							"vector": [0, 0, 0]
						}
					},
					"position": {
						"0.1667": {
							"vector": [0.59898, -1.17504, -5.45841]
						},
						"1.7917": {
							"vector": [0.59898, -1.17504, -5.45841]
						},
						"2.1458": {
							"vector": [1.05, -10, -3.4]
						},
						"2.2917": {
							"vector": [1.05, -10, -3.4]
						},
						"2.3542": {
							"vector": [2.15, -9.7, -3.4]
						},
						"2.4375": {
							"vector": [2.15, -9.7, -3.4]
						},
						"2.5208": {
							"vector": [5.58, -7.25, -1.7]
						},
						"2.6042": {
							"vector": [0, 0, 0]
						}
					}
				},
				"magazine2": {
					"position": {
						"0.0": {
							"vector": [0, -47.5, 0]
						},
						"1.6667": {
							"vector": [0, -100.2, 0]
						}
					}
				}
			},
			"sound_effects": {
				"0.0": {
					"effect": "foley_start"
				},
				"0.2083": {
					"effect": "p90_magout"
				},
				"1.1042": {
					"effect": "p90_magin"
				},
				"1.6042": {
					"effect": "foley_end"
				}
			}
		}
	},
	"geckolib_format_version": 2
}