{
	"format_version": "1.8.0",
	"animations": {
		"animation.model.draw": {
			"loop": true,
			"animation_length": 1.2,
			"bones": {
				"main": {
					"rotation": {
						"0.0": {
							"vector": [32.09413, -54.38778, -8.29667]
						},
						"0.35": {
							"vector": [0.50518, -5.08075, 6.8716],
							"easing": "easeOutSine"
						},
						"0.5": {
							"vector": [0.32389, -0.60235, -2.1558],
							"easing": "linear"
						},
						"0.6": {
							"vector": [0, 0, 0],
							"easing": "linear"
						}
					},
					"position": {
						"0.0": {
							"vector": [0, -17.3, 0]
						},
						"0.25": {
							"vector": [-0.4, -2.525, -1.625],
							"easing": "linear"
						},
						"0.4": {
							"vector": [-0.05, 0, -2.49],
							"easing": "linear"
						},
						"0.55": {
							"vector": [0, 0, 0],
							"easing": "linear"
						}
					}
				},
				"leftarm": {
					"rotation": {
						"0.0": {
							"vector": [0, 0, 0]
						},
						"0.2": {
							"vector": [1, 0, -22]
						},
						"0.4": {
							"vector": [0, 0, 0]
						}
					},
					"position": {
						"0.0": {
							"vector": [0, 0, 0]
						},
						"0.2": {
							"vector": [3.53901, 3.6754, 5.59783]
						},
						"0.4": {
							"vector": [0, 0, 0]
						}
					}
				}
			}
		},
		"animation.model.fire": {
			"animation_length": 0.04,
			"bones": {
				"action": {
					"position": {
						"0.0": {
							"vector": [0, 0, 0]
						},
						"0.04": {
							"vector": [0, 0, 11]
						}
					}
				},
				"bolt": {
					"position": {
						"0.0": {
							"vector": [0, 0, 0]
						},
						"0.04": {
							"vector": [0, 0, 10.9]
						}
					}
				}
			}
		},
		"animation.model.reload": {
			"animation_length": 2.0833,
			"bones": {
				"main": {
					"rotation": {
						"0.0": {
							"vector": [0, 0, 0]
						},
						"0.15": {
							"vector": [-0.40001, -0.58587, 10.01839]
						},
						"0.2667": {
							"vector": [-5.70348, -0.76534, -15.25813]
						},
						"0.3833": {
							"vector": [-6.65815, -0.97263, -18.00197]
						},
						"0.4667": {
							"vector": [-6.64356, 1.1494, 0.33414]
						},
						"0.5167": {
							"vector": [-7.73675, 1.31534, 19.19529]
						},
						"0.5833": {
							"vector": [-7.39568, 0.92401, 21.74434]
						},
						"0.6667": {
							"vector": [-6.66131, -0.16172, 13.12831]
						},
						"0.8": {
							"vector": [-6.39576, 1.64686, 14.21659]
						},
						"0.9833": {
							"vector": [-6.13324, -2.02122, -11.1085]
						},
						"1.0667": {
							"vector": [-5.98857, -2.75716, -14.61453]
						},
						"1.1833": {
							"vector": [-5.98857, -2.75716, -7.69257]
						},
						"1.2833": {
							"vector": [-7.09029, -2.56013, -17.38711]
						},
						"1.3833": {
							"vector": [-6.84482, -2.50398, -8.87264]
						},
						"1.5333": {
							"vector": [-0.00765, -1.26962, 11.70826]
						},
						"1.6833": {
							"vector": [0, 0, 0]
						}
					},
					"position": {
						"0.0": {
							"vector": [0, 0, 0]
						},
						"0.0833": {
							"vector": [-0.28, -2.155, -2.53]
						},
						"0.15": {
							"vector": [-0.56, -3.2, -5.95]
						},
						"0.2": {
							"vector": [-0.79, -3.22, -6.29]
						},
						"0.2667": {
							"vector": [-1.06, -2.27, -3.5]
						},
						"0.3333": {
							"vector": [-1.34361, -0.56663, -0.65953]
						},
						"0.4167": {
							"vector": [-1.3, 0.1, 0.775]
						},
						"0.5167": {
							"vector": [-1.87415, -2.98219, -0.01523],
							"easing": "linear"
						},
						"0.6833": {
							"vector": [-1.47, -3.46, -2.17]
						},
						"0.75": {
							"vector": [-1.47, -3.88, -2.36]
						},
						"0.8667": {
							"vector": [-1.47, -4.085, -2.29]
						},
						"0.95": {
							"vector": [-1.47, -3.515, -1.42]
						},
						"1.0667": {
							"vector": [-1.695, -2.99, -1.995]
						},
						"1.1833": {
							"vector": [-1.465, -2.615, -1.99]
						},
						"1.25": {
							"vector": [-1.51, -1.72, -1.64]
						},
						"1.3667": {
							"vector": [-0.71, -3.18, -2.06]
						},
						"1.4833": {
							"vector": [-0.5, -3.47, -3.03]
						},
						"1.5667": {
							"vector": [-0.15, -2.195, -4.53]
						},
						"1.6833": {
							"vector": [0, 0, 0],
							"easing": "easeOutSine"
						}
					}
				},
				"leftarm": {
					"rotation": {
						"0.0": {
							"vector": [0, 0, 0]
						},
						"0.2": {
							"vector": [-4.95271, -0.55349, -4.96818]
						},
						"0.2833": {
							"vector": [-4.95271, 4.69651, -4.96818]
						},
						"0.4667": {
							"vector": [18.20913, 8.89081, -8.27636]
						},
						"0.8333": {
							"vector": [18.20913, 8.89081, -8.27636]
						},
						"1.0": {
							"vector": [4.85125, -1.23851, -3.53817]
						},
						"1.0667": {
							"vector": [4.84045, -3.13051, -2.32035]
						},
						"1.1": {
							"vector": [4.81221, -1.50563, 0.20175]
						},
						"1.1667": {
							"vector": [3.21933, -3.43166, 0.28598]
						},
						"1.2333": {
							"vector": [0.42193, -6.78398, 0.57377]
						},
						"1.3667": {
							"vector": [0.42193, -6.78398, 0.57377]
						},
						"1.6333": {
							"vector": [0, 0, 0]
						}
					},
					"position": {
						"0.0": {
							"vector": [0, 0, 0]
						},
						"0.1": {
							"vector": [5.85824, -4.43129, 6.71556]
						},
						"0.2": {
							"vector": [1.84194, -7.32137, 12.76278]
						},
						"0.2833": {
							"vector": [2.56694, -6.72137, 12.76278]
						},
						"0.4667": {
							"vector": [9.26236, -17.45278, 27.42519]
						},
						"0.8333": {
							"vector": [9.26236, -17.45278, 27.42519]
						},
						"0.9167": {
							"vector": [1.185, -18.755, 8.72]
						},
						"1.0": {
							"vector": [0.32813, -9.66286, 11.43322]
						},
						"1.0667": {
							"vector": [-1.52, -9.66, 10.43]
						},
						"1.1": {
							"vector": [-1.795, -9.66, 10.43]
						},
						"1.1667": {
							"vector": [-1.79, -10.385, 9.98]
						},
						"1.2333": {
							"vector": [-1.965, -9.13, 8.98]
						},
						"1.3667": {
							"vector": [-1.965, -9.13, 8.98]
						},
						"1.4833": {
							"vector": [1.29, -6.09, 5.05]
						},
						"1.6333": {
							"vector": [0, 0, 0]
						}
					}
				},
				"magazine2": {
					"rotation": {
						"0.0": {
							"vector": [0, 0, 0]
						},
						"0.0167": {
							"vector": [0, 0, 0]
						},
						"0.05": {
							"vector": [0, 0, 0]
						},
						"0.2167": {
							"vector": [0, 0, 0]
						},
						"0.3333": {
							"vector": [1.17198, -4.64451, 2.15915]
						},
						"0.4667": {
							"vector": [1.17198, -4.64451, 2.15915]
						},
						"0.5333": {
							"vector": [1.67643, -4.4764, -4.2173]
						},
						"0.6": {
							"vector": [2.69181, -3.9633, -17.88648]
						},
						"0.6833": {
							"vector": [6.30177, -4.05479, -15.88367]
						},
						"0.75": {
							"vector": [3.59963, -2.54111, -6.55615]
						},
						"0.8167": {
							"vector": [0, 0, 0]
						},
						"0.9833": {
							"vector": [0, 0, 0],
							"easing": "linear"
						}
					},
					"position": {
						"0.0": {
							"vector": [0, 0, 0]
						},
						"0.0167": {
							"vector": [15, -19, 6]
						},
						"0.05": {
							"vector": [15, -19, 6]
						},
						"0.2167": {
							"vector": [15, -19, 6]
						},
						"0.3333": {
							"vector": [3.975, -2.1, -0.3]
						},
						"0.4667": {
							"vector": [3.975, -0.125, -0.3]
						},
						"0.5333": {
							"vector": [5.25377, -9.14822, -0.26493]
						},
						"0.6": {
							"vector": [9.2545, -12.48691, -0.28174]
						},
						"0.6833": {
							"vector": [4.285, -7.09, -0.3]
						},
						"0.75": {
							"vector": [1.17, -7.67, -0.13]
						},
						"0.8167": {
							"vector": [0, -7.225, 0]
						},
						"0.9167": {
							"vector": [0, -6.57, 0]
						},
						"0.9833": {
							"vector": [0, 0, 0],
							"easing": "linear"
						}
					},
					"scale": {
						"0.0": {
							"vector": [0, 0, 0]
						},
						"0.0167": {
							"vector": [0, 0, 0]
						},
						"0.05": {
							"vector": [1, 1, 1]
						},
						"0.2167": {
							"vector": [1, 1, 1]
						}
					}
				},
				"magazine": {
					"rotation": {
						"0.0": {
							"vector": [0, 0, 0]
						},
						"0.4667": {
							"vector": [0, 0, 0]
						},
						"0.5333": {
							"vector": [0, 0, 0]
						},
						"0.6": {
							"vector": [0, 0, 6]
						},
						"0.8333": {
							"vector": [0, 0, 6]
						},
						"0.9167": {
							"vector": [3.56497, 1.5839, -11.78343]
						},
						"1.0": {
							"vector": [6.52951, 1.71485, -14.65217]
						},
						"1.0667": {
							"vector": [0, 0, 2.25]
						},
						"1.1": {
							"vector": [0, 0, 0]
						},
						"1.2333": {
							"vector": [0, 0, 0]
						}
					},
					"position": {
						"0.0": {
							"vector": [0, 0, 0]
						},
						"0.4667": {
							"vector": [0, 0, 0]
						},
						"0.5333": {
							"vector": [0, -10, 0]
						},
						"0.6": {
							"vector": [-4.775, -29.35, 0]
						},
						"0.8333": {
							"vector": [-4.775, -29.35, 0]
						},
						"0.9167": {
							"vector": [3.465, -17.34, 0.03]
						},
						"1.0": {
							"vector": [3.68707, -5.79444, 0.0674]
						},
						"1.0667": {
							"vector": [-0.37812, -5.34847, -1.20491]
						},
						"1.1": {
							"vector": [0, -4.65, -1.225]
						},
						"1.1667": {
							"vector": [0, -4.25, -1.145]
						},
						"1.2333": {
							"vector": [0, 0, 0]
						}
					}
				}
			},
			"sound_effects": {
				"0.0": {
					"effect": "foley_start"
				},
				"0.1833": {
					"effect": "mp5_magout"
				},
				"0.7667": {
					"effect": "mp5_magin"
				},
				"1.2": {
					"effect": "foley_end"
				}
			}
		},
		"animation.model.inspect": {
			"animation_length": 6.2667,
			"bones": {
				"main": {
					"rotation": {
						"0.0": {
							"vector": [0, 0, 0]
						},
						"0.35": {
							"vector": [-26.32055, -28.95323, -38.41824],
							"easing": "easeInOutQuad"
						},
						"0.45": {
							"vector": [-25.66239, -31.53589, -44.68762]
						},
						"0.5833": {
							"vector": [-29.3192, -30.58227, -40.03448]
						},
						"0.75": {
							"vector": [-27.10413, -31.89841, -42.85878]
						},
						"0.8833": {
							"vector": [-27.78689, -31.32225, -41.55621]
						},
						"1.0333": {
							"vector": [-27.51613, -31.5543, -42.0753]
						},
						"1.2333": {
							"vector": [-23.71064, -34.36823, -49.06156],
							"easing": "easeInOutSine"
						},
						"1.4": {
							"vector": [-21.1074, -35.89402, -53.58343],
							"easing": "easeOutSine"
						},
						"1.5667": {
							"vector": [-21.94193, -35.43536, -52.15215]
						},
						"1.7833": {
							"vector": [-20.76832, -36.0727, -54.16054]
						},
						"2.55": {
							"vector": [-23.3185, -35.45401, -49.81532]
						},
						"2.75": {
							"vector": [-51.25525, -13.69623, -15.09178]
						},
						"2.8833": {
							"vector": [-65.63972, 2.32296, -3.688]
						},
						"3.0667": {
							"vector": [-74.01117, 23.8148, -0.67983]
						},
						"3.2167": {
							"vector": [-79.3734, 25.56465, -3.9573]
						},
						"3.4333": {
							"vector": [-78.98912, 24.70845, -3.62085]
						},
						"3.6667": {
							"vector": [-78.89762, 23.48902, -2.80696]
						},
						"3.9167": {
							"vector": [-78.94097, 24.0015, -2.60182]
						},
						"4.2667": {
							"vector": [-78.95092, 23.9453, -3.0957]
						},
						"4.6667": {
							"vector": [-78.95092, 23.9453, -3.0957]
						},
						"5.05": {
							"vector": [-3.27585, -3.91843, 52.5061],
							"easing": "easeOutSine"
						},
						"5.3167": {
							"vector": [1.57141, -1.85374, -1.9128],
							"easing": "easeOutSine"
						},
						"5.4": {
							"vector": [0.27288, -0.37236, 1.59554],
							"easing": "linear"
						},
						"5.4833": {
							"vector": [0, 0, 0],
							"easing": "linear"
						}
					},
					"position": {
						"0.0": {
							"vector": [0, 0, 0]
						},
						"0.3": {
							"vector": [-4.15, 1.75, -15.475],
							"easing": "easeOutQuad"
						},
						"0.4": {
							"vector": [-4.15, -0.15, -14.6],
							"easing": "easeInOutSine"
						},
						"0.5167": {
							"vector": [-4.15, -0.925, -14.6],
							"easing": "linear"
						},
						"0.7": {
							"vector": [-4.2, -0.42, -14.6]
						},
						"0.9": {
							"vector": [-4.12, -0.57, -14.6]
						},
						"1.0667": {
							"vector": [-4.15, -0.47, -14.6]
						},
						"1.3": {
							"vector": [-4.15, -0.12, -14.825],
							"easing": "easeInOutQuad"
						},
						"1.5333": {
							"vector": [-4.2, -0.12, -15.04]
						},
						"1.7": {
							"vector": [-4.2, -0.02, -15.04]
						},
						"2.3": {
							"vector": [-4.2, -1.495, -15.04],
							"easing": "easeInOutSine"
						},
						"2.4333": {
							"vector": [-4.03, -1.67, -15.04]
						},
						"2.55": {
							"vector": [-3.7, 0.08, -15.04],
							"easing": "easeInSine"
						},
						"2.65": {
							"vector": [-0.18968, 5.0153, -18.15932]
						},
						"2.75": {
							"vector": [4.78001, 6.68487, -20.58417],
							"easing": "easeInOutQuad"
						},
						"2.85": {
							"vector": [12.24, 1.085, -21.53]
						},
						"3.0333": {
							"vector": [24.8, -17.445, -24.215],
							"easing": "easeInOutSine"
						},
						"3.1667": {
							"vector": [26.05, -19.97, -23.16],
							"easing": "linear"
						},
						"3.4167": {
							"vector": [26.05, -18.915, -23.16],
							"easing": "easeInOutSine"
						},
						"3.9": {
							"vector": [26.05, -18.145, -23.16]
						},
						"4.2667": {
							"vector": [26.05, -18.34, -23.16],
							"easing": "easeInOutSine"
						},
						"4.6667": {
							"vector": [25.39, -20.09, -22.52]
						},
						"4.8167": {
							"vector": [14.76, -16.93, -12.15]
						},
						"5.0": {
							"vector": [2.27, -9.09, 0.045]
						},
						"5.2": {
							"vector": [0.02894, -1.60775, -6.90297]
						},
						"5.2833": {
							"vector": [0.05077, -1.45863, -3.79557],
							"easing": "linear"
						},
						"5.4": {
							"vector": [-0.01391, -0.26895, -0.26276]
						},
						"5.4833": {
							"vector": [0, 0, 0],
							"easing": "linear"
						}
					}
				},
				"rightarm": {
					"rotation": {
						"0.0": {
							"vector": [0, 0, 0]
						},
						"2.65": {
							"vector": [0, 0, 0]
						},
						"4.9833": {
							"vector": [0, 0, 0]
						}
					},
					"position": {
						"0.0": {
							"vector": [0, 0, 0]
						},
						"2.65": {
							"vector": [0, 0, 0]
						},
						"2.7833": {
							"vector": [-6.30177, -6.68954, 29.94651]
						},
						"4.75": {
							"vector": [-6.30177, -6.68954, 29.94651]
						},
						"4.9833": {
							"vector": [0, 0, 0]
						}
					}
				},
				"leftarm": {
					"rotation": {
						"0.0": {
							"vector": [0, 0, 0]
						},
						"0.2833": {
							"vector": [-45.13234, 71.33372, -81.76837]
						},
						"2.6333": {
							"vector": [-45.13234, 71.33372, -81.76837]
						},
						"2.6833": {
							"vector": [96.97325, 30.0031, 35.42478]
						},
						"3.0333": {
							"vector": [96.97325, 30.0031, 35.42478]
						},
						"4.6667": {
							"vector": [96.97325, 30.0031, 35.42478]
						},
						"5.1667": {
							"vector": [0, 0, 0]
						}
					},
					"position": {
						"0.0": {
							"vector": [0, 0, 0]
						},
						"0.0667": {
							"vector": [9.47769, -9.10617, 9.45309]
						},
						"0.2833": {
							"vector": [12.05588, -33.69803, 37.55014]
						},
						"2.6333": {
							"vector": [12.05588, -33.69803, 37.55014]
						},
						"2.7667": {
							"vector": [16.26701, 33.15434, 47.96913]
						},
						"3.0333": {
							"vector": [-3.77362, 37.21582, 16.89297]
						},
						"4.6667": {
							"vector": [-3.77362, 37.21582, 16.89297]
						},
						"5.1667": {
							"vector": [0, 0, 0]
						}
					},
					"scale": {
						"0.0": {
							"vector": [1, 1, 1]
						},
						"2.6333": {
							"vector": [1, 1, 1]
						},
						"2.7667": {
							"vector": [1.2, 1.4, 1.2]
						},
						"3.0333": {
							"vector": [1.2, 1.4, 1.2]
						},
						"4.6667": {
							"vector": [1.2, 1.4, 1.2]
						},
						"5.1667": {
							"vector": [1, 1, 1]
						}
					}
				},
				"_camera_": {
					"rotation": {
						"0.0": {
							"vector": [0, 0, 0]
						},
						"0.1333": {
							"vector": [-0.01091, 1.24995, -0.50012]
						},
						"0.2833": {
							"vector": [-1.31346, 1.78854, -1.03401]
						},
						"0.4833": {
							"vector": [-3.43914, 2.08948, 0.95199],
							"easing": "easeInOutQuad"
						},
						"0.8333": {
							"vector": [-4.99004, 2.77768, -0.09243],
							"easing": "easeInOutSine"
						},
						"1.0667": {
							"vector": [-5.49004, 2.77768, -0.09243]
						},
						"1.7333": {
							"vector": [7.44976, 9.00685, -1.60374],
							"easing": "easeInSine"
						},
						"1.95": {
							"vector": [9.88265, 9.8236, -2.03661],
							"easing": "easeOutSine"
						},
						"2.25": {
							"vector": [10.3897, 9.84427, -1.20003],
							"easing": "easeOutSine"
						},
						"2.5667": {
							"vector": [9.96385, 7.66225, 1.88547],
							"easing": "easeInSine"
						},
						"2.7833": {
							"vector": [1.24375, 5.27922, 3.31414]
						},
						"2.9667": {
							"vector": [5.41765, 2.01024, 2.19487]
						},
						"3.2167": {
							"vector": [12.17135, -3.19168, -0.93824],
							"easing": "easeOutSine"
						},
						"3.5833": {
							"vector": [9.63273, -4.12615, 0.15611]
						},
						"4.3": {
							"vector": [5.12655, -3.80897, -0.98969],
							"easing": "easeInOutSine"
						},
						"4.5167": {
							"vector": [4.61883, -3.81704, -0.95786],
							"easing": "easeInOutSine"
						},
						"4.9667": {
							"vector": [2.5026, -0.00111, -0.00518],
							"easing": "easeInOutSine"
						},
						"5.1333": {
							"vector": [1.75872, -0.39593, -1.62595],
							"easing": "easeInOutSine"
						},
						"5.25": {
							"vector": [1.24924, -0.00333, 0.0435]
						},
						"5.35": {
							"vector": [0.44082, -0.01767, 1.01624]
						},
						"5.4833": {
							"vector": [0, 0, 0],
							"easing": "easeOutSine"
						}
					},
					"position": {
						"0.0": {
							"vector": [0, 0, 0]
						},
						"4.9667": {
							"vector": [0, 0, 0]
						}
					}
				}
			},
			"sound_effects": {
				"0.0": {
					"effect": "inspect_up"
				},
				"1.0667": {
					"effect": "inspect_foley"
				},
				"2.25": {
					"effect": "inspect_turn"
				},
				"2.6667": {
					"effect": "inspect_down"
				},
				"4.95": {
					"effect": "inspect_down"
				}
			}
		},
		"animation.model.reloadempty": {
			"animation_length": 3.3333,
			"bones": {
				"main": {
					"rotation": {
						"0.0": {
							"vector": [0, 0, 0]
						},
						"0.1333": {
							"vector": [0.71785, -0.54492, 20.76295]
						},
						"0.3": {
							"vector": [-3.50102, -2.08218, 3.03574]
						},
						"0.4167": {
							"vector": [-3.72033, -2.20715, 9.05923]
						},
						"0.5333": {
							"vector": [-3.41247, -2.65874, 1.81676]
						},
						"0.65": {
							"vector": [-3.61032, -2.38298, 6.31266]
						},
						"0.7833": {
							"vector": [-3.36478, 6.25795, 21.39742]
						},
						"0.9333": {
							"vector": [-6.68152, 2.37118, 29.3174]
						},
						"1.0333": {
							"vector": [-5.96305, 2.21511, 21.56767]
						},
						"1.1167": {
							"vector": [-7.6932, 2.66028, 27.47988]
						},
						"1.2": {
							"vector": [-7.77106, 2.6565, 32.51083]
						},
						"1.35": {
							"vector": [-7.45107, 1.12828, 22.97251]
						},
						"1.5333": {
							"vector": [-6.76538, 1.50131, 26.2172]
						},
						"1.75": {
							"vector": [-6.81193, 1.27205, 24.29106]
						},
						"1.8833": {
							"vector": [-7.2653, 1.49862, 26.2101]
						},
						"2.0": {
							"vector": [-8.31866, 1.16402, 23.91401]
						},
						"2.1": {
							"vector": [-6.99088, 1.81142, 28.37579]
						},
						"2.1833": {
							"vector": [-7.26562, 1.54221, 26.20759]
						},
						"2.3": {
							"vector": [-6.45783, 1.79417, 28.1925]
						},
						"2.4333": {
							"vector": [-6.74917, 0.4352, 14.51062]
						},
						"2.5667": {
							"vector": [-7.25236, 0.70125, 18.95712]
						},
						"2.6667": {
							"vector": [-7.98835, -0.50932, 11.27903]
						},
						"2.7333": {
							"vector": [1.11457, -1.54299, 31.10647]
						},
						"2.85": {
							"vector": [0.12941, -1.43906, 21.29483]
						},
						"2.9833": {
							"vector": [1.21826, -0.84696, 32.44071]
						},
						"3.1667": {
							"vector": [-0.07649, 0.0866, -2.79846]
						},
						"3.2167": {
							"vector": [0, 0, 0]
						}
					},
					"position": {
						"0.0": {
							"vector": [0, 0, 0]
						},
						"0.05": {
							"vector": [0, -0.4, -1.05]
						},
						"0.1": {
							"vector": [0, -1.245, -2.125]
						},
						"0.1333": {
							"vector": [0, -1.625, -2.505]
						},
						"0.1833": {
							"vector": [0, -2.025, -1.685]
						},
						"0.2667": {
							"vector": [0, -1.355, 0.52]
						},
						"0.35": {
							"vector": [-0.15, -0.95, 2.17]
						},
						"0.4667": {
							"vector": [-0.14, -1.15, 2.87]
						},
						"0.5833": {
							"vector": [0.875, -2.23, 0.03]
						},
						"0.6667": {
							"vector": [2.92, -2.995, -2]
						},
						"0.7333": {
							"vector": [6.035, -4.42, -6.315]
						},
						"0.7833": {
							"vector": [7.47, -4.495, -5.605]
						},
						"0.8333": {
							"vector": [9.38, -3.62, -3.04]
						},
						"0.9167": {
							"vector": [10.3285, -2.63376, 0.21641]
						},
						"1.0333": {
							"vector": [11.2329, -1.32627, 3.7692]
						},
						"1.1333": {
							"vector": [10.83455, -2.135, 3.71585]
						},
						"1.2667": {
							"vector": [10.69962, -2.34596, 3.66473]
						},
						"1.45": {
							"vector": [10.7, -2.6, 3.66]
						},
						"1.6167": {
							"vector": [11.05, -2.775, 3.66]
						},
						"1.7": {
							"vector": [11.18, -2.745, 3.66]
						},
						"1.8": {
							"vector": [11.35, -2.605, 3.66]
						},
						"1.9333": {
							"vector": [11.35, -2.3, 3.535]
						},
						"2.0333": {
							"vector": [11.46721, -2.25421, 3.37013]
						},
						"2.1": {
							"vector": [11.90256, -1.58538, 3.47052]
						},
						"2.2333": {
							"vector": [11.56768, -2.22514, 3.72646]
						},
						"2.3833": {
							"vector": [11.08072, -3.39237, 3.62588]
						},
						"2.5333": {
							"vector": [11.1815, -3.06367, 3.07436]
						},
						"2.6333": {
							"vector": [11.38791, -2.76003, 3.10979]
						},
						"2.7167": {
							"vector": [11.48, -3.075, 3.16]
						},
						"2.8167": {
							"vector": [11.155, -3.525, 3.16]
						},
						"2.9167": {
							"vector": [8.275, -4.22, 0.15]
						},
						"2.9833": {
							"vector": [3.445, -4.03, -3.805]
						},
						"3.05": {
							"vector": [0.87, -2.285, -4.75]
						},
						"3.1": {
							"vector": [0.54, -1.43, -4.395]
						},
						"3.2167": {
							"vector": [0, 0, 0]
						}
					}
				},
				"bullet": {
					"position": {
						"0.0": {
							"vector": [0, -0.475, 0]
						},
						"1.7333": {
							"vector": [0, -0.475, 0]
						},
						"1.7667": {
							"vector": [0, 0, 0]
						}
					}
				},
				"action": {
					"rotation": {
						"0.0": {
							"vector": [0, 0, 0]
						},
						"1.0667": {
							"vector": [0, 0, 0]
						},
						"2.7": {
							"vector": [0, 0, 0]
						},
						"2.7167": {
							"vector": [0, 0, 0]
						}
					},
					"position": {
						"0.0": {
							"vector": [0, 0, 4.9]
						},
						"1.0667": {
							"vector": [0, 0, 4.9]
						},
						"2.7": {
							"vector": [0, 0, 4.9]
						},
						"2.7167": {
							"vector": [0, 0, 0]
						}
					}
				},
				"bolt": {
					"position": {
						"0.0": {
							"vector": [0, 0, 0]
						},
						"0.2833": {
							"vector": [0, 0, 0]
						},
						"0.35": {
							"vector": [0, 0, 5.1]
						},
						"2.6833": {
							"vector": [0, 0, 5.1]
						},
						"2.7167": {
							"vector": [0, 0, 0]
						}
					}
				},
				"magazine": {
					"rotation": {
						"0.0": {
							"vector": [0, 0, 0]
						},
						"1.0": {
							"vector": [0, 0, 0]
						},
						"1.0833": {
							"vector": [0, 0, 0]
						},
						"1.15": {
							"vector": [-8.75, 0, 26.75]
						},
						"1.1833": {
							"vector": [-8.75, 0, 45.75]
						},
						"1.25": {
							"vector": [42.94622, 1.44514, 41.48791]
						},
						"1.3167": {
							"vector": [73.7, 0.95, 32.74]
						},
						"1.3667": {
							"vector": [116.45, -0.05, 17.24]
						},
						"1.4167": {
							"vector": [135.2, -16.05, 17.24]
						},
						"1.55": {
							"vector": [182.2, -20.05, 17.24]
						},
						"1.7167": {
							"vector": [41, 0, 11.75]
						},
						"1.9": {
							"vector": [-6.5, 0, 7.5]
						},
						"1.95": {
							"vector": [-3, 0, -3.75]
						},
						"2.0333": {
							"vector": [0, 0, 0]
						},
						"2.15": {
							"vector": [0, 0, 0]
						}
					},
					"position": {
						"0.0": {
							"vector": [0, 0, 0]
						},
						"1.0": {
							"vector": [0, 0, 0]
						},
						"1.0833": {
							"vector": [0, -5.175, -1.425]
						},
						"1.15": {
							"vector": [-7.2771, -11.29932, -1.00654]
						},
						"1.1833": {
							"vector": [-10.81573, -13.55944, -2.83255]
						},
						"1.2333": {
							"vector": [-15.44412, -17.80553, -6.50239]
						},
						"1.25": {
							"vector": [-17.29204, -20.00617, -11.29374]
						},
						"1.3167": {
							"vector": [-36.08948, -37.40352, -37.47752]
						},
						"1.3667": {
							"vector": [-54.47166, -63.30697, -66.74625]
						},
						"1.4167": {
							"vector": [-81.04526, -112.4372, -103.5883]
						},
						"1.5333": {
							"vector": [-114.61484, -179.83575, -133.29255]
						},
						"1.6333": {
							"vector": [3.67962, -219.07982, -10.99566]
						},
						"1.7167": {
							"vector": [-5.53037, -16.39993, 20.80624]
						},
						"1.9": {
							"vector": [-1.99802, -5.88243, -2.75997]
						},
						"1.95": {
							"vector": [0.94672, -5.42111, -2.03433]
						},
						"2.0333": {
							"vector": [0, -5.175, -1.425]
						},
						"2.1167": {
							"vector": [0, -3.055, -0.82]
						},
						"2.15": {
							"vector": [0, 0, 0]
						}
					}
				},
				"rightarm": {
					"rotation": {
						"0.0": {
							"vector": [0, 0, 0]
						},
						"0.75": {
							"vector": [0, 0, 0]
						},
						"0.9167": {
							"vector": [-39.05863, 3.38704, 20.22094]
						},
						"1.0": {
							"vector": [-34.05863, 3.38704, 20.22094]
						},
						"1.0833": {
							"vector": [-29.66427, 7.83373, 25.3365]
						},
						"1.15": {
							"vector": [-31.54783, 12.89299, 33.81515]
						},
						"1.1833": {
							"vector": [-31.54783, 12.89299, 33.81515]
						},
						"1.25": {
							"vector": [1.9346, 23.56799, 42.57487]
						},
						"1.35": {
							"vector": [11.83869, 24.41667, 32.7412]
						},
						"1.55": {
							"vector": [17.09, 24.42, 32.74]
						},
						"1.7167": {
							"vector": [4.72615, 10.72652, 20.48641]
						},
						"1.9": {
							"vector": [-17.52385, 10.72652, 20.48641]
						},
						"1.95": {
							"vector": [-19.59835, 10.72652, 20.48641]
						},
						"2.0333": {
							"vector": [-21.09835, 10.72652, 20.48641]
						},
						"2.1167": {
							"vector": [-24.84835, 10.72652, 20.48641]
						},
						"2.15": {
							"vector": [-26.08464, 11.51558, 19.87194]
						},
						"2.2667": {
							"vector": [-26.05291, 14.16847, 20.02515]
						},
						"2.4": {
							"vector": [0, 0, 0]
						}
					},
					"position": {
						"0.0": {
							"vector": [0, 0, 0]
						},
						"0.75": {
							"vector": [0, 0, 0]
						},
						"0.9167": {
							"vector": [-3.6081, -12.17419, -19.68501]
						},
						"1.0": {
							"vector": [-3.61, -12.17, -21.015]
						},
						"1.0833": {
							"vector": [-3.67175, -15.70597, -21.3717]
						},
						"1.15": {
							"vector": [-10.5138, -22.44316, -20.89176]
						},
						"1.1833": {
							"vector": [-12.89904, -25.39043, -24.43876]
						},
						"1.2167": {
							"vector": [-14.4315, -25.67379, -23.87847]
						},
						"1.2333": {
							"vector": [-14.78516, -25.90643, -23.73597]
						},
						"1.2833": {
							"vector": [-15.15196, -27.23778, -30.19972]
						},
						"1.35": {
							"vector": [-15.83734, -28.54674, -29.50448]
						},
						"1.55": {
							"vector": [-14.90731, -31.03116, -5.26767]
						},
						"1.7167": {
							"vector": [-3.66348, -18.53423, 5.77454]
						},
						"1.9": {
							"vector": [-1.69704, -13.62188, -19.00449]
						},
						"1.95": {
							"vector": [-0.19037, -13.21164, -18.44331]
						},
						"2.0333": {
							"vector": [-0.91806, -13.38222, -18.72738]
						},
						"2.1167": {
							"vector": [-0.39202, -11.64745, -19.3646]
						},
						"2.15": {
							"vector": [-0.1325, -10.81113, -18.94742]
						},
						"2.2667": {
							"vector": [-0.1325, -10.81113, -18.94742]
						},
						"2.3333": {
							"vector": [-0.24852, -5.86348, -8.45604]
						},
						"2.4": {
							"vector": [0, 0, 0]
						}
					}
				},
				"leftarm": {
					"rotation": {
						"0.0": {
							"vector": [0, 0, 0]
						},
						"0.2167": {
							"vector": [-4.25958, -15.27704, -0.31176]
						},
						"0.2833": {
							"vector": [-4.25958, -15.27704, -0.31176]
						},
						"0.35": {
							"vector": [-18.65778, -18.61587, -2.59555]
						},
						"0.45": {
							"vector": [-17.68876, -22.75167, -5.56833]
						},
						"0.55": {
							"vector": [-15.36655, -25.04902, -11.35634]
						},
						"0.65": {
							"vector": [-15.36655, -25.04902, -11.35634]
						},
						"0.8667": {
							"vector": [-22.03719, -16.47322, -24.06055]
						},
						"1.5167": {
							"vector": [-22.03719, -16.47322, -24.06055]
						},
						"1.6333": {
							"vector": [-23.25042, -10.97373, -15.08897]
						},
						"1.7333": {
							"vector": [-23.14341, -1.69307, -15.56567]
						},
						"2.4167": {
							"vector": [-23.14341, -1.69307, -15.56567]
						},
						"2.55": {
							"vector": [-33.93482, -26.11429, -14.43327]
						},
						"2.6833": {
							"vector": [-33.93482, -26.11429, -14.43327]
						},
						"2.7167": {
							"vector": [-21.90762, -20.44661, -15.49762]
						},
						"2.8667": {
							"vector": [-8.97776, -11.4984, -27.28747]
						},
						"3.0667": {
							"vector": [0, 0, 0]
						}
					},
					"position": {
						"0.0": {
							"vector": [0, 0, 0]
						},
						"0.2167": {
							"vector": [1.94668, 2.51566, -0.34462]
						},
						"0.2833": {
							"vector": [2.47671, 2.18671, -0.03763]
						},
						"0.35": {
							"vector": [5.28015, -0.00946, 4.30978]
						},
						"0.45": {
							"vector": [5.67429, -0.52309, 5.18525]
						},
						"0.55": {
							"vector": [5.67429, -0.52309, 5.18525]
						},
						"0.65": {
							"vector": [5.67429, 3.27691, 5.18525]
						},
						"0.7667": {
							"vector": [6.06725, -2.47854, -4.71108]
						},
						"0.8167": {
							"vector": [7.80299, -2.51583, -3.44756]
						},
						"0.8667": {
							"vector": [5.48031, -2.81838, -2.79951]
						},
						"1.5167": {
							"vector": [5.48031, -2.81838, -2.79951]
						},
						"1.5667": {
							"vector": [7.57566, -3.46179, -1.78037]
						},
						"2.4167": {
							"vector": [9.87783, 3.32952, 1.2187]
						},
						"2.4833": {
							"vector": [9.79882, 6.07689, 0.70008]
						},
						"2.6833": {
							"vector": [10.77745, 5.40002, 2.20273]
						},
						"2.7167": {
							"vector": [9.28419, 1.96441, -5.93477]
						},
						"2.8333": {
							"vector": [9.155, -0.95, -9.035]
						},
						"3.0667": {
							"vector": [0, 0, 0]
						}
					},
					"scale": {
						"0.0": {
							"vector": [1, 1, 1]
						},
						"0.2167": {
							"vector": [1, 1.1, 1]
						},
						"0.65": {
							"vector": [1, 1.1, 1]
						},
						"0.7667": {
							"vector": [1, 1, 1]
						},
						"2.4167": {
							"vector": [1, 1, 1]
						},
						"2.55": {
							"vector": [1, 1.1, 1]
						},
						"2.7167": {
							"vector": [1, 1.1, 1]
						},
						"2.8333": {
							"vector": [1, 1, 1]
						}
					}
				},
				"charger": {
					"rotation": {
						"0.0": {
							"vector": [0, 0, 0]
						},
						"0.2833": {
							"vector": [0, 0, 0]
						},
						"0.35": {
							"vector": [0, 0, 0]
						},
						"0.45": {
							"vector": [0, 0, 0]
						},
						"0.55": {
							"vector": [0, 0, -35]
						},
						"2.6833": {
							"vector": [0, 0, -35]
						},
						"2.7": {
							"vector": [0, 0, 0]
						},
						"2.7167": {
							"vector": [0, 0, 0]
						}
					},
					"position": {
						"0.0": {
							"vector": [0, 0, 0]
						},
						"0.2833": {
							"vector": [0, 0, 0]
						},
						"0.35": {
							"vector": [0, 0, 9.5]
						},
						"0.45": {
							"vector": [0, 0, 9.5]
						},
						"0.55": {
							"vector": [-0.2, 0.2, 9.6]
						},
						"2.6833": {
							"vector": [-0.2, 0.2, 9.6]
						},
						"2.7": {
							"vector": [0, 0, 9.575]
						},
						"2.7167": {
							"vector": [0, 0, 0]
						}
					}
				},
				"magazine2": {
					"position": {
						"vector": [0, -57.4, 0]
					}
				}
			},
			"sound_effects": {
				"0.2333": {
					"effect": "mp5_actionback"
				},
				"0.4167": {
					"effect": "mp5_actionup"
				},
				"0.7833": {
					"effect": "mp5_magout"
				},
				"1.1": {
					"effect": "foley_start"
				},
				"1.65": {
					"effect": "mp5_magin"
				},
				"2.4833": {
					"effect": "mp5_boltclose"
				},
				"2.7167": {
					"effect": "foley_end"
				}
			}
		}
	},
	"geckolib_format_version": 2
}