{
	"format_version": "1.8.0",
	"animations": {
		"animation.model.draw": {
			"loop": true,
			"animation_length": 1.2,
			"bones": {
				"main": {
					"rotation": {
						"0.0": {
							"vector": [32.09413, -54.38778, -8.29667]
						},
						"0.35": {
							"vector": [0.50518, -5.08075, 6.8716],
							"easing": "easeOutSine"
						},
						"0.5": {
							"vector": [0.32389, -0.60235, -2.1558],
							"easing": "linear"
						},
						"0.6": {
							"vector": [0, 0, 0],
							"easing": "linear"
						}
					},
					"position": {
						"0.0": {
							"vector": [0, -17.3, 0]
						},
						"0.25": {
							"vector": [-0.4, -2.525, -1.625],
							"easing": "linear"
						},
						"0.4": {
							"vector": [-0.05, 0, -2.49],
							"easing": "linear"
						},
						"0.55": {
							"vector": [0, 0, 0],
							"easing": "linear"
						}
					}
				},
				"leftarm": {
					"rotation": {
						"0.0": {
							"vector": [0, 0, 0]
						},
						"0.2": {
							"vector": [1, 0, -22]
						},
						"0.4": {
							"vector": [0, 0, 0]
						}
					},
					"position": {
						"0.0": {
							"vector": [0, 0, 0]
						},
						"0.2": {
							"vector": [3.53901, 3.6754, 5.59783]
						},
						"0.4": {
							"vector": [0, 0, 0]
						}
					}
				}
			}
		},
		"animation.model.reloadempty": {
			"animation_length": 2.6667,
			"blend_weight": "1",
			"bones": {
				"main": {
					"rotation": {
						"0.0": {
							"vector": [0, 0, 0]
						},
						"0.2": {
							"vector": [1.74461, 0.13728, -15.24791]
						},
						"0.3333": {
							"vector": [1.75773, -0.09047, -14.87072]
						},
						"0.4333": {
							"vector": [3.00128, 0.24539, -21.74591]
						},
						"0.5": {
							"vector": [1.99354, 0.33386, -33.22869]
						},
						"0.6": {
							"vector": [2.6616, 0.78652, -28.2028]
						},
						"0.7333": {
							"vector": [3.47834, -0.24767, -17.49625]
						},
						"0.9333": {
							"vector": [2.99485, 0.22967, -20.97372]
						},
						"1.0": {
							"vector": [2.98503, 0.334, -22.97102]
						},
						"1.0667": {
							"vector": [3.50345, 0.03339, -13.47884]
						},
						"1.2": {
							"vector": [3.73366, 0.53142, -18.45848]
						},
						"1.3333": {
							"vector": [3.11794, -1.28879, -11.95966],
							"easing": "easeOutSine"
						},
						"1.4667": {
							"vector": [2.19717, -2.8875, 4.55501]
						},
						"1.5667": {
							"vector": [1.91381, -3.36755, 3.36757]
						},
						"1.7": {
							"vector": [0.83527, -3.38727, 12.88739]
						},
						"1.8333": {
							"vector": [0.3939, -3.11353, 11.89203]
						},
						"1.9": {
							"vector": [1.52942, -2.79345, 9.14566]
						},
						"2.0333": {
							"vector": [1.60205, -2.75246, 7.64446]
						},
						"2.1667": {
							"vector": [0.57123, -1.64048, 13.12849]
						},
						"2.3667": {
							"vector": [0, 0, 0]
						}
					},
					"position": {
						"0.0": {
							"vector": [0, 0, 0]
						},
						"0.1333": {
							"vector": [-1.675, -1.375, -4.3],
							"easing": "easeInSine"
						},
						"0.3": {
							"vector": [-1.07, -0.42, -7.05],
							"easing": "easeInSine"
						},
						"0.4": {
							"vector": [-1.07, -0.295, -8.445],
							"easing": "easeInSine"
						},
						"0.5": {
							"vector": [-1.07, -0.07, -8.87]
						},
						"0.6333": {
							"vector": [-1.27, -0.27, -7.815]
						},
						"0.7333": {
							"vector": [-1.07, -0.52, -7.01]
						},
						"0.8": {
							"vector": [-1.07, -0.67, -7.56]
						},
						"0.9": {
							"vector": [-1.07, -0.67, -7.96]
						},
						"1.0": {
							"vector": [-1.195, -0.67, -7.885]
						},
						"1.0667": {
							"vector": [-1.09, -0.72, -6.985]
						},
						"1.2333": {
							"vector": [-1.74, -1.02, -6.355],
							"easing": "easeOutSine"
						},
						"1.3667": {
							"vector": [-0.94, -1.615, -4.405],
							"easing": "easeInSine"
						},
						"1.5333": {
							"vector": [-0.94, -2.41, -2.855]
						},
						"1.6333": {
							"vector": [-0.94, -2.41, -2.25]
						},
						"1.7333": {
							"vector": [-0.94, -2.41, -0.5]
						},
						"1.8": {
							"vector": [-0.815, -2.41, 0.075]
						},
						"1.8667": {
							"vector": [-0.81, -2.41, -2.15]
						},
						"2.0667": {
							"vector": [0.15, -1.27, 0.885],
							"easing": "easeInSine"
						},
						"2.2333": {
							"vector": [0.04, -0.37, 1.21]
						},
						"2.3333": {
							"vector": [0, 0, 0],
							"easing": "easeOutSine"
						}
					}
				},
				"leftarm": {
					"rotation": {
						"0.0": {
							"vector": [0, 0, 0]
						},
						"0.1": {
							"vector": [3.96044, -1.00945, 2.75078]
						},
						"0.2333": {
							"vector": [-0.22691, 8.01897, 2.47386]
						},
						"0.3667": {
							"vector": [2.08174, 8.64968, 5.07834]
						},
						"0.4667": {
							"vector": [-3.77195, 4.02841, 6.01506]
						},
						"0.5667": {
							"vector": [14.29661, -5.30964, -1.50065]
						},
						"0.7": {
							"vector": [30.55929, 17.71451, 7.10419]
						},
						"1.0667": {
							"vector": [-3.90725, 0.16817, 2.48475]
						},
						"1.1667": {
							"vector": [-3.23411, -1.59143, 3.56231]
						},
						"1.2667": {
							"vector": [-3.47516, -3.71861, 5.69156]
						},
						"1.7": {
							"vector": [0, 0, 0]
						}
					},
					"position": {
						"0.0": {
							"vector": [0, 0, 0]
						},
						"0.1": {
							"vector": [1.585, -1.39, 8.8]
						},
						"0.2333": {
							"vector": [0.62, 0.02, 20.535]
						},
						"0.3667": {
							"vector": [0.02, 3.22, 15.035]
						},
						"0.4667": {
							"vector": [0.04, -20.11, 13.245]
						},
						"0.5667": {
							"vector": [-4.19, -6.84, 15.48]
						},
						"0.6333": {
							"vector": [-0.58, -15.25, 21.86]
						},
						"0.7": {
							"vector": [3.42, -11.49, 24.915]
						},
						"0.8667": {
							"vector": [-2.235, -9.365, 17.135]
						},
						"1.0667": {
							"vector": [-0.50485, -10.50314, 9.72245]
						},
						"1.1667": {
							"vector": [-2.08213, -6.19169, 8.50683]
						},
						"1.2667": {
							"vector": [-1.92691, -5.47874, 11.00093]
						},
						"1.3333": {
							"vector": [-2.77633, -1.94713, 16.93235]
						},
						"1.4333": {
							"vector": [-1.48, 0.85, 17.38]
						},
						"1.5333": {
							"vector": [-0.36, -1.46, 14.85]
						},
						"1.7": {
							"vector": [0, 0, 0]
						}
					}
				},
				"action": {
					"rotation": {
						"0.0": {
							"vector": [0, 0, 0]
						},
						"1.5333": {
							"vector": [0, 0, 0]
						},
						"1.8667": {
							"vector": [0, 0, 0]
						}
					},
					"position": {
						"0.0": {
							"vector": [0, 0, 0]
						},
						"1.5333": {
							"vector": [0, 0, 0]
						},
						"1.6333": {
							"vector": [0, 0, 2]
						},
						"1.7333": {
							"vector": [0, 0, 11]
						},
						"1.8333": {
							"vector": [0, 0, 11]
						},
						"1.8667": {
							"vector": [0, 0, 0]
						}
					}
				},
				"rightarm": {
					"rotation": {
						"0.0": {
							"vector": [0, 0, 0]
						},
						"1.2333": {
							"vector": [0, 0, 0]
						},
						"1.3333": {
							"vector": [1.36471, 2.12722, -1.89153]
						},
						"1.5": {
							"vector": [-5.82102, -17.37461, -31.55764]
						},
						"1.6333": {
							"vector": [-9.2311, -20.70418, -30.29272]
						},
						"1.7333": {
							"vector": [-5.48152, -28.11499, -35.99407]
						},
						"1.8333": {
							"vector": [-0.47761, -30.13329, -43.57433]
						},
						"1.9333": {
							"vector": [-30.72761, -58.47458, -18.78634]
						},
						"2.1667": {
							"vector": [0, 0, 0]
						}
					},
					"position": {
						"0.0": {
							"vector": [0, 0, 0]
						},
						"1.2333": {
							"vector": [0, 0, 0]
						},
						"1.3333": {
							"vector": [-3.86617, -0.95193, 2.99611]
						},
						"1.5": {
							"vector": [-6.21042, 0.59544, -23.18991],
							"easing": "easeOutSine"
						},
						"1.5333": {
							"vector": [-6.21042, 0.59544, -23.18991]
						},
						"1.6333": {
							"vector": [-6.11, -0.825, -22.19]
						},
						"1.7333": {
							"vector": [-7.035, -1.52, -16.215]
						},
						"1.8333": {
							"vector": [-7.035, -1.87, -16.215]
						},
						"1.9": {
							"vector": [-10.105, -6.87, -6.495]
						},
						"1.9667": {
							"vector": [-14.575, -12.22, -4.07]
						},
						"2.1667": {
							"vector": [0, 0, 0]
						}
					}
				},
				"magazine": {
					"rotation": {
						"0.0": {
							"vector": [0, 0, 0]
						},
						"0.3333": {
							"vector": [-1.17, 0, 0]
						},
						"0.4": {
							"vector": [-6.45, 0, 0]
						},
						"0.4333": {
							"vector": [-14.41, 0, 0]
						},
						"0.5": {
							"vector": [-52.79, 0, 0]
						}
					},
					"position": {
						"0.0": {
							"vector": [0, 0, 0]
						},
						"0.3333": {
							"vector": [0, 0, 0]
						},
						"0.4": {
							"vector": [0, -0.53, -0.01]
						},
						"0.4333": {
							"vector": [0, -1.12, 0.43]
						},
						"0.5": {
							"vector": [0, -11, 9.9]
						},
						"0.5667": {
							"vector": [0.11, -26.66, 9.01]
						},
						"0.6333": {
							"vector": [0.11, -34.06, 9.01]
						},
						"1.4667": {
							"vector": [0.11, -37.96, 9.01]
						}
					}
				},
				"magazine2": {
					"rotation": {
						"1.2333": {
							"vector": [-17.2, 0, 0]
						},
						"1.3667": {
							"vector": [-0.27, 0, 0]
						},
						"1.4333": {
							"vector": [0, 0, 0]
						}
					},
					"position": {
						"0.0": {
							"vector": [0.46, -44.52, 6.11]
						},
						"0.6333": {
							"vector": [7.34, -42.55, 6.11]
						},
						"0.6667": {
							"vector": [7.86, -26.81, 6.11]
						},
						"0.7333": {
							"vector": [8.06, -26.82, 6.11]
						},
						"0.8": {
							"vector": [4.79, -23.43, 5.03]
						},
						"0.9": {
							"vector": [0.87, -20.13, 1.47]
						},
						"1.0333": {
							"vector": [1.16, -16.2, -2.32]
						},
						"1.1": {
							"vector": [0.1, -13.1, -5]
						},
						"1.1667": {
							"vector": [-0.1, -8.4, -5]
						},
						"1.2333": {
							"vector": [-0.1, -8.39, -5.04]
						},
						"1.3": {
							"vector": [0, -4.4, -2.3]
						},
						"1.3667": {
							"vector": [-0.21, -0.13, 0.22]
						},
						"1.4333": {
							"vector": [0, -0.1, 0]
						}
					}
				},
				"bolt": {
					"position": {
						"0.0": {
							"vector": [0, 0, 0]
						},
						"1.6": {
							"vector": [0, 0, 0]
						},
						"1.7333": {
							"vector": [0, 0, 10.5]
						},
						"1.8333": {
							"vector": [0, 0, 10.5]
						},
						"1.8667": {
							"vector": [0, 0, 0]
						}
					}
				}
			},
			"sound_effects": {
				"0.2": {
					"effect": "ak_magout"
				},
				"0.4333": {
					"effect": "m4_magout"
				},
				"0.7333": {
					"effect": "ak_magin"
				},
				"1.6333": {
					"effect": "ak_actionback"
				},
				"1.8333": {
					"effect": "ak_actionforward"
				},
				"1.9": {
					"effect": "foley_end"
				}
			}
		},
		"animation.model.reload": {
			"animation_length": 2.6667,
			"blend_weight": "1",
			"bones": {
				"main": {
					"rotation": {
						"0.0": {
							"vector": [0, 0, 0]
						},
						"0.2": {
							"vector": [1.74461, 0.13728, -9.49791]
						},
						"0.3333": {
							"vector": [1.75773, -0.09047, -14.87072]
						},
						"0.4333": {
							"vector": [3.00128, 0.24539, -21.74591]
						},
						"0.5": {
							"vector": [1.99354, 0.33386, -28.22869]
						},
						"0.6": {
							"vector": [2.6616, 0.78652, -24.4528]
						},
						"0.7667": {
							"vector": [3.47834, -0.24767, -17.49625]
						},
						"1.1": {
							"vector": [2.91824, 0.34684, -18.72948]
						},
						"1.2": {
							"vector": [2.99485, 0.22967, -20.97372]
						},
						"1.2667": {
							"vector": [2.98503, 0.334, -22.97102]
						},
						"1.3667": {
							"vector": [3.50345, 0.03339, -13.47884]
						},
						"1.4667": {
							"vector": [3.49651, 0.45226, -18.46051]
						},
						"1.7": {
							"vector": [0.26355, -0.07056, -1.68558]
						},
						"1.8333": {
							"vector": [0, 0, 0]
						}
					},
					"position": {
						"0.0": {
							"vector": [0, 0, 0]
						},
						"0.1333": {
							"vector": [-1.675, -1.375, -4.3],
							"easing": "easeInSine"
						},
						"0.3": {
							"vector": [-1.07, -0.42, -7.05],
							"easing": "easeInSine"
						},
						"0.4": {
							"vector": [-1.07, -0.295, -8.445],
							"easing": "easeInSine"
						},
						"0.5": {
							"vector": [-1.07, -0.07, -8.87]
						},
						"0.6333": {
							"vector": [-1.27, -0.27, -7.815]
						},
						"0.7333": {
							"vector": [-1.07, -0.52, -7.01]
						},
						"0.9": {
							"vector": [-1.395, -0.97, -7.26]
						},
						"1.1667": {
							"vector": [-1.07, -0.67, -7.96]
						},
						"1.2667": {
							"vector": [-1.195, -0.67, -7.885]
						},
						"1.3333": {
							"vector": [-1.09, -0.72, -6.985]
						},
						"1.4667": {
							"vector": [-1.265, -1.02, -5.605],
							"easing": "easeOutSine"
						},
						"1.6333": {
							"vector": [0.465, -0.37, -1.89],
							"easing": "easeInSine"
						},
						"1.8": {
							"vector": [0, 0, 0],
							"easing": "easeOutSine"
						}
					}
				},
				"leftarm": {
					"rotation": {
						"0.0": {
							"vector": [0, 0, 0]
						},
						"0.1": {
							"vector": [3.96044, -1.00945, 2.75078]
						},
						"0.2333": {
							"vector": [-0.22691, 8.01897, 2.47386]
						},
						"0.3667": {
							"vector": [2.08174, 8.64968, 5.07834]
						},
						"0.4667": {
							"vector": [6.25233, -4.62135, -1.63985]
						},
						"0.5667": {
							"vector": [14.29661, -5.30964, -1.50065]
						},
						"0.7": {
							"vector": [30.55929, 17.71451, 7.10419]
						},
						"1.0667": {
							"vector": [-3.90725, 0.16817, 2.48475]
						},
						"1.1667": {
							"vector": [-3.23411, -1.59143, 3.56231]
						},
						"1.2667": {
							"vector": [-3.47516, -3.71861, 5.69156]
						},
						"1.7": {
							"vector": [0, 0, 0]
						}
					},
					"position": {
						"0.0": {
							"vector": [0, 0, 0]
						},
						"0.1": {
							"vector": [1.585, -1.39, 8.8]
						},
						"0.2333": {
							"vector": [0.62, 0.02, 15.235]
						},
						"0.3667": {
							"vector": [0.02, 3.22, 15.035]
						},
						"0.4667": {
							"vector": [-3.76, -20.71, 13.245]
						},
						"0.5667": {
							"vector": [-4.19, -6.84, 15.48]
						},
						"0.7": {
							"vector": [3.42, -11.49, 28.915]
						},
						"0.8667": {
							"vector": [-2.235, -9.365, 17.135]
						},
						"1.0667": {
							"vector": [-0.50485, -10.50314, 9.72245]
						},
						"1.1667": {
							"vector": [-2.08213, -6.19169, 8.50683]
						},
						"1.2667": {
							"vector": [-1.92691, -5.47874, 11.00093]
						},
						"1.3333": {
							"vector": [-2.87633, 0.55287, 16.93235]
						},
						"1.4333": {
							"vector": [-2.18, 2.35, 15.48]
						},
						"1.7": {
							"vector": [0, 0, 0]
						}
					}
				},
				"action": {
					"rotation": {
						"vector": [0, 0, 0]
					},
					"position": {
						"vector": [0, 0, 0]
					}
				},
				"rightarm": {
					"rotation": {
						"0.0": {
							"vector": [0, 0, 0]
						},
						"1.5333": {
							"vector": [0, 0, 0]
						}
					},
					"position": {
						"0.0": {
							"vector": [0, 0, 0]
						},
						"1.5333": {
							"vector": [0, 0, 0]
						}
					}
				},
				"magazine": {
					"rotation": {
						"0.0": {
							"vector": [0, 0, 0]
						},
						"0.3333": {
							"vector": [-1.17, 0, 0]
						},
						"0.4": {
							"vector": [-6.45, 0, 0]
						},
						"0.4333": {
							"vector": [-14.41, 0, 0]
						},
						"0.5": {
							"vector": [-52.79, 0, 0]
						},
						"1.2333": {
							"vector": [-17.2, 0, 0]
						},
						"1.3667": {
							"vector": [-0.27, 0, 0]
						},
						"1.4333": {
							"vector": [0, 0, 0]
						}
					},
					"position": {
						"0.0": {
							"vector": [0, 0, 0]
						},
						"0.3333": {
							"vector": [0, 0, 0]
						},
						"0.4": {
							"vector": [0, -0.53, -0.01]
						},
						"0.4333": {
							"vector": [0, -1.12, 0.43]
						},
						"0.5": {
							"vector": [0, -11, 9.9]
						},
						"0.5667": {
							"vector": [0.11, -33.76, 9.01]
						},
						"0.7333": {
							"vector": [0.46, -21.62, 6.11]
						},
						"0.8": {
							"vector": [0.59, -15.53, 5.03]
						},
						"0.9": {
							"vector": [0.07, -8.63, 5.57]
						},
						"1.0333": {
							"vector": [0.06, -4.2, 2.38]
						},
						"1.1": {
							"vector": [0.1, -3, 1.7]
						},
						"1.1667": {
							"vector": [-0.1, 0.2, 0.8]
						},
						"1.2333": {
							"vector": [0, 0.21, 0.96]
						},
						"1.3": {
							"vector": [0, 0, 0.9]
						},
						"1.3667": {
							"vector": [-0.11, 0.37, -0.28]
						},
						"1.4333": {
							"vector": [0, 0, 0]
						}
					}
				},
				"magazine2": {
					"rotation": {
						"0.0": {
							"vector": [0, 0, 0]
						},
						"1.8": {
							"vector": [0, 0, 0]
						}
					},
					"position": {
						"0.0": {
							"vector": [0, 0, 0]
						},
						"1.8": {
							"vector": [0, 0, 0]
						}
					},
					"scale": {
						"0.0": {
							"vector": [0, 0, 0]
						},
						"1.8": {
							"vector": [0, 0, 0]
						}
					}
				}
			},
			"sound_effects": {
				"0.2333": {
					"effect": "ak_magout"
				},
				"0.9667": {
					"effect": "ak_magin"
				},
				"1.3667": {
					"effect": "foley_end"
				}
			}
		},
		"animation.model.fire": {
			"loop": true,
			"animation_length": 0.04,
			"bones": {
				"action": {
					"position": {
						"0.0": {
							"vector": [0, 0, 0]
						},
						"0.04": {
							"vector": [0, 0, 11]
						}
					}
				},
				"bolt": {
					"position": {
						"0.0": {
							"vector": [0, 0, 0]
						},
						"0.04": {
							"vector": [0, 0, 9.6]
						}
					}
				}
			}
		},
		"animation.model.inspect": {
			"animation_length": 6.2667,
			"bones": {
				"main": {
					"rotation": {
						"0.0": {
							"vector": [0, 0, 0]
						},
						"0.35": {
							"vector": [-26.32055, -28.95323, -38.41824],
							"easing": "easeInOutQuad"
						},
						"0.45": {
							"vector": [-25.66239, -31.53589, -44.68762]
						},
						"0.5833": {
							"vector": [-29.3192, -30.58227, -40.03448]
						},
						"0.75": {
							"vector": [-27.10413, -31.89841, -42.85878]
						},
						"0.8833": {
							"vector": [-27.78689, -31.32225, -41.55621]
						},
						"1.0333": {
							"vector": [-27.51613, -31.5543, -42.0753]
						},
						"1.2333": {
							"vector": [-23.71064, -34.36823, -49.06156],
							"easing": "easeInOutSine"
						},
						"1.4": {
							"vector": [-21.1074, -35.89402, -53.58343],
							"easing": "easeOutSine"
						},
						"1.5667": {
							"vector": [-21.94193, -35.43536, -52.15215]
						},
						"1.7833": {
							"vector": [-20.76832, -36.0727, -54.16054]
						},
						"2.55": {
							"vector": [-23.3185, -35.45401, -49.81532]
						},
						"2.75": {
							"vector": [-51.25525, -13.69623, -15.09178]
						},
						"2.8833": {
							"vector": [-65.63972, 2.32296, -3.688]
						},
						"3.0667": {
							"vector": [-74.01117, 23.8148, -0.67983]
						},
						"3.2167": {
							"vector": [-79.3734, 25.56465, -3.9573]
						},
						"3.4333": {
							"vector": [-78.98912, 24.70845, -3.62085]
						},
						"3.6667": {
							"vector": [-78.89762, 23.48902, -2.80696]
						},
						"3.9167": {
							"vector": [-78.94097, 24.0015, -2.60182]
						},
						"4.2667": {
							"vector": [-78.95092, 23.9453, -3.0957]
						},
						"4.6667": {
							"vector": [-78.95092, 23.9453, -3.0957]
						},
						"5.05": {
							"vector": [-3.27585, -3.91843, 52.5061],
							"easing": "easeOutSine"
						},
						"5.3167": {
							"vector": [1.57141, -1.85374, -1.9128],
							"easing": "easeOutSine"
						},
						"5.4": {
							"vector": [0.27288, -0.37236, 1.59554],
							"easing": "linear"
						},
						"5.4833": {
							"vector": [0, 0, 0],
							"easing": "linear"
						}
					},
					"position": {
						"0.0": {
							"vector": [0, 0, 0]
						},
						"0.3": {
							"vector": [-4.15, 1.75, -15.475],
							"easing": "easeOutQuad"
						},
						"0.4": {
							"vector": [-4.15, -0.15, -14.6],
							"easing": "easeInOutSine"
						},
						"0.5167": {
							"vector": [-4.15, -0.925, -14.6],
							"easing": "linear"
						},
						"0.7": {
							"vector": [-4.2, -0.42, -14.6]
						},
						"0.9": {
							"vector": [-4.12, -0.57, -14.6]
						},
						"1.0667": {
							"vector": [-4.15, -0.47, -14.6]
						},
						"1.3": {
							"vector": [-4.15, -0.12, -14.825],
							"easing": "easeInOutQuad"
						},
						"1.5333": {
							"vector": [-4.2, -0.12, -15.04]
						},
						"1.7": {
							"vector": [-4.2, -0.02, -15.04]
						},
						"2.3": {
							"vector": [-4.2, -1.495, -15.04],
							"easing": "easeInOutSine"
						},
						"2.4333": {
							"vector": [-4.03, -1.67, -15.04]
						},
						"2.55": {
							"vector": [-3.7, 0.08, -15.04],
							"easing": "easeInSine"
						},
						"2.65": {
							"vector": [-0.18968, 5.0153, -18.15932]
						},
						"2.75": {
							"vector": [4.78001, 6.68487, -20.58417],
							"easing": "easeInOutQuad"
						},
						"2.85": {
							"vector": [12.24, 1.085, -21.53]
						},
						"3.0333": {
							"vector": [24.8, -17.445, -24.215],
							"easing": "easeInOutSine"
						},
						"3.1667": {
							"vector": [26.05, -19.97, -23.16],
							"easing": "linear"
						},
						"3.4167": {
							"vector": [26.05, -18.915, -23.16],
							"easing": "easeInOutSine"
						},
						"3.9": {
							"vector": [26.05, -18.145, -23.16]
						},
						"4.2667": {
							"vector": [26.05, -18.34, -23.16],
							"easing": "easeInOutSine"
						},
						"4.6667": {
							"vector": [25.39, -20.09, -22.52]
						},
						"4.8167": {
							"vector": [14.76, -16.93, -12.15]
						},
						"5.0": {
							"vector": [2.27, -9.09, 0.045]
						},
						"5.2": {
							"vector": [0.02894, -1.60775, -6.90297]
						},
						"5.2833": {
							"vector": [0.05077, -1.45863, -3.79557],
							"easing": "linear"
						},
						"5.4": {
							"vector": [-0.01391, -0.26895, -0.26276]
						},
						"5.4833": {
							"vector": [0, 0, 0],
							"easing": "linear"
						}
					}
				},
				"rightarm": {
					"rotation": {
						"0.0": {
							"vector": [0, 0, 0]
						},
						"2.65": {
							"vector": [0, 0, 0]
						},
						"4.9833": {
							"vector": [0, 0, 0]
						}
					},
					"position": {
						"0.0": {
							"vector": [0, 0, 0]
						},
						"2.65": {
							"vector": [0, 0, 0]
						},
						"2.7833": {
							"vector": [-6.30177, -6.68954, 29.94651]
						},
						"4.75": {
							"vector": [-6.30177, -6.68954, 29.94651]
						},
						"4.9833": {
							"vector": [0, 0, 0]
						}
					}
				},
				"leftarm": {
					"rotation": {
						"0.0": {
							"vector": [0, 0, 0]
						},
						"0.2833": {
							"vector": [-45.13234, 71.33372, -81.76837]
						},
						"2.6333": {
							"vector": [-45.13234, 71.33372, -81.76837]
						},
						"2.6833": {
							"vector": [96.97325, 30.0031, 35.42478]
						},
						"3.0333": {
							"vector": [96.97325, 30.0031, 35.42478]
						},
						"4.6667": {
							"vector": [96.97325, 30.0031, 35.42478]
						},
						"5.1667": {
							"vector": [0, 0, 0]
						}
					},
					"position": {
						"0.0": {
							"vector": [0, 0, 0]
						},
						"0.0667": {
							"vector": [9.47769, -9.10617, 9.45309]
						},
						"0.2833": {
							"vector": [12.05588, -33.69803, 37.55014]
						},
						"2.6333": {
							"vector": [12.05588, -33.69803, 37.55014]
						},
						"2.7667": {
							"vector": [16.26701, 33.15434, 47.96913]
						},
						"3.0333": {
							"vector": [-3.77362, 37.21582, 16.89297]
						},
						"4.6667": {
							"vector": [-3.77362, 37.21582, 16.89297]
						},
						"5.1667": {
							"vector": [0, 0, 0]
						}
					},
					"scale": {
						"0.0": {
							"vector": [1, 1, 1]
						},
						"2.6333": {
							"vector": [1, 1, 1]
						},
						"2.7667": {
							"vector": [1.2, 1.4, 1.2]
						},
						"3.0333": {
							"vector": [1.2, 1.4, 1.2]
						},
						"4.6667": {
							"vector": [1.2, 1.4, 1.2]
						},
						"5.1667": {
							"vector": [1, 1, 1]
						}
					}
				},
				"_camera_": {
					"rotation": {
						"0.0": {
							"vector": [0, 0, 0]
						},
						"0.1333": {
							"vector": [-0.01091, 1.24995, -0.50012]
						},
						"0.2833": {
							"vector": [-1.31346, 1.78854, -1.03401]
						},
						"0.4833": {
							"vector": [-3.43914, 2.08948, 0.95199],
							"easing": "easeInOutQuad"
						},
						"0.8333": {
							"vector": [-4.99004, 2.77768, -0.09243],
							"easing": "easeInOutSine"
						},
						"1.0667": {
							"vector": [-5.49004, 2.77768, -0.09243]
						},
						"1.7333": {
							"vector": [7.44976, 9.00685, -1.60374],
							"easing": "easeInSine"
						},
						"1.95": {
							"vector": [9.88265, 9.8236, -2.03661],
							"easing": "easeOutSine"
						},
						"2.25": {
							"vector": [10.3897, 9.84427, -1.20003],
							"easing": "easeOutSine"
						},
						"2.5667": {
							"vector": [9.96385, 7.66225, 1.88547],
							"easing": "easeInSine"
						},
						"2.7833": {
							"vector": [1.24375, 5.27922, 3.31414]
						},
						"2.9667": {
							"vector": [5.41765, 2.01024, 2.19487]
						},
						"3.2167": {
							"vector": [12.17135, -3.19168, -0.93824],
							"easing": "easeOutSine"
						},
						"3.5833": {
							"vector": [9.63273, -4.12615, 0.15611]
						},
						"4.3": {
							"vector": [5.12655, -3.80897, -0.98969],
							"easing": "easeInOutSine"
						},
						"4.5167": {
							"vector": [4.61883, -3.81704, -0.95786],
							"easing": "easeInOutSine"
						},
						"4.9667": {
							"vector": [2.5026, -0.00111, -0.00518],
							"easing": "easeInOutSine"
						},
						"5.1333": {
							"vector": [1.75872, -0.39593, -1.62595],
							"easing": "easeInOutSine"
						},
						"5.25": {
							"vector": [1.24924, -0.00333, 0.0435]
						},
						"5.35": {
							"vector": [0.44082, -0.01767, 1.01624]
						},
						"5.4833": {
							"vector": [0, 0, 0],
							"easing": "easeOutSine"
						}
					},
					"position": {
						"0.0": {
							"vector": [0, 0, 0]
						},
						"4.9667": {
							"vector": [0, 0, 0]
						}
					}
				}
			},
			"sound_effects": {
				"0.0": {
					"effect": "inspect_up"
				},
				"1.0667": {
					"effect": "inspect_foley"
				},
				"2.25": {
					"effect": "inspect_turn"
				},
				"2.6667": {
					"effect": "inspect_down"
				},
				"4.95": {
					"effect": "inspect_down"
				}
			}
		}
	},
	"geckolib_format_version": 2
}